slug,title,current_status,classification,required_fix,final_action
smart-home-technology-and-luxury-real-estate-trends,Smart Home Technology and Luxury Real Estate Trends,hidden/source candidate from prior recovery,SUBSTANTIVE_LAWYER_REVIEW,confirm image/alt/meta/body/current-law before approval,do not publish until all article gates pass
building-permit-approval-in-ogun-state,How to Get Building Permit Approval in Ogun State (Full Guide),hidden/source candidate from prior recovery,SUBSTANTIVE_LAWYER_REVIEW,confirm image/alt/meta/body/current-law before approval,do not publish until all article gates pass
the-statutory-right-of-occupancy-in-nigeria,What is the Statutory Right of Occupancy in Nigeria?,hidden/source candidate from prior recovery,SUBSTANTIVE_LAWYER_REVIEW,confirm image/alt/meta/body/current-law before approval,do not publish until all article gates pass
transfer-of-company-shares-in-nigeria,TRANSFER OF COMPANY SHARES IN NIGERIA,hidden/source candidate from prior recovery,SUBSTANTIVE_LAWYER_REVIEW,confirm image/alt/meta/body/current-law before approval,do not publish until all article gates pass
annulment-of-marriage-under-the-nigerian-law,Annulment of Marriage Under Nigerian Law: 5 Essential Insights for Positive Legal Clarity,hidden/source candidate from prior recovery,SUBSTANTIVE_LAWYER_REVIEW,confirm image/alt/meta/body/current-law before approval,do not publish until all article gates pass
land-ownership-disputes-in-nigeria,The Role of Courts in Resolving Land Ownership Disputes in Nigeria: Legal Insights and Case Studies,hidden/source candidate from prior recovery,SUBSTANTIVE_LAWYER_REVIEW,confirm image/alt/meta/body/current-law before approval,do not publish until all article gates pass
landlord-and-tenant-rights-in-nigeria,A comprehensive guide on Landlord and Tenant Rights in Nigeria,hidden/source candidate from prior recovery,SUBSTANTIVE_LAWYER_REVIEW,confirm image/alt/meta/body/current-law before approval,do not publish until all article gates pass
polygamy-and-multiple-marriages-in-nigeria,Polygamy and Multiple Marriages in Nigeria,hidden/source candidate from prior recovery,SUBSTANTIVE_LAWYER_REVIEW,confirm image/alt/meta/body/current-law before approval,do not publish until all article gates pass
can-a-minor-enter-into-a-valid-contract-in-nigeria,CAN A MINOR ENTER INTO A VALID CONTRACT IN NIGERIA?,hidden/source candidate from prior recovery,SUBSTANTIVE_LAWYER_REVIEW,confirm image/alt/meta/body/current-law before approval,do not publish until all article gates pass
difference-between-ownership-and-possession,Difference Between Ownership and Possession,hidden/source candidate from prior recovery,SUBSTANTIVE_LAWYER_REVIEW,confirm image/alt/meta/body/current-law before approval,do not publish until all article gates pass
community-development-associations-law,Transforming Communities: The Powerful Impact of the Community Development Associations Law of Lagos State,hidden/source candidate from prior recovery,SUBSTANTIVE_LAWYER_REVIEW,confirm image/alt/meta/body/current-law before approval,do not publish until all article gates pass
powerful-steps-sources-of-tax-law-in-nigeria,Powerful Steps Sources Of Tax Law In Nigeria,hidden/source candidate from prior recovery,SUBSTANTIVE_LAWYER_REVIEW,confirm image/alt/meta/body/current-law before approval,do not publish until all article gates pass
deed-of-assignment-in-nigeria,Deed Of Assignment In Nigeria,hidden/source candidate from prior recovery,SUBSTANTIVE_LAWYER_REVIEW,confirm image/alt/meta/body/current-law before approval,do not publish until all article gates pass
rights-of-tenants-in-ogun-chaman-law-firm,What Are the Rights of Tenants in Ogun State?,hidden/source candidate from prior recovery,SUBSTANTIVE_LAWYER_REVIEW,confirm image/alt/meta/body/current-law before approval,do not publish until all article gates pass
gain-nigerian-citizenship-by-marriage,Gain Nigerian Citizenship by Marriage,hidden/source candidate from prior recovery,SUBSTANTIVE_LAWYER_REVIEW,confirm image/alt/meta/body/current-law before approval,do not publish until all article gates pass
what-is-the-implication-of-quit-notice,Implication of Quit Notice,hidden/source candidate from prior recovery,SUBSTANTIVE_LAWYER_REVIEW,confirm image/alt/meta/body/current-law before approval,do not publish until all article gates pass
legal-processofobtaininga-deed-of-assignment,Legal Processofobtaininga Deed Of Assignment,hidden/source candidate from prior recovery,SUBSTANTIVE_LAWYER_REVIEW,confirm image/alt/meta/body/current-law before approval,do not publish until all article gates pass
land-tenures-and-customary-land-tenure-systems,Land Tenures And Customary Land Tenure Systems,hidden/source candidate from prior recovery,SUBSTANTIVE_LAWYER_REVIEW,confirm image/alt/meta/body/current-law before approval,do not publish until all article gates pass
property-with-existing-tenants-in-nigeria,Property With Existing Tenants In Nigeria,hidden/source candidate from prior recovery,SUBSTANTIVE_LAWYER_REVIEW,confirm image/alt/meta/body/current-law before approval,do not publish until all article gates pass
where-marriage-under-the-act-can-be-conducted,Where Marriage Under The Act Can Be Conducted,hidden/source candidate from prior recovery,SUBSTANTIVE_LAWYER_REVIEW,confirm image/alt/meta/body/current-law before approval,do not publish until all article gates pass
how-nigerian-courts-handle-electronic-evidence,How Nigerian Courts Handle Electronic Evidence,hidden/source candidate from prior recovery,SUBSTANTIVE_LAWYER_REVIEW,confirm image/alt/meta/body/current-law before approval,do not publish until all article gates pass
types-of-company-in-nigeria,Types Of Company In Nigeria,hidden/source candidate from prior recovery,SUBSTANTIVE_LAWYER_REVIEW,confirm image/alt/meta/body/current-law before approval,do not publish until all article gates pass
contract-breach-and-remedies,Contract Breach And Remedies,hidden/source candidate from prior recovery,SUBSTANTIVE_LAWYER_REVIEW,confirm image/alt/meta/body/current-law before approval,do not publish until all article gates pass
tax-clearance-certificate-in-nigeria,Tax Clearance Certificate In Nigeria,hidden/source candidate from prior recovery,SUBSTANTIVE_LAWYER_REVIEW,confirm image/alt/meta/body/current-law before approval,do not publish until all article gates pass
legalisation-authentication-of-marriage-certificate-in-nigeria,Legalisation Authentication Of Marriage Certificate In Nigeria,hidden/source candidate from prior recovery,SUBSTANTIVE_LAWYER_REVIEW,confirm image/alt/meta/body/current-law before approval,do not publish until all article gates pass
what-is-a-deed-of-assent-in-nigeria,What Is A Deed Of Assent In Nigeria,hidden/source candidate from prior recovery,SUBSTANTIVE_LAWYER_REVIEW,confirm image/alt/meta/body/current-law before approval,do not publish until all article gates pass
individual-tax-clearance-certificate,Individual Tax Clearance Certificate,hidden/source candidate from prior recovery,SUBSTANTIVE_LAWYER_REVIEW,confirm image/alt/meta/body/current-law before approval,do not publish until all article gates pass
steps-on-how-to-confidently-report-acrimelaw,Steps On How To Confidently Report Acrimelaw,hidden/source candidate from prior recovery,SUBSTANTIVE_LAWYER_REVIEW,confirm image/alt/meta/body/current-law before approval,do not publish until all article gates pass
how-to-legally-evict-a-tenant-in-lagos-state,How To Legally Evict A Tenant In Lagos State Without Breaking the Law,hidden/source candidate from prior recovery,SUBSTANTIVE_LAWYER_REVIEW,confirm image/alt/meta/body/current-law before approval,do not publish until all article gates pass
how-to-calculate-and-pay-land-use-charge,How To Calculate and Pay Land Use Charge,hidden/source candidate from prior recovery,SUBSTANTIVE_LAWYER_REVIEW,confirm image/alt/meta/body/current-law before approval,do not publish until all article gates pass
selling-a-family-land-without-everyones-consent,Selling A Family Land Without Everyones Consent,hidden/source candidate from prior recovery,SUBSTANTIVE_LAWYER_REVIEW,confirm image/alt/meta/body/current-law before approval,do not publish until all article gates pass
7-effective-steps-to-take-when-a-landlord-refuses-to-return-your-rent-deposit,7 Effective Steps To Take When A Landlord Refuses To Return Your Rent Deposit,hidden/source candidate from prior recovery,SUBSTANTIVE_LAWYER_REVIEW,confirm image/alt/meta/body/current-law before approval,do not publish until all article gates pass
how-to-resolve-land-disputes-in-nigeria-with,How To Resolve Land Disputes In Nigeria With,hidden/source candidate from prior recovery,SUBSTANTIVE_LAWYER_REVIEW,confirm image/alt/meta/body/current-law before approval,do not publish until all article gates pass
breach-of-promise-to-marriage-in-nigeria,Breach of Promise To Marriage In Nigeria,hidden/source candidate from prior recovery,SUBSTANTIVE_LAWYER_REVIEW,confirm image/alt/meta/body/current-law before approval,do not publish until all article gates pass
proven-steps-onoverview-of-the-child-right-act,Onoverview of the Child Right Act,hidden/source candidate from prior recovery,SUBSTANTIVE_LAWYER_REVIEW,confirm image/alt/meta/body/current-law before approval,do not publish until all article gates pass
clauses-for-drafting-a-tenancy-agreement,Clauses For Drafting A Tenancy Agreement,hidden/source candidate from prior recovery,SUBSTANTIVE_LAWYER_REVIEW,confirm image/alt/meta/body/current-law before approval,do not publish until all article gates pass
right-of-an-illegitimate-child,Right of An Illegitimate Child,hidden/source candidate from prior recovery,SUBSTANTIVE_LAWYER_REVIEW,confirm image/alt/meta/body/current-law before approval,do not publish until all article gates pass
limitation-of-action-in-nigeria,Limitation of Action In Nigeria,hidden/source candidate from prior recovery,SUBSTANTIVE_LAWYER_REVIEW,confirm image/alt/meta/body/current-law before approval,do not publish until all article gates pass
tenancy-dispute-resolution-in-ogun-state,Tenancy Dispute Resolution In Ogun State,hidden/source candidate from prior recovery,SUBSTANTIVE_LAWYER_REVIEW,confirm image/alt/meta/body/current-law before approval,do not publish until all article gates pass
how-long-does-it-take-to-get-c-of-o-in-ogun-sta,How Long Does It Take To Get C Of O In Ogun Sta,hidden/source candidate from prior recovery,SUBSTANTIVE_LAWYER_REVIEW,confirm image/alt/meta/body/current-law before approval,do not publish until all article gates pass
survey-plans-and-certificates-of-occupancy,Survey Plans And Certificates Of Occupancy,hidden/source candidate from prior recovery,SUBSTANTIVE_LAWYER_REVIEW,confirm image/alt/meta/body/current-law before approval,do not publish until all article gates pass
powerful-steps-what-is-trespass-to-land,Powerful Steps What Is Trespass To Land,hidden/source candidate from prior recovery,SUBSTANTIVE_LAWYER_REVIEW,confirm image/alt/meta/body/current-law before approval,do not publish until all article gates pass
issues-land-grabbing-and-encroachment-in-nigeria,Issues Land Grabbing And Encroachment In Nigeria,hidden/source candidate from prior recovery,SUBSTANTIVE_LAWYER_REVIEW,confirm image/alt/meta/body/current-law before approval,do not publish until all article gates pass
guardianship-and-custody-rights-of-minors,Guardianship And Custody Rights Of Minors,hidden/source candidate from prior recovery,SUBSTANTIVE_LAWYER_REVIEW,confirm image/alt/meta/body/current-law before approval,do not publish until all article gates pass
corporate-affairs-commission-in-nigeria,Corporate Affairs Commission In Nigeria,hidden/source candidate from prior recovery,SUBSTANTIVE_LAWYER_REVIEW,confirm image/alt/meta/body/current-law before approval,do not publish until all article gates pass
what-makes-a-valid-employment-contract-in-nigeria,What Makes a Valid Employment Contract in Nigeria?,hidden/source candidate from prior recovery,SUBSTANTIVE_LAWYER_REVIEW,confirm image/alt/meta/body/current-law before approval,do not publish until all article gates pass
how-to-verify-a-property-title-in-lagos,How to Verify a Property Title in Lagos,hidden/source candidate from prior recovery,SUBSTANTIVE_LAWYER_REVIEW,confirm image/alt/meta/body/current-law before approval,do not publish until all article gates pass
accountability-in-corporate-governance-in-nigeria,Accountability in Corporate Governance in Nigeria,hidden/source candidate from prior recovery,SUBSTANTIVE_LAWYER_REVIEW,confirm image/alt/meta/body/current-law before approval,do not publish until all article gates pass
business-name-and-a-company-limited-by-shares,Business Name vs Company Limited by Shares in Nigeria,hidden/source candidate from prior recovery,SUBSTANTIVE_LAWYER_REVIEW,confirm image/alt/meta/body/current-law before approval,do not publish until all article gates pass
probate-vs-letters-of-administration-in-nigeria,Probate vs Letters of Administration in Nigeria,hidden/source candidate from prior recovery,SUBSTANTIVE_LAWYER_REVIEW,confirm image/alt/meta/body/current-law before approval,do not publish until all article gates pass
legal-aspects-of-employment-contracts,Legal Aspects of Employment Contracts in Nigeria,hidden/source candidate from prior recovery,SUBSTANTIVE_LAWYER_REVIEW,confirm image/alt/meta/body/current-law before approval,do not publish until all article gates pass
obtaining-a-certificate-of-occupancy-in-ogun-state,Obtaining a Certificate of Occupancy in Ogun State,hidden/source candidate from prior recovery,SUBSTANTIVE_LAWYER_REVIEW,confirm image/alt/meta/body/current-law before approval,do not publish until all article gates pass
ultimate-legal-guide-to-buying-land-in-nigeria,Ultimate Legal Guide To Buying Land In Nigeria,hidden/source candidate from prior recovery,SUBSTANTIVE_LAWYER_REVIEW,confirm image/alt/meta/body/current-law before approval,do not publish until all article gates pass
property-developers-guide-to-tax-compliance,Property Developers Guide To Tax Compliance,hidden/source candidate from prior recovery,SUBSTANTIVE_LAWYER_REVIEW,confirm image/alt/meta/body/current-law before approval,do not publish until all article gates pass
breach-of-property-contracts-in-lekki,Breach Of Property Contracts In Lekki,hidden/source candidate from prior recovery,SUBSTANTIVE_LAWYER_REVIEW,confirm image/alt/meta/body/current-law before approval,do not publish until all article gates pass
registering-property-titles-in-nigeria,Registering Property Titles In Nigeria,hidden/source candidate from prior recovery,SUBSTANTIVE_LAWYER_REVIEW,confirm image/alt/meta/body/current-law before approval,do not publish until all article gates pass
real-estate-and-property-law,Real Estate And Property Law,hidden/source candidate from prior recovery,SUBSTANTIVE_LAWYER_REVIEW,confirm image/alt/meta/body/current-law before approval,do not publish until all article gates pass
consequences-of-defaulting-on-property-tax,Consequences Of Defaulting On Property Tax,hidden/source candidate from prior recovery,SUBSTANTIVE_LAWYER_REVIEW,confirm image/alt/meta/body/current-law before approval,do not publish until all article gates pass
nigerian-shipping-contracts,Nigerian Shipping Contracts,hidden/source candidate from prior recovery,SUBSTANTIVE_LAWYER_REVIEW,confirm image/alt/meta/body/current-law before approval,do not publish until all article gates pass
debt-recovery-and-consumer-protection-laws,Debt Recovery And Consumer Protection Laws,hidden/source candidate from prior recovery,SUBSTANTIVE_LAWYER_REVIEW,confirm image/alt/meta/body/current-law before approval,do not publish until all article gates pass
property-how-to-place-a-caveat,Property How To Place A Caveat,hidden/source candidate from prior recovery,SUBSTANTIVE_LAWYER_REVIEW,confirm image/alt/meta/body/current-law before approval,do not publish until all article gates pass
can-a-landlord-increase-rent-arbitrarily-in-ogun,Can A Landlord Increase Rent Arbitrarily In Ogun,hidden/source candidate from prior recovery,SUBSTANTIVE_LAWYER_REVIEW,confirm image/alt/meta/body/current-law before approval,do not publish until all article gates pass
how-do-i-legally-evict-a-tenant-in-ogun-state,How Do I Legally Evict a Tenant in Ogun State?,hidden/source candidate from prior recovery,SUBSTANTIVE_LAWYER_REVIEW,confirm image/alt/meta/body/current-law before approval,do not publish until all article gates pass
void-and-voidable-marriages-in-nigeria,Void and Voidable Marriages in Nigeria: Understanding Legal Implications,hidden/source candidate from prior recovery,SUBSTANTIVE_LAWYER_REVIEW,confirm image/alt/meta/body/current-law before approval,do not publish until all article gates pass
the-overall-list-of-federal-laws-in-nigeria,The Overall List of Federal Laws In Nigeria,hidden/source candidate from prior recovery,SUBSTANTIVE_LAWYER_REVIEW,confirm image/alt/meta/body/current-law before approval,do not publish until all article gates pass
stamping-and-up-stamping-of-a-mortgage-document,What Is Stamping and Up-Stamping of A Mortgage Document,hidden/source candidate from prior recovery,SUBSTANTIVE_LAWYER_REVIEW,confirm image/alt/meta/body/current-law before approval,do not publish until all article gates pass
land-use-act-1978,Understanding the Land Use Act: How It Affects You,hidden/source candidate from prior recovery,SUBSTANTIVE_LAWYER_REVIEW,confirm image/alt/meta/body/current-law before approval,do not publish until all article gates pass
how-to-obtain-tax-clearance-certificate,How To Obtain Tax Clearance Certificate,hidden/source candidate from prior recovery,SUBSTANTIVE_LAWYER_REVIEW,confirm image/alt/meta/body/current-law before approval,do not publish until all article gates pass
landlords-and-tenants-in-nigeria,Landlords and Tenants In Nigeria,hidden/source candidate from prior recovery,SUBSTANTIVE_LAWYER_REVIEW,confirm image/alt/meta/body/current-law before approval,do not publish until all article gates pass
rights-of-a-property-owner-in-nigeria,Your Rights As A Property Owner In Nigeria: What the Law Says,hidden/source candidate from prior recovery,SUBSTANTIVE_LAWYER_REVIEW,confirm image/alt/meta/body/current-law before approval,do not publish until all article gates pass
doctrine-of-ultra-vires,Understanding the Doctrine of Ultra Vires: A Legal Safeguard For Businesses,hidden/source candidate from prior recovery,SUBSTANTIVE_LAWYER_REVIEW,confirm image/alt/meta/body/current-law before approval,do not publish until all article gates pass
land-registration-system-in-nigeria,Land Registration System In Nigeria,hidden/source candidate from prior recovery,SUBSTANTIVE_LAWYER_REVIEW,confirm image/alt/meta/body/current-law before approval,do not publish until all article gates pass
lagos-tenancy-fixed-and-periodic-tenancies,Lagos Tenancy Fixed and Periodic Tenancies,hidden/source candidate from prior recovery,SUBSTANTIVE_LAWYER_REVIEW,confirm image/alt/meta/body/current-law before approval,do not publish until all article gates pass
board-of-directors-in-nigerian-companies,The Strategic Power of the Board Directors In Nigerian Companies- For A Successful Business,hidden/source candidate from prior recovery,SUBSTANTIVE_LAWYER_REVIEW,confirm image/alt/meta/body/current-law before approval,do not publish until all article gates pass
how-to-file-a-lawsuit-in-nigeria,How To File A Lawsuit In Nigeria,hidden/source candidate from prior recovery,SUBSTANTIVE_LAWYER_REVIEW,confirm image/alt/meta/body/current-law before approval,do not publish until all article gates pass
how-to-apply-for-certificate-of-good-conduct-in-nigeria,How To Apply For Certificate of Good Conduct In Nigeria,hidden/source candidate from prior recovery,SUBSTANTIVE_LAWYER_REVIEW,confirm image/alt/meta/body/current-law before approval,do not publish until all article gates pass
of-the-securities-and-exchange-commission,5 Functions of the Securities and Exchange Commission,hidden/source candidate from prior recovery,SUBSTANTIVE_LAWYER_REVIEW,confirm image/alt/meta/body/current-law before approval,do not publish until all article gates pass
challenges-of-implementing-the-land-use-act,Challenges of Implementing the Land Use Act,hidden/source candidate from prior recovery,SUBSTANTIVE_LAWYER_REVIEW,confirm image/alt/meta/body/current-law before approval,do not publish until all article gates pass
expert-witnesses-in-nigeria-court-proceeding,Expert Witnesses In Nigeria Court Proceeding,hidden/source candidate from prior recovery,SUBSTANTIVE_LAWYER_REVIEW,confirm image/alt/meta/body/current-law before approval,do not publish until all article gates pass
legally-combat-police-harassment-in-nigeria,Legally Combat Police Harassment In Nigeria,hidden/source candidate from prior recovery,SUBSTANTIVE_LAWYER_REVIEW,confirm image/alt/meta/body/current-law before approval,do not publish until all article gates pass
legal-restrictions-to-sale-of-land,Crucial Insights: Understanding the Legal Restrictions To Sale of Land,hidden/source candidate from prior recovery,SUBSTANTIVE_LAWYER_REVIEW,confirm image/alt/meta/body/current-law before approval,do not publish until all article gates pass
establishing-paternity-and-maternity-under,Establishing Paternity and Maternity Under Nigerian Law: A Comprehensive 3 Steps Guide,hidden/source candidate from prior recovery,SUBSTANTIVE_LAWYER_REVIEW,confirm image/alt/meta/body/current-law before approval,do not publish until all article gates pass
rights-of-parties-to-a-mortgage,Rights of Parties To A Mortgage,hidden/source candidate from prior recovery,SUBSTANTIVE_LAWYER_REVIEW,confirm image/alt/meta/body/current-law before approval,do not publish until all article gates pass
laspppa-what-it-is-and-why-it-matters-in-lagos,Laspppa: What It Is and Why It Matters For Property Owners In Lagos,hidden/source candidate from prior recovery,SUBSTANTIVE_LAWYER_REVIEW,confirm image/alt/meta/body/current-law before approval,do not publish until all article gates pass
what-is-stamping-and-up-stamping-of-a-mortgage-document,What Is Stamping And Up-Stamping Of A Mortgage Document,hidden/source candidate from prior recovery,SUBSTANTIVE_LAWYER_REVIEW,confirm image/alt/meta/body/current-law before approval,do not publish until all article gates pass
legally-terminate-shipping-contract-in-nigeria,Legally Terminate Shipping Contract In Nigeria,hidden/source candidate from prior recovery,SUBSTANTIVE_LAWYER_REVIEW,confirm image/alt/meta/body/current-law before approval,do not publish until all article gates pass
the-rise-of-luxury-real-estate-in-lagos,The Rise of Luxury Real Estate in Lagos,hidden/source candidate from prior recovery,SUBSTANTIVE_LAWYER_REVIEW,confirm image/alt/meta/body/current-law before approval,do not publish until all article gates pass
why-luxury-real-estate-outperforms-inflation-in-nigeria,Why Luxury Real Estate Outperforms Inflation in Nigeria ,hidden/source candidate from prior recovery,SUBSTANTIVE_LAWYER_REVIEW,confirm image/alt/meta/body/current-law before approval,do not publish until all article gates pass
how-to-buy-luxury-property-in-nigeria-without-costly-mistakes,How to Buy Luxury Property in Nigeria Without Costly Mistakes ,hidden/source candidate from prior recovery,SUBSTANTIVE_LAWYER_REVIEW,confirm image/alt/meta/body/current-law before approval,do not publish until all article gates pass
best-locations-for-luxury-property-investment-in-nigeria-where-smart-investors-are-buying-premium-real-estate,Best Locations for Luxury Property Investment in Nigeria: Where Smart Investors Are Buying Premium Real Estate,hidden/source candidate from prior recovery,SUBSTANTIVE_LAWYER_REVIEW,confirm image/alt/meta/body/current-law before approval,do not publish until all article gates pass
most-expensive-neighborhoods-in-lagos-and-why-they-matter-for-luxury-property-investors,Most Expensive Neighborhoods in Lagos and Why They Matter for Luxury Property Investors,hidden/source candidate from prior recovery,SUBSTANTIVE_LAWYER_REVIEW,confirm image/alt/meta/body/current-law before approval,do not publish until all article gates pass
how-wealthy-investors-build-generational-wealth-through-real-estate,How Wealthy Investors Build Generational Wealth Through Real Estate,hidden/source candidate from prior recovery,SUBSTANTIVE_LAWYER_REVIEW,confirm image/alt/meta/body/current-law before approval,do not publish until all article gates pass
what-makes-a-property-truly-luxury-in-nigeria,What Makes a Property Truly Luxury in Nigeria?,hidden/source candidate from prior recovery,SUBSTANTIVE_LAWYER_REVIEW,confirm image/alt/meta/body/current-law before approval,do not publish until all article gates pass
the-future-of-luxury-real-estate-in-nigeria,The Future of Luxury Real Estate in Nigeria,hidden/source candidate from prior recovery,SUBSTANTIVE_LAWYER_REVIEW,confirm image/alt/meta/body/current-law before approval,do not publish until all article gates pass
the-luxury-apartments-vs-luxury-detached-homes,The Luxury Apartments vs Luxury Detached Homes,hidden/source candidate from prior recovery,SUBSTANTIVE_LAWYER_REVIEW,confirm image/alt/meta/body/current-law before approval,do not publish until all article gates pass
luxury-property-investment-strategies-for-business-executives,Luxury Property Investment Strategies for Business Executives,hidden/source candidate from prior recovery,SUBSTANTIVE_LAWYER_REVIEW,confirm image/alt/meta/body/current-law before approval,do not publish until all article gates pass
luxury-waterfront-properties-in-lagos-benefits-and-risks,Luxury Waterfront Properties in Lagos: Benefits & Risks,hidden/source candidate from prior recovery,SUBSTANTIVE_LAWYER_REVIEW,confirm image/alt/meta/body/current-law before approval,do not publish until all article gates pass
why-luxury-real-estate-remains-one-of-the-safest-investments-in-nigeria,Why Luxury Real Estate Remains One of the Safest Investments in Nigeria,hidden/source candidate from prior recovery,SUBSTANTIVE_LAWYER_REVIEW,confirm image/alt/meta/body/current-law before approval,do not publish until all article gates pass
top-luxury-estates-in-lagos-for-high-net-worth-investors-the-ultimate-investment-guide,Top Luxury Estates in Lagos for High-Net-Worth Investors: The Ultimate Investment Guide,hidden/source candidate from prior recovery,SUBSTANTIVE_LAWYER_REVIEW,confirm image/alt/meta/body/current-law before approval,do not publish until all article gates pass
the-ultimate-guide-to-luxury-real-estate-investment-in-nigeria,The Ultimate Guide to Luxury Real Estate Investment in Nigeria,hidden/source candidate from prior recovery,SUBSTANTIVE_LAWYER_REVIEW,confirm image/alt/meta/body/current-law before approval,do not publish until all article gates pass
how-to-safely-buy-land-in-lagos-nigeria-without-fraud,How to Safely Buy Land in Lagos Nigeria Without Falling Victim to Fraud in 2026,hidden/source candidate from prior recovery,SUBSTANTIVE_LAWYER_REVIEW,confirm image/alt/meta/body/current-law before approval,do not publish until all article gates pass
luxury-real-estate-investment-lagos-nigeria,Luxury Real Estate Investment in Lagos: A Complete Guide for Smart Investors in 2026,hidden/source candidate from prior recovery,SUBSTANTIVE_LAWYER_REVIEW,confirm image/alt/meta/body/current-law before approval,do not publish until all article gates pass
how-to-file-complaint-against-police-officers-in-nigeria,How To File Complaint Against Police Officers In Nigeria,hidden/source candidate from prior recovery,SUBSTANTIVE_LAWYER_REVIEW,confirm image/alt/meta/body/current-law before approval,do not publish until all article gates pass
conditions-for-granting-injunctions-and-types-of-injunctions,Conditions For Granting Injunctions And Types Of Injunctions,hidden/source candidate from prior recovery,SUBSTANTIVE_LAWYER_REVIEW,confirm image/alt/meta/body/current-law before approval,do not publish until all article gates pass
land-use-act-and-land-tenure-systems,Land Use Act and Land Tenure Systems in Nigeria,hidden/source candidate from prior recovery,SUBSTANTIVE_LAWYER_REVIEW,confirm image/alt/meta/body/current-law before approval,do not publish until all article gates pass
probate-in-lagos-everything-you-need-to-know,Probate In Lagos Everything You Need To Know,hidden/source candidate from prior recovery,SUBSTANTIVE_LAWYER_REVIEW,confirm image/alt/meta/body/current-law before approval,do not publish until all article gates pass
taxation-of-the-construction-sector-in-nigeria,Taxation of the Construction Sector in Nigeria,hidden/source candidate from prior recovery,SUBSTANTIVE_LAWYER_REVIEW,confirm image/alt/meta/body/current-law before approval,do not publish until all article gates pass
sharing-of-property-after-divorce-in-nigeria,Sharing of Property after Divorce in Nigeria,hidden/source candidate from prior recovery,SUBSTANTIVE_LAWYER_REVIEW,confirm image/alt/meta/body/current-law before approval,do not publish until all article gates pass
challenges-facing-the-nigerian-court-system,Challenges Facing the Nigerian Court System,hidden/source candidate from prior recovery,SUBSTANTIVE_LAWYER_REVIEW,confirm image/alt/meta/body/current-law before approval,do not publish until all article gates pass
who-can-be-a-notary-public,Who Can Be A Notary Public,hidden/source candidate from prior recovery,SUBSTANTIVE_LAWYER_REVIEW,confirm image/alt/meta/body/current-law before approval,do not publish until all article gates pass
defenses-and-bars-to-a-petition-for-divorce-2,Defenses And Bars To A Petition For Divorce 2,hidden/source candidate from prior recovery,SUBSTANTIVE_LAWYER_REVIEW,confirm image/alt/meta/body/current-law before approval,do not publish until all article gates pass
the-duties-of-lawyers-to-client,Duties of Lawyers to Clients in Nigeria,hidden/source candidate from prior recovery,SUBSTANTIVE_LAWYER_REVIEW,confirm image/alt/meta/body/current-law before approval,do not publish until all article gates pass
abandonment-and-withdrew-of-court-action,What You Need to Know About Consequence of Abandonment and Withdrew of Court Action in Nigeria,hidden/source candidate from prior recovery,SUBSTANTIVE_LAWYER_REVIEW,confirm image/alt/meta/body/current-law before approval,do not publish until all article gates pass
deal-with-and-bad-tenant-as-a-landlord,How to Deal with a Stubborn and Bad Tenant as a Landlord in Nigeria,hidden/source candidate from prior recovery,SUBSTANTIVE_LAWYER_REVIEW,confirm image/alt/meta/body/current-law before approval,do not publish until all article gates pass
powerful-steps-what-is-trespass-to-land-2,What is Trespass to Land,hidden/source candidate from prior recovery,SUBSTANTIVE_LAWYER_REVIEW,confirm image/alt/meta/body/current-law before approval,do not publish until all article gates pass
legal-steps-to-take-when-our-land-has-been,5 Powerful Legal Steps to Take When Your Land Has Been Encroached Upon in Nigeria,hidden/source candidate from prior recovery,SUBSTANTIVE_LAWYER_REVIEW,confirm image/alt/meta/body/current-law before approval,do not publish until all article gates pass
is-foreign-marriage-under-the-nigerian-law,HOW VALID IS FOREIGN MARRIAGE UNDER NIGERIAN LAW,hidden/source candidate from prior recovery,SUBSTANTIVE_LAWYER_REVIEW,confirm image/alt/meta/body/current-law before approval,do not publish until all article gates pass
how-to-replace-a-lost-a-marriage-certificate,HOW TO REPLACE A LOST A MARRIAGE CERTIFICATE,hidden/source candidate from prior recovery,SUBSTANTIVE_LAWYER_REVIEW,confirm image/alt/meta/body/current-law before approval,do not publish until all article gates pass
the-morgage-sell-the-mortgaged-property,The Morgage Sell The Mortgaged Property,hidden/source candidate from prior recovery,SUBSTANTIVE_LAWYER_REVIEW,confirm image/alt/meta/body/current-law before approval,do not publish until all article gates pass
how-to-obtain-dual-citizenship-in-nigeria-a,How To Obtain Dual Citizenship In Nigeria A,hidden/source candidate from prior recovery,SUBSTANTIVE_LAWYER_REVIEW,confirm image/alt/meta/body/current-law before approval,do not publish until all article gates pass
legal-remedies-for-breach-of-land-sale-contract,Legal Remedies For Breach Of Land Sale Contract,hidden/source candidate from prior recovery,SUBSTANTIVE_LAWYER_REVIEW,confirm image/alt/meta/body/current-law before approval,do not publish until all article gates pass
how-to-obtain-an-infant-visa-in-nigeria,How To Obtain An Infant Visa In Nigeria,hidden/source candidate from prior recovery,SUBSTANTIVE_LAWYER_REVIEW,confirm image/alt/meta/body/current-law before approval,do not publish until all article gates pass
real-estate-taxes-in-nigeria-transactions,Real Estate Taxes In Nigeria Transactions,hidden/source candidate from prior recovery,SUBSTANTIVE_LAWYER_REVIEW,confirm image/alt/meta/body/current-law before approval,do not publish until all article gates pass
how-to-register-a-deed-of-assignment-in-ogun,How To Register A Deed Of Assignment In Ogun,hidden/source candidate from prior recovery,SUBSTANTIVE_LAWYER_REVIEW,confirm image/alt/meta/body/current-law before approval,do not publish until all article gates pass
how-to-handle-land-grabbers-in-ogun-state,How To Handle Land Grabbers In Ogun State,hidden/source candidate from prior recovery,SUBSTANTIVE_LAWYER_REVIEW,confirm image/alt/meta/body/current-law before approval,do not publish until all article gates pass
how-to-apply-for-certificate-of-occupancy-in-nigeria,How To Apply For Certificate Of Occupancy In Nigeria,hidden/source candidate from prior recovery,SUBSTANTIVE_LAWYER_REVIEW,confirm image/alt/meta/body/current-law before approval,do not publish until all article gates pass
certificate-of-occupancy-in-oyo-state,Certificate Of Occupancy In Oyo State,hidden/source candidate from prior recovery,SUBSTANTIVE_LAWYER_REVIEW,confirm image/alt/meta/body/current-law before approval,do not publish until all article gates pass
mastering-nigeria-law-for-contract-an-in,Mastering Nigeria Law For Contract An In,hidden/source candidate from prior recovery,SUBSTANTIVE_LAWYER_REVIEW,confirm image/alt/meta/body/current-law before approval,do not publish until all article gates pass
how-to-apply-for-and-get-a-certificate-of-occupancy-in-enugu-state-nigeria,How To Apply For And Get A Certificate Of Occupancy In Enugu State Nigeria,hidden/source candidate from prior recovery,SUBSTANTIVE_LAWYER_REVIEW,confirm image/alt/meta/body/current-law before approval,do not publish until all article gates pass
difference-between-a-parent-company-and-a-subsidiary,Difference Between a Parent Company and a Subsidiary,hidden/source candidate from prior recovery,SUBSTANTIVE_LAWYER_REVIEW,confirm image/alt/meta/body/current-law before approval,do not publish until all article gates pass
tenancy-law-of-lagos-state-2011,Tenancy Law Of Lagos State 2011,hidden/source candidate from prior recovery,SUBSTANTIVE_LAWYER_REVIEW,confirm image/alt/meta/body/current-law before approval,do not publish until all article gates pass
how-to-get-international-passport-in-nigeria,How to Get an International Passport in Nigeria,hidden/source candidate from prior recovery,SUBSTANTIVE_LAWYER_REVIEW,confirm image/alt/meta/body/current-law before approval,do not publish until all article gates pass
procedures-for-land-registration-in-nigeria,Procedures for Land Registration in Nigeria,hidden/source candidate from prior recovery,SUBSTANTIVE_LAWYER_REVIEW,confirm image/alt/meta/body/current-law before approval,do not publish until all article gates pass
the-le-a-legally-binding-contracts-in-nigeri,Legally Binding Contracts in Nigeria,hidden/source candidate from prior recovery,SUBSTANTIVE_LAWYER_REVIEW,confirm image/alt/meta/body/current-law before approval,do not publish until all article gates pass
recovery-of-premises,Recovery Of Premises,hidden/source candidate from prior recovery,SUBSTANTIVE_LAWYER_REVIEW,confirm image/alt/meta/body/current-law before approval,do not publish until all article gates pass
how-to-be-a-good-property-lawyer,How To Be A Good Property Lawyer,hidden/source candidate from prior recovery,SUBSTANTIVE_LAWYER_REVIEW,confirm image/alt/meta/body/current-law before approval,do not publish until all article gates pass
what-is-the-cost-of-perfecting-land-titles,What Is The Cost Of Perfecting Land Titles,hidden/source candidate from prior recovery,SUBSTANTIVE_LAWYER_REVIEW,confirm image/alt/meta/body/current-law before approval,do not publish until all article gates pass
deed-of-assignment-guide-to-register,Deed Of Assignment Guide To Register,hidden/source candidate from prior recovery,SUBSTANTIVE_LAWYER_REVIEW,confirm image/alt/meta/body/current-law before approval,do not publish until all article gates pass
what-are-the-requirements-for-compulsory-acquisition-of-land-in-nigeria,What Are The Requirements For Compulsory Acquisition Of Land In Nigeria,hidden/source candidate from prior recovery,SUBSTANTIVE_LAWYER_REVIEW,confirm image/alt/meta/body/current-law before approval,do not publish until all article gates pass
court-procedures-and-efficient-case,Court Procedures and Efficient Case Management in Nigeria,hidden/source candidate from prior recovery,SUBSTANTIVE_LAWYER_REVIEW,confirm image/alt/meta/body/current-law before approval,do not publish until all article gates pass
proven-steps-on-land-allocation-and-ownership,Land Allocation and Ownership in Nigeria,hidden/source candidate from prior recovery,SUBSTANTIVE_LAWYER_REVIEW,confirm image/alt/meta/body/current-law before approval,do not publish until all article gates pass
land-use-act-and-its-role-in-land-allocation,Land Use Act and Its Role in Land Allocation,hidden/source candidate from prior recovery,SUBSTANTIVE_LAWYER_REVIEW,confirm image/alt/meta/body/current-law before approval,do not publish until all article gates pass
how-do-i-draft-tenancy-agreement-in-lagos,How to Draft a Tenancy Agreement in Lagos,hidden/source candidate from prior recovery,SUBSTANTIVE_LAWYER_REVIEW,confirm image/alt/meta/body/current-law before approval,do not publish until all article gates pass
how-to-appoint-a-company-secretary-in-nigeria,How to Appoint a Company Secretary in Nigeria,hidden/source candidate from prior recovery,SUBSTANTIVE_LAWYER_REVIEW,confirm image/alt/meta/body/current-law before approval,do not publish until all article gates pass
company-management-in-nigeria,Company Management in Nigeria,hidden/source candidate from prior recovery,SUBSTANTIVE_LAWYER_REVIEW,confirm image/alt/meta/body/current-law before approval,do not publish until all article gates pass
legalimplicationsof-co-ownership-of-property,Legal Implications of Co-Ownership of Property in Nigeria,hidden/source candidate from prior recovery,SUBSTANTIVE_LAWYER_REVIEW,confirm image/alt/meta/body/current-law before approval,do not publish until all article gates pass
lagos-inheritance-law-explained-family-rights,Lagos Inheritance Law and Family Property Rights,hidden/source candidate from prior recovery,SUBSTANTIVE_LAWYER_REVIEW,confirm image/alt/meta/body/current-law before approval,do not publish until all article gates pass
roles-of-a-property-lawyer-in-real-estate,Roles of a Property Lawyer in Real Estate Transactions,hidden/source candidate from prior recovery,SUBSTANTIVE_LAWYER_REVIEW,confirm image/alt/meta/body/current-law before approval,do not publish until all article gates pass
how-tohandle-land-disputes-withfamilymembers,How to Handle Land Disputes With Family Members,hidden/source candidate from prior recovery,SUBSTANTIVE_LAWYER_REVIEW,confirm image/alt/meta/body/current-law before approval,do not publish until all article gates pass
what-is-the-cost-of-perfecting-land-title,Cost of Perfecting a Land Title in Nigeria,hidden/source candidate from prior recovery,SUBSTANTIVE_LAWYER_REVIEW,confirm image/alt/meta/body/current-law before approval,do not publish until all article gates pass
letters-of-administration-in-lagos-state,Letters of Administration in Lagos State,hidden/source candidate from prior recovery,SUBSTANTIVE_LAWYER_REVIEW,confirm image/alt/meta/body/current-law before approval,do not publish until all article gates pass
procedure-for-company-registration-in-nigeria,Procedure for Company Registration in Nigeria,hidden/source candidate from prior recovery,SUBSTANTIVE_LAWYER_REVIEW,confirm image/alt/meta/body/current-law before approval,do not publish until all article gates pass
a-complete-guide-on-how-to-register-a-company-in-nigeria,Complete Guide to Registering a Company in Nigeria,hidden/source candidate from prior recovery,SUBSTANTIVE_LAWYER_REVIEW,confirm image/alt/meta/body/current-law before approval,do not publish until all article gates pass
how-to-apply-for-certificate-of-occupancy-in-lagos-state-nigeria,How to Apply for Certificate of Occupancy in Lagos State,hidden/source candidate from prior recovery,SUBSTANTIVE_LAWYER_REVIEW,confirm image/alt/meta/body/current-law before approval,do not publish until all article gates pass
taxation-vat-and-other-indirect-taxes-in-nigeria,VAT and Other Indirect Taxes in Nigeria,hidden/source candidate from prior recovery,SUBSTANTIVE_LAWYER_REVIEW,confirm image/alt/meta/body/current-law before approval,do not publish until all article gates pass
transfer-land-ownership-and-land-document,Transfer of Land Ownership and Land Documents in Nigeria,hidden/source candidate from prior recovery,SUBSTANTIVE_LAWYER_REVIEW,confirm image/alt/meta/body/current-law before approval,do not publish until all article gates pass
navigating-the-probate-registry-in-ogun-state,Navigating the Probate Registry in Ogun State,hidden/source candidate from prior recovery,SUBSTANTIVE_LAWYER_REVIEW,confirm image/alt/meta/body/current-law before approval,do not publish until all article gates pass
how-to-verify-property-titles-in-nigeria,How to Verify Property Titles in Nigeria,hidden/source candidate from prior recovery,SUBSTANTIVE_LAWYER_REVIEW,confirm image/alt/meta/body/current-law before approval,do not publish until all article gates pass
division-in-divorce-proceedings,Division of Property in Divorce Proceedings in Nigeria,hidden/source candidate from prior recovery,SUBSTANTIVE_LAWYER_REVIEW,confirm image/alt/meta/body/current-law before approval,do not publish until all article gates pass
calculate-land-use-charge-chaman-law-firm,How to Calculate Land Use Charge in Nigeria,hidden/source candidate from prior recovery,SUBSTANTIVE_LAWYER_REVIEW,confirm image/alt/meta/body/current-law before approval,do not publish until all article gates pass
strategies-to-handle-a-bad-tenant-legally,Legal Strategies for Handling Difficult Tenants in Nigeria,hidden/source candidate from prior recovery,SUBSTANTIVE_LAWYER_REVIEW,confirm image/alt/meta/body/current-law before approval,do not publish until all article gates pass
verify-land-titles-before-buying-property,How to Verify Land Titles Before Buying Property,hidden/source candidate from prior recovery,SUBSTANTIVE_LAWYER_REVIEW,confirm image/alt/meta/body/current-law before approval,do not publish until all article gates pass
business-registration-process-in-lagosa-com,Business Registration Process in Lagos,hidden/source candidate from prior recovery,SUBSTANTIVE_LAWYER_REVIEW,confirm image/alt/meta/body/current-law before approval,do not publish until all article gates pass
difference-between-excision-gazette-c-of-o,"Difference Between Excision, Gazette and Certificate of Occupancy",hidden/source candidate from prior recovery,SUBSTANTIVE_LAWYER_REVIEW,confirm image/alt/meta/body/current-law before approval,do not publish until all article gates pass
9-cyber-crime-prosecution-breakthrough-ch,Cybercrime Prosecution in Nigeria,hidden/source candidate from prior recovery,SUBSTANTIVE_LAWYER_REVIEW,confirm image/alt/meta/body/current-law before approval,do not publish until all article gates pass
how-to-perfect-a-property-title-in-nigeria,How to Perfect a Property Title in Nigeria,hidden/source candidate from prior recovery,SUBSTANTIVE_LAWYER_REVIEW,confirm image/alt/meta/body/current-law before approval,do not publish until all article gates pass
criteria-for-patent-in-nigeria,Criteria for Patent Protection in Nigeria,hidden/source candidate from prior recovery,SUBSTANTIVE_LAWYER_REVIEW,confirm image/alt/meta/body/current-law before approval,do not publish until all article gates pass
what-are-the-penalties-for-fake-land-documents,Penalties for Fake Land Documents in Nigeria,hidden/source candidate from prior recovery,SUBSTANTIVE_LAWYER_REVIEW,confirm image/alt/meta/body/current-law before approval,do not publish until all article gates pass
estate-administration-in-lagos-state,Estate Administration in Lagos State,hidden/source candidate from prior recovery,SUBSTANTIVE_LAWYER_REVIEW,confirm image/alt/meta/body/current-law before approval,do not publish until all article gates pass
mechanisms-for-the-childs-rights-act,Mechanisms Under the Child Rights Act in Nigeria,hidden/source candidate from prior recovery,SUBSTANTIVE_LAWYER_REVIEW,confirm image/alt/meta/body/current-law before approval,do not publish until all article gates pass
drafting-company-bylaws-in-nigeria-a-compre,Drafting Company Bylaws in Nigeria,hidden/source candidate from prior recovery,SUBSTANTIVE_LAWYER_REVIEW,confirm image/alt/meta/body/current-law before approval,do not publish until all article gates pass
the-essential-ethics-of-debt-recovery,Ethical Debt Recovery in Nigeria,hidden/source candidate from prior recovery,SUBSTANTIVE_LAWYER_REVIEW,confirm image/alt/meta/body/current-law before approval,do not publish until all article gates pass
4-proven-features-of-customary-marriage-and-the-bill-of-rights-conflicting-interests,Customary Marriage and Constitutional Rights in Nigeria,hidden/source candidate from prior recovery,SUBSTANTIVE_LAWYER_REVIEW,confirm image/alt/meta/body/current-law before approval,do not publish until all article gates pass
how-to-register-a-tech-company-in-nigeria,How to Register a Tech Company in Nigeria,hidden/source candidate from prior recovery,SUBSTANTIVE_LAWYER_REVIEW,confirm image/alt/meta/body/current-law before approval,do not publish until all article gates pass
understanding-the-land-use-act-in-nigeria,Understanding the Land Use Act in Nigeria,hidden/source candidate from prior recovery,SUBSTANTIVE_LAWYER_REVIEW,confirm image/alt/meta/body/current-law before approval,do not publish until all article gates pass
modernizing-customary-marriage,Modernizing Customary Marriage in Nigeria,hidden/source candidate from prior recovery,SUBSTANTIVE_LAWYER_REVIEW,confirm image/alt/meta/body/current-law before approval,do not publish until all article gates pass
priority-in-entitlement,Priority in Estate Entitlement Under Nigerian Succession Law,hidden/source candidate from prior recovery,SUBSTANTIVE_LAWYER_REVIEW,confirm image/alt/meta/body/current-law before approval,do not publish until all article gates pass
how-does-the-land-use-act-interact-with-the-petroleum-industry,How the Land Use Act Interacts With the Petroleum Industry,hidden/source candidate from prior recovery,SUBSTANTIVE_LAWYER_REVIEW,confirm image/alt/meta/body/current-law before approval,do not publish until all article gates pass
legal-bonds-of-marriage-in-nigeria,Legal Bonds of Marriage in Nigeria,hidden/source candidate from prior recovery,SUBSTANTIVE_LAWYER_REVIEW,confirm image/alt/meta/body/current-law before approval,do not publish until all article gates pass
is-a-woman-a-property-to-be-inherited,Can a Woman Be Treated as Property Under Nigerian Inheritance Law?,hidden/source candidate from prior recovery,SUBSTANTIVE_LAWYER_REVIEW,confirm image/alt/meta/body/current-law before approval,do not publish until all article gates pass
why-a-certificate-of-occupancy-c-of-o-is,Why a Certificate of Occupancy Matters in Nigeria,hidden/source candidate from prior recovery,SUBSTANTIVE_LAWYER_REVIEW,confirm image/alt/meta/body/current-law before approval,do not publish until all article gates pass
legal-research-for-nigerian-litigation-cases,Legal Research for Nigerian Litigation Cases,hidden/source candidate from prior recovery,SUBSTANTIVE_LAWYER_REVIEW,confirm image/alt/meta/body/current-law before approval,do not publish until all article gates pass
how-is-land-registry-practice-in-nigeria,Land Registry Practice in Nigeria,hidden/source candidate from prior recovery,SUBSTANTIVE_LAWYER_REVIEW,confirm image/alt/meta/body/current-law before approval,do not publish until all article gates pass
effect-of-not-paying-child-support,Effect of Not Paying Child Support in Nigeria,hidden/source candidate from prior recovery,SUBSTANTIVE_LAWYER_REVIEW,confirm image/alt/meta/body/current-law before approval,do not publish until all article gates pass
lagos-property-succession-without-a-will,Lagos Property Succession Without a Will,hidden/source candidate from prior recovery,SUBSTANTIVE_LAWYER_REVIEW,confirm image/alt/meta/body/current-law before approval,do not publish until all article gates pass
foreign-wills-and-lagos-property-what-to-know,Foreign Wills and Lagos Property: What to Know,hidden/source candidate from prior recovery,SUBSTANTIVE_LAWYER_REVIEW,confirm image/alt/meta/body/current-law before approval,do not publish until all article gates pass
police-prosecution-in-nigerian-courts,Police Prosecution in Nigerian Courts,hidden/source candidate from prior recovery,SUBSTANTIVE_LAWYER_REVIEW,confirm image/alt/meta/body/current-law before approval,do not publish until all article gates pass
what-are-the-legal-rights-of-private-property-owners,Legal Rights of Private Property Owners in Nigeria,hidden/source candidate from prior recovery,SUBSTANTIVE_LAWYER_REVIEW,confirm image/alt/meta/body/current-law before approval,do not publish until all article gates pass
use-arbitration-for-property-disputes-lagos,Using Arbitration for Property Disputes in Lagos,hidden/source candidate from prior recovery,SUBSTANTIVE_LAWYER_REVIEW,confirm image/alt/meta/body/current-law before approval,do not publish until all article gates pass
how-to-acquire-citizenship-in-nigeria,How to Acquire Citizenship in Nigeria,hidden/source candidate from prior recovery,SUBSTANTIVE_LAWYER_REVIEW,confirm image/alt/meta/body/current-law before approval,do not publish until all article gates pass
types-of-wills,Types of Wills in Nigeria,hidden/source candidate from prior recovery,SUBSTANTIVE_LAWYER_REVIEW,confirm image/alt/meta/body/current-law before approval,do not publish until all article gates pass
what-is-trespass-to-land2,What Is Trespass to Land in Nigeria?,hidden/source candidate from prior recovery,SUBSTANTIVE_LAWYER_REVIEW,confirm image/alt/meta/body/current-law before approval,do not publish until all article gates pass
lawful-methods-to-recover-debt-in-nigeria,Lawful Methods to Recover Debt in Nigeria,hidden/source candidate from prior recovery,SUBSTANTIVE_LAWYER_REVIEW,confirm image/alt/meta/body/current-law before approval,do not publish until all article gates pass
how-to-handle-land-grabbers-in-lagos,How to Handle Land Grabbers in Lagos,hidden/source candidate from prior recovery,SUBSTANTIVE_LAWYER_REVIEW,confirm image/alt/meta/body/current-law before approval,do not publish until all article gates pass
land-dispute-resolution-in-nigeria-court-system,Land Dispute Resolution in the Nigerian Court System,hidden/source candidate from prior recovery,SUBSTANTIVE_LAWYER_REVIEW,confirm image/alt/meta/body/current-law before approval,do not publish until all article gates pass
taxes-exemptions-and-incentives-in-nigeria,Tax Exemptions and Incentives in Nigeria,hidden/source candidate from prior recovery,SUBSTANTIVE_LAWYER_REVIEW,confirm image/alt/meta/body/current-law before approval,do not publish until all article gates pass
the-legal-implications-of-breach-of-contract,Legal Implications of Breach of Contract in Nigeria,hidden/source candidate from prior recovery,SUBSTANTIVE_LAWYER_REVIEW,confirm image/alt/meta/body/current-law before approval,do not publish until all article gates pass
legal-processes-of-transferring-property,Legal Process for Transferring Property in Nigeria,hidden/source candidate from prior recovery,SUBSTANTIVE_LAWYER_REVIEW,confirm image/alt/meta/body/current-law before approval,do not publish until all article gates pass
tax-planning-and-avoidance-in-nigeria,Tax Planning and Tax Avoidance in Nigeria,hidden/source candidate from prior recovery,SUBSTANTIVE_LAWYER_REVIEW,confirm image/alt/meta/body/current-law before approval,do not publish until all article gates pass
verify-land-ownership-with-the-lagos-state,How to Verify Land Ownership With Lagos State Records,hidden/source candidate from prior recovery,SUBSTANTIVE_LAWYER_REVIEW,confirm image/alt/meta/body/current-law before approval,do not publish until all article gates pass
probate-for-a-deceased-estate-in-nigeria,Probate for a Deceased Estate in Nigeria,hidden/source candidate from prior recovery,SUBSTANTIVE_LAWYER_REVIEW,confirm image/alt/meta/body/current-law before approval,do not publish until all article gates pass
legally-challenge-forged-land-documents-in-ogun,How to Challenge Forged Land Documents in Ogun State,hidden/source candidate from prior recovery,SUBSTANTIVE_LAWYER_REVIEW,confirm image/alt/meta/body/current-law before approval,do not publish until all article gates pass
how-can-nigerians-in-the-diaspora-buy-property,How Nigerians in the Diaspora Can Buy Property Safely,hidden/source candidate from prior recovery,SUBSTANTIVE_LAWYER_REVIEW,confirm image/alt/meta/body/current-law before approval,do not publish until all article gates pass
lagos-property-succession-how-to-transfer-ownership-after-a-death,Lagos Property Succession: How to Transfer Ownership After Death,hidden/source candidate from prior recovery,SUBSTANTIVE_LAWYER_REVIEW,confirm image/alt/meta/body/current-law before approval,do not publish until all article gates pass
procedures-for-making-a-will-in-nigeria,Procedures for Making a Will in Nigeria,hidden/source candidate from prior recovery,SUBSTANTIVE_LAWYER_REVIEW,confirm image/alt/meta/body/current-law before approval,do not publish until all article gates pass
legal-requirements-for-land-purchase,Legal Requirements for Land Purchase in Nigeria,hidden/source candidate from prior recovery,SUBSTANTIVE_LAWYER_REVIEW,confirm image/alt/meta/body/current-law before approval,do not publish until all article gates pass
legal-steps-to-perfecting-title-documents,Legal Steps to Perfecting Title Documents in Nigeria,hidden/source candidate from prior recovery,SUBSTANTIVE_LAWYER_REVIEW,confirm image/alt/meta/body/current-law before approval,do not publish until all article gates pass
how-does-the-land-use-act-affect-land-title,How the Land Use Act Affects Land Title in Nigeria,hidden/source candidate from prior recovery,SUBSTANTIVE_LAWYER_REVIEW,confirm image/alt/meta/body/current-law before approval,do not publish until all article gates pass
legal-remedies-for-breach-of-contract,Legal Remedies for Breach of Contract in Nigeria,hidden/source candidate from prior recovery,SUBSTANTIVE_LAWYER_REVIEW,confirm image/alt/meta/body/current-law before approval,do not publish until all article gates pass
when-a-loved-one-dies-without-a-will,What Happens When a Loved One Dies Without a Will in Nigeria,hidden/source candidate from prior recovery,SUBSTANTIVE_LAWYER_REVIEW,confirm image/alt/meta/body/current-law before approval,do not publish until all article gates pass
contract-of-sale-of-land-and-what-it-takes,Contract of Sale of Land in Nigeria,hidden/source candidate from prior recovery,SUBSTANTIVE_LAWYER_REVIEW,confirm image/alt/meta/body/current-law before approval,do not publish until all article gates pass
acquire-and-secure-industrial-land-in-ogun,How to Acquire and Secure Industrial Land in Ogun State,hidden/source candidate from prior recovery,SUBSTANTIVE_LAWYER_REVIEW,confirm image/alt/meta/body/current-law before approval,do not publish until all article gates pass
8-steps-to-enforce-court-judgments-innigeria,Steps to Enforce Court Judgments in Nigeria,hidden/source candidate from prior recovery,SUBSTANTIVE_LAWYER_REVIEW,confirm image/alt/meta/body/current-law before approval,do not publish until all article gates pass
roles-of-a-cybercrime-lawyer-in-nigeria,Roles of a Cybercrime Lawyer in Nigeria,hidden/source candidate from prior recovery,SUBSTANTIVE_LAWYER_REVIEW,confirm image/alt/meta/body/current-law before approval,do not publish until all article gates pass
effects-of-exchange-of-contract,Effects of Exchange of Contract in Property Transactions,hidden/source candidate from prior recovery,SUBSTANTIVE_LAWYER_REVIEW,confirm image/alt/meta/body/current-law before approval,do not publish until all article gates pass
floodplain-management-under-the-land-use-act,Floodplain Management Under the Land Use Act in Nigeria,hidden/source candidate from prior recovery,SUBSTANTIVE_LAWYER_REVIEW,confirm image/alt/meta/body/current-law before approval,do not publish until all article gates pass
what-is-the-cost-of-perfecting-land-titles-2,Cost of Perfecting Land Titles in Nigeria,hidden/source candidate from prior recovery,SUBSTANTIVE_LAWYER_REVIEW,confirm image/alt/meta/body/current-law before approval,do not publish until all article gates pass
what-is-the-process-of-obtaining-a-c-of-o,Process of Obtaining a Certificate of Occupancy in Nigeria,hidden/source candidate from prior recovery,SUBSTANTIVE_LAWYER_REVIEW,confirm image/alt/meta/body/current-law before approval,do not publish until all article gates pass
difference-between-c-of-o-and-governors-consent,Difference Between C of O and Governor's Consent,hidden/source candidate from prior recovery,SUBSTANTIVE_LAWYER_REVIEW,confirm image/alt/meta/body/current-law before approval,do not publish until all article gates pass
cyber-crime-investigation-techniques,Cybercrime Investigation Techniques in Nigeria,hidden/source candidate from prior recovery,SUBSTANTIVE_LAWYER_REVIEW,confirm image/alt/meta/body/current-law before approval,do not publish until all article gates pass
family-law-issues-for-expatriate-families,Family Law Issues for Expatriate Families in Nigeria,hidden/source candidate from prior recovery,SUBSTANTIVE_LAWYER_REVIEW,confirm image/alt/meta/body/current-law before approval,do not publish until all article gates pass
the-role-of-town-planners-in-land-allocation-under-the-land-use-act,Role of Town Planners in Land Allocation Under the Land Use Act,hidden/source candidate from prior recovery,SUBSTANTIVE_LAWYER_REVIEW,confirm image/alt/meta/body/current-law before approval,do not publish until all article gates pass
ways-to-resolve-property-disputes-in-ogun,Ways to Resolve Property Disputes in Ogun State,hidden/source candidate from prior recovery,SUBSTANTIVE_LAWYER_REVIEW,confirm image/alt/meta/body/current-law before approval,do not publish until all article gates pass
8-step-business-registration-process-in-lag,Business Registration Process in Lagos,hidden/source candidate from prior recovery,SUBSTANTIVE_LAWYER_REVIEW,confirm image/alt/meta/body/current-law before approval,do not publish until all article gates pass
legal-pitfalls-in-debt-recovery,Legal Pitfalls in Debt Recovery in Nigeria,hidden/source candidate from prior recovery,SUBSTANTIVE_LAWYER_REVIEW,confirm image/alt/meta/body/current-law before approval,do not publish until all article gates pass
proven-steps-how-to-file-patent-in-nigeria,How to File a Patent in Nigeria,hidden/source candidate from prior recovery,SUBSTANTIVE_LAWYER_REVIEW,confirm image/alt/meta/body/current-law before approval,do not publish until all article gates pass
debt-recovery-in-banking-sector,Debt Recovery in the Banking Sector in Nigeria,hidden/source candidate from prior recovery,SUBSTANTIVE_LAWYER_REVIEW,confirm image/alt/meta/body/current-law before approval,do not publish until all article gates pass
legal-aspects-of-commercial-litigation,Legal Aspects of Commercial Litigation in Nigeria,hidden/source candidate from prior recovery,SUBSTANTIVE_LAWYER_REVIEW,confirm image/alt/meta/body/current-law before approval,do not publish until all article gates pass
proven-steps-on-capacity-to-make-a-will,Capacity to Make a Will in Nigeria,hidden/source candidate from prior recovery,SUBSTANTIVE_LAWYER_REVIEW,confirm image/alt/meta/body/current-law before approval,do not publish until all article gates pass
landlord-and-tenant-relationship-on-property,Landlord and Tenant Relationship in Property Law,hidden/source candidate from prior recovery,SUBSTANTIVE_LAWYER_REVIEW,confirm image/alt/meta/body/current-law before approval,do not publish until all article gates pass
the-process-of-transferring-land-in-nigeria,Process of Transferring Land in Nigeria,hidden/source candidate from prior recovery,SUBSTANTIVE_LAWYER_REVIEW,confirm image/alt/meta/body/current-law before approval,do not publish until all article gates pass
4-proven-cross-border-cybercrime-issues,Cross-Border Cybercrime Issues in Nigeria,hidden/source candidate from prior recovery,SUBSTANTIVE_LAWYER_REVIEW,confirm image/alt/meta/body/current-law before approval,do not publish until all article gates pass
contractual-dispute-resolution,Contractual Dispute Resolution in Nigeria,hidden/source candidate from prior recovery,SUBSTANTIVE_LAWYER_REVIEW,confirm image/alt/meta/body/current-law before approval,do not publish until all article gates pass
the-land-use-act-relate-to-land-conflicts,How the Land Use Act Relates to Land Conflicts,hidden/source candidate from prior recovery,SUBSTANTIVE_LAWYER_REVIEW,confirm image/alt/meta/body/current-law before approval,do not publish until all article gates pass
mastering-nigerian-company-law-essentialstep,Essential Steps in Nigerian Company Law,hidden/source candidate from prior recovery,SUBSTANTIVE_LAWYER_REVIEW,confirm image/alt/meta/body/current-law before approval,do not publish until all article gates pass
how-does-the-land-use-act-influence-real-estate-development,How the Land Use Act Influences Real Estate Development,hidden/source candidate from prior recovery,SUBSTANTIVE_LAWYER_REVIEW,confirm image/alt/meta/body/current-law before approval,do not publish until all article gates pass
company-registration-in-nigeria,Company Registration in Nigeria,hidden/source candidate from prior recovery,SUBSTANTIVE_LAWYER_REVIEW,confirm image/alt/meta/body/current-law before approval,do not publish until all article gates pass
land-tenure-systems-coexist-with-statutory-land,How Land Tenure Systems Coexist With Statutory Land Ownership,hidden/source candidate from prior recovery,SUBSTANTIVE_LAWYER_REVIEW,confirm image/alt/meta/body/current-law before approval,do not publish until all article gates pass
the-cyber-crime-investigation-procedure,Cybercrime Investigation Procedure in Nigeria,hidden/source candidate from prior recovery,SUBSTANTIVE_LAWYER_REVIEW,confirm image/alt/meta/body/current-law before approval,do not publish until all article gates pass
aim-to-improve-land-titles-and-ownership,Reforms to Improve Land Titles and Ownership in Nigeria,hidden/source candidate from prior recovery,SUBSTANTIVE_LAWYER_REVIEW,confirm image/alt/meta/body/current-law before approval,do not publish until all article gates pass
investigating-title-in-property-transaction,Investigating Title in Property Transactions,hidden/source candidate from prior recovery,SUBSTANTIVE_LAWYER_REVIEW,confirm image/alt/meta/body/current-law before approval,do not publish until all article gates pass
challenging-forged-property-documents-in-lagos,Challenging Forged Property Documents in Lagos,hidden/source candidate from prior recovery,SUBSTANTIVE_LAWYER_REVIEW,confirm image/alt/meta/body/current-law before approval,do not publish until all article gates pass
how-can-issues-of-land-fraud-and-illegal-land-transactions-be-addressed-in-nigeria,Addressing Land Fraud and Illegal Land Transactions in Nigeria,hidden/source candidate from prior recovery,SUBSTANTIVE_LAWYER_REVIEW,confirm image/alt/meta/body/current-law before approval,do not publish until all article gates pass
how-to-register-a-company-in-nigeria-2024,How to Register a Company in Nigeria,hidden/source candidate from prior recovery,SUBSTANTIVE_LAWYER_REVIEW,confirm image/alt/meta/body/current-law before approval,do not publish until all article gates pass
duties-of-company-board-of-directors,Duties of Company Board Directors in Nigeria,hidden/source candidate from prior recovery,SUBSTANTIVE_LAWYER_REVIEW,confirm image/alt/meta/body/current-law before approval,do not publish until all article gates pass
compliance-with-debt-recovery-regulations,Compliance With Debt Recovery Regulations in Nigeria,hidden/source candidate from prior recovery,SUBSTANTIVE_LAWYER_REVIEW,confirm image/alt/meta/body/current-law before approval,do not publish until all article gates pass
due-diligence-in-real-estate-transaction,Due Diligence in Real Estate Transactions,hidden/source candidate from prior recovery,SUBSTANTIVE_LAWYER_REVIEW,confirm image/alt/meta/body/current-law before approval,do not publish until all article gates pass
the-role-of-lawyers-in-debt-recovery-5-keys,Role of Lawyers in Debt Recovery in Nigeria,hidden/source candidate from prior recovery,SUBSTANTIVE_LAWYER_REVIEW,confirm image/alt/meta/body/current-law before approval,do not publish until all article gates pass
intellectual-property-in-franchise-operations,Intellectual Property in Franchise Operations,hidden/source candidate from prior recovery,SUBSTANTIVE_LAWYER_REVIEW,confirm image/alt/meta/body/current-law before approval,do not publish until all article gates pass
disputes-arising-from-property-ownership,Disputes Arising From Property Ownership in Nigeria,hidden/source candidate from prior recovery,SUBSTANTIVE_LAWYER_REVIEW,confirm image/alt/meta/body/current-law before approval,do not publish until all article gates pass
corporate-fraud-and-mismanagement,Corporate Fraud and Mismanagement in Nigeria,hidden/source candidate from prior recovery,SUBSTANTIVE_LAWYER_REVIEW,confirm image/alt/meta/body/current-law before approval,do not publish until all article gates pass
legal-assistance-for-visa-appeals-5-step,Legal Assistance for Visa Appeals in Nigeria,hidden/source candidate from prior recovery,SUBSTANTIVE_LAWYER_REVIEW,confirm image/alt/meta/body/current-law before approval,do not publish until all article gates pass
thing-you-need-to-know-about-a-legal-will,What to Know About a Legal Will in Nigeria,hidden/source candidate from prior recovery,SUBSTANTIVE_LAWYER_REVIEW,confirm image/alt/meta/body/current-law before approval,do not publish until all article gates pass
challenges-women-face-in-obtaining-land-titles,Challenges Women Face in Obtaining Land Titles in Nigeria,hidden/source candidate from prior recovery,SUBSTANTIVE_LAWYER_REVIEW,confirm image/alt/meta/body/current-law before approval,do not publish until all article gates pass
digitization-impact-land-title-registration,Impact of Digitization on Land Title Registration,hidden/source candidate from prior recovery,SUBSTANTIVE_LAWYER_REVIEW,confirm image/alt/meta/body/current-law before approval,do not publish until all article gates pass
legally-binding-contracts,Legally Binding Contracts in Nigeria,hidden/source candidate from prior recovery,SUBSTANTIVE_LAWYER_REVIEW,confirm image/alt/meta/body/current-law before approval,do not publish until all article gates pass
how-to-draft-a-commercial-contract-a-proven,How to Draft a Commercial Contract in Nigeria,hidden/source candidate from prior recovery,SUBSTANTIVE_LAWYER_REVIEW,confirm image/alt/meta/body/current-law before approval,do not publish until all article gates pass
4-main-guide-to-land-ownership-in-nigeria,Guide to Land Ownership in Nigeria,hidden/source candidate from prior recovery,SUBSTANTIVE_LAWYER_REVIEW,confirm image/alt/meta/body/current-law before approval,do not publish until all article gates pass
piracy-and-its-burden-on-copyright,Piracy and Copyright Protection in Nigeria,hidden/source candidate from prior recovery,SUBSTANTIVE_LAWYER_REVIEW,confirm image/alt/meta/body/current-law before approval,do not publish until all article gates pass
how-to-check-if-a-property-title-is-genuine,How to Check if a Property Title Is Genuine in Nigeria,hidden/source candidate from prior recovery,SUBSTANTIVE_LAWYER_REVIEW,confirm image/alt/meta/body/current-law before approval,do not publish until all article gates pass
remedies-for-breach-of-property-contracts-in-lagos-a-legal-guide,Remedies for Breach of Property Contracts in Lagos,hidden/source candidate from prior recovery,SUBSTANTIVE_LAWYER_REVIEW,confirm image/alt/meta/body/current-law before approval,do not publish until all article gates pass
insurance-in-construction-contracts,Insurance in Construction Contracts in Nigeria,hidden/source candidate from prior recovery,SUBSTANTIVE_LAWYER_REVIEW,confirm image/alt/meta/body/current-law before approval,do not publish until all article gates pass
how-does-land-title-insurance-protect-property-owners-in-nigeria,How Land Title Insurance Protects Property Owners in Nigeria,hidden/source candidate from prior recovery,SUBSTANTIVE_LAWYER_REVIEW,confirm image/alt/meta/body/current-law before approval,do not publish until all article gates pass
corporate-tax-obligations-in-nigeria,Corporate Tax Obligations in Nigeria,hidden/source candidate from prior recovery,SUBSTANTIVE_LAWYER_REVIEW,confirm image/alt/meta/body/current-law before approval,do not publish until all article gates pass
what-is-the-legal-process-for-land-dispute,Legal Process for Land Disputes in Nigeria,hidden/source candidate from prior recovery,SUBSTANTIVE_LAWYER_REVIEW,confirm image/alt/meta/body/current-law before approval,do not publish until all article gates pass
lawyers-help-you-access-inherited-property,How Probate Lawyers Help Families Access Inherited Property,hidden/source candidate from prior recovery,SUBSTANTIVE_LAWYER_REVIEW,confirm image/alt/meta/body/current-law before approval,do not publish until all article gates pass
how-does-land-title-regularization-affect-p,How Land Title Regularization Affects Property Owners,hidden/source candidate from prior recovery,SUBSTANTIVE_LAWYER_REVIEW,confirm image/alt/meta/body/current-law before approval,do not publish until all article gates pass
the-land-use-act-protect-the-environment,How the Land Use Act Relates to Environmental Protection,hidden/source candidate from prior recovery,SUBSTANTIVE_LAWYER_REVIEW,confirm image/alt/meta/body/current-law before approval,do not publish until all article gates pass
immigration-law-at-chaman-law-firm,Immigration Law Services in Nigeria,hidden/source candidate from prior recovery,SUBSTANTIVE_LAWYER_REVIEW,confirm image/alt/meta/body/current-law before approval,do not publish until all article gates pass
land-record-keeping-ensure-accurate-land-titles,Land Record Keeping and Accurate Land Titles in Nigeria,hidden/source candidate from prior recovery,SUBSTANTIVE_LAWYER_REVIEW,confirm image/alt/meta/body/current-law before approval,do not publish until all article gates pass
5-proven-roles-of-a-child-adoption-lawyer,Roles of a Child Adoption Lawyer in Nigeria,hidden/source candidate from prior recovery,SUBSTANTIVE_LAWYER_REVIEW,confirm image/alt/meta/body/current-law before approval,do not publish until all article gates pass
legal-advice-for-expatriates-in-nigeria-ess,Legal Advice for Expatriates in Nigeria,hidden/source candidate from prior recovery,SUBSTANTIVE_LAWYER_REVIEW,confirm image/alt/meta/body/current-law before approval,do not publish until all article gates pass
different-types-of-marriage-in-nigeria,Different Types of Marriage in Nigeria,hidden/source candidate from prior recovery,SUBSTANTIVE_LAWYER_REVIEW,confirm image/alt/meta/body/current-law before approval,do not publish until all article gates pass
land-titles-in-nigeria,Land Titles in Nigeria,hidden/source candidate from prior recovery,SUBSTANTIVE_LAWYER_REVIEW,confirm image/alt/meta/body/current-law before approval,do not publish until all article gates pass
reasons-yourland-title-verification-may-fail,Reasons Land Title Verification May Fail,hidden/source candidate from prior recovery,SUBSTANTIVE_LAWYER_REVIEW,confirm image/alt/meta/body/current-law before approval,do not publish until all article gates pass
why-you-need-a-certificate-of-occupancy-in-nigeria,Why You Need a Certificate of Occupancy in Nigeria,hidden/source candidate from prior recovery,SUBSTANTIVE_LAWYER_REVIEW,confirm image/alt/meta/body/current-law before approval,do not publish until all article gates pass
what-challenges-are-associated-with-preserving-and-digitizing-historical-land-records,Challenges in Preserving and Digitizing Historical Land Records,hidden/source candidate from prior recovery,SUBSTANTIVE_LAWYER_REVIEW,confirm image/alt/meta/body/current-law before approval,do not publish until all article gates pass
real-estate-contracts,Real Estate Contracts in Nigeria,hidden/source candidate from prior recovery,SUBSTANTIVE_LAWYER_REVIEW,confirm image/alt/meta/body/current-law before approval,do not publish until all article gates pass
what-is-the-role-of-the-surveyor-general-in-land-allocation-under-the-land-use-act,Role of the Surveyor-General in Land Allocation Under the Land Use Act,hidden/source candidate from prior recovery,SUBSTANTIVE_LAWYER_REVIEW,confirm image/alt/meta/body/current-law before approval,do not publish until all article gates pass
what-is-the-legal-way-to-safeguard-your-will,Legal Ways to Safeguard Your Will in Nigeria,hidden/source candidate from prior recovery,SUBSTANTIVE_LAWYER_REVIEW,confirm image/alt/meta/body/current-law before approval,do not publish until all article gates pass
top-5-intellectual-property-enforcement-stra,Intellectual Property Enforcement Strategies in Nigeria,hidden/source candidate from prior recovery,SUBSTANTIVE_LAWYER_REVIEW,confirm image/alt/meta/body/current-law before approval,do not publish until all article gates pass
why-is-public-awareness-important-for-land-ownership-and-titles-in-nigeria,Why Public Awareness Matters for Land Ownership and Titles in Nigeria,hidden/source candidate from prior recovery,SUBSTANTIVE_LAWYER_REVIEW,confirm image/alt/meta/body/current-law before approval,do not publish until all article gates pass
steps-to-understanding-financial-crimes,Understanding Financial Crimes in Nigeria,hidden/source candidate from prior recovery,SUBSTANTIVE_LAWYER_REVIEW,confirm image/alt/meta/body/current-law before approval,do not publish until all article gates pass
review-of-corporate-affairs-commission-share-capital-for-company-registration-in-nigeria,Corporate Affairs Commission Share Capital Requirements for Company Registration,hidden/source candidate from prior recovery,SUBSTANTIVE_LAWYER_REVIEW,confirm image/alt/meta/body/current-law before approval,do not publish until all article gates pass
register-your-company-with-cac-in-nigeria,How to Register Your Company With CAC in Nigeria,hidden/source candidate from prior recovery,SUBSTANTIVE_LAWYER_REVIEW,confirm image/alt/meta/body/current-law before approval,do not publish until all article gates pass
obtain-a-certificate-of-occupancy-chaman-law,How to Obtain a Certificate of Occupancy in Nigeria,hidden/source candidate from prior recovery,SUBSTANTIVE_LAWYER_REVIEW,confirm image/alt/meta/body/current-law before approval,do not publish until all article gates pass
force-majeure-clauses-in-business-contracts,Force Majeure Clauses In Business Contracts,hidden/source candidate from prior recovery,SUBSTANTIVE_LAWYER_REVIEW,confirm image/alt/meta/body/current-law before approval,do not publish until all article gates pass
evaluating-real-estate-investment-returns,Evaluating Real Estate Investment Returns,hidden/source candidate from prior recovery,SUBSTANTIVE_LAWYER_REVIEW,confirm image/alt/meta/body/current-law before approval,do not publish until all article gates pass
3-proven-steps-on-how-to-rolve-land-disputes,3 Proven Steps On How To Rolve Land Disputes,hidden/source candidate from prior recovery,SUBSTANTIVE_LAWYER_REVIEW,confirm image/alt/meta/body/current-law before approval,do not publish until all article gates pass
lekki-property-when-owner-dies-without-will,Lekki Property When Owner Dies Without Will,hidden/source candidate from prior recovery,SUBSTANTIVE_LAWYER_REVIEW,confirm image/alt/meta/body/current-law before approval,do not publish until all article gates pass
what-is-the-significan-and-titles-in-nigeria,What Is The Significan And Titles In Nigeria,hidden/source candidate from prior recovery,SUBSTANTIVE_LAWYER_REVIEW,confirm image/alt/meta/body/current-law before approval,do not publish until all article gates pass
risk-management-strategies-for-real-estate-investment-in-nigeria,Risk Management Strategies For Real Estate Investment In Nigeria,hidden/source candidate from prior recovery,SUBSTANTIVE_LAWYER_REVIEW,confirm image/alt/meta/body/current-law before approval,do not publish until all article gates pass
what-you-need-to-know-when-buying-a-family-g,What You Need To Know When Buying A Family G,hidden/source candidate from prior recovery,SUBSTANTIVE_LAWYER_REVIEW,confirm image/alt/meta/body/current-law before approval,do not publish until all article gates pass
can-a-foreigner-buy-property-chaman-law-firm,Can A Foreigner Buy Property,hidden/source candidate from prior recovery,SUBSTANTIVE_LAWYER_REVIEW,confirm image/alt/meta/body/current-law before approval,do not publish until all article gates pass
what-is-the-process-for-land-allocation-for-agricultural-purposes-under-the-land-use-act,What Is The Process For Land Allocation For Agricultural Purposes Under The Land Use Act,hidden/source candidate from prior recovery,SUBSTANTIVE_LAWYER_REVIEW,confirm image/alt/meta/body/current-law before approval,do not publish until all article gates pass
land-documentation-excision-vs-gazette,Land Documentation Excision Vs Gazette,hidden/source candidate from prior recovery,SUBSTANTIVE_LAWYER_REVIEW,confirm image/alt/meta/body/current-law before approval,do not publish until all article gates pass
certificate-of-occupancy-in-rivers-state,Certificate Of Occupancy In Rivers State,hidden/source candidate from prior recovery,SUBSTANTIVE_LAWYER_REVIEW,confirm image/alt/meta/body/current-law before approval,do not publish until all article gates pass
what-are-the-sources-of-nigerian-law,What Are the Sources of Nigerian Law?,hidden/source candidate from prior recovery,SUBSTANTIVE_LAWYER_REVIEW,confirm image/alt/meta/body/current-law before approval,do not publish until all article gates pass
maxims-of-equity,Maxims of Equity in Nigerian Legal Practice,hidden/source candidate from prior recovery,SUBSTANTIVE_LAWYER_REVIEW,confirm image/alt/meta/body/current-law before approval,do not publish until all article gates pass
the-role-of-regulatory-bodies,The Role of Regulatory Bodies in Nigeria,hidden/source candidate from prior recovery,SUBSTANTIVE_LAWYER_REVIEW,confirm image/alt/meta/body/current-law before approval,do not publish until all article gates pass
pohistory-of-legal-profession-in-nigeria,History of the Legal Profession in Nigeria,hidden/source candidate from prior recovery,SUBSTANTIVE_LAWYER_REVIEW,confirm image/alt/meta/body/current-law before approval,do not publish until all article gates pass
the-concept-of-rule-of-law-in-nigeria,The Concept of Rule of Law In Nigeria,hidden/source candidate from prior recovery,SUBSTANTIVE_LAWYER_REVIEW,confirm image/alt/meta/body/current-law before approval,do not publish until all article gates pass
the-nigerian-legal-system,The Strengths and Weaknesses of the Nigerian Legal System,hidden/source candidate from prior recovery,SUBSTANTIVE_LAWYER_REVIEW,confirm image/alt/meta/body/current-law before approval,do not publish until all article gates pass
basic-elements-of-defamatory-statement,Basic Elements of Defamatory Statement,hidden/source candidate from prior recovery,SUBSTANTIVE_LAWYER_REVIEW,confirm image/alt/meta/body/current-law before approval,do not publish until all article gates pass
revocation-of-power-of-attorney,REVOCATION OF POWER OF ATTORNEY,hidden/source candidate from prior recovery,SUBSTANTIVE_LAWYER_REVIEW,confirm image/alt/meta/body/current-law before approval,do not publish until all article gates pass
proper-steps-to-eviction-of-tenants,STEPS TO EVICTION OF TENANTS,hidden/source candidate from prior recovery,SUBSTANTIVE_LAWYER_REVIEW,confirm image/alt/meta/body/current-law before approval,do not publish until all article gates pass
the-jurisdiction-of-courts-in-nigeria,The Jurisdiction of Courts in Nigeria,hidden/source candidate from prior recovery,SUBSTANTIVE_LAWYER_REVIEW,confirm image/alt/meta/body/current-law before approval,do not publish until all article gates pass
the-ogun-state-tenancy-law-chaman-law-firm,Understanding the Ogun State Tenancy Law: A Comprehensive Guide,hidden/source candidate from prior recovery,SUBSTANTIVE_LAWYER_REVIEW,confirm image/alt/meta/body/current-law before approval,do not publish until all article gates pass
sell-family-land-without-everyones-consent,Sell Family Land Without Everyones Consent,hidden/source candidate from prior recovery,SUBSTANTIVE_LAWYER_REVIEW,confirm image/alt/meta/body/current-law before approval,do not publish until all article gates pass
overview-of-the-concept-recovery-of-premises,Overview of the Concept Recovery of Premises in Lagos State,hidden/source candidate from prior recovery,SUBSTANTIVE_LAWYER_REVIEW,confirm image/alt/meta/body/current-law before approval,do not publish until all article gates pass
legal-implications-of-joint-property,The Legal Implications of Joint Property Ownership In Nigeria,hidden/source candidate from prior recovery,SUBSTANTIVE_LAWYER_REVIEW,confirm image/alt/meta/body/current-law before approval,do not publish until all article gates pass
taxes-on-real-estate-transactions-in-nigeria,Taxes On Real Estate Transactions In Nigeria,hidden/source candidate from prior recovery,SUBSTANTIVE_LAWYER_REVIEW,confirm image/alt/meta/body/current-law before approval,do not publish until all article gates pass
legal-title-versus-equity-title,Legal Title Versus Equity Title,hidden/source candidate from prior recovery,SUBSTANTIVE_LAWYER_REVIEW,confirm image/alt/meta/body/current-law before approval,do not publish until all article gates pass
title-documents-much-does-it-cost-in-lagos,Title Documents Much Does It Cost In Lagos,hidden/source candidate from prior recovery,SUBSTANTIVE_LAWYER_REVIEW,confirm image/alt/meta/body/current-law before approval,do not publish until all article gates pass
corporate-governance-challenges-in-companies,Corporate Governance Challenges In Companies,hidden/source candidate from prior recovery,SUBSTANTIVE_LAWYER_REVIEW,confirm image/alt/meta/body/current-law before approval,do not publish until all article gates pass
what-is-the-importance-of-certifi-occupancy,What Is The Importance Of Certifi Occupancy,hidden/source candidate from prior recovery,SUBSTANTIVE_LAWYER_REVIEW,confirm image/alt/meta/body/current-law before approval,do not publish until all article gates pass
obtaining-a-c-of-o-in-ogun-state,Obtaining a Certificate of Occupancy in Ogun State,hidden/source candidate from prior recovery,SUBSTANTIVE_LAWYER_REVIEW,confirm image/alt/meta/body/current-law before approval,do not publish until all article gates pass
probate-vs-letter-of-administration-in-nigeria-key-differences-you-must-know,Probate vs Letters of Administration in Nigeria,hidden/source candidate from prior recovery,SUBSTANTIVE_LAWYER_REVIEW,confirm image/alt/meta/body/current-law before approval,do not publish until all article gates pass
accountability-in-corporate-governance,Accountability in Corporate Governance in Nigeria,hidden/source candidate from prior recovery,SUBSTANTIVE_LAWYER_REVIEW,confirm image/alt/meta/body/current-law before approval,do not publish until all article gates pass
0btain-guide-on-how-to-obtain-tax,0btain Guide On How To Obtain Tax,hidden/source candidate from prior recovery,SUBSTANTIVE_LAWYER_REVIEW,confirm image/alt/meta/body/current-law before approval,do not publish until all article gates pass
understanding-the-ogun-anti-land-grabbing-law,Understanding The Ogun Anti Land Grabbing Law,hidden/source candidate from prior recovery,SUBSTANTIVE_LAWYER_REVIEW,confirm image/alt/meta/body/current-law before approval,do not publish until all article gates pass
verify-a-property-title-in-lagos,How to Verify a Property Title in Lagos,hidden/source candidate from prior recovery,SUBSTANTIVE_LAWYER_REVIEW,confirm image/alt/meta/body/current-law before approval,do not publish until all article gates pass
police-clearance-certificate-pcc-in-nigeria,Police Clearance Certificate Pcc In Nigeria,hidden/source candidate from prior recovery,SUBSTANTIVE_LAWYER_REVIEW,confirm image/alt/meta/body/current-law before approval,do not publish until all article gates pass
what-makes-up-a-valid-employment-contract,What Makes a Valid Employment Contract in Nigeria?,hidden/source candidate from prior recovery,SUBSTANTIVE_LAWYER_REVIEW,confirm image/alt/meta/body/current-law before approval,do not publish until all article gates pass
legal-process-for-tenant-eviction-in-lagos,Legal Process For Tenant Eviction In Lagos,hidden/source candidate from prior recovery,SUBSTANTIVE_LAWYER_REVIEW,confirm image/alt/meta/body/current-law before approval,do not publish until all article gates pass
tenant-rights-during-property-sale-in-lagos,Tenant Rights During Property Sale In Lagos,hidden/source candidate from prior recovery,SUBSTANTIVE_LAWYER_REVIEW,confirm image/alt/meta/body/current-law before approval,do not publish until all article gates pass
what-are-the-tax-disputes-in-nigeria,What Are The Tax Disputes In Nigeria,hidden/source candidate from prior recovery,SUBSTANTIVE_LAWYER_REVIEW,confirm image/alt/meta/body/current-law before approval,do not publish until all article gates pass
property-ownership-structures-in-nigeria,Property Ownership Structures In Nigeria,hidden/source candidate from prior recovery,SUBSTANTIVE_LAWYER_REVIEW,confirm image/alt/meta/body/current-law before approval,do not publish until all article gates pass
maritime-contracts-in-nigeria,Maritime Contracts In Nigeria,hidden/source candidate from prior recovery,SUBSTANTIVE_LAWYER_REVIEW,confirm image/alt/meta/body/current-law before approval,do not publish until all article gates pass
land-use-planning-and-development-regulation,Land Use Planning And Development Regulation,hidden/source candidate from prior recovery,SUBSTANTIVE_LAWYER_REVIEW,confirm image/alt/meta/body/current-law before approval,do not publish until all article gates pass
property-valuation-in-nigerian-real-estate,Property Valuation In Nigerian Real Estate,hidden/source candidate from prior recovery,SUBSTANTIVE_LAWYER_REVIEW,confirm image/alt/meta/body/current-law before approval,do not publish until all article gates pass
registration-of-a-money-lending-company,Registration Of A Money Lending Company,hidden/source candidate from prior recovery,SUBSTANTIVE_LAWYER_REVIEW,confirm image/alt/meta/body/current-law before approval,do not publish until all article gates pass
how-to-conduct-due-diligence-in-nigeria,How To Conduct Due Diligence In Nigeria,hidden/source candidate from prior recovery,SUBSTANTIVE_LAWYER_REVIEW,confirm image/alt/meta/body/current-law before approval,do not publish until all article gates pass
4-proven-steps-on-how-to-enforce-a-contract,4 Proven Steps On How To Enforce A Contract,hidden/source candidate from prior recovery,SUBSTANTIVE_LAWYER_REVIEW,confirm image/alt/meta/body/current-law before approval,do not publish until all article gates pass
defense-of-fair-dealing-in-nigeria-copyright,Defense Of Fair Dealing In Nigeria Copyright,hidden/source candidate from prior recovery,SUBSTANTIVE_LAWYER_REVIEW,confirm image/alt/meta/body/current-law before approval,do not publish until all article gates pass
7-step-citizenship-application-in-nigeria,7 Step Citizenship Application In Nigeria,hidden/source candidate from prior recovery,SUBSTANTIVE_LAWYER_REVIEW,confirm image/alt/meta/body/current-law before approval,do not publish until all article gates pass
how-to-increase-a-company-share,How To Increase A Company Share,hidden/source candidate from prior recovery,SUBSTANTIVE_LAWYER_REVIEW,confirm image/alt/meta/body/current-law before approval,do not publish until all article gates pass
what-tenancy-laws-apply-to-landlords,What Tenancy Laws Apply To Landlords,hidden/source candidate from prior recovery,SUBSTANTIVE_LAWYER_REVIEW,confirm image/alt/meta/body/current-law before approval,do not publish until all article gates pass
land-use-charge-in-ogun-state-chaman-law-firm,Land Use Charge In Ogun State Chaman Law Firm,hidden/source candidate from prior recovery,SUBSTANTIVE_LAWYER_REVIEW,confirm image/alt/meta/body/current-law before approval,do not publish until all article gates pass
consequences-of-fail-to-pay-taxes-in-nigeria,Consequences Of Fail To Pay Taxes In Nigeria,hidden/source candidate from prior recovery,SUBSTANTIVE_LAWYER_REVIEW,confirm image/alt/meta/body/current-law before approval,do not publish until all article gates pass
consequences-of-not-paying-land-use-charge,Consequences Of Not Paying Land Use Charge,hidden/source candidate from prior recovery,SUBSTANTIVE_LAWYER_REVIEW,confirm image/alt/meta/body/current-law before approval,do not publish until all article gates pass
survey-plan-registration-how-do-i-process-it,Survey Plan Registration How Do I Process It,hidden/source candidate from prior recovery,SUBSTANTIVE_LAWYER_REVIEW,confirm image/alt/meta/body/current-law before approval,do not publish until all article gates pass
how-to-open-a-company-bank-account-in-nigeria,How To Open A Company Bank Account In Nigeria,hidden/source candidate from prior recovery,SUBSTANTIVE_LAWYER_REVIEW,confirm image/alt/meta/body/current-law before approval,do not publish until all article gates pass
how-to-terminate-a-tenancy-relationship-in,How To Terminate A Tenancy Relationship In,hidden/source candidate from prior recovery,SUBSTANTIVE_LAWYER_REVIEW,confirm image/alt/meta/body/current-law before approval,do not publish until all article gates pass
obtaining-a-certificate-of-occupancy,Obtaining A Certificate Of Occupancy,hidden/source candidate from prior recovery,SUBSTANTIVE_LAWYER_REVIEW,confirm image/alt/meta/body/current-law before approval,do not publish until all article gates pass
legal-implications-of-overstaying-a-visa-inn,Legal Implications Of Overstaying A Visa Inn,hidden/source candidate from prior recovery,SUBSTANTIVE_LAWYER_REVIEW,confirm image/alt/meta/body/current-law before approval,do not publish until all article gates pass
nigerian-citizens-in-government-surveillance,Nigerian Citizens In Government Surveillance,hidden/source candidate from prior recovery,SUBSTANTIVE_LAWYER_REVIEW,confirm image/alt/meta/body/current-law before approval,do not publish until all article gates pass
corporate-governance-and-business-ethics,Corporate Governance And Business Ethics,hidden/source candidate from prior recovery,SUBSTANTIVE_LAWYER_REVIEW,confirm image/alt/meta/body/current-law before approval,do not publish until all article gates pass
7-steps-on-how-to-use-small-claims-court,7 Steps On How To Use Small Claims Court,hidden/source candidate from prior recovery,SUBSTANTIVE_LAWYER_REVIEW,confirm image/alt/meta/body/current-law before approval,do not publish until all article gates pass
legal-requirementsfor-registering-a-property,Legal Requirementsfor Registering A Property,hidden/source candidate from prior recovery,SUBSTANTIVE_LAWYER_REVIEW,confirm image/alt/meta/body/current-law before approval,do not publish until all article gates pass
cyber-crime-awareness-campaigns-10-powerful,Cyber Crime Awareness Campaigns 10 Powerful,hidden/source candidate from prior recovery,SUBSTANTIVE_LAWYER_REVIEW,confirm image/alt/meta/body/current-law before approval,do not publish until all article gates pass
inheritance-rights-under-ogun-customary-law,Inheritance Rights Under Ogun Customary Law,hidden/source candidate from prior recovery,SUBSTANTIVE_LAWYER_REVIEW,confirm image/alt/meta/body/current-law before approval,do not publish until all article gates pass
family-property-disputes-in-lagos,Family Property Disputes In Lagos,hidden/source candidate from prior recovery,SUBSTANTIVE_LAWYER_REVIEW,confirm image/alt/meta/body/current-law before approval,do not publish until all article gates pass
defenses-and-bars-to-a-petition-for-divorce,Defenses And Bars To A Petition For Divorce,hidden/source candidate from prior recovery,SUBSTANTIVE_LAWYER_REVIEW,confirm image/alt/meta/body/current-law before approval,do not publish until all article gates pass
challenges-in-debt-recovery-and-solutions,Challenges In Debt Recovery And Solutions,hidden/source candidate from prior recovery,SUBSTANTIVE_LAWYER_REVIEW,confirm image/alt/meta/body/current-law before approval,do not publish until all article gates pass
land-use-act-impact-land-ownership-and-titles,Land Use Act Impact Land Ownership And Titles,hidden/source candidate from prior recovery,SUBSTANTIVE_LAWYER_REVIEW,confirm image/alt/meta/body/current-law before approval,do not publish until all article gates pass
filing-for-divorce-in-nigeria-a-comprehen,Filing For Divorce In Nigeria A Comprehen,hidden/source candidate from prior recovery,SUBSTANTIVE_LAWYER_REVIEW,confirm image/alt/meta/body/current-law before approval,do not publish until all article gates pass
registering-a-private-security-company,Registering A Private Security Company,hidden/source candidate from prior recovery,SUBSTANTIVE_LAWYER_REVIEW,confirm image/alt/meta/body/current-law before approval,do not publish until all article gates pass
powerful-steps-grant-of-probate-in-lagos-state,Powerful Steps Grant Of Probate In Lagos State,hidden/source candidate from prior recovery,SUBSTANTIVE_LAWYER_REVIEW,confirm image/alt/meta/body/current-law before approval,do not publish until all article gates pass
family-disputes-with-international-dimension,Family Disputes With International Dimension,hidden/source candidate from prior recovery,SUBSTANTIVE_LAWYER_REVIEW,confirm image/alt/meta/body/current-law before approval,do not publish until all article gates pass
how-to-verify-a-propertys-survey-plan-in-lagos,How To Verify A Propertys Survey Plan In Lagos,hidden/source candidate from prior recovery,SUBSTANTIVE_LAWYER_REVIEW,confirm image/alt/meta/body/current-law before approval,do not publish until all article gates pass
how-does-the-land-use-act-involve-the-surveyor-generals-office,How Does The Land Use Act Involve The Surveyor Generals Office,hidden/source candidate from prior recovery,SUBSTANTIVE_LAWYER_REVIEW,confirm image/alt/meta/body/current-law before approval,do not publish until all article gates pass
family-courts-and-specialized-tribunals,Family Courts And Specialized Tribunals,hidden/source candidate from prior recovery,SUBSTANTIVE_LAWYER_REVIEW,confirm image/alt/meta/body/current-law before approval,do not publish until all article gates pass
regarding-the-custody-of-a-child,Regarding The Custody Of A Child,hidden/source candidate from prior recovery,SUBSTANTIVE_LAWYER_REVIEW,confirm image/alt/meta/body/current-law before approval,do not publish until all article gates pass
real-estate-title-frauds-in-nigeria,Real Estate Title Frauds In Nigeria,hidden/source candidate from prior recovery,SUBSTANTIVE_LAWYER_REVIEW,confirm image/alt/meta/body/current-law before approval,do not publish until all article gates pass
dealing-with-abadtenantinlagos-for-landlords,Dealing With Abadtenantinlagos For Landlords,hidden/source candidate from prior recovery,SUBSTANTIVE_LAWYER_REVIEW,confirm image/alt/meta/body/current-law before approval,do not publish until all article gates pass
financing-real-estate-investments-in-nigeria,Financing Real Estate Investments In Nigeria,hidden/source candidate from prior recovery,SUBSTANTIVE_LAWYER_REVIEW,confirm image/alt/meta/body/current-law before approval,do not publish until all article gates pass
understanding-the-certificate-of-occupancy-c,Understanding The Certificate Of Occupancy C,hidden/source candidate from prior recovery,SUBSTANTIVE_LAWYER_REVIEW,confirm image/alt/meta/body/current-law before approval,do not publish until all article gates pass
corporate-governance-principles-in-nigeria,Corporate Governance Principles In Nigeria,hidden/source candidate from prior recovery,SUBSTANTIVE_LAWYER_REVIEW,confirm image/alt/meta/body/current-law before approval,do not publish until all article gates pass
how-to-fix-mistakes-in-your-property-documents,How To Fix Mistakes In Your Property Documents,hidden/source candidate from prior recovery,SUBSTANTIVE_LAWYER_REVIEW,confirm image/alt/meta/body/current-law before approval,do not publish until all article gates pass
how-to-alter-a-will,How To Alter A Will,hidden/source candidate from prior recovery,SUBSTANTIVE_LAWYER_REVIEW,confirm image/alt/meta/body/current-law before approval,do not publish until all article gates pass
corporate-restructuring-in-nigeria,Corporate Restructuring In Nigeria,hidden/source candidate from prior recovery,SUBSTANTIVE_LAWYER_REVIEW,confirm image/alt/meta/body/current-law before approval,do not publish until all article gates pass
hidden-costs-of-buying-property-in-ogun-state,Hidden Costs Of Buying Property In Ogun State,hidden/source candidate from prior recovery,SUBSTANTIVE_LAWYER_REVIEW,confirm image/alt/meta/body/current-law before approval,do not publish until all article gates pass
role-of-community-leaders-in-land-allocation,Role of Community Leaders in Land Allocation,hidden/source candidate from prior recovery,SUBSTANTIVE_LAWYER_REVIEW,confirm image/alt/meta/body/current-law before approval,do not publish until all article gates pass
how-does-the-land-use-act-address-the-issue-of-abandoned-properties-in-nigeria,How Does The Land Use Act Address The Issue Of Abandoned Properties In Nigeria,hidden/source candidate from prior recovery,SUBSTANTIVE_LAWYER_REVIEW,confirm image/alt/meta/body/current-law before approval,do not publish until all article gates pass
where-is-the-proper-custody-of-a-will,Where Is The Proper Custody Of A Will,hidden/source candidate from prior recovery,SUBSTANTIVE_LAWYER_REVIEW,confirm image/alt/meta/body/current-law before approval,do not publish until all article gates pass
understanding-the-land-use-act-6-proven,Understanding The Land Use Act 6 Proven,hidden/source candidate from prior recovery,SUBSTANTIVE_LAWYER_REVIEW,confirm image/alt/meta/body/current-law before approval,do not publish until all article gates pass
who-are-the-type-of-people-that-can-write-a-will,Who Are The Type Of People That Can Write A Will,hidden/source candidate from prior recovery,SUBSTANTIVE_LAWYER_REVIEW,confirm image/alt/meta/body/current-law before approval,do not publish until all article gates pass
bordersecurityin-nigerian-immigration-policy,Bordersecurityin Nigerian Immigration Policy,hidden/source candidate from prior recovery,SUBSTANTIVE_LAWYER_REVIEW,confirm image/alt/meta/body/current-law before approval,do not publish until all article gates pass
learn-how-to-draft-tenancy-agreement-in-ogun,Learn How To Draft Tenancy Agreement In Ogun,hidden/source candidate from prior recovery,SUBSTANTIVE_LAWYER_REVIEW,confirm image/alt/meta/body/current-law before approval,do not publish until all article gates pass
challenging-a-fraudulent-probate-application,Challenging A Fraudulent Probate Application,hidden/source candidate from prior recovery,SUBSTANTIVE_LAWYER_REVIEW,confirm image/alt/meta/body/current-law before approval,do not publish until all article gates pass
deed-of-assignment-from-a-property,Deed Of Assignment From A Property,hidden/source candidate from prior recovery,SUBSTANTIVE_LAWYER_REVIEW,confirm image/alt/meta/body/current-law before approval,do not publish until all article gates pass
taxation-of-retail-sector,Taxation Of Retail Sector,hidden/source candidate from prior recovery,SUBSTANTIVE_LAWYER_REVIEW,confirm image/alt/meta/body/current-law before approval,do not publish until all article gates pass
how-does-the-land-ucapital-territory-federal,How Does The Land Ucapital Territory Federal,hidden/source candidate from prior recovery,SUBSTANTIVE_LAWYER_REVIEW,confirm image/alt/meta/body/current-law before approval,do not publish until all article gates pass
analyzing-the-growth-of-real-estate-investment,Analyzing The Growth Of Real Estate Investment,hidden/source candidate from prior recovery,SUBSTANTIVE_LAWYER_REVIEW,confirm image/alt/meta/body/current-law before approval,do not publish until all article gates pass
challenge-double-allocation-of-land,Challenge Double Allocation Of Land,hidden/source candidate from prior recovery,SUBSTANTIVE_LAWYER_REVIEW,confirm image/alt/meta/body/current-law before approval,do not publish until all article gates pass
what-is-the-lagos-state-tenancy-law,What Is The Lagos State Tenancy Law,hidden/source candidate from prior recovery,SUBSTANTIVE_LAWYER_REVIEW,confirm image/alt/meta/body/current-law before approval,do not publish until all article gates pass
who-are-the-people-entitled-to-pro-b-service,Who Are The People Entitled To Pro B Service,hidden/source candidate from prior recovery,SUBSTANTIVE_LAWYER_REVIEW,confirm image/alt/meta/body/current-law before approval,do not publish until all article gates pass
guide-to-resolvingproperty-boundary-disputes,Guide To Resolvingproperty Boundary Disputes,hidden/source candidate from prior recovery,SUBSTANTIVE_LAWYER_REVIEW,confirm image/alt/meta/body/current-law before approval,do not publish until all article gates pass
land-allocation-for-coastal-and-marine-areas,Land Allocation For Coastal And Marine Areas,hidden/source candidate from prior recovery,SUBSTANTIVE_LAWYER_REVIEW,confirm image/alt/meta/body/current-law before approval,do not publish until all article gates pass
how-are-conflicts-resolved-under-the-land-use-act,How Are Conflicts Resolved Under The Land Use Act,hidden/source candidate from prior recovery,SUBSTANTIVE_LAWYER_REVIEW,confirm image/alt/meta/body/current-law before approval,do not publish until all article gates pass
guardian-ad-litem-in-child-custody,Guardian Ad Litem In Child Custody,hidden/source candidate from prior recovery,SUBSTANTIVE_LAWYER_REVIEW,confirm image/alt/meta/body/current-law before approval,do not publish until all article gates pass
best-probate-lawyers-in-ogun-state,Best Probate Lawyers In Ogun State,hidden/source candidate from prior recovery,SUBSTANTIVE_LAWYER_REVIEW,confirm image/alt/meta/body/current-law before approval,do not publish until all article gates pass
financial-contracts-and-agreement-in-nigeria,Financial Contracts And Agreement In Nigeria,hidden/source candidate from prior recovery,SUBSTANTIVE_LAWYER_REVIEW,confirm image/alt/meta/body/current-law before approval,do not publish until all article gates pass
powerful-steps-land-surveyors-contribute,Powerful Steps Land Surveyors Contribute,hidden/source candidate from prior recovery,SUBSTANTIVE_LAWYER_REVIEW,confirm image/alt/meta/body/current-law before approval,do not publish until all article gates pass
ejectment-vs-eviction-tenants,Ejectment Vs Eviction Tenants,hidden/source candidate from prior recovery,SUBSTANTIVE_LAWYER_REVIEW,confirm image/alt/meta/body/current-law before approval,do not publish until all article gates pass
the-nigerian-tax-administration,The Nigerian Tax Administration,hidden/source candidate from prior recovery,SUBSTANTIVE_LAWYER_REVIEW,confirm image/alt/meta/body/current-law before approval,do not publish until all article gates pass
obtaining-consent-for-land-transactions,Obtaining Consent For Land Transactions,hidden/source candidate from prior recovery,SUBSTANTIVE_LAWYER_REVIEW,confirm image/alt/meta/body/current-law before approval,do not publish until all article gates pass
the-rights-and-responsibilities-of-landowners,The Rights And Responsibilities Of Landowners,hidden/source candidate from prior recovery,SUBSTANTIVE_LAWYER_REVIEW,confirm image/alt/meta/body/current-law before approval,do not publish until all article gates pass
obtaining-a-certificate-of-occupancy-in-lagos,Obtaining A Certificate Of Occupancy In Lagos,hidden/source candidate from prior recovery,SUBSTANTIVE_LAWYER_REVIEW,confirm image/alt/meta/body/current-law before approval,do not publish until all article gates pass
nigerian-courts-handle-class-action-lawsuits,Nigerian Courts Handle Class Action Lawsuits,hidden/source candidate from prior recovery,SUBSTANTIVE_LAWYER_REVIEW,confirm image/alt/meta/body/current-law before approval,do not publish until all article gates pass
what-is-land-excision-in-ogun-state,What Is Land Excision In Ogun State,hidden/source candidate from prior recovery,SUBSTANTIVE_LAWYER_REVIEW,confirm image/alt/meta/body/current-law before approval,do not publish until all article gates pass
child-custody-and-visitation-during-holidays,Child Custody And Visitation During Holidays,hidden/source candidate from prior recovery,SUBSTANTIVE_LAWYER_REVIEW,confirm image/alt/meta/body/current-law before approval,do not publish until all article gates pass
how-to-start-oil-and-gas-company-in-nigeria,How To Start Oil And Gas Company In Nigeria,hidden/source candidate from prior recovery,SUBSTANTIVE_LAWYER_REVIEW,confirm image/alt/meta/body/current-law before approval,do not publish until all article gates pass
how-has-the-land-use-act-in-nigeria-e,How Has The Land Use Act In Nigeria E,hidden/source candidate from prior recovery,SUBSTANTIVE_LAWYER_REVIEW,confirm image/alt/meta/body/current-law before approval,do not publish until all article gates pass
capital-gains-tax-calculated-on-property,Capital Gains Tax Calculated On Property,hidden/source candidate from prior recovery,SUBSTANTIVE_LAWYER_REVIEW,confirm image/alt/meta/body/current-law before approval,do not publish until all article gates pass
handling-tax-disputes-and-audits-in-nigeria,Handling Tax Disputes And Audits In Nigeria,hidden/source candidate from prior recovery,SUBSTANTIVE_LAWYER_REVIEW,confirm image/alt/meta/body/current-law before approval,do not publish until all article gates pass
enhancing-nigerian-immigration-security,Enhancing Nigerian Immigration Security,hidden/source candidate from prior recovery,SUBSTANTIVE_LAWYER_REVIEW,confirm image/alt/meta/body/current-law before approval,do not publish until all article gates pass
blockchain-technology-and-land-title-security,Blockchain Technology And Land Title Security,hidden/source candidate from prior recovery,SUBSTANTIVE_LAWYER_REVIEW,confirm image/alt/meta/body/current-law before approval,do not publish until all article gates pass
where-do-i-verify-land-documents-in-ogun-state,Where Do I Verify Land Documents In Ogun State,hidden/source candidate from prior recovery,SUBSTANTIVE_LAWYER_REVIEW,confirm image/alt/meta/body/current-law before approval,do not publish until all article gates pass
subcontracting-in-nigerian-construction-projects,Subcontracting In Nigerian Construction Projects,hidden/source candidate from prior recovery,SUBSTANTIVE_LAWYER_REVIEW,confirm image/alt/meta/body/current-law before approval,do not publish until all article gates pass
rights-of-citizens-in-government-surveillance,Rights Of Citizens In Government Surveillance,hidden/source candidate from prior recovery,SUBSTANTIVE_LAWYER_REVIEW,confirm image/alt/meta/body/current-law before approval,do not publish until all article gates pass
corporate-finance-laws-in-nigeria,Corporate Finance Laws In Nigeria,hidden/source candidate from prior recovery,SUBSTANTIVE_LAWYER_REVIEW,confirm image/alt/meta/body/current-law before approval,do not publish until all article gates pass
first-aid-certificate-in-nigeria,First Aid Certificate In Nigeria,hidden/source candidate from prior recovery,SUBSTANTIVE_LAWYER_REVIEW,confirm image/alt/meta/body/current-law before approval,do not publish until all article gates pass
remedies-for-breach-of-maritime-contracts,Remedies For Breach Of Maritime Contracts,hidden/source candidate from prior recovery,SUBSTANTIVE_LAWYER_REVIEW,confirm image/alt/meta/body/current-law before approval,do not publish until all article gates pass
the-impact-of-the-land-use-act-on-land-allocation-for-public-marketplaces-in-nigeria,The Impact Of The Land Use Act On Land Allocation For Public Marketplaces In Nigeria,hidden/source candidate from prior recovery,SUBSTANTIVE_LAWYER_REVIEW,confirm image/alt/meta/body/current-law before approval,do not publish until all article gates pass
intellectual-property-rights,Intellectual Property Rights,hidden/source candidate from prior recovery,SUBSTANTIVE_LAWYER_REVIEW,confirm image/alt/meta/body/current-law before approval,do not publish until all article gates pass
dealing-with-land-encroachment-in-ogun-state,Dealing With Land Encroachment In Ogun State,hidden/source candidate from prior recovery,SUBSTANTIVE_LAWYER_REVIEW,confirm image/alt/meta/body/current-law before approval,do not publish until all article gates pass
hidden-costs-when-buying-land-in-lagos,Hidden Costs When Buying Land In Lagos,hidden/source candidate from prior recovery,SUBSTANTIVE_LAWYER_REVIEW,confirm image/alt/meta/body/current-law before approval,do not publish until all article gates pass
the-central-bank-of-nigeria-in-debt-recovery,The Central Bank Of Nigeria In Debt Recovery,hidden/source candidate from prior recovery,SUBSTANTIVE_LAWYER_REVIEW,confirm image/alt/meta/body/current-law before approval,do not publish until all article gates pass
ways-nigerian-lawprotectstherightsofchildren,Ways Nigerian Lawprotectstherightsofchildren,hidden/source candidate from prior recovery,SUBSTANTIVE_LAWYER_REVIEW,confirm image/alt/meta/body/current-law before approval,do not publish until all article gates pass
the-custody-of-a-child-under-nigerian-law,The Custody Of A Child Under Nigerian Law,hidden/source candidate from prior recovery,SUBSTANTIVE_LAWYER_REVIEW,confirm image/alt/meta/body/current-law before approval,do not publish until all article gates pass
what-are-the-best-mechanism-in-recovery-of-debt,What Are The Best Mechanism In Recovery Of Debt,hidden/source candidate from prior recovery,SUBSTANTIVE_LAWYER_REVIEW,confirm image/alt/meta/body/current-law before approval,do not publish until all article gates pass
what-is-the-relationship-between-mining-activities-and-the-land-use-act,What Is The Relationship Between Mining Activities And The Land Use Act,hidden/source candidate from prior recovery,SUBSTANTIVE_LAWYER_REVIEW,confirm image/alt/meta/body/current-law before approval,do not publish until all article gates pass
how-to-handle-land-encroachment-in-lagos,How To Handle Land Encroachment In Lagos,hidden/source candidate from prior recovery,SUBSTANTIVE_LAWYER_REVIEW,confirm image/alt/meta/body/current-law before approval,do not publish until all article gates pass
land-encumbrances-and-burdens-be-addressed,Land Encumbrances And Burdens Be Addressed,hidden/source candidate from prior recovery,SUBSTANTIVE_LAWYER_REVIEW,confirm image/alt/meta/body/current-law before approval,do not publish until all article gates pass
tax-clearance-in-lagos-for-property-sales,Tax Clearance In Lagos For Property Sales,hidden/source candidate from prior recovery,SUBSTANTIVE_LAWYER_REVIEW,confirm image/alt/meta/body/current-law before approval,do not publish until all article gates pass
capital-gains-tax-a-step-by-step-guide,Capital Gains Tax A Step By Step Guide,hidden/source candidate from prior recovery,SUBSTANTIVE_LAWYER_REVIEW,confirm image/alt/meta/body/current-law before approval,do not publish until all article gates pass
property-recovery-reclaim-your-rental-space,Property Recovery Reclaim Your Rental Space,hidden/source candidate from prior recovery,SUBSTANTIVE_LAWYER_REVIEW,confirm image/alt/meta/body/current-law before approval,do not publish until all article gates pass
what-are-the-property-taxes-in-ogun-state,What Are The Property Taxes In Ogun State,hidden/source candidate from prior recovery,SUBSTANTIVE_LAWYER_REVIEW,confirm image/alt/meta/body/current-law before approval,do not publish until all article gates pass
nigeria-visa-on-arrival-policy-eligibility,Nigeria Visa On Arrival Policy Eligibility,hidden/source candidate from prior recovery,SUBSTANTIVE_LAWYER_REVIEW,confirm image/alt/meta/body/current-law before approval,do not publish until all article gates pass
fast-track-your-probate-process-in-nigeria,Fast Track Your Probate Process In Nigeria,hidden/source candidate from prior recovery,SUBSTANTIVE_LAWYER_REVIEW,confirm image/alt/meta/body/current-law before approval,do not publish until all article gates pass
why-do-i-need-a-family-lawyer-in-nigeria,Why Do I Need A Family Lawyer In Nigeria,hidden/source candidate from prior recovery,SUBSTANTIVE_LAWYER_REVIEW,confirm image/alt/meta/body/current-law before approval,do not publish until all article gates pass
consumer-contracts-and-guarantee,Consumer Contracts And Guarantee,hidden/source candidate from prior recovery,SUBSTANTIVE_LAWYER_REVIEW,confirm image/alt/meta/body/current-law before approval,do not publish until all article gates pass
letter-of-administration-vs-grant-of-probate,Letter Of Administration Vs Grant Of Probate,hidden/source candidate from prior recovery,SUBSTANTIVE_LAWYER_REVIEW,confirm image/alt/meta/body/current-law before approval,do not publish until all article gates pass
effective-legal-framework-for-loan-recovery,Effective Legal Framework For Loan Recovery,hidden/source candidate from prior recovery,SUBSTANTIVE_LAWYER_REVIEW,confirm image/alt/meta/body/current-law before approval,do not publish until all article gates pass
child-education-and-religious-upbringing,Child Education And Religious Upbringing,hidden/source candidate from prior recovery,SUBSTANTIVE_LAWYER_REVIEW,confirm image/alt/meta/body/current-law before approval,do not publish until all article gates pass
process-probate-in-ogun-state-chaman-law-firm,Process Probate In Ogun State Chaman Law Firm,hidden/source candidate from prior recovery,SUBSTANTIVE_LAWYER_REVIEW,confirm image/alt/meta/body/current-law before approval,do not publish until all article gates pass
how-long-does-a-title-search-take-in-nigeria,How Long Does A Title Search Take In Nigeria,hidden/source candidate from prior recovery,SUBSTANTIVE_LAWYER_REVIEW,confirm image/alt/meta/body/current-law before approval,do not publish until all article gates pass
how-do-i-process-probate-for-an-estate,How Do I Process Probate For An Estate,hidden/source candidate from prior recovery,SUBSTANTIVE_LAWYER_REVIEW,confirm image/alt/meta/body/current-law before approval,do not publish until all article gates pass
10-proven-insights-into-tenancy-law-in-lago,10 Proven Insights Into Tenancy Law In Lago,hidden/source candidate from prior recovery,SUBSTANTIVE_LAWYER_REVIEW,confirm image/alt/meta/body/current-law before approval,do not publish until all article gates pass
termination-of-construction-contracts,Termination Of Construction Contracts,hidden/source candidate from prior recovery,SUBSTANTIVE_LAWYER_REVIEW,confirm image/alt/meta/body/current-law before approval,do not publish until all article gates pass
steps-on-how-to-company-in-nigeria,Steps On How To Company In Nigeria,hidden/source candidate from prior recovery,SUBSTANTIVE_LAWYER_REVIEW,confirm image/alt/meta/body/current-law before approval,do not publish until all article gates pass
foreigners-visa-challenges-in-nigeria,Foreigners Visa Challenges In Nigeria,hidden/source candidate from prior recovery,SUBSTANTIVE_LAWYER_REVIEW,confirm image/alt/meta/body/current-law before approval,do not publish until all article gates pass
invest-in-land-banking-or-developed-estates,Invest In Land Banking Or Developed Estates,hidden/source candidate from prior recovery,SUBSTANTIVE_LAWYER_REVIEW,confirm image/alt/meta/body/current-law before approval,do not publish until all article gates pass
key-differences-explained-deeds-chaman-law-firm,Key Differences Explained Deeds Chaman Law Firm,hidden/source candidate from prior recovery,SUBSTANTIVE_LAWYER_REVIEW,confirm image/alt/meta/body/current-law before approval,do not publish until all article gates pass
powerful-step-buying-family-land-in-lagos,Powerful Step Buying Family Land In Lagos,hidden/source candidate from prior recovery,SUBSTANTIVE_LAWYER_REVIEW,confirm image/alt/meta/body/current-law before approval,do not publish until all article gates pass
the-role-of-real-estate-investment-trusts,The Role Of Real Estate Investment Trusts,hidden/source candidate from prior recovery,SUBSTANTIVE_LAWYER_REVIEW,confirm image/alt/meta/body/current-law before approval,do not publish until all article gates pass
5-ways-to-avoid-property-scam-in-nigeria,5 Ways To Avoid Property Scam In Nigeria,hidden/source candidate from prior recovery,SUBSTANTIVE_LAWYER_REVIEW,confirm image/alt/meta/body/current-law before approval,do not publish until all article gates pass
environmental-law-and-corporate,Environmental Law And Corporate,hidden/source candidate from prior recovery,SUBSTANTIVE_LAWYER_REVIEW,confirm image/alt/meta/body/current-law before approval,do not publish until all article gates pass
corporate-governance-failures-on-debt,Corporate Governance Failures On Debt,hidden/source candidate from prior recovery,SUBSTANTIVE_LAWYER_REVIEW,confirm image/alt/meta/body/current-law before approval,do not publish until all article gates pass
available-remedies-in-civil-litigation,Available Remedies In Civil Litigation,hidden/source candidate from prior recovery,SUBSTANTIVE_LAWYER_REVIEW,confirm image/alt/meta/body/current-law before approval,do not publish until all article gates pass
matrimonial-reliefs-in-nigeria,Matrimonial Reliefs In Nigeria,hidden/source candidate from prior recovery,SUBSTANTIVE_LAWYER_REVIEW,confirm image/alt/meta/body/current-law before approval,do not publish until all article gates pass
obtaining-land-titles-in-rural-areas,Obtaining Land Titles In Rural Areas,hidden/source candidate from prior recovery,SUBSTANTIVE_LAWYER_REVIEW,confirm image/alt/meta/body/current-law before approval,do not publish until all article gates pass
obtaining-letters-of-administration-in-ogun,Obtaining Letters Of Administration In Ogun,hidden/source candidate from prior recovery,SUBSTANTIVE_LAWYER_REVIEW,confirm image/alt/meta/body/current-law before approval,do not publish until all article gates pass
what-are-the-implications-of-land-use-conversion-on-land-ownership-in-nigeria,What Are The Implications Of Land Use Conversion On Land Ownership In Nigeria,hidden/source candidate from prior recovery,SUBSTANTIVE_LAWYER_REVIEW,confirm image/alt/meta/body/current-law before approval,do not publish until all article gates pass
newblogpost-ztnezvare-non-resident-companies-liable-to-tax-in-nigeria,Newblogpost Ztnezvare Non Resident Companies Liable To Tax In Nigeria,hidden/source candidate from prior recovery,SUBSTANTIVE_LAWYER_REVIEW,confirm image/alt/meta/body/current-law before approval,do not publish until all article gates pass
a-will-made-abroad-cover-property-in-ogun,A Will Made Abroad Cover Property In Ogun,hidden/source candidate from prior recovery,SUBSTANTIVE_LAWYER_REVIEW,confirm image/alt/meta/body/current-law before approval,do not publish until all article gates pass
why-is-lekki-the-best-location-for-luxury,Why Is Lekki The Best Location For Luxury,hidden/source candidate from prior recovery,SUBSTANTIVE_LAWYER_REVIEW,confirm image/alt/meta/body/current-law before approval,do not publish until all article gates pass
how-to-licence-a-trademark-in-nigeria,How To Licence A Trademark In Nigeria,hidden/source candidate from prior recovery,SUBSTANTIVE_LAWYER_REVIEW,confirm image/alt/meta/body/current-law before approval,do not publish until all article gates pass
top-10-questions-about-probate-in-nigeria,Top 10 Questions About Probate In Nigeria,hidden/source candidate from prior recovery,SUBSTANTIVE_LAWYER_REVIEW,confirm image/alt/meta/body/current-law before approval,do not publish until all article gates pass
setting-up-a-fintech-company-in-nigeria,Setting Up A Fintech Company In Nigeria,hidden/source candidate from prior recovery,SUBSTANTIVE_LAWYER_REVIEW,confirm image/alt/meta/body/current-law before approval,do not publish until all article gates pass
land-use-act-in-nigeria,Land Use Act In Nigeria,hidden/source candidate from prior recovery,SUBSTANTIVE_LAWYER_REVIEW,confirm image/alt/meta/body/current-law before approval,do not publish until all article gates pass
powerful-ways-on-property-ownership-in-nigeria,Powerful Ways On Property Ownership In Nigeria,hidden/source candidate from prior recovery,SUBSTANTIVE_LAWYER_REVIEW,confirm image/alt/meta/body/current-law before approval,do not publish until all article gates pass
how-to-start-a-private-lending-company,How To Start A Private Lending Company,hidden/source candidate from prior recovery,SUBSTANTIVE_LAWYER_REVIEW,confirm image/alt/meta/body/current-law before approval,do not publish until all article gates pass
land-valuation-under-the-land-use-act,Land Valuation Under The Land Use Act,hidden/source candidate from prior recovery,SUBSTANTIVE_LAWYER_REVIEW,confirm image/alt/meta/body/current-law before approval,do not publish until all article gates pass
acquire-land-for-real-estate-development,Acquire Land For Real Estate Development,hidden/source candidate from prior recovery,SUBSTANTIVE_LAWYER_REVIEW,confirm image/alt/meta/body/current-law before approval,do not publish until all article gates pass
child-custody-and-visitations-emergencies,Child Custody And Visitations Emergencies,hidden/source candidate from prior recovery,SUBSTANTIVE_LAWYER_REVIEW,confirm image/alt/meta/body/current-law before approval,do not publish until all article gates pass
strategies-for-preventing-corporate-collapse,Strategies For Preventing Corporate Collapse,hidden/source candidate from prior recovery,SUBSTANTIVE_LAWYER_REVIEW,confirm image/alt/meta/body/current-law before approval,do not publish until all article gates pass
protect-your-properties-from-family-disputes,Protect Your Properties From Family Disputes,hidden/source candidate from prior recovery,SUBSTANTIVE_LAWYER_REVIEW,confirm image/alt/meta/body/current-law before approval,do not publish until all article gates pass
notary-services-chaman-law-firm,Notary Services,hidden/source candidate from prior recovery,SUBSTANTIVE_LAWYER_REVIEW,confirm image/alt/meta/body/current-law before approval,do not publish until all article gates pass
how-does-the-land-use-act-affect-forest-reserves,How Does The Land Use Act Affect Forest Reserves,hidden/source candidate from prior recovery,SUBSTANTIVE_LAWYER_REVIEW,confirm image/alt/meta/body/current-law before approval,do not publish until all article gates pass
land-grabbing-the-legal-consequences-of,Severe Repercussions of Land Grabbing in Nigeria: What Property Owners Must Know,hidden/source candidate from prior recovery,SUBSTANTIVE_LAWYER_REVIEW,confirm image/alt/meta/body/current-law before approval,do not publish until all article gates pass
how-to-track-a-stolen-phone-in-nigeria,How To Track A Stolen Phone In Nigeria,hidden/source candidate from prior recovery,SUBSTANTIVE_LAWYER_REVIEW,confirm image/alt/meta/body/current-law before approval,do not publish until all article gates pass
how-to-change-car-ownership-in-nigeria,How To Change Car Ownership In Nigeria,hidden/source candidate from prior recovery,SUBSTANTIVE_LAWYER_REVIEW,confirm image/alt/meta/body/current-law before approval,do not publish until all article gates pass
apply-for-drivers-licence-in-nigeria,Guide: How To Apply For A Driver'S Licence In Nigeria Without Stress,hidden/source candidate from prior recovery,SUBSTANTIVE_LAWYER_REVIEW,confirm image/alt/meta/body/current-law before approval,do not publish until all article gates pass
duties-of-correctional-institutions-in-nigeria,What Are the Duties of Correctional Institutions In Nigeria?,hidden/source candidate from prior recovery,SUBSTANTIVE_LAWYER_REVIEW,confirm image/alt/meta/body/current-law before approval,do not publish until all article gates pass
the-role-of-technology-in-nigerian-education,Learning: the Impact of Technology On Nigerian Education,hidden/source candidate from prior recovery,SUBSTANTIVE_LAWYER_REVIEW,confirm image/alt/meta/body/current-law before approval,do not publish until all article gates pass
nigeria-prohibited-items-list,Truths Behind Nigeria'S Prohibited Items List; What You Must Know!,hidden/source candidate from prior recovery,SUBSTANTIVE_LAWYER_REVIEW,confirm image/alt/meta/body/current-law before approval,do not publish until all article gates pass
analysis-of-the-nigerian-legal-system,Unmasking the Flaws and Triumphs of the Nigerian Legal System: A Power Analysis,hidden/source candidate from prior recovery,SUBSTANTIVE_LAWYER_REVIEW,confirm image/alt/meta/body/current-law before approval,do not publish until all article gates pass
the-concept-of-restitution-of-conjugal-rights,The Concept of Restitution of Conjugal Rights,hidden/source candidate from prior recovery,SUBSTANTIVE_LAWYER_REVIEW,confirm image/alt/meta/body/current-law before approval,do not publish until all article gates pass
enforcing-fundamental-human-right,Fundamental Human Right; What Are the Procedures For Enforcing Fundamental Human Right?,hidden/source candidate from prior recovery,SUBSTANTIVE_LAWYER_REVIEW,confirm image/alt/meta/body/current-law before approval,do not publish until all article gates pass
powerful-steps-who-is-mercantile-agent,Who Is Mercantile Agent,hidden/source candidate from prior recovery,SUBSTANTIVE_LAWYER_REVIEW,confirm image/alt/meta/body/current-law before approval,do not publish until all article gates pass
how-to-obtain-standard-organisat-certificate,How To Obtain Standard Organization Of Nigeria Product Certificate: 4 Powerful Steps For Positive Product Certification,hidden/source candidate from prior recovery,SUBSTANTIVE_LAWYER_REVIEW,confirm image/alt/meta/body/current-law before approval,do not publish until all article gates pass
employers-vicarious-liability,Critical Insight: Understanding Employer’S Vicarious Liability In Nigeria,hidden/source candidate from prior recovery,SUBSTANTIVE_LAWYER_REVIEW,confirm image/alt/meta/body/current-law before approval,do not publish until all article gates pass
powerful-steps-nimasacertificate,The Necessary Documents To Submit To Obtain The Nigeria Maritime Administration And Safety Agency (NIMASA)Certificate,hidden/source candidate from prior recovery,SUBSTANTIVE_LAWYER_REVIEW,confirm image/alt/meta/body/current-law before approval,do not publish until all article gates pass
international-law-in-conflict-resolution,Powerful Impact Of International Law In Resolving Global Conflicts,hidden/source candidate from prior recovery,SUBSTANTIVE_LAWYER_REVIEW,confirm image/alt/meta/body/current-law before approval,do not publish until all article gates pass
can-a-member-be-expelled-from-a-trade-union,5 Powerful Reasons A Member Can Be Expelled From A Trade Union,hidden/source candidate from prior recovery,SUBSTANTIVE_LAWYER_REVIEW,confirm image/alt/meta/body/current-law before approval,do not publish until all article gates pass
digital-evidence-admissibility-in-nigeria,Powerful Insight: Challenges And Solutions In Digital Evidence Admissibility In Nigeria,hidden/source candidate from prior recovery,SUBSTANTIVE_LAWYER_REVIEW,confirm image/alt/meta/body/current-law before approval,do not publish until all article gates pass
5-lis-pendens-understanding-the-doctrine,5 Critical Insights Into The Doctrine Of Lis Pendens In Real Estate Transactions; Legal Implications And Protection,hidden/source candidate from prior recovery,SUBSTANTIVE_LAWYER_REVIEW,confirm image/alt/meta/body/current-law before approval,do not publish until all article gates pass
cost-of-building-approval-chaman-law-firm,What is the Cost of Building Approval in Ogun State?,hidden/source candidate from prior recovery,SUBSTANTIVE_LAWYER_REVIEW,confirm image/alt/meta/body/current-law before approval,do not publish until all article gates pass
obtaining-a-certificate-of-occupancy-c-of-o,REQUIREMENTS FOR OBTAINING A CERTIFICATE OF OCCUPANCY (CofO) IN NIGERIA (LAGOS AND OGUN STATE),hidden/source candidate from prior recovery,SUBSTANTIVE_LAWYER_REVIEW,confirm image/alt/meta/body/current-law before approval,do not publish until all article gates pass
how-do-i-obtain-a-certificate-of-occupancy,How do I obtain a Certificate of Occupancy (C of O) in Ogun State?,hidden/source candidate from prior recovery,SUBSTANTIVE_LAWYER_REVIEW,confirm image/alt/meta/body/current-law before approval,do not publish until all article gates pass
the-role-of-family-court-in-relation-to-child-protect-in-nigeria,THE ROLE OF FAMILY COURT IN RELATION TO CHILD PROTECTION IN NIGERIA,hidden/source candidate from prior recovery,SUBSTANTIVE_LAWYER_REVIEW,confirm image/alt/meta/body/current-law before approval,do not publish until all article gates pass
how-to-calculate-stamp-duty-chaman-law-firm,How to calculate stamp duty for property transactions in Ogun?,hidden/source candidate from prior recovery,SUBSTANTIVE_LAWYER_REVIEW,confirm image/alt/meta/body/current-law before approval,do not publish until all article gates pass
proven-steps-the-canons-of-interpretation,What Are the Canons of Interpretation,hidden/source candidate from prior recovery,SUBSTANTIVE_LAWYER_REVIEW,confirm image/alt/meta/body/current-law before approval,do not publish until all article gates pass
legal-obligations-for-debt-collectors,LEGAL OBLIGATIONS FOR DEBT COLLECTORS IN NIGERIA,hidden/source candidate from prior recovery,SUBSTANTIVE_LAWYER_REVIEW,confirm image/alt/meta/body/current-law before approval,do not publish until all article gates pass
what-is-the-process-of-land-acquisition,What is the Process of Land Acquisition in Nigeria?,hidden/source candidate from prior recovery,SUBSTANTIVE_LAWYER_REVIEW,confirm image/alt/meta/body/current-law before approval,do not publish until all article gates pass
what-to-know-about-company-resolution,What to Know About Company Resolution,hidden/source candidate from prior recovery,SUBSTANTIVE_LAWYER_REVIEW,confirm image/alt/meta/body/current-law before approval,do not publish until all article gates pass
types-of-land-registration-in-nigeria,Types of Land Registration in Nigeria,hidden/source candidate from prior recovery,SUBSTANTIVE_LAWYER_REVIEW,confirm image/alt/meta/body/current-law before approval,do not publish until all article gates pass
what-are-rights-of-women-to-inheritance-in-nigeria,WHAT ARE RIGHTS OF WOMEN TO INHERITANCE IN NIGERIA,hidden/source candidate from prior recovery,SUBSTANTIVE_LAWYER_REVIEW,confirm image/alt/meta/body/current-law before approval,do not publish until all article gates pass
communal-land-and-family-land,WHAT ARE THE DIFFERENCES BETWEEN COMMUNAL LAND AND FAMILY LAND,hidden/source candidate from prior recovery,SUBSTANTIVE_LAWYER_REVIEW,confirm image/alt/meta/body/current-law before approval,do not publish until all article gates pass
family-property-and-right-of-individual-member-in-family-property,FAMILY PROPERTY AND THE RIGHTS OF INDIVIDUAL MEMBER,hidden/source candidate from prior recovery,SUBSTANTIVE_LAWYER_REVIEW,confirm image/alt/meta/body/current-law before approval,do not publish until all article gates pass
how-to-legally-sublet-a-property-in-nigeria,How to Legally Sublet a Property in Nigeria: 7 Step-by-Step Guide,hidden/source candidate from prior recovery,SUBSTANTIVE_LAWYER_REVIEW,confirm image/alt/meta/body/current-law before approval,do not publish until all article gates pass
dissolution-of-marriage-under-the-nigeria-law,Ground for Dissolution of Marriage Under the Nigeria Law,hidden/source candidate from prior recovery,SUBSTANTIVE_LAWYER_REVIEW,confirm image/alt/meta/body/current-law before approval,do not publish until all article gates pass
statute-of-limitations-on-debt-in-nigeria,Empowering Insights: Understanding the Statute of Limitations on Debt in Nigeria: Unlock Success,hidden/source candidate from prior recovery,SUBSTANTIVE_LAWYER_REVIEW,confirm image/alt/meta/body/current-law before approval,do not publish until all article gates pass
how-to-notarize-a-document-in-nigeria,Effortless Success: How to Notarize a Document in Nigeria Without Legal Hassles,hidden/source candidate from prior recovery,SUBSTANTIVE_LAWYER_REVIEW,confirm image/alt/meta/body/current-law before approval,do not publish until all article gates pass
ways-to-prove-ownership-of-land,What are Five Ways to Prove Ownership of Land,hidden/source candidate from prior recovery,SUBSTANTIVE_LAWYER_REVIEW,confirm image/alt/meta/body/current-law before approval,do not publish until all article gates pass
how-to-change-name-with-deed-poll,Effortless Name Change: How to Change Name with Deed Poll Successfully,hidden/source candidate from prior recovery,SUBSTANTIVE_LAWYER_REVIEW,confirm image/alt/meta/body/current-law before approval,do not publish until all article gates pass
types-of-tenant-in-nigeria,TYPES OF TENANT IN NIGERIA,hidden/source candidate from prior recovery,SUBSTANTIVE_LAWYER_REVIEW,confirm image/alt/meta/body/current-law before approval,do not publish until all article gates pass
cac-public-search-guide-nigeria,How to Use CAC Public Search for Your Business Registration,hidden/source candidate from prior recovery,SUBSTANTIVE_LAWYER_REVIEW,confirm image/alt/meta/body/current-law before approval,do not publish until all article gates pass
