legacy_url,legacy_title,classification,current_status,recommended_action,target
https://chamanlawfirm.com/about-us,About,UNIQUE_LEGAL_INFORMATION_PAGE,merged_redirected_to_live_page,restore as static/service page or merge to closest practice/service page,/about
https://chamanlawfirm.com/list-of-government-agencies-of-nigeria,List Of Government Agencies Of Nigeria,UNIQUE_LEGAL_INFORMATION_PAGE,redirected_to_live_blog,restore as static/service page or merge to closest practice/service page,/resources/blog/list-of-government-agencies-of-nigeria
https://chamanlawfirm.com/4-steps-on-how-to-deal-with-a-bad-landlordin,4 Steps On How To Deal With A Bad Landlordin,UNIQUE_LEGAL_INFORMATION_PAGE,redirected_to_live_blog,restore as static/service page or merge to closest practice/service page,/resources/blog/4-steps-on-how-to-deal-with-a-bad-landlordin
https://chamanlawfirm.com/joinder-of-parties-misjoinder-of-parties,Joinder Of Parties Misjoinder Of Parties,UNIQUE_LEGAL_INFORMATION_PAGE,redirected_to_live_blog,restore as static/service page or merge to closest practice/service page,/resources/blog/joinder-of-parties-misjoinder-of-parties
https://chamanlawfirm.com/5-steps-on-how-to-obtain-restraining-order,5 Steps On How To Obtain Restraining Order,UNIQUE_LEGAL_INFORMATION_PAGE,redirected_to_live_blog,restore as static/service page or merge to closest practice/service page,/resources/blog/5-steps-on-how-to-obtain-restraining-order
https://chamanlawfirm.com/what-are-elements-of-tax-law,What Are Elements Of Tax Law,UNIQUE_LEGAL_INFORMATION_PAGE,redirected_to_live_blog,restore as static/service page or merge to closest practice/service page,/resources/blog/what-are-elements-of-tax-law
https://chamanlawfirm.com/tax-administration-in-nigeria,Tax Administration In Nigeria,UNIQUE_LEGAL_INFORMATION_PAGE,redirected_to_live_blog,restore as static/service page or merge to closest practice/service page,/resources/blog/tax-administration-in-nigeria
https://chamanlawfirm.com/child-support-and-maintenance-payment,Child Support And Maintenance Payment,UNIQUE_LEGAL_INFORMATION_PAGE,redirected_to_live_blog,restore as static/service page or merge to closest practice/service page,/resources/blog/child-support-and-maintenance-payment
https://chamanlawfirm.com/5-vital-role-of-consumer-protection-agencies,5 Vital Role Of Consumer Protection Agencies,UNIQUE_LEGAL_INFORMATION_PAGE,redirected_to_live_blog,restore as static/service page or merge to closest practice/service page,/resources/blog/5-vital-role-of-consumer-protection-agencies
https://chamanlawfirm.com/steps-to-permanent-residency-in-nigeria,Steps To Permanent Residency In Nigeria,UNIQUE_LEGAL_INFORMATION_PAGE,redirected_to_live_blog,restore as static/service page or merge to closest practice/service page,/resources/blog/steps-to-permanent-residency-in-nigeria
https://chamanlawfirm.com/registration-of-trade-union-in-nigeria,Registration Of Trade Union In Nigeria,UNIQUE_LEGAL_INFORMATION_PAGE,merged_redirected_to_live_page,restore as static/service page or merge to closest practice/service page,/practice-areas/employment-law/trade-union-registration-advisory
https://chamanlawfirm.com/customary-vs-statutory-marriage-in-nigeria,Customary Vs Statutory Marriage In Nigeria,UNIQUE_LEGAL_INFORMATION_PAGE,redirected_to_live_blog,restore as static/service page or merge to closest practice/service page,/resources/blog/customary-vs-statutory-marriage-in-nigeria
https://chamanlawfirm.com/to-apply-for-and-get-certificate-of-occupancy,To Apply For And Get Certificate Of Occupancy,UNIQUE_LEGAL_INFORMATION_PAGE,redirected_to_live_blog,restore as static/service page or merge to closest practice/service page,/resources/blog/to-apply-for-and-get-certificate-of-occupancy
https://chamanlawfirm.com/how-to-legally-change-a-child-surname,How To Legally Change A Child Surname,UNIQUE_LEGAL_INFORMATION_PAGE,merged_redirected_to_live_page,restore as static/service page or merge to closest practice/service page,/practice-areas/family-law/child-surname-change-advisory
https://chamanlawfirm.com/the-role-of-the-judiciary-in-nigerian-democracy,The Role Of The Judiciary In Nigerian Democracy,UNIQUE_LEGAL_INFORMATION_PAGE,merged_redirected_to_live_page,restore as static/service page or merge to closest practice/service page,/practice-areas/litigation-dispute-resolution/court-system-and-judiciary-advisory
https://chamanlawfirm.com/how-to-verify-land-title-before-buying-land,How To Verify Land Title Before Buying Land,UNIQUE_LEGAL_INFORMATION_PAGE,merged_redirected_to_live_page,restore as static/service page or merge to closest practice/service page,/practice-areas/property-real-estate-law/property-verification
https://chamanlawfirm.com/overview-of-latches-and-acquiescence,Overview Of Latches And Acquiescence,UNIQUE_LEGAL_INFORMATION_PAGE,merged_redirected_to_live_page,restore as static/service page or merge to closest practice/service page,/practice-areas/litigation-dispute-resolution
https://chamanlawfirm.com/is-police-bail-free-in-nigeria,Is Police Bail Free In Nigeria,UNIQUE_LEGAL_INFORMATION_PAGE,merged_redirected_to_live_page,restore as static/service page or merge to closest practice/service page,/practice-areas/litigation-dispute-resolution
https://chamanlawfirm.com/complete-guide-to-probate-registry-in-lagos,Complete Guide To Probate Registry In Lagos,UNIQUE_LEGAL_INFORMATION_PAGE,redirected_to_live_blog,restore as static/service page or merge to closest practice/service page,/resources/blog/complete-guide-to-probate-registry-in-lagos
https://chamanlawfirm.com/tthe-legal-rights-of-a-wife-after-divorce,Tthe Legal Rights Of A Wife After Divorce,UNIQUE_LEGAL_INFORMATION_PAGE,merged_redirected_to_live_page,restore as static/service page or merge to closest practice/service page,/practice-areas/family-law
https://chamanlawfirm.com/types-of-parties-to-a-civil-action,Types Of Parties To A Civil Action,UNIQUE_LEGAL_INFORMATION_PAGE,merged_redirected_to_live_page,restore as static/service page or merge to closest practice/service page,/practice-areas/litigation-dispute-resolution
https://chamanlawfirm.com/powerful-steps-valid-survey,Powerful Steps Valid Survey,UNIQUE_LEGAL_INFORMATION_PAGE,merged_redirected_to_live_page,restore as static/service page or merge to closest practice/service page,/practice-areas/property-real-estate-law
https://chamanlawfirm.com/what-governs-contract-in-nigeria,What Governs Contract In Nigeria,UNIQUE_LEGAL_INFORMATION_PAGE,redirected_to_live_blog,restore as static/service page or merge to closest practice/service page,/resources/blog/what-governs-contract-in-nigeria
https://chamanlawfirm.com/understanding-rent-increase-laws-in-lagos,Understanding Rent Increase Laws In Lagos,UNIQUE_LEGAL_INFORMATION_PAGE,merged_redirected_to_live_page,restore as static/service page or merge to closest practice/service page,/practice-areas/property-real-estate-law
https://chamanlawfirm.com/obtaining-governor-consent-for-land-transactions,Obtaining Governor Consent For Land Transactions,UNIQUE_LEGAL_INFORMATION_PAGE,redirected_to_live_blog,restore as static/service page or merge to closest practice/service page,/resources/blog/obtaining-governor-consent-for-land-transactions
https://chamanlawfirm.com/the-land-use-and-allocation-committee-luac,The Land Use And Allocation Committee Luac,UNIQUE_LEGAL_INFORMATION_PAGE,redirected_to_live_blog,restore as static/service page or merge to closest practice/service page,/resources/blog/the-land-use-and-allocation-committee-luac
https://chamanlawfirm.com/property-insurance-in-nigeria,Property Insurance In Nigeria,UNIQUE_LEGAL_INFORMATION_PAGE,redirected_to_live_blog,restore as static/service page or merge to closest practice/service page,/resources/blog/property-insurance-in-nigeria
https://chamanlawfirm.com/insightful-overview-of-family-law-in-nigeria,Insightful Overview Of Family Law In Nigeria,UNIQUE_LEGAL_INFORMATION_PAGE,redirected_to_live_blog,restore as static/service page or merge to closest practice/service page,/resources/blog/insightful-overview-of-family-law-in-nigeria
https://chamanlawfirm.com/who-holds-authority-over-land-under-the-land,Who Holds Authority Over Land Under The Land,UNIQUE_LEGAL_INFORMATION_PAGE,redirected_to_live_blog,restore as static/service page or merge to closest practice/service page,/resources/blog/who-holds-authority-over-land-under-the-land
https://chamanlawfirm.com/developer-fails-to-deliver-property,Developer Fails To Deliver Property,UNIQUE_LEGAL_INFORMATION_PAGE,redirected_to_live_blog,restore as static/service page or merge to closest practice/service page,/resources/blog/developer-fails-to-deliver-property
https://chamanlawfirm.com/how-to-conduct-search-at-land-registry,How To Conduct Search At Land Registry,UNIQUE_LEGAL_INFORMATION_PAGE,redirected_to_live_blog,restore as static/service page or merge to closest practice/service page,/resources/blog/how-to-conduct-search-at-land-registry
https://chamanlawfirm.com/importance-of-covenants-in-a-tenancy-agreement,Importance Of Covenants In A Tenancy Agreement,UNIQUE_LEGAL_INFORMATION_PAGE,redirected_to_live_blog,restore as static/service page or merge to closest practice/service page,/resources/blog/importance-of-covenants-in-a-tenancy-agreement
https://chamanlawfirm.com/how-to-prove-ownership-of-land-in-nigeria,How To Prove Ownership Of Land In Nigeria,UNIQUE_LEGAL_INFORMATION_PAGE,redirected_to_live_blog,restore as static/service page or merge to closest practice/service page,/resources/blog/how-to-prove-ownership-of-land-in-nigeria
https://chamanlawfirm.com/deed-of-partition-in-nigeria,Deed Of Partition In Nigeria,UNIQUE_LEGAL_INFORMATION_PAGE,redirected_to_live_blog,restore as static/service page or merge to closest practice/service page,/resources/blog/deed-of-partition-in-nigeria
https://chamanlawfirm.com/step-by-step-guide-on-how-to-conduct-a-statutory-marriage-in-nigeria,Step By Step Guide On How To Conduct A Statutory Marriage In Nigeria,UNIQUE_LEGAL_INFORMATION_PAGE,redirected_to_live_blog,restore as static/service page or merge to closest practice/service page,/resources/blog/step-by-step-guide-on-how-to-conduct-a-statutory-marriage-in-nigeria
https://chamanlawfirm.com/methods-of-transfer-of-shares,Methods Of Transfer Of Shares,UNIQUE_LEGAL_INFORMATION_PAGE,merged_redirected_to_live_page,restore as static/service page or merge to closest practice/service page,/practice-areas/corporate-commercial-law/share-transfer
https://chamanlawfirm.com/letter-of-administration-in-ogun-state,Letter Of Administration In Ogun State,UNIQUE_LEGAL_INFORMATION_PAGE,merged_redirected_to_live_page,restore as static/service page or merge to closest practice/service page,/practice-areas/probate-estate-administration/letters-of-administration-ogun-state
https://chamanlawfirm.com/about-chaman-law-firm,About Chaman Law Firm,UNIQUE_LEGAL_INFORMATION_PAGE,merged_redirected_to_live_page,restore as static/service page or merge to closest practice/service page,/about
https://chamanlawfirm.com/two-years-rule-as-regards-dissolution-of,Two Years Rule As Regards Dissolution Of,UNIQUE_LEGAL_INFORMATION_PAGE,missing_not_imported,restore as static/service page or merge to closest practice/service page,/resources/blog/two-years-rule-as-regards-dissolution-of
https://chamanlawfirm.com/the-difference-between-adoption-and-fostering-in-nigeria,The Difference Between Adoption And Fostering In Nigeria,UNIQUE_LEGAL_INFORMATION_PAGE,missing_not_imported,restore as static/service page or merge to closest practice/service page,/resources/blog/the-difference-between-adoption-and-fostering-in-nigeria
https://chamanlawfirm.com/limitations-to-testamentary-freedom,Limitations To Testamentary Freedom,UNIQUE_LEGAL_INFORMATION_PAGE,merged_redirected_to_live_page,restore as static/service page or merge to closest practice/service page,/practice-areas/probate-estate-administration/testamentary-freedom-advisory
https://chamanlawfirm.com/the-valid-procession-of-a-statutory-marriage,The Valid Procession Of A Statutory Marriage,UNIQUE_LEGAL_INFORMATION_PAGE,missing_not_imported,restore as static/service page or merge to closest practice/service page,/resources/blog/the-valid-procession-of-a-statutory-marriage
https://chamanlawfirm.com/successfully-obtain-a-building-plan-approval,Successfully Obtain A Building Plan Approval,UNIQUE_LEGAL_INFORMATION_PAGE,missing_not_imported,restore as static/service page or merge to closest practice/service page,/resources/blog/successfully-obtain-a-building-plan-approval
https://chamanlawfirm.com/what-is-the-legal-status-of-collective-agreement,What Is The Legal Status Of Collective Agreement,UNIQUE_LEGAL_INFORMATION_PAGE,missing_not_imported,restore as static/service page or merge to closest practice/service page,/resources/blog/what-is-the-legal-status-of-collective-agreement
https://chamanlawfirm.com/contact-for-legal-consultation,Contact For Legal Consultation,CONSULTATION_PAGE,merged_redirected_to_live_page,merge/redirect/retire based on exact intent,/consultation
https://chamanlawfirm.com/child-custody-in-customary-marriage,Child Custody In Customary Marriage,UNIQUE_LEGAL_INFORMATION_PAGE,missing_not_imported,restore as static/service page or merge to closest practice/service page,/resources/blog/child-custody-in-customary-marriage
https://chamanlawfirm.com/digital-rights-and-freedom-of-expression,Digital Rights And Freedom Of Expression,UNIQUE_LEGAL_INFORMATION_PAGE,missing_not_imported,restore as static/service page or merge to closest practice/service page,/resources/blog/digital-rights-and-freedom-of-expression
https://chamanlawfirm.com/procedure-and-guprivate-placement-in-nigeria,Procedure And Guprivate Placement In Nigeria,UNIQUE_LEGAL_INFORMATION_PAGE,missing_not_imported,restore as static/service page or merge to closest practice/service page,/resources/blog/procedure-and-guprivate-placement-in-nigeria
https://chamanlawfirm.com/the-defence-of-laches-in-customary-law-in-nigeria,The Defence Of Laches In Customary Law In Nigeria,UNIQUE_LEGAL_INFORMATION_PAGE,missing_not_imported,restore as static/service page or merge to closest practice/service page,/resources/blog/the-defence-of-laches-in-customary-law-in-nigeria
https://chamanlawfirm.com/how-to-obtain-legal-guardianship-of-a-child,How To Obtain Legal Guardianship Of A Child,UNIQUE_LEGAL_INFORMATION_PAGE,missing_not_imported,restore as static/service page or merge to closest practice/service page,/resources/blog/how-to-obtain-legal-guardianship-of-a-child
https://chamanlawfirm.com/how-to-legalize-or-attest-a-document-in-nigeria,How To Legalize Or Attest A Document In Nigeria,UNIQUE_LEGAL_INFORMATION_PAGE,merged_redirected_to_live_page,restore as static/service page or merge to closest practice/service page,/practice-areas/notary-public-services/document-legalization-and-attestation
https://chamanlawfirm.com/domestic-violence-ground-for-dissolution-of-marriage-and-its-criminal-implications,Domestic Violence Ground For Dissolution Of Marriage And Its Criminal Implications,UNIQUE_LEGAL_INFORMATION_PAGE,redirected_to_live_blog,restore as static/service page or merge to closest practice/service page,/resources/blog/domestic-violence-ground-for-dissolution-of-marriage-and-its-criminal-implications
https://chamanlawfirm.com/how-do-i-process-survey-plan-approval-in-ogun,How Do I Process Survey Plan Approval In Ogun,UNIQUE_LEGAL_INFORMATION_PAGE,redirected_to_live_blog,restore as static/service page or merge to closest practice/service page,/resources/blog/how-do-i-process-survey-plan-approval-in-ogun
https://chamanlawfirm.com/statute-limitations-and-limitation-periods,Statute Limitations And Limitation Periods,UNIQUE_LEGAL_INFORMATION_PAGE,merged_redirected_to_live_page,restore as static/service page or merge to closest practice/service page,/practice-areas/litigation-dispute-resolution/limitation-periods-and-pre-action-advisory
https://chamanlawfirm.com/how-to-make-complaint-for-estimated-bills-in-nigeria,How To Make Complaint For Estimated Bills In Nigeria,UNIQUE_LEGAL_INFORMATION_PAGE,missing_not_imported,restore as static/service page or merge to closest practice/service page,/resources/blog/how-to-make-complaint-for-estimated-bills-in-nigeria
https://chamanlawfirm.com/or-filing-interlocutory-applications,Or Filing Interlocutory Applications,UNIQUE_LEGAL_INFORMATION_PAGE,merged_redirected_to_live_page,restore as static/service page or merge to closest practice/service page,/practice-areas/litigation-dispute-resolution/interlocutory-applications-advisory
https://chamanlawfirm.com/procedure-for-mergers-and-acquisitions-in-nigeria,Procedure For Mergers And Acquisitions In Nigeria,UNIQUE_LEGAL_INFORMATION_PAGE,merged_redirected_to_live_page,restore as static/service page or merge to closest practice/service page,/practice-areas/corporate-commercial-law/mergers-and-acquisitions-advisory
https://chamanlawfirm.com/government-acquisition-in-ogun-state,Government Acquisition In Ogun State,UNIQUE_LEGAL_INFORMATION_PAGE,merged_redirected_to_live_page,restore as static/service page or merge to closest practice/service page,/practice-areas/property-real-estate-law/government-acquisition-ogun-state-advisory
https://chamanlawfirm.com/fencing-approval-in-lagos-key-requirements,Fencing Approval In Lagos Key Requirements,UNIQUE_LEGAL_INFORMATION_PAGE,merged_redirected_to_live_page,restore as static/service page or merge to closest practice/service page,/practice-areas/property-real-estate-law/fencing-approval-lagos
https://chamanlawfirm.com/immigration-service-in-border-management,Immigration Service In Border Management,UNIQUE_LEGAL_INFORMATION_PAGE,redirected_to_live_blog,restore as static/service page or merge to closest practice/service page,/resources/blog/immigration-service-in-border-management
https://chamanlawfirm.com/documents-to-verify-before-buying-property,Documents To Verify Before Buying Property,UNIQUE_LEGAL_INFORMATION_PAGE,merged_redirected_to_live_page,restore as static/service page or merge to closest practice/service page,/practice-areas/property-real-estate-law/property-due-diligence
https://chamanlawfirm.com/landlord-and-tenant-relationship,Landlord And Tenant Relationship,UNIQUE_LEGAL_INFORMATION_PAGE,redirected_to_live_blog,restore as static/service page or merge to closest practice/service page,/resources/blog/landlord-and-tenant-relationship
https://chamanlawfirm.com/charles-chukwuma-nkwoka,Charles Chukwuma Nkwoka,LAWYER_PROFILE,merged_redirected_to_live_page,merge/redirect/retire based on exact intent,/lawyers/charles-chukwuma-nkwoka
https://chamanlawfirm.com/challenges-of-customary-marriage,Challenges Of Customary Marriage,UNIQUE_LEGAL_INFORMATION_PAGE,merged_redirected_to_live_page,restore as static/service page or merge to closest practice/service page,/practice-areas/family-law/customary-marriage-advisory
https://chamanlawfirm.com/how-do-i-regularize-land-documents-in-ogun-state,How Do I Regularize Land Documents In Ogun State,UNIQUE_LEGAL_INFORMATION_PAGE,redirected_to_live_blog,restore as static/service page or merge to closest practice/service page,/resources/blog/how-do-i-regularize-land-documents-in-ogun-state
https://chamanlawfirm.com/how-to-file-for-child-custody-in-nigeria-a,How To File For Child Custody In Nigeria A,UNIQUE_LEGAL_INFORMATION_PAGE,redirected_to_live_blog,restore as static/service page or merge to closest practice/service page,/resources/blog/how-to-file-for-child-custody-in-nigeria-a
https://chamanlawfirm.com/what-are-the-top-gated-estates-in-lekki,What Are The Top Gated Estates In Lekki,UNIQUE_LEGAL_INFORMATION_PAGE,missing_not_imported,restore as static/service page or merge to closest practice/service page,/resources/blog/what-are-the-top-gated-estates-in-lekki
https://chamanlawfirm.com/governors-consent,Governors Consent,UNIQUE_LEGAL_INFORMATION_PAGE,merged_redirected_to_live_page,restore as static/service page or merge to closest practice/service page,/practice-areas/property-real-estate-law/governors-consent
https://chamanlawfirm.com/overview-of-statutory-marriage-in-nigeria,Overview Of Statutory Marriage In Nigeria,UNIQUE_LEGAL_INFORMATION_PAGE,redirected_to_live_blog,restore as static/service page or merge to closest practice/service page,/resources/blog/overview-of-statutory-marriage-in-nigeria
https://chamanlawfirm.com/rights-of-children-born-outside-wedlock,Rights Of Children Born Outside Wedlock,UNIQUE_LEGAL_INFORMATION_PAGE,redirected_to_live_blog,restore as static/service page or merge to closest practice/service page,/resources/blog/rights-of-children-born-outside-wedlock
https://chamanlawfirm.com/how-to-legally-subdivide-and-develop-land,How To Legally Subdivide And Develop Land,UNIQUE_LEGAL_INFORMATION_PAGE,redirected_to_live_blog,restore as static/service page or merge to closest practice/service page,/resources/blog/how-to-legally-subdivide-and-develop-land
https://chamanlawfirm.com/inheritance-rights-of-step-children,Inheritance Rights Of Step Children,UNIQUE_LEGAL_INFORMATION_PAGE,merged_redirected_to_live_page,restore as static/service page or merge to closest practice/service page,/practice-areas/probate-estate-administration/inheritance-rights-stepchildren-advisory
https://chamanlawfirm.com/procedure-for-ejecting-a-squatter-in-lagos,Procedure For Ejecting A Squatter In Lagos,UNIQUE_LEGAL_INFORMATION_PAGE,merged_redirected_to_live_page,restore as static/service page or merge to closest practice/service page,/practice-areas/property-real-estate-law/property-dispute-and-squatter-advisory
https://chamanlawfirm.com/role-of-stamp-duty-in-property-transactions,Role Of Stamp Duty In Property Transactions,UNIQUE_LEGAL_INFORMATION_PAGE,redirected_to_live_blog,restore as static/service page or merge to closest practice/service page,/resources/blog/role-of-stamp-duty-in-property-transactions
https://chamanlawfirm.com/guide-for-transfer-of-land-ownership-and,Guide For Transfer Of Land Ownership And,UNIQUE_LEGAL_INFORMATION_PAGE,redirected_to_live_blog,restore as static/service page or merge to closest practice/service page,/resources/blog/guide-for-transfer-of-land-ownership-and
https://chamanlawfirm.com/registration-of-deed-of-assignment-in-nigeria,Registration Of Deed Of Assignment In Nigeria,UNIQUE_LEGAL_INFORMATION_PAGE,redirected_to_live_blog,restore as static/service page or merge to closest practice/service page,/resources/blog/registration-of-deed-of-assignment-in-nigeria
https://chamanlawfirm.com/can-a-landlord-increase-rent-arbitrarily,Can A Landlord Increase Rent Arbitrarily,UNIQUE_LEGAL_INFORMATION_PAGE,redirected_to_live_blog,restore as static/service page or merge to closest practice/service page,/resources/blog/can-a-landlord-increase-rent-arbitrarily
https://chamanlawfirm.com/the-basics-of-statutory-right-of-occupancy,The Basics Of Statutory Right Of Occupancy,UNIQUE_LEGAL_INFORMATION_PAGE,redirected_to_live_blog,restore as static/service page or merge to closest practice/service page,/resources/blog/the-basics-of-statutory-right-of-occupancy
https://chamanlawfirm.com/chaman-legal-team-2,Chaman Legal Team 2,UNIQUE_LEGAL_INFORMATION_PAGE,missing_not_imported,restore as static/service page or merge to closest practice/service page,/resources/blog/chaman-legal-team-2
https://chamanlawfirm.com/role-of-shareholder-in-corporate-decision-making,Role Of Shareholder In Corporate Decision Making,UNIQUE_LEGAL_INFORMATION_PAGE,merged_redirected_to_live_page,restore as static/service page or merge to closest practice/service page,/practice-areas/corporate-commercial-law/shareholder-decision-making-advisory
https://chamanlawfirm.com/family-law-disputes-and-child-abduction,Family Law Disputes And Child Abduction,UNIQUE_LEGAL_INFORMATION_PAGE,redirected_to_live_blog,restore as static/service page or merge to closest practice/service page,/resources/blog/family-law-disputes-and-child-abduction
https://chamanlawfirm.com/how-to-write-a-demand-letter,How To Write A Demand Letter,UNIQUE_LEGAL_INFORMATION_PAGE,merged_redirected_to_live_page,restore as static/service page or merge to closest practice/service page,/practice-areas/debt-recovery/debt-demand-letter-advisory
https://chamanlawfirm.com/ownership-understanding-the-legal,Ownership Understanding The Legal,UNIQUE_LEGAL_INFORMATION_PAGE,missing_not_imported,restore as static/service page or merge to closest practice/service page,/resources/blog/ownership-understanding-the-legal
https://chamanlawfirm.com/building-completion-certificate-in-lagos,Building Completion Certificate In Lagos,UNIQUE_LEGAL_INFORMATION_PAGE,merged_redirected_to_live_page,restore as static/service page or merge to closest practice/service page,/practice-areas/property-real-estate-law/building-completion-certificate-lagos
https://chamanlawfirm.com/government-acquired-lands-in-nigeria,Government Acquired Lands In Nigeria,UNIQUE_LEGAL_INFORMATION_PAGE,redirected_to_live_blog,restore as static/service page or merge to closest practice/service page,/resources/blog/government-acquired-lands-in-nigeria
https://chamanlawfirm.com/overview-of-citizenship-in-nigeria,Overview Of Citizenship In Nigeria,UNIQUE_LEGAL_INFORMATION_PAGE,redirected_to_live_blog,restore as static/service page or merge to closest practice/service page,/resources/blog/overview-of-citizenship-in-nigeria
https://chamanlawfirm.com/duration-to-get-governors-consent,Duration To Get Governors Consent,UNIQUE_LEGAL_INFORMATION_PAGE,merged_redirected_to_live_page,restore as static/service page or merge to closest practice/service page,/practice-areas/property-real-estate-law/governors-consent
https://chamanlawfirm.com/unveiling-5-proven-vital-role-of-evidence,Unveiling 5 Proven Vital Role Of Evidence,UNIQUE_LEGAL_INFORMATION_PAGE,missing_not_imported,restore as static/service page or merge to closest practice/service page,/resources/blog/unveiling-5-proven-vital-role-of-evidence
https://chamanlawfirm.com/registation-for-branch-or-subisidiary-of-a-c,Registation For Branch Or Subisidiary Of A C,UNIQUE_LEGAL_INFORMATION_PAGE,missing_not_imported,restore as static/service page or merge to closest practice/service page,/resources/blog/registation-for-branch-or-subisidiary-of-a-c
https://chamanlawfirm.com/remedies-for-wrongful-dismissal-in-nigeria,Remedies For Wrongful Dismissal In Nigeria,UNIQUE_LEGAL_INFORMATION_PAGE,missing_not_imported,restore as static/service page or merge to closest practice/service page,/resources/blog/remedies-for-wrongful-dismissal-in-nigeria
https://chamanlawfirm.com/how-to-apply-for-south-africa-qualification,How To Apply For South Africa Qualification,UNIQUE_LEGAL_INFORMATION_PAGE,missing_not_imported,restore as static/service page or merge to closest practice/service page,/resources/blog/how-to-apply-for-south-africa-qualification
https://chamanlawfirm.com/how-to-obtain-building-in-lagos-state,How To Obtain Building In Lagos State,UNIQUE_LEGAL_INFORMATION_PAGE,missing_not_imported,restore as static/service page or merge to closest practice/service page,/resources/blog/how-to-obtain-building-in-lagos-state
https://chamanlawfirm.com/nigerian-court-system-challenges,Nigerian Court System Challenges,UNIQUE_LEGAL_INFORMATION_PAGE,missing_not_imported,restore as static/service page or merge to closest practice/service page,/resources/blog/nigerian-court-system-challenges
https://chamanlawfirm.com/how-to-use-cac-public-search-for-your-business,How To Use Cac Public Search For Your Business,UNIQUE_LEGAL_INFORMATION_PAGE,redirected_to_live_blog,restore as static/service page or merge to closest practice/service page,/resources/blog/how-to-use-cac-public-search-for-your-business
https://chamanlawfirm.com/how-to-apply-for-letter-of-administration,How To Apply For Letter Of Administration,UNIQUE_LEGAL_INFORMATION_PAGE,merged_redirected_to_live_page,restore as static/service page or merge to closest practice/service page,/practice-areas/probate-estate-administration
https://chamanlawfirm.com/how-to-claim-third-party-insurance-in-nigeria,How To Claim Third Party Insurance In Nigeria,UNIQUE_LEGAL_INFORMATION_PAGE,missing_not_imported,restore as static/service page or merge to closest practice/service page,/resources/blog/how-to-claim-third-party-insurance-in-nigeria
https://chamanlawfirm.com/basic-procedure-for-dissolution-of-marriage,Basic Procedure For Dissolution Of Marriage,UNIQUE_LEGAL_INFORMATION_PAGE,redirected_to_live_blog,restore as static/service page or merge to closest practice/service page,/resources/blog/basic-procedure-for-dissolution-of-marriage
https://chamanlawfirm.com/effect-of-witness-as-beneficiary-in-will,Effect Of Witness As Beneficiary In Will,UNIQUE_LEGAL_INFORMATION_PAGE,redirected_to_live_blog,restore as static/service page or merge to closest practice/service page,/resources/blog/effect-of-witness-as-beneficiary-in-will
https://chamanlawfirm.com/legal-advice-for-joint-ventures-in-nigeria-a-comprehensive-guide,Legal Advice For Joint Ventures In Nigeria A Comprehensive Guide,UNIQUE_LEGAL_INFORMATION_PAGE,missing_not_imported,restore as static/service page or merge to closest practice/service page,/resources/blog/legal-advice-for-joint-ventures-in-nigeria-a-comprehensive-guide
https://chamanlawfirm.com/what-are-the-implications-of-unregistered-land-titles-in-nigeria,What Are The Implications Of Unregistered Land Titles In Nigeria,UNIQUE_LEGAL_INFORMATION_PAGE,redirected_to_live_blog,restore as static/service page or merge to closest practice/service page,/resources/blog/what-are-the-implications-of-unregistered-land-titles-in-nigeria
https://chamanlawfirm.com/steps-taken-in-registering-an-ngo-in-nigeria,Steps Taken In Registering An Ngo In Nigeria,UNIQUE_LEGAL_INFORMATION_PAGE,missing_not_imported,restore as static/service page or merge to closest practice/service page,/resources/blog/steps-taken-in-registering-an-ngo-in-nigeria
https://chamanlawfirm.com/trade-associations-and-chambers-of-commerce,Trade Associations And Chambers Of Commerce,UNIQUE_LEGAL_INFORMATION_PAGE,missing_not_imported,restore as static/service page or merge to closest practice/service page,/resources/blog/trade-associations-and-chambers-of-commerce
https://chamanlawfirm.com/difference-between-assault-and-battery,Difference Between Assault And Battery,UNIQUE_LEGAL_INFORMATION_PAGE,missing_not_imported,restore as static/service page or merge to closest practice/service page,/resources/blog/difference-between-assault-and-battery
https://chamanlawfirm.com/how-do-i-get-building-approval-in-ogun-state,How Do I Get Building Approval In Ogun State,UNIQUE_LEGAL_INFORMATION_PAGE,missing_not_imported,restore as static/service page or merge to closest practice/service page,/resources/blog/how-do-i-get-building-approval-in-ogun-state
https://chamanlawfirm.com/formation-of-joint-ventures-in-nigeria,Formation Of Joint Ventures In Nigeria,UNIQUE_LEGAL_INFORMATION_PAGE,missing_not_imported,restore as static/service page or merge to closest practice/service page,/resources/blog/formation-of-joint-ventures-in-nigeria
https://chamanlawfirm.com/careers,Careers,UNIQUE_LEGAL_INFORMATION_PAGE,live_same_url,restore as static/service page or merge to closest practice/service page,/resources/blog/careers
https://chamanlawfirm.com/transfer-property-ownership-to-my-children,Transfer Property Ownership To My Children,UNIQUE_LEGAL_INFORMATION_PAGE,missing_not_imported,restore as static/service page or merge to closest practice/service page,/resources/blog/transfer-property-ownership-to-my-children
https://chamanlawfirm.com/how-to-create-legal-mortgages-in-nigeria,How To Create Legal Mortgages In Nigeria,UNIQUE_LEGAL_INFORMATION_PAGE,missing_not_imported,restore as static/service page or merge to closest practice/service page,/resources/blog/how-to-create-legal-mortgages-in-nigeria
https://chamanlawfirm.com/essential-requir-trust-the-three-creation,Essential Requir Trust The Three Creation,UNIQUE_LEGAL_INFORMATION_PAGE,missing_not_imported,restore as static/service page or merge to closest practice/service page,/resources/blog/essential-requir-trust-the-three-creation
https://chamanlawfirm.com/how-to-file-a-complaint-with-nigerian-civil-aviation-authority,How To File A Complaint With Nigerian Civil Aviation Authority,UNIQUE_LEGAL_INFORMATION_PAGE,missing_not_imported,restore as static/service page or merge to closest practice/service page,/resources/blog/how-to-file-a-complaint-with-nigerian-civil-aviation-authority
https://chamanlawfirm.com/heritage-conservation-law-in-nigeria,Heritage Conservation Law In Nigeria,UNIQUE_LEGAL_INFORMATION_PAGE,missing_not_imported,restore as static/service page or merge to closest practice/service page,/resources/blog/heritage-conservation-law-in-nigeria
https://chamanlawfirm.com/land-acquisition-in-nigeria-2,Land Acquisition In Nigeria 2,UNIQUE_LEGAL_INFORMATION_PAGE,missing_not_imported,restore as static/service page or merge to closest practice/service page,/resources/blog/land-acquisition-in-nigeria-2
https://chamanlawfirm.com/how-to-get-travel-insurance-in-nigeria,How To Get Travel Insurance In Nigeria,UNIQUE_LEGAL_INFORMATION_PAGE,missing_not_imported,restore as static/service page or merge to closest practice/service page,/resources/blog/how-to-get-travel-insurance-in-nigeria
https://chamanlawfirm.com/what-to-know-about-warranties-and-conditions,What To Know About Warranties And Conditions,UNIQUE_LEGAL_INFORMATION_PAGE,missing_not_imported,restore as static/service page or merge to closest practice/service page,/resources/blog/what-to-know-about-warranties-and-conditions
https://chamanlawfirm.com/5-reasonsthe-importance-of-pleading,5 Reasonsthe Importance Of Pleading,UNIQUE_LEGAL_INFORMATION_PAGE,missing_not_imported,restore as static/service page or merge to closest practice/service page,/resources/blog/5-reasonsthe-importance-of-pleading
https://chamanlawfirm.com/attestation-of-certificate-in-nigeria,Attestation Of Certificate In Nigeria,UNIQUE_LEGAL_INFORMATION_PAGE,missing_not_imported,restore as static/service page or merge to closest practice/service page,/resources/blog/attestation-of-certificate-in-nigeria
https://chamanlawfirm.com/diff-between-testate-and-intestate-succession,Diff Between Testate And Intestate Succession,UNIQUE_LEGAL_INFORMATION_PAGE,missing_not_imported,restore as static/service page or merge to closest practice/service page,/resources/blog/diff-between-testate-and-intestate-succession
https://chamanlawfirm.com/what-is-ancillary-reliefs,What Is Ancillary Reliefs,UNIQUE_LEGAL_INFORMATION_PAGE,missing_not_imported,restore as static/service page or merge to closest practice/service page,/resources/blog/what-is-ancillary-reliefs
https://chamanlawfirm.com/are-verbal-agreement-binding-legally,Are Verbal Agreement Binding Legally,UNIQUE_LEGAL_INFORMATION_PAGE,missing_not_imported,restore as static/service page or merge to closest practice/service page,/resources/blog/are-verbal-agreement-binding-legally
https://chamanlawfirm.com/procedures-for-private-placement-in-nigeria,Procedures For Private Placement In Nigeria,UNIQUE_LEGAL_INFORMATION_PAGE,missing_not_imported,restore as static/service page or merge to closest practice/service page,/resources/blog/procedures-for-private-placement-in-nigeria
https://chamanlawfirm.com/newblogpost-znqwc8what-are-the-la-in-nigeria,Newblogpost Znqwc8what Are The La In Nigeria,UNIQUE_LEGAL_INFORMATION_PAGE,missing_not_imported,restore as static/service page or merge to closest practice/service page,/resources/blog/newblogpost-znqwc8what-are-the-la-in-nigeria
https://chamanlawfirm.com/non-justiciable-constitutional-provisions,Non Justiciable Constitutional Provisions,UNIQUE_LEGAL_INFORMATION_PAGE,missing_not_imported,restore as static/service page or merge to closest practice/service page,/resources/blog/non-justiciable-constitutional-provisions
https://chamanlawfirm.com/how-do-i-resolve-landlord-tenant-disputes,How Do I Resolve Landlord Tenant Disputes,UNIQUE_LEGAL_INFORMATION_PAGE,missing_not_imported,restore as static/service page or merge to closest practice/service page,/resources/blog/how-do-i-resolve-landlord-tenant-disputes
https://chamanlawfirm.com/when-you-can-legally-define-the-tort-of-negligence,When You Can Legally Define The Tort Of Negligence,UNIQUE_LEGAL_INFORMATION_PAGE,missing_not_imported,restore as static/service page or merge to closest practice/service page,/resources/blog/when-you-can-legally-define-the-tort-of-negligence
https://chamanlawfirm.com/regulatory-compliance-in-nigerian-construction,Regulatory Compliance In Nigerian Construction,UNIQUE_LEGAL_INFORMATION_PAGE,missing_not_imported,restore as static/service page or merge to closest practice/service page,/resources/blog/regulatory-compliance-in-nigerian-construction
https://chamanlawfirm.com/process-of-making-law-in-nigeria,Process Of Making Law In Nigeria,UNIQUE_LEGAL_INFORMATION_PAGE,missing_not_imported,restore as static/service page or merge to closest practice/service page,/resources/blog/process-of-making-law-in-nigeria
https://chamanlawfirm.com/how-long-can-a-law-enforcement-validly-detain-you-in-nigeria,How Long Can A Law Enforcement Validly Detain You In Nigeria,UNIQUE_LEGAL_INFORMATION_PAGE,missing_not_imported,restore as static/service page or merge to closest practice/service page,/resources/blog/how-long-can-a-law-enforcement-validly-detain-you-in-nigeria
https://chamanlawfirm.com/relationship-between-parent-and-subsidiary,Relationship Between Parent And Subsidiary,UNIQUE_LEGAL_INFORMATION_PAGE,missing_not_imported,restore as static/service page or merge to closest practice/service page,/resources/blog/relationship-between-parent-and-subsidiary
https://chamanlawfirm.com/application-of-ignorance-of-the-law,Application Of Ignorance Of The Law,UNIQUE_LEGAL_INFORMATION_PAGE,missing_not_imported,restore as static/service page or merge to closest practice/service page,/resources/blog/application-of-ignorance-of-the-law
https://chamanlawfirm.com/draft-a-perfect-lease-agreement,Draft A Perfect Lease Agreement,UNIQUE_LEGAL_INFORMATION_PAGE,missing_not_imported,restore as static/service page or merge to closest practice/service page,/resources/blog/draft-a-perfect-lease-agreement
https://chamanlawfirm.com/title-search-and-land-ownership-in-nigeria,Title Search And Land Ownership In Nigeria,UNIQUE_LEGAL_INFORMATION_PAGE,missing_not_imported,restore as static/service page or merge to closest practice/service page,/resources/blog/title-search-and-land-ownership-in-nigeria
https://chamanlawfirm.com/membership-of-trade-unions-in-nigeria,Membership Of Trade Unions In Nigeria,UNIQUE_LEGAL_INFORMATION_PAGE,missing_not_imported,restore as static/service page or merge to closest practice/service page,/resources/blog/membership-of-trade-unions-in-nigeria
https://chamanlawfirm.com/strategies-for-effective-conservation,Strategies For Effective Conservation,UNIQUE_LEGAL_INFORMATION_PAGE,missing_not_imported,restore as static/service page or merge to closest practice/service page,/resources/blog/strategies-for-effective-conservation
https://chamanlawfirm.com/who-are-personal-representatives,Who Are Personal Representatives,UNIQUE_LEGAL_INFORMATION_PAGE,missing_not_imported,restore as static/service page or merge to closest practice/service page,/resources/blog/who-are-personal-representatives
https://chamanlawfirm.com/what-are-the-legal-rights-of-a-wife-after-divorce-or-separation-in-nigeria,What Are The Legal Rights Of A Wife After Divorce Or Separation In Nigeria,UNIQUE_LEGAL_INFORMATION_PAGE,missing_not_imported,restore as static/service page or merge to closest practice/service page,/resources/blog/what-are-the-legal-rights-of-a-wife-after-divorce-or-separation-in-nigeria
https://chamanlawfirm.com/what-needs-to-be-in-your-lease,What Needs To Be In Your Lease,UNIQUE_LEGAL_INFORMATION_PAGE,missing_not_imported,restore as static/service page or merge to closest practice/service page,/resources/blog/what-needs-to-be-in-your-lease
https://chamanlawfirm.com/testate-and-intestate-succession-in-nigeria,Testate And Intestate Succession In Nigeria,UNIQUE_LEGAL_INFORMATION_PAGE,missing_not_imported,restore as static/service page or merge to closest practice/service page,/resources/blog/testate-and-intestate-succession-in-nigeria
https://chamanlawfirm.com/how-to-replace-a-national-identification-number,How To Replace A National Identification Number,UNIQUE_LEGAL_INFORMATION_PAGE,missing_not_imported,restore as static/service page or merge to closest practice/service page,/resources/blog/how-to-replace-a-national-identification-number
https://chamanlawfirm.com/real-estate-law-in-nigeria,Real Estate Law In Nigeria,UNIQUE_LEGAL_INFORMATION_PAGE,missing_not_imported,restore as static/service page or merge to closest practice/service page,/resources/blog/real-estate-law-in-nigeria
https://chamanlawfirm.com/challenges-of-real-estate-development-in-nigeria,Challenges Of Real Estate Development In Nigeria,UNIQUE_LEGAL_INFORMATION_PAGE,missing_not_imported,restore as static/service page or merge to closest practice/service page,/resources/blog/challenges-of-real-estate-development-in-nigeria
https://chamanlawfirm.com/stadium-and-sports-facility-construction,Stadium And Sports Facility Construction,UNIQUE_LEGAL_INFORMATION_PAGE,missing_not_imported,restore as static/service page or merge to closest practice/service page,/resources/blog/stadium-and-sports-facility-construction
https://chamanlawfirm.com/appointment-of-arbitrators-in-nigeria,Appointment Of Arbitrators In Nigeria,UNIQUE_LEGAL_INFORMATION_PAGE,merged_redirected_to_live_page,restore as static/service page or merge to closest practice/service page,/practice-areas/adr-mediation
https://chamanlawfirm.com/top-legal-services,Top Legal Services,UNIQUE_LEGAL_INFORMATION_PAGE,merged_redirected_to_live_page,restore as static/service page or merge to closest practice/service page,/consultation
https://chamanlawfirm.com/project-management-in-nigerian-construction,Project Management In Nigerian Construction,UNIQUE_LEGAL_INFORMATION_PAGE,missing_not_imported,restore as static/service page or merge to closest practice/service page,/resources/blog/project-management-in-nigerian-construction
https://chamanlawfirm.com/how-to-legally-void-a-marriage,How To Legally Void A Marriage,UNIQUE_LEGAL_INFORMATION_PAGE,missing_not_imported,restore as static/service page or merge to closest practice/service page,/resources/blog/how-to-legally-void-a-marriage
https://chamanlawfirm.com/8-steps-on-how-to-file-a-lawsuit-in-nigeria-a-comprehensive-guide-to-the-legal-process,8 Steps On How To File A Lawsuit In Nigeria A Comprehensive Guide To The Legal Process,UNIQUE_LEGAL_INFORMATION_PAGE,missing_not_imported,restore as static/service page or merge to closest practice/service page,/resources/blog/8-steps-on-how-to-file-a-lawsuit-in-nigeria-a-comprehensive-guide-to-the-legal-process
https://chamanlawfirm.com/how-to-obtain-licence-for-seeds-importation,How To Obtain Licence For Seeds Importation,UNIQUE_LEGAL_INFORMATION_PAGE,missing_not_imported,restore as static/service page or merge to closest practice/service page,/resources/blog/how-to-obtain-licence-for-seeds-importation
https://chamanlawfirm.com/rules-and-regulations-of-doing-business-in-niger,Rules And Regulations Of Doing Business In Niger,UNIQUE_LEGAL_INFORMATION_PAGE,merged_redirected_to_live_page,restore as static/service page or merge to closest practice/service page,/practice-areas/corporate-commercial-law
https://chamanlawfirm.com/property-acquisition-in-nigeria,Property Acquisition In Nigeria,UNIQUE_LEGAL_INFORMATION_PAGE,missing_not_imported,restore as static/service page or merge to closest practice/service page,/resources/blog/property-acquisition-in-nigeria
https://chamanlawfirm.com/what-is-the-statutory-right-of-occupancy-in-nigeria,What Is The Statutory Right Of Occupancy In Nigeria,UNIQUE_LEGAL_INFORMATION_PAGE,missing_not_imported,restore as static/service page or merge to closest practice/service page,/resources/blog/what-is-the-statutory-right-of-occupancy-in-nigeria
https://chamanlawfirm.com/examination-of-power-of-attorney,Examination Of Power Of Attorney,LAWYER_PROFILE,missing_not_imported,merge/redirect/retire based on exact intent,/resources/blog/examination-of-power-of-attorney
https://chamanlawfirm.com/the-different-types-of-marriage-in-nigeria,The Different Types Of Marriage In Nigeria,UNIQUE_LEGAL_INFORMATION_PAGE,missing_not_imported,restore as static/service page or merge to closest practice/service page,/resources/blog/the-different-types-of-marriage-in-nigeria
https://chamanlawfirm.com/safest-estates-in-ogun-for-diaspora-investors,Safest Estates In Ogun For Diaspora Investors,UNIQUE_LEGAL_INFORMATION_PAGE,missing_not_imported,restore as static/service page or merge to closest practice/service page,/resources/blog/safest-estates-in-ogun-for-diaspora-investors
https://chamanlawfirm.com/pro-bono-legal-service,Pro Bono Legal Service,UNIQUE_LEGAL_INFORMATION_PAGE,missing_not_imported,restore as static/service page or merge to closest practice/service page,/resources/blog/pro-bono-legal-service
https://chamanlawfirm.com/the-procedure-and-documents-for-perfecting-t,The Procedure And Documents For Perfecting T,UNIQUE_LEGAL_INFORMATION_PAGE,missing_not_imported,restore as static/service page or merge to closest practice/service page,/resources/blog/the-procedure-and-documents-for-perfecting-t
https://chamanlawfirm.com/mortgage-vis-a-vis-similar-transactions,Mortgage Vis A Vis Similar Transactions,UNIQUE_LEGAL_INFORMATION_PAGE,missing_not_imported,restore as static/service page or merge to closest practice/service page,/resources/blog/mortgage-vis-a-vis-similar-transactions
https://chamanlawfirm.com/insurance-fraud-in-nigeria,Insurance Fraud In Nigeria,UNIQUE_LEGAL_INFORMATION_PAGE,missing_not_imported,restore as static/service page or merge to closest practice/service page,/resources/blog/insurance-fraud-in-nigeria
https://chamanlawfirm.com/urban-redevelopment-challenges-in-nigeria,Urban Redevelopment Challenges In Nigeria,UNIQUE_LEGAL_INFORMATION_PAGE,missing_not_imported,restore as static/service page or merge to closest practice/service page,/resources/blog/urban-redevelopment-challenges-in-nigeria
https://chamanlawfirm.com/stamp-duty-what-buyers-and-sellers-must-know,Stamp Duty What Buyers And Sellers Must Know,UNIQUE_LEGAL_INFORMATION_PAGE,missing_not_imported,restore as static/service page or merge to closest practice/service page,/resources/blog/stamp-duty-what-buyers-and-sellers-must-know
https://chamanlawfirm.com/how-to-apply-and-get-a-governors-consent,How To Apply And Get A Governors Consent,UNIQUE_LEGAL_INFORMATION_PAGE,merged_redirected_to_live_page,restore as static/service page or merge to closest practice/service page,/practice-areas/property-real-estate-law/governors-consent
https://chamanlawfirm.com/obtain-letter-of-administration,Obtain Letter Of Administration,UNIQUE_LEGAL_INFORMATION_PAGE,merged_redirected_to_live_page,restore as static/service page or merge to closest practice/service page,/practice-areas/probate-estate-administration
https://chamanlawfirm.com/top-gated-estates-in-ogun-state-chaman-law,Top Gated Estates In Ogun State Chaman Law,UNIQUE_LEGAL_INFORMATION_PAGE,missing_not_imported,restore as static/service page or merge to closest practice/service page,/resources/blog/top-gated-estates-in-ogun-state-chaman-law
https://chamanlawfirm.com/how-to-obtain-government-approvals-and-permits,How To Obtain Government Approvals And Permits,UNIQUE_LEGAL_INFORMATION_PAGE,missing_not_imported,restore as static/service page or merge to closest practice/service page,/resources/blog/how-to-obtain-government-approvals-and-permits
https://chamanlawfirm.com/the-ways-trade-union-activities-are-settled,The Ways Trade Union Activities Are Settled,UNIQUE_LEGAL_INFORMATION_PAGE,missing_not_imported,restore as static/service page or merge to closest practice/service page,/resources/blog/the-ways-trade-union-activities-are-settled
https://chamanlawfirm.com/cyber-bullying-laws-in-nigeria,Cyber Bullying Laws In Nigeria,UNIQUE_LEGAL_INFORMATION_PAGE,missing_not_imported,restore as static/service page or merge to closest practice/service page,/resources/blog/cyber-bullying-laws-in-nigeria
https://chamanlawfirm.com/bankruptcy-and-insolvency-in-nigeria,Bankruptcy And Insolvency In Nigeria,UNIQUE_LEGAL_INFORMATION_PAGE,missing_not_imported,restore as static/service page or merge to closest practice/service page,/resources/blog/bankruptcy-and-insolvency-in-nigeria
https://chamanlawfirm.com/real-estate-agents-and-brokers-in-nigeria,Real Estate Agents And Brokers In Nigeria,UNIQUE_LEGAL_INFORMATION_PAGE,missing_not_imported,restore as static/service page or merge to closest practice/service page,/resources/blog/real-estate-agents-and-brokers-in-nigeria
https://chamanlawfirm.com/understandingof4typesofinvestmentagreements,Understandingof4typesofinvestmentagreements,UNIQUE_LEGAL_INFORMATION_PAGE,missing_not_imported,restore as static/service page or merge to closest practice/service page,/resources/blog/understandingof4typesofinvestmentagreements
https://chamanlawfirm.com/bridge-and-highway-construction-in-nigeria,Bridge And Highway Construction In Nigeria,UNIQUE_LEGAL_INFORMATION_PAGE,missing_not_imported,restore as static/service page or merge to closest practice/service page,/resources/blog/bridge-and-highway-construction-in-nigeria
https://chamanlawfirm.com/how-to-know-the-nature-of-lease-agreement,How To Know The Nature Of Lease Agreement,UNIQUE_LEGAL_INFORMATION_PAGE,missing_not_imported,restore as static/service page or merge to closest practice/service page,/resources/blog/how-to-know-the-nature-of-lease-agreement
https://chamanlawfirm.com/book-consultation,Book Consultation,CONSULTATION_PAGE,missing_not_imported,merge/redirect/retire based on exact intent,/resources/blog/book-consultation
https://chamanlawfirm.com/registration-with-the-nigerian-investment,Registration With The Nigerian Investment,UNIQUE_LEGAL_INFORMATION_PAGE,missing_not_imported,restore as static/service page or merge to closest practice/service page,/resources/blog/registration-with-the-nigerian-investment
https://chamanlawfirm.com/how-to-apmanufacturer-certificate-in-nigeria,How To Apmanufacturer Certificate In Nigeria,UNIQUE_LEGAL_INFORMATION_PAGE,missing_not_imported,restore as static/service page or merge to closest practice/service page,/resources/blog/how-to-apmanufacturer-certificate-in-nigeria
https://chamanlawfirm.com/the-role-of-ethics-in-commercial-law,The Role Of Ethics In Commercial Law,UNIQUE_LEGAL_INFORMATION_PAGE,missing_not_imported,restore as static/service page or merge to closest practice/service page,/resources/blog/the-role-of-ethics-in-commercial-law
https://chamanlawfirm.com/of-role-of-alternative-disputes-in-nigeria,Of Role Of Alternative Disputes In Nigeria,UNIQUE_LEGAL_INFORMATION_PAGE,missing_not_imported,restore as static/service page or merge to closest practice/service page,/resources/blog/of-role-of-alternative-disputes-in-nigeria
https://chamanlawfirm.com/step-by-step-guide-to-buying-properties,Step By Step Guide To Buying Properties,UNIQUE_LEGAL_INFORMATION_PAGE,missing_not_imported,restore as static/service page or merge to closest practice/service page,/resources/blog/step-by-step-guide-to-buying-properties
https://chamanlawfirm.com/how-to-draft-legal-contract,How To Draft Legal Contract,UNIQUE_LEGAL_INFORMATION_PAGE,merged_redirected_to_live_page,restore as static/service page or merge to closest practice/service page,/practice-areas/corporate-commercial-law
https://chamanlawfirm.com/joint-venture-real-estate-projects-in-lagos,Joint Venture Real Estate Projects In Lagos,UNIQUE_LEGAL_INFORMATION_PAGE,missing_not_imported,restore as static/service page or merge to closest practice/service page,/resources/blog/joint-venture-real-estate-projects-in-lagos
https://chamanlawfirm.com/online-payment-system-legal-aspects,Online Payment System Legal Aspects,UNIQUE_LEGAL_INFORMATION_PAGE,missing_not_imported,restore as static/service page or merge to closest practice/service page,/resources/blog/online-payment-system-legal-aspects
https://chamanlawfirm.com/unapproved-buildings-step-by-step-guide,Unapproved Buildings Step By Step Guide,UNIQUE_LEGAL_INFORMATION_PAGE,missing_not_imported,restore as static/service page or merge to closest practice/service page,/resources/blog/unapproved-buildings-step-by-step-guide
https://chamanlawfirm.com/solar-energy-projects,Solar Energy Projects,UNIQUE_LEGAL_INFORMATION_PAGE,missing_not_imported,restore as static/service page or merge to closest practice/service page,/resources/blog/solar-energy-projects
https://chamanlawfirm.com/construction-standard-and-regulations-in-nigeria,Construction Standard And Regulations In Nigeria,UNIQUE_LEGAL_INFORMATION_PAGE,missing_not_imported,restore as static/service page or merge to closest practice/service page,/resources/blog/construction-standard-and-regulations-in-nigeria
https://chamanlawfirm.com/government-ministries-and-parastatals,Government Ministries And Parastatals,UNIQUE_LEGAL_INFORMATION_PAGE,missing_not_imported,restore as static/service page or merge to closest practice/service page,/resources/blog/government-ministries-and-parastatals
https://chamanlawfirm.com/environmental-law-and-climate-change,Environmental Law And Climate Change,UNIQUE_LEGAL_INFORMATION_PAGE,missing_not_imported,restore as static/service page or merge to closest practice/service page,/resources/blog/environmental-law-and-climate-change
https://chamanlawfirm.com/3-cybersecurity-laws-and-regulations-in-nig,3 Cybersecurity Laws And Regulations In Nig,UNIQUE_LEGAL_INFORMATION_PAGE,missing_not_imported,restore as static/service page or merge to closest practice/service page,/resources/blog/3-cybersecurity-laws-and-regulations-in-nig
https://chamanlawfirm.com/telecom-infrastructure-projects-in-nigeria,Telecom Infrastructure Projects In Nigeria,UNIQUE_LEGAL_INFORMATION_PAGE,missing_not_imported,restore as static/service page or merge to closest practice/service page,/resources/blog/telecom-infrastructure-projects-in-nigeria
https://chamanlawfirm.com/the-industrial-incentives-in-nigeria,The Industrial Incentives In Nigeria,UNIQUE_LEGAL_INFORMATION_PAGE,missing_not_imported,restore as static/service page or merge to closest practice/service page,/resources/blog/the-industrial-incentives-in-nigeria
https://chamanlawfirm.com/performance-bonds-and-guarantees,Performance Bonds And Guarantees,UNIQUE_LEGAL_INFORMATION_PAGE,missing_not_imported,restore as static/service page or merge to closest practice/service page,/resources/blog/performance-bonds-and-guarantees
https://chamanlawfirm.com/railway-and-transit-construction,Railway And Transit Construction,UNIQUE_LEGAL_INFORMATION_PAGE,missing_not_imported,restore as static/service page or merge to closest practice/service page,/resources/blog/railway-and-transit-construction
https://chamanlawfirm.com/fire-safety-regulations-in-nigeria,Fire Safety Regulations In Nigeria,UNIQUE_LEGAL_INFORMATION_PAGE,missing_not_imported,restore as static/service page or merge to closest practice/service page,/resources/blog/fire-safety-regulations-in-nigeria
https://chamanlawfirm.com/how-to-seek-redress-in-human-rights-violatio,How To Seek Redress In Human Rights Violatio,UNIQUE_LEGAL_INFORMATION_PAGE,missing_not_imported,restore as static/service page or merge to closest practice/service page,/resources/blog/how-to-seek-redress-in-human-rights-violatio
https://chamanlawfirm.com/legal-steps-in-nigeria,Legal Steps In Nigeria,UNIQUE_LEGAL_INFORMATION_PAGE,missing_not_imported,restore as static/service page or merge to closest practice/service page,/resources/blog/legal-steps-in-nigeria
https://chamanlawfirm.com/enforcement-of-arbitral-award,Enforcement Of Arbitral Award,UNIQUE_LEGAL_INFORMATION_PAGE,merged_redirected_to_live_page,restore as static/service page or merge to closest practice/service page,/practice-areas/adr-mediation
https://chamanlawfirm.com/non-disclosure-agreement-nda-lawyer-5-effic,Non Disclosure Agreement Nda Lawyer 5 Effic,LAWYER_PROFILE,missing_not_imported,merge/redirect/retire based on exact intent,/resources/blog/non-disclosure-agreement-nda-lawyer-5-effic
https://chamanlawfirm.com/an-overview-onder-the-nigerian-customary-law,An Overview Onder The Nigerian Customary Law,UNIQUE_LEGAL_INFORMATION_PAGE,missing_not_imported,restore as static/service page or merge to closest practice/service page,/resources/blog/an-overview-onder-the-nigerian-customary-law
https://chamanlawfirm.com/newblogpost-zlsyg1admisibility-of-computer-g,Newblogpost Zlsyg1admisibility Of Computer G,UNIQUE_LEGAL_INFORMATION_PAGE,missing_not_imported,restore as static/service page or merge to closest practice/service page,/resources/blog/newblogpost-zlsyg1admisibility-of-computer-g
https://chamanlawfirm.com/consumer-protection-and-disputes-resolution,Consumer Protection And Disputes Resolution,UNIQUE_LEGAL_INFORMATION_PAGE,missing_not_imported,restore as static/service page or merge to closest practice/service page,/resources/blog/consumer-protection-and-disputes-resolution
https://chamanlawfirm.com/insurance-coverage-for-construction-in-nigeria,Insurance Coverage For Construction In Nigeria,UNIQUE_LEGAL_INFORMATION_PAGE,missing_not_imported,restore as static/service page or merge to closest practice/service page,/resources/blog/insurance-coverage-for-construction-in-nigeria
https://chamanlawfirm.com/minimum-wage-and-the-regulatory-laws,Minimum Wage And The Regulatory Laws,UNIQUE_LEGAL_INFORMATION_PAGE,missing_not_imported,restore as static/service page or merge to closest practice/service page,/resources/blog/minimum-wage-and-the-regulatory-laws
https://chamanlawfirm.com/how-to-get-a-nigerian-ip-address-using-vpn,How To Get A Nigerian Ip Address Using Vpn,UNIQUE_LEGAL_INFORMATION_PAGE,missing_not_imported,restore as static/service page or merge to closest practice/service page,/resources/blog/how-to-get-a-nigerian-ip-address-using-vpn
https://chamanlawfirm.com/challenges-of-urbanization-in-nigerian,Challenges Of Urbanization In Nigerian,UNIQUE_LEGAL_INFORMATION_PAGE,missing_not_imported,restore as static/service page or merge to closest practice/service page,/resources/blog/challenges-of-urbanization-in-nigerian
https://chamanlawfirm.com/retention-money-in-construction-contracts,Retention Money In Construction Contracts,UNIQUE_LEGAL_INFORMATION_PAGE,missing_not_imported,restore as static/service page or merge to closest practice/service page,/resources/blog/retention-money-in-construction-contracts
https://chamanlawfirm.com/discover-real-estate-hotspots-in-ogun-state,Discover Real Estate Hotspots In Ogun State,UNIQUE_LEGAL_INFORMATION_PAGE,missing_not_imported,restore as static/service page or merge to closest practice/service page,/resources/blog/discover-real-estate-hotspots-in-ogun-state
https://chamanlawfirm.com/how-to-lodge-complaint-against-banks-in-nigeria,How To Lodge Complaint Against Banks In Nigeria,UNIQUE_LEGAL_INFORMATION_PAGE,missing_not_imported,restore as static/service page or merge to closest practice/service page,/resources/blog/how-to-lodge-complaint-against-banks-in-nigeria
https://chamanlawfirm.com/how-to-file-a-complaint-with-commission,How To File A Complaint With Commission,UNIQUE_LEGAL_INFORMATION_PAGE,missing_not_imported,restore as static/service page or merge to closest practice/service page,/resources/blog/how-to-file-a-complaint-with-commission
https://chamanlawfirm.com/powerful-ways-on-adoption-services,Powerful Ways On Adoption Services,UNIQUE_LEGAL_INFORMATION_PAGE,missing_not_imported,restore as static/service page or merge to closest practice/service page,/resources/blog/powerful-ways-on-adoption-services
https://chamanlawfirm.com/consequences-of-intestacy-on-business,Consequences Of Intestacy On Business,UNIQUE_LEGAL_INFORMATION_PAGE,missing_not_imported,restore as static/service page or merge to closest practice/service page,/resources/blog/consequences-of-intestacy-on-business
https://chamanlawfirm.com/5-cyber-law-and-digital-rights-management,5 Cyber Law And Digital Rights Management,UNIQUE_LEGAL_INFORMATION_PAGE,missing_not_imported,restore as static/service page or merge to closest practice/service page,/resources/blog/5-cyber-law-and-digital-rights-management
https://chamanlawfirm.com/requirements-for-starting-a-business-in-nigeria,Requirements For Starting A Business In Nigeria,UNIQUE_LEGAL_INFORMATION_PAGE,merged_redirected_to_live_page,restore as static/service page or merge to closest practice/service page,/practice-areas/corporate-commercial-law/company-startup-compliance-advisory
https://chamanlawfirm.com/retail-advertising-and-marketing-law-in-nigeria,Retail Advertising And Marketing Law In Nigeria,UNIQUE_LEGAL_INFORMATION_PAGE,missing_not_imported,restore as static/service page or merge to closest practice/service page,/resources/blog/retail-advertising-and-marketing-law-in-nigeria
https://chamanlawfirm.com/nuisance-and-trespass,Nuisance And Trespass,UNIQUE_LEGAL_INFORMATION_PAGE,missing_not_imported,restore as static/service page or merge to closest practice/service page,/resources/blog/nuisance-and-trespass
https://chamanlawfirm.com/an-examination-of-the-employees-compensation-act,An Examination Of The Employees Compensation Act,UNIQUE_LEGAL_INFORMATION_PAGE,missing_not_imported,restore as static/service page or merge to closest practice/service page,/resources/blog/an-examination-of-the-employees-compensation-act
https://chamanlawfirm.com/limitations-of-foreign-investments-in-nigeria,Limitations Of Foreign Investments In Nigeria,UNIQUE_LEGAL_INFORMATION_PAGE,missing_not_imported,restore as static/service page or merge to closest practice/service page,/resources/blog/limitations-of-foreign-investments-in-nigeria
https://chamanlawfirm.com/import-and-export-procedures-in-nigeria,Import And Export Procedures In Nigeria,UNIQUE_LEGAL_INFORMATION_PAGE,missing_not_imported,restore as static/service page or merge to closest practice/service page,/resources/blog/import-and-export-procedures-in-nigeria
https://chamanlawfirm.com/employment-law-7-compliance-for-nigerian,Employment Law 7 Compliance For Nigerian,UNIQUE_LEGAL_INFORMATION_PAGE,merged_redirected_to_live_page,restore as static/service page or merge to closest practice/service page,/practice-areas/employment-law/workplace-compliance-advisory
https://chamanlawfirm.com/peaceful-assembly-and-association,Peaceful Assembly And Association,UNIQUE_LEGAL_INFORMATION_PAGE,missing_not_imported,restore as static/service page or merge to closest practice/service page,/resources/blog/peaceful-assembly-and-association
https://chamanlawfirm.com/what-step-should-i-take-if-someone-encroaches,What Step Should I Take If Someone Encroaches,UNIQUE_LEGAL_INFORMATION_PAGE,missing_not_imported,restore as static/service page or merge to closest practice/service page,/resources/blog/what-step-should-i-take-if-someone-encroaches
https://chamanlawfirm.com/understanding-intestate-succession-in-nigeria,Understanding Intestate Succession In Nigeria,UNIQUE_LEGAL_INFORMATION_PAGE,missing_not_imported,restore as static/service page or merge to closest practice/service page,/resources/blog/understanding-intestate-succession-in-nigeria
https://chamanlawfirm.com/corporate-governance-and-ethical-responsibility,Corporate Governance And Ethical Responsibility,UNIQUE_LEGAL_INFORMATION_PAGE,merged_redirected_to_live_page,restore as static/service page or merge to closest practice/service page,/practice-areas/corporate-commercial-law
https://chamanlawfirm.com/powerful-steps-raising-capital-in-nigeria,Powerful Steps Raising Capital In Nigeria,UNIQUE_LEGAL_INFORMATION_PAGE,missing_not_imported,restore as static/service page or merge to closest practice/service page,/resources/blog/powerful-steps-raising-capital-in-nigeria
https://chamanlawfirm.com/understanding-the-nigerian-tax-law,Understanding The Nigerian Tax Law,UNIQUE_LEGAL_INFORMATION_PAGE,missing_not_imported,restore as static/service page or merge to closest practice/service page,/resources/blog/understanding-the-nigerian-tax-law
https://chamanlawfirm.com/how-do-i-draft-a-tenancy-agreement,How Do I Draft A Tenancy Agreement,UNIQUE_LEGAL_INFORMATION_PAGE,missing_not_imported,restore as static/service page or merge to closest practice/service page,/resources/blog/how-do-i-draft-a-tenancy-agreement
https://chamanlawfirm.com/nigeria-leading-immigration-lawyers,Nigeria Leading Immigration Lawyers,LAWYER_PROFILE,missing_not_imported,merge/redirect/retire based on exact intent,/resources/blog/nigeria-leading-immigration-lawyers
https://chamanlawfirm.com/what-are-arbitrable-matters,What Are Arbitrable Matters,UNIQUE_LEGAL_INFORMATION_PAGE,missing_not_imported,restore as static/service page or merge to closest practice/service page,/resources/blog/what-are-arbitrable-matters
https://chamanlawfirm.com/legal-issues-in-binding-settlement-agreements,Legal Issues In Binding Settlement Agreements,UNIQUE_LEGAL_INFORMATION_PAGE,missing_not_imported,restore as static/service page or merge to closest practice/service page,/resources/blog/legal-issues-in-binding-settlement-agreements
https://chamanlawfirm.com/what-are-the-duties-of-parties-to-an-agency-agreement-introduction,What Are The Duties Of Parties To An Agency Agreement Introduction,UNIQUE_LEGAL_INFORMATION_PAGE,missing_not_imported,restore as static/service page or merge to closest practice/service page,/resources/blog/what-are-the-duties-of-parties-to-an-agency-agreement-introduction
https://chamanlawfirm.com/guide-to-hire-lawyers-and-law-firms-in-nigeria,Guide To Hire Lawyers And Law Firms In Nigeria,LAWYER_PROFILE,missing_not_imported,merge/redirect/retire based on exact intent,/resources/blog/guide-to-hire-lawyers-and-law-firms-in-nigeria
https://chamanlawfirm.com/draft-and-negotiation-in-lease-agreement,Draft And Negotiation In Lease Agreement,UNIQUE_LEGAL_INFORMATION_PAGE,missing_not_imported,restore as static/service page or merge to closest practice/service page,/resources/blog/draft-and-negotiation-in-lease-agreement
https://chamanlawfirm.com/bank-disputes-in-nigeria-modes-of-resolution,Bank Disputes In Nigeria Modes Of Resolution,UNIQUE_LEGAL_INFORMATION_PAGE,missing_not_imported,restore as static/service page or merge to closest practice/service page,/resources/blog/bank-disputes-in-nigeria-modes-of-resolution
https://chamanlawfirm.com/powerful-steps-who-may-adopt,Powerful Steps Who May Adopt,UNIQUE_LEGAL_INFORMATION_PAGE,missing_not_imported,restore as static/service page or merge to closest practice/service page,/resources/blog/powerful-steps-who-may-adopt
https://chamanlawfirm.com/health-and-safety-measures-in-construction,Health And Safety Measures In Construction,UNIQUE_LEGAL_INFORMATION_PAGE,missing_not_imported,restore as static/service page or merge to closest practice/service page,/resources/blog/health-and-safety-measures-in-construction
https://chamanlawfirm.com/impact-of-trade-policies-on-nigerian-business,Impact Of Trade Policies On Nigerian Business,UNIQUE_LEGAL_INFORMATION_PAGE,merged_redirected_to_live_page,restore as static/service page or merge to closest practice/service page,/practice-areas/corporate-commercial-law
https://chamanlawfirm.com/what-is-a-demand-letters,What Is A Demand Letters,UNIQUE_LEGAL_INFORMATION_PAGE,missing_not_imported,restore as static/service page or merge to closest practice/service page,/resources/blog/what-is-a-demand-letters
https://chamanlawfirm.com/overview-of-self-incrimination,Overview Of Self Incrimination,UNIQUE_LEGAL_INFORMATION_PAGE,missing_not_imported,restore as static/service page or merge to closest practice/service page,/resources/blog/overview-of-self-incrimination
https://chamanlawfirm.com/all-you-need-to-know-about-the-e-manifest,All You Need To Know About The E Manifest,UNIQUE_LEGAL_INFORMATION_PAGE,missing_not_imported,restore as static/service page or merge to closest practice/service page,/resources/blog/all-you-need-to-know-about-the-e-manifest
https://chamanlawfirm.com/resolving-disputes-over-properties,Resolving Disputes Over Properties,UNIQUE_LEGAL_INFORMATION_PAGE,missing_not_imported,restore as static/service page or merge to closest practice/service page,/resources/blog/resolving-disputes-over-properties
https://chamanlawfirm.com/alternative-dispute-resolution-in-real-estate,Alternative Dispute Resolution In Real Estate,UNIQUE_LEGAL_INFORMATION_PAGE,missing_not_imported,restore as static/service page or merge to closest practice/service page,/resources/blog/alternative-dispute-resolution-in-real-estate
https://chamanlawfirm.com/legal-aspects-of-product-liability,Legal Aspects Of Product Liability,UNIQUE_LEGAL_INFORMATION_PAGE,missing_not_imported,restore as static/service page or merge to closest practice/service page,/resources/blog/legal-aspects-of-product-liability
https://chamanlawfirm.com/remedies-for-breach-of-promise-to-marry,Remedies For Breach Of Promise To Marry,UNIQUE_LEGAL_INFORMATION_PAGE,missing_not_imported,restore as static/service page or merge to closest practice/service page,/resources/blog/remedies-for-breach-of-promise-to-marry
https://chamanlawfirm.com/companies-purchasing-properties-companies,Companies Purchasing Properties Companies,UNIQUE_LEGAL_INFORMATION_PAGE,missing_not_imported,restore as static/service page or merge to closest practice/service page,/resources/blog/companies-purchasing-properties-companies
https://chamanlawfirm.com/moderationlaw-navigating-the-dynamic-digital,Moderationlaw Navigating The Dynamic Digital,UNIQUE_LEGAL_INFORMATION_PAGE,missing_not_imported,restore as static/service page or merge to closest practice/service page,/resources/blog/moderationlaw-navigating-the-dynamic-digital
https://chamanlawfirm.com/the-concept-of-alimony-law,The Concept Of Alimony Law,UNIQUE_LEGAL_INFORMATION_PAGE,missing_not_imported,restore as static/service page or merge to closest practice/service page,/resources/blog/the-concept-of-alimony-law
https://chamanlawfirm.com/fccpc-requirements-for-money-lending-companies,Fccpc Requirements For Money Lending Companies,UNIQUE_LEGAL_INFORMATION_PAGE,missing_not_imported,restore as static/service page or merge to closest practice/service page,/resources/blog/fccpc-requirements-for-money-lending-companies
https://chamanlawfirm.com/healthcare-facility-construction-in-nigeria,Healthcare Facility Construction In Nigeria,UNIQUE_LEGAL_INFORMATION_PAGE,missing_not_imported,restore as static/service page or merge to closest practice/service page,/resources/blog/healthcare-facility-construction-in-nigeria
https://chamanlawfirm.com/get-a-paymaster-and-escrow-attorney-in-nig-m,Get A Paymaster And Escrow Attorney In Nig M,LAWYER_PROFILE,missing_not_imported,merge/redirect/retire based on exact intent,/resources/blog/get-a-paymaster-and-escrow-attorney-in-nig-m
https://chamanlawfirm.com/powerful-steps-rights-of-an-employee-under,Powerful Steps Rights Of An Employee Under,UNIQUE_LEGAL_INFORMATION_PAGE,missing_not_imported,restore as static/service page or merge to closest practice/service page,/resources/blog/powerful-steps-rights-of-an-employee-under
https://chamanlawfirm.com/role-of-the-lagos-special-task-force,Role Of The Lagos Special Task Force,UNIQUE_LEGAL_INFORMATION_PAGE,missing_not_imported,restore as static/service page or merge to closest practice/service page,/resources/blog/role-of-the-lagos-special-task-force
https://chamanlawfirm.com/rights-of-stateless-persons-in-nigeria,Rights Of Stateless Persons In Nigeria,UNIQUE_LEGAL_INFORMATION_PAGE,missing_not_imported,restore as static/service page or merge to closest practice/service page,/resources/blog/rights-of-stateless-persons-in-nigeria
https://chamanlawfirm.com/legal-news-and-updates,Legal News And Updates,UNIQUE_LEGAL_INFORMATION_PAGE,missing_not_imported,restore as static/service page or merge to closest practice/service page,/resources/blog/legal-news-and-updates
https://chamanlawfirm.com/legal-considerations-in-real-estate-investing,Legal Considerations In Real Estate Investing,UNIQUE_LEGAL_INFORMATION_PAGE,missing_not_imported,restore as static/service page or merge to closest practice/service page,/resources/blog/legal-considerations-in-real-estate-investing
https://chamanlawfirm.com/dispute-resolution-in-nigerian-construction,Dispute Resolution In Nigerian Construction,UNIQUE_LEGAL_INFORMATION_PAGE,missing_not_imported,restore as static/service page or merge to closest practice/service page,/resources/blog/dispute-resolution-in-nigerian-construction
https://chamanlawfirm.com/rural-infrastructure-development-in-nigeria,Rural Infrastructure Development In Nigeria,UNIQUE_LEGAL_INFORMATION_PAGE,missing_not_imported,restore as static/service page or merge to closest practice/service page,/resources/blog/rural-infrastructure-development-in-nigeria
https://chamanlawfirm.com/the-lagos-state-building-control-agency,The Lagos State Building Control Agency,UNIQUE_LEGAL_INFORMATION_PAGE,missing_not_imported,restore as static/service page or merge to closest practice/service page,/resources/blog/the-lagos-state-building-control-agency
https://chamanlawfirm.com/property-titles-in-nigeria,Property Titles In Nigeria,UNIQUE_LEGAL_INFORMATION_PAGE,missing_not_imported,restore as static/service page or merge to closest practice/service page,/resources/blog/property-titles-in-nigeria
https://chamanlawfirm.com/telecommunication-projects-in-nigeria,Telecommunication Projects In Nigeria,UNIQUE_LEGAL_INFORMATION_PAGE,missing_not_imported,restore as static/service page or merge to closest practice/service page,/resources/blog/telecommunication-projects-in-nigeria
https://chamanlawfirm.com/tips-to-conducting-home-inspections-in-nigeria,Tips To Conducting Home Inspections In Nigeria,UNIQUE_LEGAL_INFORMATION_PAGE,missing_not_imported,restore as static/service page or merge to closest practice/service page,/resources/blog/tips-to-conducting-home-inspections-in-nigeria
https://chamanlawfirm.com/legal-expert-ondrug-offenses,Legal Expert Ondrug Offenses,UNIQUE_LEGAL_INFORMATION_PAGE,missing_not_imported,restore as static/service page or merge to closest practice/service page,/resources/blog/legal-expert-ondrug-offenses
https://chamanlawfirm.com/managing-cross-border-disputes-in-nigeria,Managing Cross Border Disputes In Nigeria,UNIQUE_LEGAL_INFORMATION_PAGE,missing_not_imported,restore as static/service page or merge to closest practice/service page,/resources/blog/managing-cross-border-disputes-in-nigeria
https://chamanlawfirm.com/the-requirements-for-fencing-approval,The Requirements For Fencing Approval,UNIQUE_LEGAL_INFORMATION_PAGE,missing_not_imported,restore as static/service page or merge to closest practice/service page,/resources/blog/the-requirements-for-fencing-approval
https://chamanlawfirm.com/role-of-the-judiciary-in-nigerian-democracy,Role Of The Judiciary In Nigerian Democracy,UNIQUE_LEGAL_INFORMATION_PAGE,missing_not_imported,restore as static/service page or merge to closest practice/service page,/resources/blog/role-of-the-judiciary-in-nigerian-democracy
https://chamanlawfirm.com/how-to-register-a-business-name-in-nigeria-2024,How To Register A Business Name In Nigeria 2024,UNIQUE_LEGAL_INFORMATION_PAGE,merged_redirected_to_live_page,restore as static/service page or merge to closest practice/service page,/practice-areas/corporate-commercial-law/business-name-registration-advisory
https://chamanlawfirm.com/impact-of-regulatory-changes-on-business,Impact Of Regulatory Changes On Business,UNIQUE_LEGAL_INFORMATION_PAGE,merged_redirected_to_live_page,restore as static/service page or merge to closest practice/service page,/practice-areas/corporate-commercial-law
https://chamanlawfirm.com/how-to-get-a-scuml-certificate,How To Get A Scuml Certificate,UNIQUE_LEGAL_INFORMATION_PAGE,missing_not_imported,restore as static/service page or merge to closest practice/service page,/resources/blog/how-to-get-a-scuml-certificate
https://chamanlawfirm.com/impact-of-technology-on-real-estate,Impact Of Technology On Real Estate,UNIQUE_LEGAL_INFORMATION_PAGE,missing_not_imported,restore as static/service page or merge to closest practice/service page,/resources/blog/impact-of-technology-on-real-estate
https://chamanlawfirm.com/5-essential-steps-for-establishing-legal-paternity-and-maternity,5 Essential Steps For Establishing Legal Paternity And Maternity,UNIQUE_LEGAL_INFORMATION_PAGE,missing_not_imported,restore as static/service page or merge to closest practice/service page,/resources/blog/5-essential-steps-for-establishing-legal-paternity-and-maternity
https://chamanlawfirm.com/commercial-mixed-use-projects-in-nigeria,Commercial Mixed Use Projects In Nigeria,UNIQUE_LEGAL_INFORMATION_PAGE,missing_not_imported,restore as static/service page or merge to closest practice/service page,/resources/blog/commercial-mixed-use-projects-in-nigeria
https://chamanlawfirm.com/innovative-material-techniques-in-construction,Innovative Material Techniques In Construction,UNIQUE_LEGAL_INFORMATION_PAGE,missing_not_imported,restore as static/service page or merge to closest practice/service page,/resources/blog/innovative-material-techniques-in-construction
https://chamanlawfirm.com/why-is-governors-consent-compulsory,Why Is Governors Consent Compulsory,UNIQUE_LEGAL_INFORMATION_PAGE,merged_redirected_to_live_page,restore as static/service page or merge to closest practice/service page,/practice-areas/property-real-estate-law/governors-consent
https://chamanlawfirm.com/modular-construction-in-nigeria,Modular Construction In Nigeria,UNIQUE_LEGAL_INFORMATION_PAGE,missing_not_imported,restore as static/service page or merge to closest practice/service page,/resources/blog/modular-construction-in-nigeria
https://chamanlawfirm.com/renovation-and-restoration-projects-in-nigeria,Renovation And Restoration Projects In Nigeria,UNIQUE_LEGAL_INFORMATION_PAGE,missing_not_imported,restore as static/service page or merge to closest practice/service page,/resources/blog/renovation-and-restoration-projects-in-nigeria
https://chamanlawfirm.com/what-challenges-are-associated-with-resolving-boundary-disputes-in-nigeria,What Challenges Are Associated With Resolving Boundary Disputes In Nigeria,UNIQUE_LEGAL_INFORMATION_PAGE,missing_not_imported,restore as static/service page or merge to closest practice/service page,/resources/blog/what-challenges-are-associated-with-resolving-boundary-disputes-in-nigeria
https://chamanlawfirm.com/building-demolition-key-steps-to-compliance,Building Demolition Key Steps To Compliance,UNIQUE_LEGAL_INFORMATION_PAGE,missing_not_imported,restore as static/service page or merge to closest practice/service page,/resources/blog/building-demolition-key-steps-to-compliance
https://chamanlawfirm.com/nigerian-data-protection-regulation-2019,Nigerian Data Protection Regulation 2019,UNIQUE_LEGAL_INFORMATION_PAGE,missing_not_imported,restore as static/service page or merge to closest practice/service page,/resources/blog/nigerian-data-protection-regulation-2019
https://chamanlawfirm.com/nigerias-security-law,Nigerias Security Law,UNIQUE_LEGAL_INFORMATION_PAGE,missing_not_imported,restore as static/service page or merge to closest practice/service page,/resources/blog/nigerias-security-law
https://chamanlawfirm.com/how-to-get-your-money-back-bank-transfer,How To Get Your Money Back Bank Transfer,UNIQUE_LEGAL_INFORMATION_PAGE,missing_not_imported,restore as static/service page or merge to closest practice/service page,/resources/blog/how-to-get-your-money-back-bank-transfer
https://chamanlawfirm.com/environmental-impact-assessments,Environmental Impact Assessments,UNIQUE_LEGAL_INFORMATION_PAGE,missing_not_imported,restore as static/service page or merge to closest practice/service page,/resources/blog/environmental-impact-assessments
https://chamanlawfirm.com/a-complete-guide-on-how-to-legalize-or-attes,A Complete Guide On How To Legalize Or Attes,UNIQUE_LEGAL_INFORMATION_PAGE,missing_not_imported,restore as static/service page or merge to closest practice/service page,/resources/blog/a-complete-guide-on-how-to-legalize-or-attes
https://chamanlawfirm.com/road-construction-project,Road Construction Project,UNIQUE_LEGAL_INFORMATION_PAGE,missing_not_imported,restore as static/service page or merge to closest practice/service page,/resources/blog/road-construction-project
https://chamanlawfirm.com/public-complaint-commission-in-nigeria,Public Complaint Commission In Nigeria,UNIQUE_LEGAL_INFORMATION_PAGE,missing_not_imported,restore as static/service page or merge to closest practice/service page,/resources/blog/public-complaint-commission-in-nigeria
https://chamanlawfirm.com/extension-of-time-in-construction,Extension Of Time In Construction,UNIQUE_LEGAL_INFORMATION_PAGE,missing_not_imported,restore as static/service page or merge to closest practice/service page,/resources/blog/extension-of-time-in-construction
https://chamanlawfirm.com/autonomous-vehicles-nigerian-traffic-law,Autonomous Vehicles Nigerian Traffic Law,UNIQUE_LEGAL_INFORMATION_PAGE,missing_not_imported,restore as static/service page or merge to closest practice/service page,/resources/blog/autonomous-vehicles-nigerian-traffic-law
https://chamanlawfirm.com/nigerian-e-commerce-operations,Nigerian E Commerce Operations,UNIQUE_LEGAL_INFORMATION_PAGE,missing_not_imported,restore as static/service page or merge to closest practice/service page,/resources/blog/nigerian-e-commerce-operations
https://chamanlawfirm.com/mastering-commercial-dispute-resolution,Mastering Commercial Dispute Resolution,UNIQUE_LEGAL_INFORMATION_PAGE,missing_not_imported,restore as static/service page or merge to closest practice/service page,/resources/blog/mastering-commercial-dispute-resolution
https://chamanlawfirm.com/newblogpost-zjlntshistory-of-womens-right-in-nigeria,Newblogpost Zjlntshistory Of Womens Right In Nigeria,UNIQUE_LEGAL_INFORMATION_PAGE,missing_not_imported,restore as static/service page or merge to closest practice/service page,/resources/blog/newblogpost-zjlntshistory-of-womens-right-in-nigeria
https://chamanlawfirm.com/legal-development-scheme-and-labour-city,Legal Development Scheme And Labour City,UNIQUE_LEGAL_INFORMATION_PAGE,missing_not_imported,restore as static/service page or merge to closest practice/service page,/resources/blog/legal-development-scheme-and-labour-city
https://chamanlawfirm.com/what-is-community-land-in-nigeria-and-how-is-it-understood,What Is Community Land In Nigeria And How Is It Understood,UNIQUE_LEGAL_INFORMATION_PAGE,missing_not_imported,restore as static/service page or merge to closest practice/service page,/resources/blog/what-is-community-land-in-nigeria-and-how-is-it-understood
https://chamanlawfirm.com/the-crucial-impact-of-ageofconsentprotection,The Crucial Impact Of Ageofconsentprotection,UNIQUE_LEGAL_INFORMATION_PAGE,missing_not_imported,restore as static/service page or merge to closest practice/service page,/resources/blog/the-crucial-impact-of-ageofconsentprotection
https://chamanlawfirm.com/cyber-law-in-nigeria,Cyber Law In Nigeria,UNIQUE_LEGAL_INFORMATION_PAGE,missing_not_imported,restore as static/service page or merge to closest practice/service page,/resources/blog/cyber-law-in-nigeria
https://chamanlawfirm.com/proven-steps-qualities-of-good-mediator,Proven Steps Qualities Of Good Mediator,UNIQUE_LEGAL_INFORMATION_PAGE,merged_redirected_to_live_page,restore as static/service page or merge to closest practice/service page,/practice-areas/adr-mediation/mediator-selection-and-quality-advisory
https://chamanlawfirm.com/high-rise-construction-challenges-in-nigeria,High Rise Construction Challenges In Nigeria,UNIQUE_LEGAL_INFORMATION_PAGE,missing_not_imported,restore as static/service page or merge to closest practice/service page,/resources/blog/high-rise-construction-challenges-in-nigeria
https://chamanlawfirm.com/importance-of-energy-and-natural-resources-law,Importance Of Energy And Natural Resources Law,UNIQUE_LEGAL_INFORMATION_PAGE,missing_not_imported,restore as static/service page or merge to closest practice/service page,/resources/blog/importance-of-energy-and-natural-resources-law
https://chamanlawfirm.com/overview-of-real-estate-law-in-nigeria,Overview Of Real Estate Law In Nigeria,UNIQUE_LEGAL_INFORMATION_PAGE,missing_not_imported,restore as static/service page or merge to closest practice/service page,/resources/blog/overview-of-real-estate-law-in-nigeria
https://chamanlawfirm.com/how-do-i-appoint-a-lawyer-to-represent-me,How Do I Appoint A Lawyer To Represent Me,LAWYER_PROFILE,missing_not_imported,merge/redirect/retire based on exact intent,/resources/blog/how-do-i-appoint-a-lawyer-to-represent-me
https://chamanlawfirm.com/how-to-convert-a-sole-proprietorship,How To Convert A Sole Proprietorship,UNIQUE_LEGAL_INFORMATION_PAGE,missing_not_imported,restore as static/service page or merge to closest practice/service page,/resources/blog/how-to-convert-a-sole-proprietorship
https://chamanlawfirm.com/litigation-lawyers-in-nigeria,Litigation Lawyers In Nigeria,LAWYER_PROFILE,missing_not_imported,merge/redirect/retire based on exact intent,/resources/blog/litigation-lawyers-in-nigeria
https://chamanlawfirm.com/importance-of-biometric-data-protection,Importance Of Biometric Data Protection,UNIQUE_LEGAL_INFORMATION_PAGE,missing_not_imported,restore as static/service page or merge to closest practice/service page,/resources/blog/importance-of-biometric-data-protection
https://chamanlawfirm.com/how-to-obtain-letter-of-administration-in-nigeria,How To Obtain Letter Of Administration In Nigeria,UNIQUE_LEGAL_INFORMATION_PAGE,merged_redirected_to_live_page,restore as static/service page or merge to closest practice/service page,/practice-areas/probate-estate-administration
https://chamanlawfirm.com/necessary-document-to-prepare-upon-relocation,Necessary Document To Prepare Upon Relocation,UNIQUE_LEGAL_INFORMATION_PAGE,missing_not_imported,restore as static/service page or merge to closest practice/service page,/resources/blog/necessary-document-to-prepare-upon-relocation
https://chamanlawfirm.com/powerful-steps-probate-lawyer-in-nigeria,Powerful Steps Probate Lawyer In Nigeria,LAWYER_PROFILE,missing_not_imported,merge/redirect/retire based on exact intent,/resources/blog/powerful-steps-probate-lawyer-in-nigeria
https://chamanlawfirm.com/strategies-to-protect-your-real-estate,Strategies To Protect Your Real Estate,UNIQUE_LEGAL_INFORMATION_PAGE,missing_not_imported,restore as static/service page or merge to closest practice/service page,/resources/blog/strategies-to-protect-your-real-estate
https://chamanlawfirm.com/joint-ventures-in-construction-projects,Joint Ventures In Construction Projects,UNIQUE_LEGAL_INFORMATION_PAGE,missing_not_imported,restore as static/service page or merge to closest practice/service page,/resources/blog/joint-ventures-in-construction-projects
https://chamanlawfirm.com/navigating-legal-surrogacy-in-nigeria,Navigating Legal Surrogacy In Nigeria,UNIQUE_LEGAL_INFORMATION_PAGE,missing_not_imported,restore as static/service page or merge to closest practice/service page,/resources/blog/navigating-legal-surrogacy-in-nigeria
https://chamanlawfirm.com/understanding-the-lagos-state-amnesty-progra,Understanding The Lagos State Amnesty Progra,UNIQUE_LEGAL_INFORMATION_PAGE,missing_not_imported,restore as static/service page or merge to closest practice/service page,/resources/blog/understanding-the-lagos-state-amnesty-progra
https://chamanlawfirm.com/real-estate-practice-in-nigeria,Real Estate Practice In Nigeria,UNIQUE_LEGAL_INFORMATION_PAGE,missing_not_imported,restore as static/service page or merge to closest practice/service page,/resources/blog/real-estate-practice-in-nigeria
https://chamanlawfirm.com/ip-real-estate-development-the-role-of,Ip Real Estate Development The Role Of,UNIQUE_LEGAL_INFORMATION_PAGE,missing_not_imported,restore as static/service page or merge to closest practice/service page,/resources/blog/ip-real-estate-development-the-role-of
https://chamanlawfirm.com/handling-cross-border-insolvency-issues,Handling Cross Border Insolvency Issues,UNIQUE_LEGAL_INFORMATION_PAGE,missing_not_imported,restore as static/service page or merge to closest practice/service page,/resources/blog/handling-cross-border-insolvency-issues
https://chamanlawfirm.com/real-estate-syndication-and-group-investment-in-nigeria-a-comprehensive-guide,Real Estate Syndication And Group Investment In Nigeria A Comprehensive Guide,UNIQUE_LEGAL_INFORMATION_PAGE,missing_not_imported,restore as static/service page or merge to closest practice/service page,/resources/blog/real-estate-syndication-and-group-investment-in-nigeria-a-comprehensive-guide
https://chamanlawfirm.com/empowering-safe-construction,Empowering Safe Construction,UNIQUE_LEGAL_INFORMATION_PAGE,missing_not_imported,restore as static/service page or merge to closest practice/service page,/resources/blog/empowering-safe-construction
https://chamanlawfirm.com/post-description-investing-in-retail-spaces-and-shopping-malls-in-nigeria-can-be-a-profitable-venture-this-article-explores-the-advantages-key-considerations-and-strategies-for-success-in-this-growin,Post Description Investing In Retail Spaces And Shopping Malls In Nigeria Can Be A Profitable Venture This Article Explores The Advantages Key Considerations And Strategies For Success In This Growin,UNIQUE_LEGAL_INFORMATION_PAGE,missing_not_imported,restore as static/service page or merge to closest practice/service page,/resources/blog/post-description-investing-in-retail-spaces-and-shopping-malls-in-nigeria-can-be-a-profitable-venture-this-article-explores-the-advantages-key-considerations-and-strategies-for-success-in-this-growin
https://chamanlawfirm.com/the-land-use-act-on-real-estate-transactions,The Land Use Act On Real Estate Transactions,UNIQUE_LEGAL_INFORMATION_PAGE,missing_not_imported,restore as static/service page or merge to closest practice/service page,/resources/blog/the-land-use-act-on-real-estate-transactions
https://chamanlawfirm.com/assault-and-battery-chaman-law-firm,Assault And Battery Chaman Law Firm,UNIQUE_LEGAL_INFORMATION_PAGE,missing_not_imported,restore as static/service page or merge to closest practice/service page,/resources/blog/assault-and-battery-chaman-law-firm
https://chamanlawfirm.com/requirements-for-foreign-participation-in,Requirements For Foreign Participation In,UNIQUE_LEGAL_INFORMATION_PAGE,missing_not_imported,restore as static/service page or merge to closest practice/service page,/resources/blog/requirements-for-foreign-participation-in
https://chamanlawfirm.com/legal-rights-of-online-consumers,Legal Rights Of Online Consumers,UNIQUE_LEGAL_INFORMATION_PAGE,missing_not_imported,restore as static/service page or merge to closest practice/service page,/resources/blog/legal-rights-of-online-consumers
https://chamanlawfirm.com/technology-integration-in-construction,Technology Integration In Construction,UNIQUE_LEGAL_INFORMATION_PAGE,missing_not_imported,restore as static/service page or merge to closest practice/service page,/resources/blog/technology-integration-in-construction
https://chamanlawfirm.com/impact-of-labor-laws-on-business-operations,Impact Of Labor Laws On Business Operations,UNIQUE_LEGAL_INFORMATION_PAGE,missing_not_imported,restore as static/service page or merge to closest practice/service page,/resources/blog/impact-of-labor-laws-on-business-operations
https://chamanlawfirm.com/poven-steps-on-what-are-the-stages-of-mediation,Poven Steps On What Are The Stages Of Mediation,UNIQUE_LEGAL_INFORMATION_PAGE,merged_redirected_to_live_page,restore as static/service page or merge to closest practice/service page,/practice-areas/adr-mediation
https://chamanlawfirm.com/cyber-law-and-privacy-issues-in-nigerian-iot,Cyber Law And Privacy Issues In Nigerian Iot,UNIQUE_LEGAL_INFORMATION_PAGE,missing_not_imported,restore as static/service page or merge to closest practice/service page,/resources/blog/cyber-law-and-privacy-issues-in-nigerian-iot
https://chamanlawfirm.com/labour-relations-in-nigerian-construction,Labour Relations In Nigerian Construction,UNIQUE_LEGAL_INFORMATION_PAGE,merged_redirected_to_live_page,restore as static/service page or merge to closest practice/service page,/practice-areas/employment-law
https://chamanlawfirm.com/legal-proven-expertise-joint-ownership,Legal Proven Expertise Joint Ownership,UNIQUE_LEGAL_INFORMATION_PAGE,missing_not_imported,restore as static/service page or merge to closest practice/service page,/resources/blog/legal-proven-expertise-joint-ownership
https://chamanlawfirm.com/a-complete-guide-on-how-to-legalise-or-attest-a-document-in-nigeria,A Complete Guide On How To Legalise Or Attest A Document In Nigeria,UNIQUE_LEGAL_INFORMATION_PAGE,missing_not_imported,restore as static/service page or merge to closest practice/service page,/resources/blog/a-complete-guide-on-how-to-legalise-or-attest-a-document-in-nigeria
https://chamanlawfirm.com/our-legal-team,Our Legal Team,UNIQUE_LEGAL_INFORMATION_PAGE,missing_not_imported,restore as static/service page or merge to closest practice/service page,/resources/blog/our-legal-team
https://chamanlawfirm.com/safety-and-security-in-nigerian-construction,Safety And Security In Nigerian Construction,UNIQUE_LEGAL_INFORMATION_PAGE,missing_not_imported,restore as static/service page or merge to closest practice/service page,/resources/blog/safety-and-security-in-nigerian-construction
https://chamanlawfirm.com/documents-apostilled-in-nigeria,Documents Apostilled In Nigeria,UNIQUE_LEGAL_INFORMATION_PAGE,merged_redirected_to_live_page,restore as static/service page or merge to closest practice/service page,/practice-areas/notary-public-services/apostille-and-document-legalization
https://chamanlawfirm.com/boardroom-disputes-and-governance-challenge,Boardroom Disputes And Governance Challenge,UNIQUE_LEGAL_INFORMATION_PAGE,missing_not_imported,restore as static/service page or merge to closest practice/service page,/resources/blog/boardroom-disputes-and-governance-challenge
https://chamanlawfirm.com/establishment-of-resolution-funds-in-nigeria,Establishment Of Resolution Funds In Nigeria,UNIQUE_LEGAL_INFORMATION_PAGE,missing_not_imported,restore as static/service page or merge to closest practice/service page,/resources/blog/establishment-of-resolution-funds-in-nigeria
https://chamanlawfirm.com/steps-on-how-to-prepare-for-and-conduct-oral,Steps On How To Prepare For And Conduct Oral,UNIQUE_LEGAL_INFORMATION_PAGE,missing_not_imported,restore as static/service page or merge to closest practice/service page,/resources/blog/steps-on-how-to-prepare-for-and-conduct-oral
https://chamanlawfirm.com/what-are-the-required-permits-for-estate-development-in-ogun,What Are The Required Permits For Estate Development In Ogun,UNIQUE_LEGAL_INFORMATION_PAGE,missing_not_imported,restore as static/service page or merge to closest practice/service page,/resources/blog/what-are-the-required-permits-for-estate-development-in-ogun
https://chamanlawfirm.com/proven-steps-on-student-loan-act-in-nigeria,Proven Steps On Student Loan Act In Nigeria,UNIQUE_LEGAL_INFORMATION_PAGE,missing_not_imported,restore as static/service page or merge to closest practice/service page,/resources/blog/proven-steps-on-student-loan-act-in-nigeria
https://chamanlawfirm.com/environmental-permits-and-approvals-in-lagos,Environmental Permits And Approvals In Lagos,UNIQUE_LEGAL_INFORMATION_PAGE,missing_not_imported,restore as static/service page or merge to closest practice/service page,/resources/blog/environmental-permits-and-approvals-in-lagos
https://chamanlawfirm.com/environmental-and-zoning-regulations,Environmental And Zoning Regulations,UNIQUE_LEGAL_INFORMATION_PAGE,missing_not_imported,restore as static/service page or merge to closest practice/service page,/resources/blog/environmental-and-zoning-regulations
https://chamanlawfirm.com/solution-to-building-collapse-incidences,Solution To Building Collapse Incidences,UNIQUE_LEGAL_INFORMATION_PAGE,missing_not_imported,restore as static/service page or merge to closest practice/service page,/resources/blog/solution-to-building-collapse-incidences
https://chamanlawfirm.com/construction-safety-and-certification,Construction Safety And Certification,UNIQUE_LEGAL_INFORMATION_PAGE,missing_not_imported,restore as static/service page or merge to closest practice/service page,/resources/blog/construction-safety-and-certification
https://chamanlawfirm.com/boundary-disputes-and-encroachments,Boundary Disputes And Encroachments,UNIQUE_LEGAL_INFORMATION_PAGE,missing_not_imported,restore as static/service page or merge to closest practice/service page,/resources/blog/boundary-disputes-and-encroachments
https://chamanlawfirm.com/religious-institutions,Religious Institutions,UNIQUE_LEGAL_INFORMATION_PAGE,missing_not_imported,restore as static/service page or merge to closest practice/service page,/resources/blog/religious-institutions
https://chamanlawfirm.com/statute-of-limitations-on-debt-in-nigeria-2,Statute Of Limitations On Debt In Nigeria 2,UNIQUE_LEGAL_INFORMATION_PAGE,missing_not_imported,restore as static/service page or merge to closest practice/service page,/resources/blog/statute-of-limitations-on-debt-in-nigeria-2
https://chamanlawfirm.com/logistics-and-supply-chain-management,Logistics And Supply Chain Management,UNIQUE_LEGAL_INFORMATION_PAGE,missing_not_imported,restore as static/service page or merge to closest practice/service page,/resources/blog/logistics-and-supply-chain-management
https://chamanlawfirm.com/what-is-the-documentation-and-registration,What Is The Documentation And Registration,UNIQUE_LEGAL_INFORMATION_PAGE,missing_not_imported,restore as static/service page or merge to closest practice/service page,/resources/blog/what-is-the-documentation-and-registration
https://chamanlawfirm.com/service/human-right-law,Human Right Law,UNIQUE_LEGAL_INFORMATION_PAGE,missing_not_imported,restore as static/service page or merge to closest practice/service page,/resources/blog/human-right-law
https://chamanlawfirm.com/mixed-use-residential-projects-in-nigeria,Mixed Use Residential Projects In Nigeria,UNIQUE_LEGAL_INFORMATION_PAGE,missing_not_imported,restore as static/service page or merge to closest practice/service page,/resources/blog/mixed-use-residential-projects-in-nigeria
https://chamanlawfirm.com/legal-research-in-nigerian-law,Legal Research In Nigerian Law,UNIQUE_LEGAL_INFORMATION_PAGE,missing_not_imported,restore as static/service page or merge to closest practice/service page,/resources/blog/legal-research-in-nigerian-law
https://chamanlawfirm.com/governors-consent-how-long-does-it-take,Governors Consent How Long Does It Take,UNIQUE_LEGAL_INFORMATION_PAGE,merged_redirected_to_live_page,restore as static/service page or merge to closest practice/service page,/practice-areas/property-real-estate-law/governors-consent
https://chamanlawfirm.com/when-is-summary-dismissal-appropriate-in-nigeria-labour-law,When Is Summary Dismissal Appropriate In Nigeria Labour Law,UNIQUE_LEGAL_INFORMATION_PAGE,merged_redirected_to_live_page,restore as static/service page or merge to closest practice/service page,/practice-areas/employment-law
https://chamanlawfirm.com/cyber-law-nigerian-cultural-heritage,Cyber Law Nigerian Cultural Heritage,UNIQUE_LEGAL_INFORMATION_PAGE,missing_not_imported,restore as static/service page or merge to closest practice/service page,/resources/blog/cyber-law-nigerian-cultural-heritage
https://chamanlawfirm.com/legal-framework-for-affordable-housing,Legal Framework For Affordable Housing,UNIQUE_LEGAL_INFORMATION_PAGE,missing_not_imported,restore as static/service page or merge to closest practice/service page,/resources/blog/legal-framework-for-affordable-housing
https://chamanlawfirm.com/understanding-of-the-rights-of-stakeholders,Understanding Of The Rights Of Stakeholders,UNIQUE_LEGAL_INFORMATION_PAGE,missing_not_imported,restore as static/service page or merge to closest practice/service page,/resources/blog/understanding-of-the-rights-of-stakeholders
https://chamanlawfirm.com/exclusive-possession-in-a-lease,Exclusive Possession In A Lease,UNIQUE_LEGAL_INFORMATION_PAGE,missing_not_imported,restore as static/service page or merge to closest practice/service page,/resources/blog/exclusive-possession-in-a-lease
https://chamanlawfirm.com/steps-on-how-to-navigate-parental-rights,Steps On How To Navigate Parental Rights,UNIQUE_LEGAL_INFORMATION_PAGE,missing_not_imported,restore as static/service page or merge to closest practice/service page,/resources/blog/steps-on-how-to-navigate-parental-rights
https://chamanlawfirm.com/who-can-liable-when-there-are-defects-in-construction,Who Can Liable When There Are Defects In Construction,UNIQUE_LEGAL_INFORMATION_PAGE,missing_not_imported,restore as static/service page or merge to closest practice/service page,/resources/blog/who-can-liable-when-there-are-defects-in-construction
https://chamanlawfirm.com/how-to-legally-change-a-childs-surname,How To Legally Change A Childs Surname,UNIQUE_LEGAL_INFORMATION_PAGE,missing_not_imported,restore as static/service page or merge to closest practice/service page,/resources/blog/how-to-legally-change-a-childs-surname
https://chamanlawfirm.com/implications-of-co-signing-a-lease-agreement,Implications Of Co Signing A Lease Agreement,UNIQUE_LEGAL_INFORMATION_PAGE,missing_not_imported,restore as static/service page or merge to closest practice/service page,/resources/blog/implications-of-co-signing-a-lease-agreement
https://chamanlawfirm.com/procedure-by-the-nigeria-customs-service,Procedure By The Nigeria Customs Service,UNIQUE_LEGAL_INFORMATION_PAGE,missing_not_imported,restore as static/service page or merge to closest practice/service page,/resources/blog/procedure-by-the-nigeria-customs-service
https://chamanlawfirm.com/labour-and-employment-law-in-nigeria,Labour And Employment Law In Nigeria,UNIQUE_LEGAL_INFORMATION_PAGE,merged_redirected_to_live_page,restore as static/service page or merge to closest practice/service page,/practice-areas/employment-law
https://chamanlawfirm.com/how-to-register-an-ngo-in-nigeria-a-proven,How To Register An Ngo In Nigeria A Proven,UNIQUE_LEGAL_INFORMATION_PAGE,missing_not_imported,restore as static/service page or merge to closest practice/service page,/resources/blog/how-to-register-an-ngo-in-nigeria-a-proven
https://chamanlawfirm.com/real-estate-investment-financing-in-nigeria,Real Estate Investment Financing In Nigeria,UNIQUE_LEGAL_INFORMATION_PAGE,missing_not_imported,restore as static/service page or merge to closest practice/service page,/resources/blog/real-estate-investment-financing-in-nigeria
https://chamanlawfirm.com/multi-national-franchises-in-nigeria,Multi National Franchises In Nigeria,UNIQUE_LEGAL_INFORMATION_PAGE,missing_not_imported,restore as static/service page or merge to closest practice/service page,/resources/blog/multi-national-franchises-in-nigeria
https://chamanlawfirm.com/when-can-an-arrest-be-validly-made,When Can An Arrest Be Validly Made,UNIQUE_LEGAL_INFORMATION_PAGE,missing_not_imported,restore as static/service page or merge to closest practice/service page,/resources/blog/when-can-an-arrest-be-validly-made
https://chamanlawfirm.com/safety-standard-in-nigeria-construction,Safety Standard In Nigeria Construction,UNIQUE_LEGAL_INFORMATION_PAGE,missing_not_imported,restore as static/service page or merge to closest practice/service page,/resources/blog/safety-standard-in-nigeria-construction
https://chamanlawfirm.com/public-infrastructure-projects-in-nigeria,Public Infrastructure Projects In Nigeria,UNIQUE_LEGAL_INFORMATION_PAGE,missing_not_imported,restore as static/service page or merge to closest practice/service page,/resources/blog/public-infrastructure-projects-in-nigeria
https://chamanlawfirm.com/how-do-la-neighboring-communities-in-nigeria,How Do La Neighboring Communities In Nigeria,UNIQUE_LEGAL_INFORMATION_PAGE,missing_not_imported,restore as static/service page or merge to closest practice/service page,/resources/blog/how-do-la-neighboring-communities-in-nigeria
https://chamanlawfirm.com/northern-infrastructure-projects,Northern Infrastructure Projects,UNIQUE_LEGAL_INFORMATION_PAGE,missing_not_imported,restore as static/service page or merge to closest practice/service page,/resources/blog/northern-infrastructure-projects
https://chamanlawfirm.com/crucial-role-of-insolvency-practitioners,Crucial Role Of Insolvency Practitioners,UNIQUE_LEGAL_INFORMATION_PAGE,missing_not_imported,restore as static/service page or merge to closest practice/service page,/resources/blog/crucial-role-of-insolvency-practitioners
https://chamanlawfirm.com/newblogpost-zjg4hvhow-to-obtain-a-business-permit-in-nigeria,Newblogpost Zjg4hvhow To Obtain A Business Permit In Nigeria,UNIQUE_LEGAL_INFORMATION_PAGE,missing_not_imported,restore as static/service page or merge to closest practice/service page,/resources/blog/newblogpost-zjg4hvhow-to-obtain-a-business-permit-in-nigeria
https://chamanlawfirm.com/how-to-get-a-judgment-enforced-in-nigeria,How To Get A Judgment Enforced In Nigeria,UNIQUE_LEGAL_INFORMATION_PAGE,missing_not_imported,restore as static/service page or merge to closest practice/service page,/resources/blog/how-to-get-a-judgment-enforced-in-nigeria
https://chamanlawfirm.com/international-business-legal-considerations,International Business Legal Considerations,UNIQUE_LEGAL_INFORMATION_PAGE,missing_not_imported,restore as static/service page or merge to closest practice/service page,/resources/blog/international-business-legal-considerations
https://chamanlawfirm.com/overview-of-laws-governing,Overview Of Laws Governing,UNIQUE_LEGAL_INFORMATION_PAGE,missing_not_imported,restore as static/service page or merge to closest practice/service page,/resources/blog/overview-of-laws-governing
https://chamanlawfirm.com/legal-compliance-issues-facing-e-commerce,Legal Compliance Issues Facing E Commerce,UNIQUE_LEGAL_INFORMATION_PAGE,missing_not_imported,restore as static/service page or merge to closest practice/service page,/resources/blog/legal-compliance-issues-facing-e-commerce
https://chamanlawfirm.com/confirm-if-an-estate-developer-is-genuine,Confirm If An Estate Developer Is Genuine,UNIQUE_LEGAL_INFORMATION_PAGE,missing_not_imported,restore as static/service page or merge to closest practice/service page,/resources/blog/confirm-if-an-estate-developer-is-genuine
https://chamanlawfirm.com/venture-capital-in-nigeria,Venture Capital In Nigeria,UNIQUE_LEGAL_INFORMATION_PAGE,missing_not_imported,restore as static/service page or merge to closest practice/service page,/resources/blog/venture-capital-in-nigeria
https://chamanlawfirm.com/requirements-for-a-broker-dealer-in-nigeria,Requirements For A Broker Dealer In Nigeria,UNIQUE_LEGAL_INFORMATION_PAGE,missing_not_imported,restore as static/service page or merge to closest practice/service page,/resources/blog/requirements-for-a-broker-dealer-in-nigeria
https://chamanlawfirm.com/how-to-apply-for-building-permit-in-nigeria,How To Apply For Building Permit In Nigeria,UNIQUE_LEGAL_INFORMATION_PAGE,missing_not_imported,restore as static/service page or merge to closest practice/service page,/resources/blog/how-to-apply-for-building-permit-in-nigeria
https://chamanlawfirm.com/cross-border-transactions-in-nigeria,Cross Border Transactions In Nigeria,UNIQUE_LEGAL_INFORMATION_PAGE,missing_not_imported,restore as static/service page or merge to closest practice/service page,/resources/blog/cross-border-transactions-in-nigeria
https://chamanlawfirm.com/what-is-unfair-competition-in-business,What Is Unfair Competition In Business,UNIQUE_LEGAL_INFORMATION_PAGE,missing_not_imported,restore as static/service page or merge to closest practice/service page,/resources/blog/what-is-unfair-competition-in-business
https://chamanlawfirm.com/insurance-in-construction-projects,Insurance In Construction Projects,UNIQUE_LEGAL_INFORMATION_PAGE,missing_not_imported,restore as static/service page or merge to closest practice/service page,/resources/blog/insurance-in-construction-projects
https://chamanlawfirm.com/legal-framework-for-virtual-reality-4-key-n,Legal Framework For Virtual Reality 4 Key N,UNIQUE_LEGAL_INFORMATION_PAGE,missing_not_imported,restore as static/service page or merge to closest practice/service page,/resources/blog/legal-framework-for-virtual-reality-4-key-n
https://chamanlawfirm.com/real-estate-business-plan,Real Estate Business Plan,UNIQUE_LEGAL_INFORMATION_PAGE,missing_not_imported,restore as static/service page or merge to closest practice/service page,/resources/blog/real-estate-business-plan
https://chamanlawfirm.com/the-overview-of-pre-trial-conferencing,The Overview Of Pre Trial Conferencing,UNIQUE_LEGAL_INFORMATION_PAGE,missing_not_imported,restore as static/service page or merge to closest practice/service page,/resources/blog/the-overview-of-pre-trial-conferencing
https://chamanlawfirm.com/top-law-firm-blog,Top Law Firm Blog,UNIQUE_LEGAL_INFORMATION_PAGE,missing_not_imported,restore as static/service page or merge to closest practice/service page,/resources/blog/top-law-firm-blog
https://chamanlawfirm.com/how-to-prepare-a-deed-of-assignment-in-nigeria,How To Prepare A Deed Of Assignment In Nigeria,UNIQUE_LEGAL_INFORMATION_PAGE,missing_not_imported,restore as static/service page or merge to closest practice/service page,/resources/blog/how-to-prepare-a-deed-of-assignment-in-nigeria
https://chamanlawfirm.com/beyond-the-spin-explore-premium-games-and,Beyond The Spin Explore Premium Games And,UNIQUE_LEGAL_INFORMATION_PAGE,missing_not_imported,restore as static/service page or merge to closest practice/service page,/resources/blog/beyond-the-spin-explore-premium-games-and
https://chamanlawfirm.com/powerful-steps-tips-to-prevent-identity-fraud,Powerful Steps Tips To Prevent Identity Fraud,UNIQUE_LEGAL_INFORMATION_PAGE,missing_not_imported,restore as static/service page or merge to closest practice/service page,/resources/blog/powerful-steps-tips-to-prevent-identity-fraud
https://chamanlawfirm.com/ultimate-legal-guide-to-buying-land-in-niger,Ultimate Legal Guide To Buying Land In Niger,UNIQUE_LEGAL_INFORMATION_PAGE,redirected_to_live_blog,restore as static/service page or merge to closest practice/service page,/resources/blog/ultimate-legal-guide-to-buying-land-in-niger
https://chamanlawfirm.com/managing-corporate-reputation,Managing Corporate Reputation,UNIQUE_LEGAL_INFORMATION_PAGE,redirected_to_live_blog,restore as static/service page or merge to closest practice/service page,/resources/blog/managing-corporate-reputation
https://chamanlawfirm.com/robbery-and-theft-chaman-lw-firm,Robbery And Theft Chaman Lw Firm,UNIQUE_LEGAL_INFORMATION_PAGE,missing_not_imported,restore as static/service page or merge to closest practice/service page,/resources/blog/robbery-and-theft-chaman-lw-firm
https://chamanlawfirm.com/land-registration-in-lagos,Land Registration In Lagos,UNIQUE_LEGAL_INFORMATION_PAGE,redirected_to_live_blog,restore as static/service page or merge to closest practice/service page,/resources/blog/land-registration-in-lagos
https://chamanlawfirm.com/what-property-taxes-must-i-pay-when-buying,What Property Taxes Must I Pay When Buying,UNIQUE_LEGAL_INFORMATION_PAGE,redirected_to_live_blog,restore as static/service page or merge to closest practice/service page,/resources/blog/what-property-taxes-must-i-pay-when-buying
https://chamanlawfirm.com/enhancing-nigerian-immigration-security-2,Enhancing Nigerian Immigration Security 2,UNIQUE_LEGAL_INFORMATION_PAGE,redirected_to_live_blog,restore as static/service page or merge to closest practice/service page,/resources/blog/enhancing-nigerian-immigration-security-2
https://chamanlawfirm.com/compliance-and-governance-for-ngos,Compliance And Governance For Ngos,UNIQUE_LEGAL_INFORMATION_PAGE,missing_not_imported,restore as static/service page or merge to closest practice/service page,/resources/blog/compliance-and-governance-for-ngos
https://chamanlawfirm.com/protection-of-critical-infrastructure,Protection Of Critical Infrastructure,UNIQUE_LEGAL_INFORMATION_PAGE,missing_not_imported,restore as static/service page or merge to closest practice/service page,/resources/blog/protection-of-critical-infrastructure
https://chamanlawfirm.com/challenge-a-fraudulent-probate-application,Challenge A Fraudulent Probate Application,UNIQUE_LEGAL_INFORMATION_PAGE,redirected_to_live_blog,restore as static/service page or merge to closest practice/service page,/resources/blog/challenge-a-fraudulent-probate-application
https://chamanlawfirm.com/secure-governors-consent-in-ikoyi,Secure Governors Consent In Ikoyi,UNIQUE_LEGAL_INFORMATION_PAGE,merged_redirected_to_live_page,restore as static/service page or merge to closest practice/service page,/practice-areas/property-real-estate-law/governors-consent
https://chamanlawfirm.com/dispute-in-nigerian-real-estate-transactions,Dispute In Nigerian Real Estate Transactions,UNIQUE_LEGAL_INFORMATION_PAGE,missing_not_imported,restore as static/service page or merge to closest practice/service page,/resources/blog/dispute-in-nigerian-real-estate-transactions
https://chamanlawfirm.com/impact-of-dispute-resolution,Impact Of Dispute Resolution,UNIQUE_LEGAL_INFORMATION_PAGE,missing_not_imported,restore as static/service page or merge to closest practice/service page,/resources/blog/impact-of-dispute-resolution
https://chamanlawfirm.com/consumer-complaints-and-returns-in-nigeria,Consumer Complaints And Returns In Nigeria,UNIQUE_LEGAL_INFORMATION_PAGE,missing_not_imported,restore as static/service page or merge to closest practice/service page,/resources/blog/consumer-complaints-and-returns-in-nigeria
https://chamanlawfirm.com/proven-steps-on-creating-a-lease-agreement,Proven Steps On Creating A Lease Agreement,UNIQUE_LEGAL_INFORMATION_PAGE,missing_not_imported,restore as static/service page or merge to closest practice/service page,/resources/blog/proven-steps-on-creating-a-lease-agreement
https://chamanlawfirm.com/what-challenges-arise-in-mapping-documenting,What Challenges Arise In Mapping Documenting,UNIQUE_LEGAL_INFORMATION_PAGE,missing_not_imported,restore as static/service page or merge to closest practice/service page,/resources/blog/what-challenges-arise-in-mapping-documenting
https://chamanlawfirm.com/trademark-classes-in-nigeria-a-strategic-legal-guide-for-businesses,Trademark Classes In Nigeria A Strategic Legal Guide For Businesses,UNIQUE_LEGAL_INFORMATION_PAGE,merged_redirected_to_live_page,restore as static/service page or merge to closest practice/service page,/practice-areas/corporate-commercial-law
https://chamanlawfirm.com/insurance-claims-chaman-law-firm,Insurance Claims Chaman Law Firm,UNIQUE_LEGAL_INFORMATION_PAGE,missing_not_imported,restore as static/service page or merge to closest practice/service page,/resources/blog/insurance-claims-chaman-law-firm
https://chamanlawfirm.com/the-requirements-bank,The Requirements Bank,UNIQUE_LEGAL_INFORMATION_PAGE,missing_not_imported,restore as static/service page or merge to closest practice/service page,/resources/blog/the-requirements-bank
https://chamanlawfirm.com/strategies-for-successful-dispute-resolution,Strategies For Successful Dispute Resolution,UNIQUE_LEGAL_INFORMATION_PAGE,missing_not_imported,restore as static/service page or merge to closest practice/service page,/resources/blog/strategies-for-successful-dispute-resolution
https://chamanlawfirm.com/an-overview-of-law-office-management,An Overview Of Law Office Management,UNIQUE_LEGAL_INFORMATION_PAGE,missing_not_imported,restore as static/service page or merge to closest practice/service page,/resources/blog/an-overview-of-law-office-management
https://chamanlawfirm.com/legal-considerations-for-cross-border-disputes,Legal Considerations For Cross Border Disputes,UNIQUE_LEGAL_INFORMATION_PAGE,missing_not_imported,restore as static/service page or merge to closest practice/service page,/resources/blog/legal-considerations-for-cross-border-disputes
https://chamanlawfirm.com/corporate-debt-management-practices,Corporate Debt Management Practices,UNIQUE_LEGAL_INFORMATION_PAGE,redirected_to_live_blog,restore as static/service page or merge to closest practice/service page,/resources/blog/corporate-debt-management-practices
https://chamanlawfirm.com/the-legal-framework-for-venture-capital,The Legal Framework For Venture Capital,UNIQUE_LEGAL_INFORMATION_PAGE,missing_not_imported,restore as static/service page or merge to closest practice/service page,/resources/blog/the-legal-framework-for-venture-capital
https://chamanlawfirm.com/free-open-lawyer-software,Free Open Lawyer Software,LAWYER_PROFILE,missing_not_imported,merge/redirect/retire based on exact intent,/resources/blog/free-open-lawyer-software
https://chamanlawfirm.com/the-inheritance-rights-of-family-members,The Inheritance Rights Of Family Members,UNIQUE_LEGAL_INFORMATION_PAGE,missing_not_imported,restore as static/service page or merge to closest practice/service page,/resources/blog/the-inheritance-rights-of-family-members
https://chamanlawfirm.com/legal-aspects-of-mergers-and-acquisitions,Legal Aspects Of Mergers And Acquisitions,UNIQUE_LEGAL_INFORMATION_PAGE,missing_not_imported,restore as static/service page or merge to closest practice/service page,/resources/blog/legal-aspects-of-mergers-and-acquisitions
https://chamanlawfirm.com/securities-and-exchange-commission-in-nigeria,Securities And Exchange Commission In Nigeria,UNIQUE_LEGAL_INFORMATION_PAGE,missing_not_imported,restore as static/service page or merge to closest practice/service page,/resources/blog/securities-and-exchange-commission-in-nigeria
https://chamanlawfirm.com/labour-relations-and-employment-law,Labour Relations And Employment Law,UNIQUE_LEGAL_INFORMATION_PAGE,merged_redirected_to_live_page,restore as static/service page or merge to closest practice/service page,/practice-areas/employment-law
https://chamanlawfirm.com/industrial-construction-projects-in-nigeria,Industrial Construction Projects In Nigeria,UNIQUE_LEGAL_INFORMATION_PAGE,missing_not_imported,restore as static/service page or merge to closest practice/service page,/resources/blog/industrial-construction-projects-in-nigeria
https://chamanlawfirm.com/how-do-i-legally-acquire-a-mansion-in-pinnock,How Do I Legally Acquire A Mansion In Pinnock,UNIQUE_LEGAL_INFORMATION_PAGE,missing_not_imported,restore as static/service page or merge to closest practice/service page,/resources/blog/how-do-i-legally-acquire-a-mansion-in-pinnock
https://chamanlawfirm.com/expanding-trade-operations,Expanding Trade Operations,UNIQUE_LEGAL_INFORMATION_PAGE,missing_not_imported,restore as static/service page or merge to closest practice/service page,/resources/blog/expanding-trade-operations
https://chamanlawfirm.com/legal-process-for-families-and-executors,Legal Process For Families And Executors,UNIQUE_LEGAL_INFORMATION_PAGE,missing_not_imported,restore as static/service page or merge to closest practice/service page,/resources/blog/legal-process-for-families-and-executors
https://chamanlawfirm.com/cyber-law-and-e-commerce-ensuring-4-safe-online-transactions,Cyber Law And E Commerce Ensuring 4 Safe Online Transactions,UNIQUE_LEGAL_INFORMATION_PAGE,missing_not_imported,restore as static/service page or merge to closest practice/service page,/resources/blog/cyber-law-and-e-commerce-ensuring-4-safe-online-transactions
https://chamanlawfirm.com/what-is-a-gazette-and-excision-in-ogun-state,What Is A Gazette And Excision In Ogun State,UNIQUE_LEGAL_INFORMATION_PAGE,missing_not_imported,restore as static/service page or merge to closest practice/service page,/resources/blog/what-is-a-gazette-and-excision-in-ogun-state
https://chamanlawfirm.com/what-are-the-steps-to-protect-trade-secret-under-the-nigerian-law,What Are The Steps To Protect Trade Secret Under The Nigerian Law,UNIQUE_LEGAL_INFORMATION_PAGE,missing_not_imported,restore as static/service page or merge to closest practice/service page,/resources/blog/what-are-the-steps-to-protect-trade-secret-under-the-nigerian-law
https://chamanlawfirm.com/what-are-the-laws-operating-in-lagos-state,What Are The Laws Operating In Lagos State,UNIQUE_LEGAL_INFORMATION_PAGE,missing_not_imported,restore as static/service page or merge to closest practice/service page,/resources/blog/what-are-the-laws-operating-in-lagos-state
https://chamanlawfirm.com/what-is-trespass-to-land,What Is Trespass To Land,UNIQUE_LEGAL_INFORMATION_PAGE,missing_not_imported,restore as static/service page or merge to closest practice/service page,/resources/blog/what-is-trespass-to-land
https://chamanlawfirm.com/gallery,Gallery,UNIQUE_LEGAL_INFORMATION_PAGE,merged_redirected_to_live_page,restore as static/service page or merge to closest practice/service page,/media
https://chamanlawfirm.com/ultimate-guide-how-to-apply-and-obtain-letter-of-administration-in-lagos-state-2025-update-authored-by-charles-chukwuma-nkwoka-esq-ksm-llb-bl-llm-cmc-fimc-aicmc-aciarb-managing-partner,Ultimate Guide How To Apply And Obtain Letter Of Administration In Lagos State 2025 Update Authored By Charles Chukwuma Nkwoka Esq Ksm Llb Bl Llm Cmc Fimc Aicmc Aciarb Managing Partner,LAWYER_PROFILE,missing_not_imported,merge/redirect/retire based on exact intent,/resources/blog/ultimate-guide-how-to-apply-and-obtain-letter-of-administration-in-lagos-state-2025-update-authored-by-charles-chukwuma-nkwoka-esq-ksm-llb-bl-llm-cmc-fimc-aicmc-aciarb-managing-partner
https://chamanlawfirm.com/breach-of-promise-to-marry,Breach Of Promise To Marry,UNIQUE_LEGAL_INFORMATION_PAGE,missing_not_imported,restore as static/service page or merge to closest practice/service page,/resources/blog/breach-of-promise-to-marry
https://chamanlawfirm.com/gender-diversity-in-construction-industry,Gender Diversity In Construction Industry,UNIQUE_LEGAL_INFORMATION_PAGE,missing_not_imported,restore as static/service page or merge to closest practice/service page,/resources/blog/gender-diversity-in-construction-industry
https://chamanlawfirm.com/penalties-for-building-without-approval-chaman,Penalties For Building Without Approval Chaman,UNIQUE_LEGAL_INFORMATION_PAGE,missing_not_imported,restore as static/service page or merge to closest practice/service page,/resources/blog/penalties-for-building-without-approval-chaman
https://chamanlawfirm.com/difference-between-testate-and-intestate-succession,Difference Between Testate And Intestate Succession,UNIQUE_LEGAL_INFORMATION_PAGE,missing_not_imported,restore as static/service page or merge to closest practice/service page,/resources/blog/difference-between-testate-and-intestate-succession
https://chamanlawfirm.com/legal-protection-of-foreign-investment,Legal Protection Of Foreign Investment,UNIQUE_LEGAL_INFORMATION_PAGE,missing_not_imported,restore as static/service page or merge to closest practice/service page,/resources/blog/legal-protection-of-foreign-investment
https://chamanlawfirm.com/role-of-cyber-law-innigerian-digital-markets,Role Of Cyber Law Innigerian Digital Markets,UNIQUE_LEGAL_INFORMATION_PAGE,missing_not_imported,restore as static/service page or merge to closest practice/service page,/resources/blog/role-of-cyber-law-innigerian-digital-markets
https://chamanlawfirm.com/who-is-the-best-decision-body-for-incor-cama,Who Is The Best Decision Body For Incor Cama,UNIQUE_LEGAL_INFORMATION_PAGE,missing_not_imported,restore as static/service page or merge to closest practice/service page,/resources/blog/who-is-the-best-decision-body-for-incor-cama
https://chamanlawfirm.com/challenges-and-opportunities-in-real-estate-investment-financing-in-nigeria,Challenges And Opportunities In Real Estate Investment Financing In Nigeria,UNIQUE_LEGAL_INFORMATION_PAGE,missing_not_imported,restore as static/service page or merge to closest practice/service page,/resources/blog/challenges-and-opportunities-in-real-estate-investment-financing-in-nigeria
https://chamanlawfirm.com/2024,2024,UNIQUE_LEGAL_INFORMATION_PAGE,missing_not_imported,restore as static/service page or merge to closest practice/service page,/resources/blog/2024
https://chamanlawfirm.com/index.php,Index.Php,UNIQUE_LEGAL_INFORMATION_PAGE,missing_not_imported,restore as static/service page or merge to closest practice/service page,/resources/blog/index.php
https://chamanlawfirm.com/stay-casino-no-deposit-bonus-play-online-casino-games-in-english-for-australian-players,Stay Casino No Deposit Bonus Play Online Casino Games In English For Australian Players,UNIQUE_LEGAL_INFORMATION_PAGE,missing_not_imported,restore as static/service page or merge to closest practice/service page,/resources/blog/stay-casino-no-deposit-bonus-play-online-casino-games-in-english-for-australian-players
https://chamanlawfirm.com/statutory-right-of-occupancy-vs-customary-right,Statutory Right Of Occupancy Vs Customary Right,UNIQUE_LEGAL_INFORMATION_PAGE,redirected_to_live_blog,restore as static/service page or merge to closest practice/service page,/resources/blog/statutory-right-of-occupancy-vs-customary-right
https://chamanlawfirm.com/taxation-of-sole-proprietorship,Taxation Of Sole Proprietorship,UNIQUE_LEGAL_INFORMATION_PAGE,redirected_to_live_blog,restore as static/service page or merge to closest practice/service page,/resources/blog/taxation-of-sole-proprietorship
https://chamanlawfirm.com/international-money-transfer-service-license,International Money Transfer Service License,UNIQUE_LEGAL_INFORMATION_PAGE,missing_not_imported,restore as static/service page or merge to closest practice/service page,/resources/blog/international-money-transfer-service-license
https://chamanlawfirm.com/startup-legal-services-in-nigeria,Startup Legal Services In Nigeria,UNIQUE_LEGAL_INFORMATION_PAGE,merged_redirected_to_live_page,restore as static/service page or merge to closest practice/service page,/practice-areas/corporate-commercial-law
https://chamanlawfirm.com/allocation-for-protected-areas-and-conserva,Allocation For Protected Areas And Conserva,UNIQUE_LEGAL_INFORMATION_PAGE,missing_not_imported,restore as static/service page or merge to closest practice/service page,/resources/blog/allocation-for-protected-areas-and-conserva
https://chamanlawfirm.com/what-are-the-legal-steps-to-evict-a-tenant,What Are The Legal Steps To Evict A Tenant,UNIQUE_LEGAL_INFORMATION_PAGE,missing_not_imported,restore as static/service page or merge to closest practice/service page,/resources/blog/what-are-the-legal-steps-to-evict-a-tenant
https://chamanlawfirm.com/legal-issues-in-investment-and-fund-management,Legal Issues In Investment And Fund Management,UNIQUE_LEGAL_INFORMATION_PAGE,missing_not_imported,restore as static/service page or merge to closest practice/service page,/resources/blog/legal-issues-in-investment-and-fund-management
https://chamanlawfirm.com/strategies-for-managing-financial-distress,Strategies For Managing Financial Distress,UNIQUE_LEGAL_INFORMATION_PAGE,missing_not_imported,restore as static/service page or merge to closest practice/service page,/resources/blog/strategies-for-managing-financial-distress
https://chamanlawfirm.com/law,Law,UNIQUE_LEGAL_INFORMATION_PAGE,missing_not_imported,restore as static/service page or merge to closest practice/service page,/resources/blog/law
https://chamanlawfirm.com/of-immigration-compliance-lawyers,Of Immigration Compliance Lawyers,LAWYER_PROFILE,redirected_to_live_blog,merge/redirect/retire based on exact intent,/resources/blog/of-immigration-compliance-lawyers
https://chamanlawfirm.com/why-you-need-to-register-a-limited-liabilit,Why You Need To Register A Limited Liabilit,UNIQUE_LEGAL_INFORMATION_PAGE,missing_not_imported,restore as static/service page or merge to closest practice/service page,/resources/blog/why-you-need-to-register-a-limited-liabilit
https://chamanlawfirm.com/nigerian-real-estate-investment-pitfalls,Nigerian Real Estate Investment Pitfalls,UNIQUE_LEGAL_INFORMATION_PAGE,missing_not_imported,restore as static/service page or merge to closest practice/service page,/resources/blog/nigerian-real-estate-investment-pitfalls
https://chamanlawfirm.com/what-are-the-essential-things-to-know-when-purchasing-a-house1,What Are The Essential Things To Know When Purchasing A House1,UNIQUE_LEGAL_INFORMATION_PAGE,missing_not_imported,restore as static/service page or merge to closest practice/service page,/resources/blog/what-are-the-essential-things-to-know-when-purchasing-a-house1
https://chamanlawfirm.com/family-law-issues-in-inter-country-adoption,Family Law Issues In Inter Country Adoption,UNIQUE_LEGAL_INFORMATION_PAGE,missing_not_imported,restore as static/service page or merge to closest practice/service page,/resources/blog/family-law-issues-in-inter-country-adoption
https://chamanlawfirm.com/water-management-in-nigeria,Water Management In Nigeria,UNIQUE_LEGAL_INFORMATION_PAGE,missing_not_imported,restore as static/service page or merge to closest practice/service page,/resources/blog/water-management-in-nigeria
https://chamanlawfirm.com/sustainability-and-green-real-estate-initiatives,Sustainability And Green Real Estate Initiatives,UNIQUE_LEGAL_INFORMATION_PAGE,missing_not_imported,restore as static/service page or merge to closest practice/service page,/resources/blog/sustainability-and-green-real-estate-initiatives
https://chamanlawfirm.com/nigerian-urban-development,Nigerian Urban Development,UNIQUE_LEGAL_INFORMATION_PAGE,missing_not_imported,restore as static/service page or merge to closest practice/service page,/resources/blog/nigerian-urban-development
https://chamanlawfirm.com/considerations-for-cross-border-transactions,Considerations For Cross Border Transactions,UNIQUE_LEGAL_INFORMATION_PAGE,missing_not_imported,restore as static/service page or merge to closest practice/service page,/resources/blog/considerations-for-cross-border-transactions
https://chamanlawfirm.com/what-is-liability-for-negligence,What Is Liability For Negligence,UNIQUE_LEGAL_INFORMATION_PAGE,missing_not_imported,restore as static/service page or merge to closest practice/service page,/resources/blog/what-is-liability-for-negligence
https://chamanlawfirm.com/6-proven-steps-to-labor-dispute-resolution,6 Proven Steps To Labor Dispute Resolution,UNIQUE_LEGAL_INFORMATION_PAGE,missing_not_imported,restore as static/service page or merge to closest practice/service page,/resources/blog/6-proven-steps-to-labor-dispute-resolution
https://chamanlawfirm.com/immigration-policy-in-attracting-foreign-talent,Immigration Policy In Attracting Foreign Talent,UNIQUE_LEGAL_INFORMATION_PAGE,missing_not_imported,restore as static/service page or merge to closest practice/service page,/resources/blog/immigration-policy-in-attracting-foreign-talent
https://chamanlawfirm.com/ogun-state-locations-for-diaspora-investment,Ogun State Locations For Diaspora Investment,UNIQUE_LEGAL_INFORMATION_PAGE,missing_not_imported,restore as static/service page or merge to closest practice/service page,/resources/blog/ogun-state-locations-for-diaspora-investment
https://chamanlawfirm.com/navigating-legal-issues-in-online-education,Navigating Legal Issues In Online Education,UNIQUE_LEGAL_INFORMATION_PAGE,missing_not_imported,restore as static/service page or merge to closest practice/service page,/resources/blog/navigating-legal-issues-in-online-education
https://chamanlawfirm.com/the-strategic-role-of-alternative-disputes,The Strategic Role Of Alternative Disputes,UNIQUE_LEGAL_INFORMATION_PAGE,missing_not_imported,restore as static/service page or merge to closest practice/service page,/resources/blog/the-strategic-role-of-alternative-disputes
https://chamanlawfirm.com/proven-benefits-of-international-arbitration,Proven Benefits Of International Arbitration,UNIQUE_LEGAL_INFORMATION_PAGE,missing_not_imported,restore as static/service page or merge to closest practice/service page,/resources/blog/proven-benefits-of-international-arbitration
https://chamanlawfirm.com/investment-in-ogun-state-chaman-law-firm,Investment In Ogun State Chaman Law Firm,UNIQUE_LEGAL_INFORMATION_PAGE,missing_not_imported,restore as static/service page or merge to closest practice/service page,/resources/blog/investment-in-ogun-state-chaman-law-firm
https://chamanlawfirm.com/cargo-insurance-policies,Cargo Insurance Policies,UNIQUE_LEGAL_INFORMATION_PAGE,missing_not_imported,restore as static/service page or merge to closest practice/service page,/resources/blog/cargo-insurance-policies
https://chamanlawfirm.com/compliance-with-labor-standards,Compliance With Labor Standards,UNIQUE_LEGAL_INFORMATION_PAGE,missing_not_imported,restore as static/service page or merge to closest practice/service page,/resources/blog/compliance-with-labor-standards
https://chamanlawfirm.com/enforcement-of-arbitral-awards,Enforcement Of Arbitral Awards,UNIQUE_LEGAL_INFORMATION_PAGE,merged_redirected_to_live_page,restore as static/service page or merge to closest practice/service page,/practice-areas/adr-mediation/arbitral-award-enforcement-advisory
https://chamanlawfirm.com/partnership-with-real-estate-developers,Partnership With Real Estate Developers,UNIQUE_LEGAL_INFORMATION_PAGE,missing_not_imported,restore as static/service page or merge to closest practice/service page,/resources/blog/partnership-with-real-estate-developers
https://chamanlawfirm.com/trade-policies,Trade Policies,UNIQUE_LEGAL_INFORMATION_PAGE,missing_not_imported,restore as static/service page or merge to closest practice/service page,/resources/blog/trade-policies
https://chamanlawfirm.com/the-role-o-commecial-law-in-the-agricultural,The Role O Commecial Law In The Agricultural,UNIQUE_LEGAL_INFORMATION_PAGE,missing_not_imported,restore as static/service page or merge to closest practice/service page,/resources/blog/the-role-o-commecial-law-in-the-agricultural
https://chamanlawfirm.com/dispute-resolution-process-in-nigeria,Dispute Resolution Process In Nigeria,UNIQUE_LEGAL_INFORMATION_PAGE,missing_not_imported,restore as static/service page or merge to closest practice/service page,/resources/blog/dispute-resolution-process-in-nigeria
https://chamanlawfirm.com/obtain-legal-guardianship-of-a-child,Obtain Legal Guardianship Of A Child,UNIQUE_LEGAL_INFORMATION_PAGE,missing_not_imported,restore as static/service page or merge to closest practice/service page,/resources/blog/obtain-legal-guardianship-of-a-child
https://chamanlawfirm.com/employment-disputes-and-grievances,Employment Disputes And Grievances,UNIQUE_LEGAL_INFORMATION_PAGE,merged_redirected_to_live_page,restore as static/service page or merge to closest practice/service page,/practice-areas/employment-law
https://chamanlawfirm.com/how-to-avoid-and-stop-foreclosure,How To Avoid And Stop Foreclosure,UNIQUE_LEGAL_INFORMATION_PAGE,missing_not_imported,restore as static/service page or merge to closest practice/service page,/resources/blog/how-to-avoid-and-stop-foreclosure
https://chamanlawfirm.com/how-does-the-land-use-act-impact-housing-development-in-nigeria,How Does The Land Use Act Impact Housing Development In Nigeria,UNIQUE_LEGAL_INFORMATION_PAGE,missing_not_imported,restore as static/service page or merge to closest practice/service page,/resources/blog/how-does-the-land-use-act-impact-housing-development-in-nigeria
https://chamanlawfirm.com/top-10-legal-mistakes-property-buyers-make-i,Top 10 Legal Mistakes Property Buyers Make I,UNIQUE_LEGAL_INFORMATION_PAGE,redirected_to_live_blog,restore as static/service page or merge to closest practice/service page,/resources/blog/top-10-legal-mistakes-property-buyers-make-i
https://chamanlawfirm.com/marriage-annulment-in-nigeria-how-to-legally-void-a-marriage,Marriage Annulment In Nigeria How To Legally Void A Marriage,UNIQUE_LEGAL_INFORMATION_PAGE,missing_not_imported,restore as static/service page or merge to closest practice/service page,/resources/blog/marriage-annulment-in-nigeria-how-to-legally-void-a-marriage
https://chamanlawfirm.com/professional-certification,Professional Certification,UNIQUE_LEGAL_INFORMATION_PAGE,missing_not_imported,restore as static/service page or merge to closest practice/service page,/resources/blog/professional-certification
https://chamanlawfirm.com/what-documents-should-i-check-before-purchasing-land-in-ogun-state,What Documents Should I Check Before Purchasing Land In Ogun State,UNIQUE_LEGAL_INFORMATION_PAGE,missing_not_imported,restore as static/service page or merge to closest practice/service page,/resources/blog/what-documents-should-i-check-before-purchasing-land-in-ogun-state
https://chamanlawfirm.com/data-misuse-data-theft-protection-in-nigeria,Data Misuse Data Theft Protection In Nigeria,UNIQUE_LEGAL_INFORMATION_PAGE,missing_not_imported,restore as static/service page or merge to closest practice/service page,/resources/blog/data-misuse-data-theft-protection-in-nigeria
https://chamanlawfirm.com/disadvantages-of-not-getting-a-business-permit-in-lagos,Disadvantages Of Not Getting A Business Permit In Lagos,UNIQUE_LEGAL_INFORMATION_PAGE,missing_not_imported,restore as static/service page or merge to closest practice/service page,/resources/blog/disadvantages-of-not-getting-a-business-permit-in-lagos
https://chamanlawfirm.com/beyond-the-spin-elevate-your-play-with-thousands-2,Beyond The Spin Elevate Your Play With Thousands 2,UNIQUE_LEGAL_INFORMATION_PAGE,missing_not_imported,restore as static/service page or merge to closest practice/service page,/resources/blog/beyond-the-spin-elevate-your-play-with-thousands-2
https://chamanlawfirm.com/nigerian-visa-requirements-and-legal-guide,Nigerian Visa Requirements And Legal Guide,UNIQUE_LEGAL_INFORMATION_PAGE,merged_redirected_to_live_page,restore as static/service page or merge to closest practice/service page,/practice-areas/immigration-services
https://chamanlawfirm.com/does-a-consumer-has-rights-in-nigeria,Does A Consumer Has Rights In Nigeria,UNIQUE_LEGAL_INFORMATION_PAGE,missing_not_imported,restore as static/service page or merge to closest practice/service page,/resources/blog/does-a-consumer-has-rights-in-nigeria
https://chamanlawfirm.com/discrimination-and-xenophobia-against-immigrants,Discrimination And Xenophobia Against Immigrants,UNIQUE_LEGAL_INFORMATION_PAGE,missing_not_imported,restore as static/service page or merge to closest practice/service page,/resources/blog/discrimination-and-xenophobia-against-immigrants
https://chamanlawfirm.com/regulations-understanding-of-nigerian-employment,Regulations Understanding Of Nigerian Employment,UNIQUE_LEGAL_INFORMATION_PAGE,merged_redirected_to_live_page,restore as static/service page or merge to closest practice/service page,/practice-areas/employment-law/workplace-compliance-advisory
https://chamanlawfirm.com/banking-and-finance-law-in-lagos,Banking And Finance Law In Lagos,UNIQUE_LEGAL_INFORMATION_PAGE,merged_redirected_to_live_page,restore as static/service page or merge to closest practice/service page,/practice-areas/corporate-commercial-law
https://chamanlawfirm.com/how-to-navigate-the-federal-high-court,How To Navigate The Federal High Court,UNIQUE_LEGAL_INFORMATION_PAGE,missing_not_imported,restore as static/service page or merge to closest practice/service page,/resources/blog/how-to-navigate-the-federal-high-court
https://chamanlawfirm.com/roles-of-a-mediator,Roles Of A Mediator,UNIQUE_LEGAL_INFORMATION_PAGE,merged_redirected_to_live_page,restore as static/service page or merge to closest practice/service page,/practice-areas/adr-mediation/mediator-selection-and-quality-advisory
https://chamanlawfirm.com/corporate-affairs-commission-and-its-functions-in-nigeria,Corporate Affairs Commission And Its Functions In Nigeria,UNIQUE_LEGAL_INFORMATION_PAGE,merged_redirected_to_live_page,restore as static/service page or merge to closest practice/service page,/practice-areas/corporate-commercial-law/cac-compliance-and-company-records
https://chamanlawfirm.com/7-legal-advice-for-employee-misconduct-cases,7 Legal Advice For Employee Misconduct Cases,UNIQUE_LEGAL_INFORMATION_PAGE,missing_not_imported,restore as static/service page or merge to closest practice/service page,/resources/blog/7-legal-advice-for-employee-misconduct-cases
https://chamanlawfirm.com/understanding-the-nigerian-tax-law-a-comprehensive-guide-for-individuals-and-businesses,Understanding The Nigerian Tax Law A Comprehensive Guide For Individuals And Businesses,UNIQUE_LEGAL_INFORMATION_PAGE,missing_not_imported,restore as static/service page or merge to closest practice/service page,/resources/blog/understanding-the-nigerian-tax-law-a-comprehensive-guide-for-individuals-and-businesses
https://chamanlawfirm.com/powerful-ways-on-bail-applications,Powerful Ways On Bail Applications,UNIQUE_LEGAL_INFORMATION_PAGE,missing_not_imported,restore as static/service page or merge to closest practice/service page,/resources/blog/powerful-ways-on-bail-applications
https://chamanlawfirm.com/ngos-in-supporting-immigrants-in-nigeria,Ngos In Supporting Immigrants In Nigeria,UNIQUE_LEGAL_INFORMATION_PAGE,missing_not_imported,restore as static/service page or merge to closest practice/service page,/resources/blog/ngos-in-supporting-immigrants-in-nigeria
https://chamanlawfirm.com/200/canonical-safe,Canonical Safe,UNIQUE_LEGAL_INFORMATION_PAGE,low_value_retired_or_unknown,restore as static/service page or merge to closest practice/service page,/resources/blog/canonical-safe
https://chamanlawfirm.com/308,308,UNIQUE_LEGAL_INFORMATION_PAGE,low_value_retired_or_unknown,restore as static/service page or merge to closest practice/service page,/resources/blog/308
https://chamanlawfirm.com/about,About,UNIQUE_LEGAL_INFORMATION_PAGE,live_same_url,restore as static/service page or merge to closest practice/service page,/resources/blog/about
https://chamanlawfirm.com/admissibility,Admissibility,UNIQUE_LEGAL_INFORMATION_PAGE,low_value_retired_or_unknown,restore as static/service page or merge to closest practice/service page,/resources/blog/admissibility
https://chamanlawfirm.com/adr,Adr,UNIQUE_LEGAL_INFORMATION_PAGE,low_value_retired_or_unknown,restore as static/service page or merge to closest practice/service page,/resources/blog/adr
https://chamanlawfirm.com/aeo/geo,Geo,UNIQUE_LEGAL_INFORMATION_PAGE,low_value_retired_or_unknown,restore as static/service page or merge to closest practice/service page,/resources/blog/geo
https://chamanlawfirm.com/alt,Alt,UNIQUE_LEGAL_INFORMATION_PAGE,low_value_retired_or_unknown,restore as static/service page or merge to closest practice/service page,/resources/blog/alt
https://chamanlawfirm.com/approved,Approved,UNIQUE_LEGAL_INFORMATION_PAGE,low_value_retired_or_unknown,restore as static/service page or merge to closest practice/service page,/resources/blog/approved
https://chamanlawfirm.com/archive,Archive,UNIQUE_LEGAL_INFORMATION_PAGE,low_value_retired_or_unknown,restore as static/service page or merge to closest practice/service page,/resources/blog/archive
https://chamanlawfirm.com/archive/noindex,Noindex,UNIQUE_LEGAL_INFORMATION_PAGE,low_value_retired_or_unknown,restore as static/service page or merge to closest practice/service page,/resources/blog/noindex
https://chamanlawfirm.com/article,Article,UNIQUE_LEGAL_INFORMATION_PAGE,low_value_retired_or_unknown,restore as static/service page or merge to closest practice/service page,/resources/blog/article
https://chamanlawfirm.com/assessment,Assessment,UNIQUE_LEGAL_INFORMATION_PAGE,low_value_retired_or_unknown,restore as static/service page or merge to closest practice/service page,/resources/blog/assessment
https://chamanlawfirm.com/authentication,Authentication,UNIQUE_LEGAL_INFORMATION_PAGE,low_value_retired_or_unknown,restore as static/service page or merge to closest practice/service page,/resources/blog/authentication
https://chamanlawfirm.com/authors,Authors,UNIQUE_LEGAL_INFORMATION_PAGE,merged_redirected_to_live_page,restore as static/service page or merge to closest practice/service page,/lawyers
https://chamanlawfirm.com/bing,Bing,UNIQUE_LEGAL_INFORMATION_PAGE,low_value_retired_or_unknown,restore as static/service page or merge to closest practice/service page,/resources/blog/bing
https://chamanlawfirm.com/blog,Blog,UNIQUE_LEGAL_INFORMATION_PAGE,merged_redirected_to_live_page,restore as static/service page or merge to closest practice/service page,/resources/blog
https://chamanlawfirm.com/body,Body,UNIQUE_LEGAL_INFORMATION_PAGE,low_value_retired_or_unknown,restore as static/service page or merge to closest practice/service page,/resources/blog/body
https://chamanlawfirm.com/business,Business,UNIQUE_LEGAL_INFORMATION_PAGE,low_value_retired_or_unknown,restore as static/service page or merge to closest practice/service page,/resources/blog/business
https://chamanlawfirm.com/business-law-advisory,Business Law Advisory,UNIQUE_LEGAL_INFORMATION_PAGE,merged_redirected_to_live_page,restore as static/service page or merge to closest practice/service page,/practice-areas/corporate-commercial-law/company-startup-compliance-advisory
https://chamanlawfirm.com/cache,Cache,UNIQUE_LEGAL_INFORMATION_PAGE,low_value_retired_or_unknown,restore as static/service page or merge to closest practice/service page,/resources/blog/cache
https://chamanlawfirm.com/cannibalization,Cannibalization,UNIQUE_LEGAL_INFORMATION_PAGE,low_value_retired_or_unknown,restore as static/service page or merge to closest practice/service page,/resources/blog/cannibalization
https://chamanlawfirm.com/cannibalizing,Cannibalizing,UNIQUE_LEGAL_INFORMATION_PAGE,low_value_retired_or_unknown,restore as static/service page or merge to closest practice/service page,/resources/blog/cannibalizing
https://chamanlawfirm.com/canonical,Canonical,UNIQUE_LEGAL_INFORMATION_PAGE,low_value_retired_or_unknown,restore as static/service page or merge to closest practice/service page,/resources/blog/canonical
https://chamanlawfirm.com/canonical-safe,Canonical Safe,UNIQUE_LEGAL_INFORMATION_PAGE,low_value_retired_or_unknown,restore as static/service page or merge to closest practice/service page,/resources/blog/canonical-safe
https://chamanlawfirm.com/cdn.zyrosite.com/cdn-builder-placeholders/blog/blog-placeholder-2.png,Blog Placeholder 2.png,UNIQUE_LEGAL_INFORMATION_PAGE,low_value_retired_or_unknown,restore as static/service page or merge to closest practice/service page,/resources/blog/blog-placeholder-2.png
https://chamanlawfirm.com/chaman,Chaman,UNIQUE_LEGAL_INFORMATION_PAGE,low_value_retired_or_unknown,restore as static/service page or merge to closest practice/service page,/resources/blog/chaman
https://chamanlawfirm.com/chamanlawfirm.com,Chamanlawfirm.com,UNIQUE_LEGAL_INFORMATION_PAGE,low_value_retired_or_unknown,restore as static/service page or merge to closest practice/service page,/resources/blog/chamanlawfirm.com
https://chamanlawfirm.com/charles-chukwuma-nkwoka-esq,Charles Chukwuma Nkwoka Esq,LAWYER_PROFILE,merged_redirected_to_live_page,merge/redirect/retire based on exact intent,/lawyers/charles-chukwuma-nkwoka
https://chamanlawfirm.com/child,Child,UNIQUE_LEGAL_INFORMATION_PAGE,low_value_retired_or_unknown,restore as static/service page or merge to closest practice/service page,/resources/blog/child
https://chamanlawfirm.com/child-protection,Child Protection,UNIQUE_LEGAL_INFORMATION_PAGE,low_value_retired_or_unknown,restore as static/service page or merge to closest practice/service page,/resources/blog/child-protection
https://chamanlawfirm.com/citizenship-applications-chaman-law-firm,Citizenship Applications,UNIQUE_LEGAL_INFORMATION_PAGE,missing_not_imported,restore as static/service page or merge to closest practice/service page,/resources/blog/citizenship-applications-chaman-law-firm
https://chamanlawfirm.com/civil,Civil,UNIQUE_LEGAL_INFORMATION_PAGE,low_value_retired_or_unknown,restore as static/service page or merge to closest practice/service page,/resources/blog/civil
https://chamanlawfirm.com/commercial,Commercial,UNIQUE_LEGAL_INFORMATION_PAGE,low_value_retired_or_unknown,restore as static/service page or merge to closest practice/service page,/resources/blog/commercial
https://chamanlawfirm.com/compliance,Compliance,UNIQUE_LEGAL_INFORMATION_PAGE,low_value_retired_or_unknown,restore as static/service page or merge to closest practice/service page,/resources/blog/compliance
https://chamanlawfirm.com/confirmed.,Confirmed.,UNIQUE_LEGAL_INFORMATION_PAGE,low_value_retired_or_unknown,restore as static/service page or merge to closest practice/service page,/resources/blog/confirmed.
https://chamanlawfirm.com/consultation,Consultation,CONSULTATION_PAGE,live_same_url,merge/redirect/retire based on exact intent,/resources/blog/consultation
https://chamanlawfirm.com/consultation/contact,Contact,CONSULTATION_PAGE,low_value_retired_or_unknown,merge/redirect/retire based on exact intent,/resources/blog/contact
https://chamanlawfirm.com/contact,Contact,CONSULTATION_PAGE,live_same_url,merge/redirect/retire based on exact intent,/resources/blog/contact
https://chamanlawfirm.com/content,Content,UNIQUE_LEGAL_INFORMATION_PAGE,low_value_retired_or_unknown,restore as static/service page or merge to closest practice/service page,/resources/blog/content
https://chamanlawfirm.com/corporate-lawyer-nigeria,Corporate Lawyer Nigeria,LAWYER_PROFILE,merged_redirected_to_live_page,merge/redirect/retire based on exact intent,/practice-areas/corporate-commercial-law
https://chamanlawfirm.com/corporate-taxation,Corporate Taxation,UNIQUE_LEGAL_INFORMATION_PAGE,missing_not_imported,restore as static/service page or merge to closest practice/service page,/resources/blog/corporate-taxation
https://chamanlawfirm.com/court,Court,UNIQUE_LEGAL_INFORMATION_PAGE,low_value_retired_or_unknown,restore as static/service page or merge to closest practice/service page,/resources/blog/court
https://chamanlawfirm.com/court-system,Court System,UNIQUE_LEGAL_INFORMATION_PAGE,low_value_retired_or_unknown,restore as static/service page or merge to closest practice/service page,/resources/blog/court-system
https://chamanlawfirm.com/court/probate,Probate,UNIQUE_LEGAL_INFORMATION_PAGE,low_value_retired_or_unknown,restore as static/service page or merge to closest practice/service page,/resources/blog/probate
https://chamanlawfirm.com/criminal,Criminal,UNIQUE_LEGAL_INFORMATION_PAGE,low_value_retired_or_unknown,restore as static/service page or merge to closest practice/service page,/resources/blog/criminal
https://chamanlawfirm.com/criminal-defense-on-legal-matters,Criminal Defense,UNIQUE_LEGAL_INFORMATION_PAGE,missing_not_imported,restore as static/service page or merge to closest practice/service page,/resources/blog/criminal-defense-on-legal-matters
https://chamanlawfirm.com/current,Current,UNIQUE_LEGAL_INFORMATION_PAGE,low_value_retired_or_unknown,restore as static/service page or merge to closest practice/service page,/resources/blog/current
https://chamanlawfirm.com/current-law,Current Law,UNIQUE_LEGAL_INFORMATION_PAGE,low_value_retired_or_unknown,restore as static/service page or merge to closest practice/service page,/resources/blog/current-law
https://chamanlawfirm.com/current-procedure,Current Procedure,UNIQUE_LEGAL_INFORMATION_PAGE,low_value_retired_or_unknown,restore as static/service page or merge to closest practice/service page,/resources/blog/current-procedure
https://chamanlawfirm.com/current-process,Current Process,UNIQUE_LEGAL_INFORMATION_PAGE,low_value_retired_or_unknown,restore as static/service page or merge to closest practice/service page,/resources/blog/current-process
https://chamanlawfirm.com/current-rate,Current Rate,UNIQUE_LEGAL_INFORMATION_PAGE,low_value_retired_or_unknown,restore as static/service page or merge to closest practice/service page,/resources/blog/current-rate
https://chamanlawfirm.com/customary-law,Customary Law,UNIQUE_LEGAL_INFORMATION_PAGE,low_value_retired_or_unknown,restore as static/service page or merge to closest practice/service page,/resources/blog/customary-law
https://chamanlawfirm.com/cyber-crimes-chaman-law-firm,Cyber Crimes,UNIQUE_LEGAL_INFORMATION_PAGE,missing_not_imported,restore as static/service page or merge to closest practice/service page,/resources/blog/cyber-crimes-chaman-law-firm
https://chamanlawfirm.com/data/practice-areas.ts,Practice Areas.ts,UNIQUE_LEGAL_INFORMATION_PAGE,low_value_retired_or_unknown,restore as static/service page or merge to closest practice/service page,/resources/blog/practice-areas.ts
https://chamanlawfirm.com/debt-recovery-lawyer-nigeria,Debt Recovery Lawyer Nigeria,LAWYER_PROFILE,merged_redirected_to_live_page,merge/redirect/retire based on exact intent,/practice-areas/debt-recovery
https://chamanlawfirm.com/debt/tax,Tax,UNIQUE_LEGAL_INFORMATION_PAGE,low_value_retired_or_unknown,restore as static/service page or merge to closest practice/service page,/resources/blog/tax
https://chamanlawfirm.com/deferred,Deferred,UNIQUE_LEGAL_INFORMATION_PAGE,low_value_retired_or_unknown,restore as static/service page or merge to closest practice/service page,/resources/blog/deferred
https://chamanlawfirm.com/deploy,Deploy,UNIQUE_LEGAL_INFORMATION_PAGE,low_value_retired_or_unknown,restore as static/service page or merge to closest practice/service page,/resources/blog/deploy
https://chamanlawfirm.com/diaspora,Diaspora,UNIQUE_LEGAL_INFORMATION_PAGE,low_value_retired_or_unknown,restore as static/service page or merge to closest practice/service page,/resources/blog/diaspora
https://chamanlawfirm.com/disciplinary-procedures-chaman-law-firm,Disciplinary Procedures,UNIQUE_LEGAL_INFORMATION_PAGE,missing_not_imported,restore as static/service page or merge to closest practice/service page,/resources/blog/disciplinary-procedures-chaman-law-firm
https://chamanlawfirm.com/disputes,Disputes,UNIQUE_LEGAL_INFORMATION_PAGE,low_value_retired_or_unknown,restore as static/service page or merge to closest practice/service page,/resources/blog/disputes
https://chamanlawfirm.com/divorce,Divorce,UNIQUE_LEGAL_INFORMATION_PAGE,low_value_retired_or_unknown,restore as static/service page or merge to closest practice/service page,/resources/blog/divorce
https://chamanlawfirm.com/doctrinal,Doctrinal,UNIQUE_LEGAL_INFORMATION_PAGE,low_value_retired_or_unknown,restore as static/service page or merge to closest practice/service page,/resources/blog/doctrinal
https://chamanlawfirm.com/document,Document,UNIQUE_LEGAL_INFORMATION_PAGE,low_value_retired_or_unknown,restore as static/service page or merge to closest practice/service page,/resources/blog/document
https://chamanlawfirm.com/documentation,Documentation,UNIQUE_LEGAL_INFORMATION_PAGE,low_value_retired_or_unknown,restore as static/service page or merge to closest practice/service page,/resources/blog/documentation
https://chamanlawfirm.com/domains/chamanlawfirm.com/public_html/wp-content/uploads/2024/05/companies-act-amendment-768x456.jpg,Companies Act Amendment 768x456.jpg,UNIQUE_LEGAL_INFORMATION_PAGE,low_value_retired_or_unknown,restore as static/service page or merge to closest practice/service page,/resources/blog/companies-act-amendment-768x456.jpg
https://chamanlawfirm.com/domains/chamanlawfirm.com/public_html/wp-content/uploads/2024/05/real-estate-accommodation-property-investment-graphic-word-1170x694.jpg,Real Estate Accommodation Property Investment Graphic Word 1170x694.jpg,UNIQUE_LEGAL_INFORMATION_PAGE,low_value_retired_or_unknown,restore as static/service page or merge to closest practice/service page,/resources/blog/real-estate-accommodation-property-investment-graphic-word-1170x694.jpg
https://chamanlawfirm.com/domains/chamanlawfirm.com/public_html/wp-content/uploads/2024/05/rights-of-illegitimate-children.webp,Rights Of Illegitimate Children.webp,UNIQUE_LEGAL_INFORMATION_PAGE,low_value_retired_or_unknown,restore as static/service page or merge to closest practice/service page,/resources/blog/rights-of-illegitimate-children.webp
https://chamanlawfirm.com/domains/chamanlawfirm.com/public_html/wp-content/uploads/2024/09/01-1.webp,01 1.webp,UNIQUE_LEGAL_INFORMATION_PAGE,low_value_retired_or_unknown,restore as static/service page or merge to closest practice/service page,/resources/blog/01-1.webp
https://chamanlawfirm.com/domains/chamanlawfirm.com/public_html/wp-content/uploads/2024/09/01-12.jpg,01 12.jpg,UNIQUE_LEGAL_INFORMATION_PAGE,low_value_retired_or_unknown,restore as static/service page or merge to closest practice/service page,/resources/blog/01-12.jpg
https://chamanlawfirm.com/domains/chamanlawfirm.com/public_html/wp-content/uploads/2024/09/01-12.png,01 12.png,UNIQUE_LEGAL_INFORMATION_PAGE,low_value_retired_or_unknown,restore as static/service page or merge to closest practice/service page,/resources/blog/01-12.png
https://chamanlawfirm.com/domains/chamanlawfirm.com/public_html/wp-content/uploads/2024/09/01-13.png,01 13.png,UNIQUE_LEGAL_INFORMATION_PAGE,low_value_retired_or_unknown,restore as static/service page or merge to closest practice/service page,/resources/blog/01-13.png
https://chamanlawfirm.com/domains/chamanlawfirm.com/public_html/wp-content/uploads/2024/09/01-44.jpg,01 44.jpg,UNIQUE_LEGAL_INFORMATION_PAGE,low_value_retired_or_unknown,restore as static/service page or merge to closest practice/service page,/resources/blog/01-44.jpg
https://chamanlawfirm.com/domains/chamanlawfirm.com/public_html/wp-content/uploads/2024/09/01-45.jpg,01 45.jpg,UNIQUE_LEGAL_INFORMATION_PAGE,low_value_retired_or_unknown,restore as static/service page or merge to closest practice/service page,/resources/blog/01-45.jpg
https://chamanlawfirm.com/domains/chamanlawfirm.com/public_html/wp-content/uploads/2024/09/01-5.png,01 5.png,UNIQUE_LEGAL_INFORMATION_PAGE,low_value_retired_or_unknown,restore as static/service page or merge to closest practice/service page,/resources/blog/01-5.png
https://chamanlawfirm.com/domains/chamanlawfirm.com/public_html/wp-content/uploads/2024/09/01-51.jpg,01 51.jpg,UNIQUE_LEGAL_INFORMATION_PAGE,low_value_retired_or_unknown,restore as static/service page or merge to closest practice/service page,/resources/blog/01-51.jpg
https://chamanlawfirm.com/domains/chamanlawfirm.com/public_html/wp-content/uploads/2024/09/01-60.jpg,01 60.jpg,UNIQUE_LEGAL_INFORMATION_PAGE,low_value_retired_or_unknown,restore as static/service page or merge to closest practice/service page,/resources/blog/01-60.jpg
https://chamanlawfirm.com/domains/chamanlawfirm.com/public_html/wp-content/uploads/2024/09/01-61.jpg,01 61.jpg,UNIQUE_LEGAL_INFORMATION_PAGE,low_value_retired_or_unknown,restore as static/service page or merge to closest practice/service page,/resources/blog/01-61.jpg
https://chamanlawfirm.com/domains/chamanlawfirm.com/public_html/wp-content/uploads/2024/09/01-62.jpg,01 62.jpg,UNIQUE_LEGAL_INFORMATION_PAGE,low_value_retired_or_unknown,restore as static/service page or merge to closest practice/service page,/resources/blog/01-62.jpg
https://chamanlawfirm.com/domains/chamanlawfirm.com/public_html/wp-content/uploads/2024/09/01-63.jpg,01 63.jpg,UNIQUE_LEGAL_INFORMATION_PAGE,low_value_retired_or_unknown,restore as static/service page or merge to closest practice/service page,/resources/blog/01-63.jpg
https://chamanlawfirm.com/domains/chamanlawfirm.com/public_html/wp-content/uploads/2024/09/01-64.jpg,01 64.jpg,UNIQUE_LEGAL_INFORMATION_PAGE,low_value_retired_or_unknown,restore as static/service page or merge to closest practice/service page,/resources/blog/01-64.jpg
https://chamanlawfirm.com/domains/chamanlawfirm.com/public_html/wp-content/uploads/2024/09/01-65.jpg,01 65.jpg,UNIQUE_LEGAL_INFORMATION_PAGE,low_value_retired_or_unknown,restore as static/service page or merge to closest practice/service page,/resources/blog/01-65.jpg
https://chamanlawfirm.com/domains/chamanlawfirm.com/public_html/wp-content/uploads/2024/09/01-66.jpg,01 66.jpg,UNIQUE_LEGAL_INFORMATION_PAGE,low_value_retired_or_unknown,restore as static/service page or merge to closest practice/service page,/resources/blog/01-66.jpg
https://chamanlawfirm.com/domains/chamanlawfirm.com/public_html/wp-content/uploads/2024/09/01-7.webp,01 7.webp,UNIQUE_LEGAL_INFORMATION_PAGE,low_value_retired_or_unknown,restore as static/service page or merge to closest practice/service page,/resources/blog/01-7.webp
https://chamanlawfirm.com/domains/chamanlawfirm.com/public_html/wp-content/uploads/2024/09/01-71.jpg,01 71.jpg,UNIQUE_LEGAL_INFORMATION_PAGE,low_value_retired_or_unknown,restore as static/service page or merge to closest practice/service page,/resources/blog/01-71.jpg
https://chamanlawfirm.com/domains/chamanlawfirm.com/public_html/wp-content/uploads/2024/09/01-75.jpg,01 75.jpg,UNIQUE_LEGAL_INFORMATION_PAGE,low_value_retired_or_unknown,restore as static/service page or merge to closest practice/service page,/resources/blog/01-75.jpg
https://chamanlawfirm.com/domains/chamanlawfirm.com/public_html/wp-content/uploads/2024/09/01-76.jpg,01 76.jpg,UNIQUE_LEGAL_INFORMATION_PAGE,low_value_retired_or_unknown,restore as static/service page or merge to closest practice/service page,/resources/blog/01-76.jpg
https://chamanlawfirm.com/domains/chamanlawfirm.com/public_html/wp-content/uploads/2024/09/01-77.jpg,01 77.jpg,UNIQUE_LEGAL_INFORMATION_PAGE,low_value_retired_or_unknown,restore as static/service page or merge to closest practice/service page,/resources/blog/01-77.jpg
https://chamanlawfirm.com/domains/chamanlawfirm.com/public_html/wp-content/uploads/2024/09/01-8.png,01 8.png,UNIQUE_LEGAL_INFORMATION_PAGE,low_value_retired_or_unknown,restore as static/service page or merge to closest practice/service page,/resources/blog/01-8.png
https://chamanlawfirm.com/domains/chamanlawfirm.com/public_html/wp-content/uploads/2024/09/02-41.jpg,02 41.jpg,UNIQUE_LEGAL_INFORMATION_PAGE,low_value_retired_or_unknown,restore as static/service page or merge to closest practice/service page,/resources/blog/02-41.jpg
https://chamanlawfirm.com/domains/chamanlawfirm.com/public_html/wp-content/uploads/2024/09/03-1.jpg,03 1.jpg,UNIQUE_LEGAL_INFORMATION_PAGE,low_value_retired_or_unknown,restore as static/service page or merge to closest practice/service page,/resources/blog/03-1.jpg
https://chamanlawfirm.com/domains/chamanlawfirm.com/public_html/wp-content/uploads/2024/09/03-28.jpg,03 28.jpg,UNIQUE_LEGAL_INFORMATION_PAGE,low_value_retired_or_unknown,restore as static/service page or merge to closest practice/service page,/resources/blog/03-28.jpg
https://chamanlawfirm.com/domains/chamanlawfirm.com/public_html/wp-content/uploads/2024/09/05.webp,05.webp,UNIQUE_LEGAL_INFORMATION_PAGE,low_value_retired_or_unknown,restore as static/service page or merge to closest practice/service page,/resources/blog/05.webp
https://chamanlawfirm.com/domains/chamanlawfirm.com/public_html/wp-content/uploads/2024/09/1712573885859-1024x694.jpeg,1712573885859 1024x694.jpeg,UNIQUE_LEGAL_INFORMATION_PAGE,low_value_retired_or_unknown,restore as static/service page or merge to closest practice/service page,/resources/blog/1712573885859-1024x694.jpeg
https://chamanlawfirm.com/domains/chamanlawfirm.com/public_html/wp-content/uploads/2024/09/a-comprehensive-guide-to-obtaining-a-c-of-o-in-ogun-state-768x768.webp,A Comprehensive Guide To Obtaining A C Of O In Ogun State 768x768.webp,UNIQUE_LEGAL_INFORMATION_PAGE,low_value_retired_or_unknown,restore as static/service page or merge to closest practice/service page,/resources/blog/a-comprehensive-guide-to-obtaining-a-c-of-o-in-ogun-state-768x768.webp
https://chamanlawfirm.com/domains/chamanlawfirm.com/public_html/wp-content/uploads/2024/09/all-you-need-to-know-about-the-e-manifest-procedure-by-the-nigeria-custom-service.webp,All You Need To Know About The E Manifest Procedure By The Nigeria Custom Service.webp,UNIQUE_LEGAL_INFORMATION_PAGE,low_value_retired_or_unknown,restore as static/service page or merge to closest practice/service page,/resources/blog/all-you-need-to-know-about-the-e-manifest-procedure-by-the-nigeria-custom-service.webp
https://chamanlawfirm.com/domains/chamanlawfirm.com/public_html/wp-content/uploads/2024/09/alternative-dispute-resolution-in-nigeria-768x481.jpg,Alternative Dispute Resolution In Nigeria 768x481.jpg,UNIQUE_LEGAL_INFORMATION_PAGE,low_value_retired_or_unknown,restore as static/service page or merge to closest practice/service page,/resources/blog/alternative-dispute-resolution-in-nigeria-768x481.jpg
https://chamanlawfirm.com/domains/chamanlawfirm.com/public_html/wp-content/uploads/2024/09/an-overview-of-statutory-marriage-in-nigeria-1024x694.webp,An Overview Of Statutory Marriage In Nigeria 1024x694.webp,UNIQUE_LEGAL_INFORMATION_PAGE,low_value_retired_or_unknown,restore as static/service page or merge to closest practice/service page,/resources/blog/an-overview-of-statutory-marriage-in-nigeria-1024x694.webp
https://chamanlawfirm.com/domains/chamanlawfirm.com/public_html/wp-content/uploads/2024/09/authentication-legalization-document-certificate-nigeria-ae0v96pgjrfejklg.jpg.webp,Authentication Legalization Document Certificate Nigeria Ae0v96pgjrfejklg.jpg.webp,UNIQUE_LEGAL_INFORMATION_PAGE,low_value_retired_or_unknown,restore as static/service page or merge to closest practice/service page,/resources/blog/authentication-legalization-document-certificate-nigeria-ae0v96pgjrfejklg.jpg.webp
https://chamanlawfirm.com/domains/chamanlawfirm.com/public_html/wp-content/uploads/2024/09/c6a707_7596446342a340478ed04dbbff6b1369mv2.webp,C6a707_7596446342a340478ed04dbbff6b1369mv2.webp,UNIQUE_LEGAL_INFORMATION_PAGE,low_value_retired_or_unknown,restore as static/service page or merge to closest practice/service page,/resources/blog/c6a707_7596446342a340478ed04dbbff6b1369mv2.webp
https://chamanlawfirm.com/domains/chamanlawfirm.com/public_html/wp-content/uploads/2024/09/can-a-minor-make-a-contract-in-nigeria-a3qklxe4gpcm2lej-768x432.jpg,Can A Minor Make A Contract In Nigeria A3qklxe4gpcm2lej 768x432.jpg,UNIQUE_LEGAL_INFORMATION_PAGE,low_value_retired_or_unknown,restore as static/service page or merge to closest practice/service page,/resources/blog/can-a-minor-make-a-contract-in-nigeria-a3qklxe4gpcm2lej-768x432.jpg
https://chamanlawfirm.com/domains/chamanlawfirm.com/public_html/wp-content/uploads/2024/09/capacity-to-make-a-wil.webp,Capacity To Make A Wil.webp,UNIQUE_LEGAL_INFORMATION_PAGE,low_value_retired_or_unknown,restore as static/service page or merge to closest practice/service page,/resources/blog/capacity-to-make-a-wil.webp
https://chamanlawfirm.com/domains/chamanlawfirm.com/public_html/wp-content/uploads/2024/09/capture-1161x694.png,Capture 1161x694.png,UNIQUE_LEGAL_INFORMATION_PAGE,low_value_retired_or_unknown,restore as static/service page or merge to closest practice/service page,/resources/blog/capture-1161x694.png
https://chamanlawfirm.com/domains/chamanlawfirm.com/public_html/wp-content/uploads/2024/09/capture-amp7jjoljkimxplk-5.jpg,Capture Amp7jjoljkimxplk 5.jpg,UNIQUE_LEGAL_INFORMATION_PAGE,low_value_retired_or_unknown,restore as static/service page or merge to closest practice/service page,/resources/blog/capture-amp7jjoljkimxplk-5.jpg
https://chamanlawfirm.com/domains/chamanlawfirm.com/public_html/wp-content/uploads/2024/09/capture1-1-1170x694.jpg,Capture1 1 1170x694.jpg,UNIQUE_LEGAL_INFORMATION_PAGE,low_value_retired_or_unknown,restore as static/service page or merge to closest practice/service page,/resources/blog/capture1-1-1170x694.jpg
https://chamanlawfirm.com/domains/chamanlawfirm.com/public_html/wp-content/uploads/2024/09/chaman-properties-best-real-estate-and-property-company-in-nigeria-aok3l1gonwc2wxnk-mb.jpg.webp,Chaman Properties Best Real Estate And Property Company In Nigeria Aok3l1gonwc2wxnk Mb.jpg.webp,UNIQUE_LEGAL_INFORMATION_PAGE,low_value_retired_or_unknown,restore as static/service page or merge to closest practice/service page,/resources/blog/chaman-properties-best-real-estate-and-property-company-in-nigeria-aok3l1gonwc2wxnk-mb.jpg.webp
https://chamanlawfirm.com/domains/chamanlawfirm.com/public_html/wp-content/uploads/2024/09/childc_img-1170x694.webp,Childc_img 1170x694.webp,UNIQUE_LEGAL_INFORMATION_PAGE,low_value_retired_or_unknown,restore as static/service page or merge to closest practice/service page,/resources/blog/childc_img-1170x694.webp
https://chamanlawfirm.com/domains/chamanlawfirm.com/public_html/wp-content/uploads/2024/09/clm-software-_-revnue.jpg,Clm Software _ Revnue.jpg,UNIQUE_LEGAL_INFORMATION_PAGE,low_value_retired_or_unknown,restore as static/service page or merge to closest practice/service page,/resources/blog/clm-software-_-revnue.jpg
https://chamanlawfirm.com/domains/chamanlawfirm.com/public_html/wp-content/uploads/2024/09/colored-blocks-with-words-law-regulations-rules-compliance-ease-doing-business-quality-criteria-for-goods-services-protection-national-domestic-a85aq6pq4zhmgaxj-3-1170x694.jpg,Colored Blocks With Words Law Regulations Rules Compliance Ease Doing Business Quality Criteria For Goods Services Protection National Domestic A85aq6pq4zhmgaxj 3 1170x694.jpg,UNIQUE_LEGAL_INFORMATION_PAGE,low_value_retired_or_unknown,restore as static/service page or merge to closest practice/service page,/resources/blog/colored-blocks-with-words-law-regulations-rules-compliance-ease-doing-business-quality-criteria-for-goods-services-protection-national-domestic-a85aq6pq4zhmgaxj-3-1170x694.jpg
https://chamanlawfirm.com/domains/chamanlawfirm.com/public_html/wp-content/uploads/2024/09/communal-land-and-family-land-amqzeq6849c2rpjn-3.jpg,Communal Land And Family Land Amqzeq6849c2rpjn 3.jpg,UNIQUE_LEGAL_INFORMATION_PAGE,low_value_retired_or_unknown,restore as static/service page or merge to closest practice/service page,/resources/blog/communal-land-and-family-land-amqzeq6849c2rpjn-3.jpg
https://chamanlawfirm.com/domains/chamanlawfirm.com/public_html/wp-content/uploads/2024/09/community-development-associations-law-of-lagos-state-1-doqr3a80rrcqjqza-3.jpg,Community Development Associations Law Of Lagos State 1 Doqr3a80rrcqjqza 3.jpg,UNIQUE_LEGAL_INFORMATION_PAGE,low_value_retired_or_unknown,restore as static/service page or merge to closest practice/service page,/resources/blog/community-development-associations-law-of-lagos-state-1-doqr3a80rrcqjqza-3.jpg
https://chamanlawfirm.com/domains/chamanlawfirm.com/public_html/wp-content/uploads/2024/09/company-registration-in-nigeria-a85gzbym4oh8qrez-3.jpg,Company Registration In Nigeria A85gzbym4oh8qrez 3.jpg,UNIQUE_LEGAL_INFORMATION_PAGE,low_value_retired_or_unknown,restore as static/service page or merge to closest practice/service page,/resources/blog/company-registration-in-nigeria-a85gzbym4oh8qrez-3.jpg
https://chamanlawfirm.com/domains/chamanlawfirm.com/public_html/wp-content/uploads/2024/09/company-secretary-in-nigeria-doq2nlk2pdfoey5z.jpg.webp,Company Secretary In Nigeria Doq2nlk2pdfoey5z.jpg.webp,UNIQUE_LEGAL_INFORMATION_PAGE,low_value_retired_or_unknown,restore as static/service page or merge to closest practice/service page,/resources/blog/company-secretary-in-nigeria-doq2nlk2pdfoey5z.jpg.webp
https://chamanlawfirm.com/domains/chamanlawfirm.com/public_html/wp-content/uploads/2024/09/construction-law-in-nigeria-avldvjqej7ivbox4-1-768x515.jpeg,Construction Law In Nigeria Avldvjqej7ivbox4 1 768x515.jpeg,UNIQUE_LEGAL_INFORMATION_PAGE,low_value_retired_or_unknown,restore as static/service page or merge to closest practice/service page,/resources/blog/construction-law-in-nigeria-avldvjqej7ivbox4-1-768x515.jpeg
https://chamanlawfirm.com/domains/chamanlawfirm.com/public_html/wp-content/uploads/2024/09/contract-m7vbnnwjvzfpeqe1-3.jpg,Contract M7vbnnwjvzfpeqe1 3.jpg,UNIQUE_LEGAL_INFORMATION_PAGE,low_value_retired_or_unknown,restore as static/service page or merge to closest practice/service page,/resources/blog/contract-m7vbnnwjvzfpeqe1-3.jpg
https://chamanlawfirm.com/domains/chamanlawfirm.com/public_html/wp-content/uploads/2024/09/corporate-finance_img-1024x694.jpg,Corporate Finance_img 1024x694.jpg,UNIQUE_LEGAL_INFORMATION_PAGE,low_value_retired_or_unknown,restore as static/service page or merge to closest practice/service page,/resources/blog/corporate-finance_img-1024x694.jpg
https://chamanlawfirm.com/domains/chamanlawfirm.com/public_html/wp-content/uploads/2024/09/corporate-fraud-1078x694.webp,Corporate Fraud 1078x694.webp,UNIQUE_LEGAL_INFORMATION_PAGE,low_value_retired_or_unknown,restore as static/service page or merge to closest practice/service page,/resources/blog/corporate-fraud-1078x694.webp
https://chamanlawfirm.com/domains/chamanlawfirm.com/public_html/wp-content/uploads/2024/09/corporate-governance_img-1024x694.jpeg,Corporate Governance_img 1024x694.jpeg,UNIQUE_LEGAL_INFORMATION_PAGE,low_value_retired_or_unknown,restore as static/service page or merge to closest practice/service page,/resources/blog/corporate-governance_img-1024x694.jpeg
https://chamanlawfirm.com/domains/chamanlawfirm.com/public_html/wp-content/uploads/2024/09/corporate-restructuring.jpg,Corporate Restructuring.jpg,UNIQUE_LEGAL_INFORMATION_PAGE,low_value_retired_or_unknown,restore as static/service page or merge to closest practice/service page,/resources/blog/corporate-restructuring.jpg
https://chamanlawfirm.com/domains/chamanlawfirm.com/public_html/wp-content/uploads/2024/09/corporategovernanceinindia_img.jpeg,Corporategovernanceinindia_img.jpeg,UNIQUE_LEGAL_INFORMATION_PAGE,low_value_retired_or_unknown,restore as static/service page or merge to closest practice/service page,/resources/blog/corporategovernanceinindia_img.jpeg
https://chamanlawfirm.com/domains/chamanlawfirm.com/public_html/wp-content/uploads/2024/09/crossexamination-rights-and-legal-procedures-jng-qo9v5zw67cltcga1wlhfgizkp9f2xriur9po7v9mj8.jpg,Crossexamination Rights And Legal Procedures Jng Qo9v5zw67cltcga1wlhfgizkp9f2xriur9po7v9mj8.jpg,UNIQUE_LEGAL_INFORMATION_PAGE,low_value_retired_or_unknown,restore as static/service page or merge to closest practice/service page,/resources/blog/crossexamination-rights-and-legal-procedures-jng-qo9v5zw67cltcga1wlhfgizkp9f2xriur9po7v9mj8.jpg
https://chamanlawfirm.com/domains/chamanlawfirm.com/public_html/wp-content/uploads/2024/09/dall-,Dall,UNIQUE_LEGAL_INFORMATION_PAGE,low_value_retired_or_unknown,restore as static/service page or merge to closest practice/service page,/resources/blog/dall-
https://chamanlawfirm.com/domains/chamanlawfirm.com/public_html/wp-content/uploads/2024/09/data_img.png,Data_img.png,UNIQUE_LEGAL_INFORMATION_PAGE,low_value_retired_or_unknown,restore as static/service page or merge to closest practice/service page,/resources/blog/data_img.png
https://chamanlawfirm.com/domains/chamanlawfirm.com/public_html/wp-content/uploads/2024/09/debt-recovery-law-in-nigeria-ykboejjvbotbverg.jpg.webp,Debt Recovery Law In Nigeria Ykboejjvbotbverg.jpg.webp,UNIQUE_LEGAL_INFORMATION_PAGE,low_value_retired_or_unknown,restore as static/service page or merge to closest practice/service page,/resources/blog/debt-recovery-law-in-nigeria-ykboejjvbotbverg.jpg.webp
https://chamanlawfirm.com/domains/chamanlawfirm.com/public_html/wp-content/uploads/2024/09/debt1-_1_.webp,Debt1 _1_.webp,UNIQUE_LEGAL_INFORMATION_PAGE,low_value_retired_or_unknown,restore as static/service page or merge to closest practice/service page,/resources/blog/debt1-_1_.webp
https://chamanlawfirm.com/domains/chamanlawfirm.com/public_html/wp-content/uploads/2024/09/debtrecovery_img.jpg,Debtrecovery_img.jpg,UNIQUE_LEGAL_INFORMATION_PAGE,low_value_retired_or_unknown,restore as static/service page or merge to closest practice/service page,/resources/blog/debtrecovery_img.jpg
https://chamanlawfirm.com/domains/chamanlawfirm.com/public_html/wp-content/uploads/2024/09/dispute-resolution-2-1170x694.jpg,Dispute Resolution 2 1170x694.jpg,UNIQUE_LEGAL_INFORMATION_PAGE,low_value_retired_or_unknown,restore as static/service page or merge to closest practice/service page,/resources/blog/dispute-resolution-2-1170x694.jpg
https://chamanlawfirm.com/domains/chamanlawfirm.com/public_html/wp-content/uploads/2024/09/download-1-1.jpeg,Download 1 1.jpeg,UNIQUE_LEGAL_INFORMATION_PAGE,low_value_retired_or_unknown,restore as static/service page or merge to closest practice/service page,/resources/blog/download-1-1.jpeg
https://chamanlawfirm.com/domains/chamanlawfirm.com/public_html/wp-content/uploads/2024/09/download-11.jpeg,Download 11.jpeg,UNIQUE_LEGAL_INFORMATION_PAGE,low_value_retired_or_unknown,restore as static/service page or merge to closest practice/service page,/resources/blog/download-11.jpeg
https://chamanlawfirm.com/domains/chamanlawfirm.com/public_html/wp-content/uploads/2024/09/download-15.jpeg,Download 15.jpeg,UNIQUE_LEGAL_INFORMATION_PAGE,low_value_retired_or_unknown,restore as static/service page or merge to closest practice/service page,/resources/blog/download-15.jpeg
https://chamanlawfirm.com/domains/chamanlawfirm.com/public_html/wp-content/uploads/2024/09/download-16.jpeg,Download 16.jpeg,UNIQUE_LEGAL_INFORMATION_PAGE,low_value_retired_or_unknown,restore as static/service page or merge to closest practice/service page,/resources/blog/download-16.jpeg
https://chamanlawfirm.com/domains/chamanlawfirm.com/public_html/wp-content/uploads/2024/09/download-35-2.jpeg,Download 35 2.jpeg,UNIQUE_LEGAL_INFORMATION_PAGE,low_value_retired_or_unknown,restore as static/service page or merge to closest practice/service page,/resources/blog/download-35-2.jpeg
https://chamanlawfirm.com/domains/chamanlawfirm.com/public_html/wp-content/uploads/2024/09/download-38.jpeg,Download 38.jpeg,UNIQUE_LEGAL_INFORMATION_PAGE,low_value_retired_or_unknown,restore as static/service page or merge to closest practice/service page,/resources/blog/download-38.jpeg
https://chamanlawfirm.com/domains/chamanlawfirm.com/public_html/wp-content/uploads/2024/09/download-45.jpeg,Download 45.jpeg,UNIQUE_LEGAL_INFORMATION_PAGE,low_value_retired_or_unknown,restore as static/service page or merge to closest practice/service page,/resources/blog/download-45.jpeg
https://chamanlawfirm.com/domains/chamanlawfirm.com/public_html/wp-content/uploads/2024/09/download-ybb2rep3kjuydoy9-m-3.jpg,Download Ybb2rep3kjuydoy9 M 3.jpg,UNIQUE_LEGAL_INFORMATION_PAGE,low_value_retired_or_unknown,restore as static/service page or merge to closest practice/service page,/resources/blog/download-ybb2rep3kjuydoy9-m-3.jpg
https://chamanlawfirm.com/domains/chamanlawfirm.com/public_html/wp-content/uploads/2024/09/due-diligence-1170x694.jpg,Due Diligence 1170x694.jpg,UNIQUE_LEGAL_INFORMATION_PAGE,low_value_retired_or_unknown,restore as static/service page or merge to closest practice/service page,/resources/blog/due-diligence-1170x694.jpg
https://chamanlawfirm.com/domains/chamanlawfirm.com/public_html/wp-content/uploads/2024/09/duties-of-company-board-of-directors-m2wom3yrxyiblrlr-1-768x432.jpg.webp,Duties Of Company Board Of Directors M2wom3yrxyiblrlr 1 768x432.jpg.webp,UNIQUE_LEGAL_INFORMATION_PAGE,low_value_retired_or_unknown,restore as static/service page or merge to closest practice/service page,/resources/blog/duties-of-company-board-of-directors-m2wom3yrxyiblrlr-1-768x432.jpg.webp
https://chamanlawfirm.com/domains/chamanlawfirm.com/public_html/wp-content/uploads/2024/09/employment-contracts-1-1170x694.webp,Employment Contracts 1 1170x694.webp,UNIQUE_LEGAL_INFORMATION_PAGE,low_value_retired_or_unknown,restore as static/service page or merge to closest practice/service page,/resources/blog/employment-contracts-1-1170x694.webp
https://chamanlawfirm.com/domains/chamanlawfirm.com/public_html/wp-content/uploads/2024/09/evaluating-real-estate-investment-returns-and-performance-metrics-in-nigeria-768x456.webp,Evaluating Real Estate Investment Returns And Performance Metrics In Nigeria 768x456.webp,UNIQUE_LEGAL_INFORMATION_PAGE,low_value_retired_or_unknown,restore as static/service page or merge to closest practice/service page,/resources/blog/evaluating-real-estate-investment-returns-and-performance-metrics-in-nigeria-768x456.webp
https://chamanlawfirm.com/domains/chamanlawfirm.com/public_html/wp-content/uploads/2024/09/expert-witness_img.jpg,Expert Witness_img.jpg,UNIQUE_LEGAL_INFORMATION_PAGE,low_value_retired_or_unknown,restore as static/service page or merge to closest practice/service page,/resources/blog/expert-witness_img.jpg
https://chamanlawfirm.com/domains/chamanlawfirm.com/public_html/wp-content/uploads/2024/09/famcourt_img.png,Famcourt_img.png,UNIQUE_LEGAL_INFORMATION_PAGE,low_value_retired_or_unknown,restore as static/service page or merge to closest practice/service page,/resources/blog/famcourt_img.png
https://chamanlawfirm.com/domains/chamanlawfirm.com/public_html/wp-content/uploads/2024/09/firs-tax-clearance-certificate-how-to-obtain-tax-clearance-certificate-in-nigeria-djo7qed6voi7wmg5-1-768x456.jpg,Firs Tax Clearance Certificate How To Obtain Tax Clearance Certificate In Nigeria Djo7qed6voi7wmg5 1 768x456.jpg,UNIQUE_LEGAL_INFORMATION_PAGE,low_value_retired_or_unknown,restore as static/service page or merge to closest practice/service page,/resources/blog/firs-tax-clearance-certificate-how-to-obtain-tax-clearance-certificate-in-nigeria-djo7qed6voi7wmg5-1-768x456.jpg
https://chamanlawfirm.com/domains/chamanlawfirm.com/public_html/wp-content/uploads/2024/09/firs-tax-clearance-certificate-how-to-obtain-tax-clearance-certificate-in-nigeria-djo7qed6voi7wmg5-3.jpg,Firs Tax Clearance Certificate How To Obtain Tax Clearance Certificate In Nigeria Djo7qed6voi7wmg5 3.jpg,UNIQUE_LEGAL_INFORMATION_PAGE,low_value_retired_or_unknown,restore as static/service page or merge to closest practice/service page,/resources/blog/firs-tax-clearance-certificate-how-to-obtain-tax-clearance-certificate-in-nigeria-djo7qed6voi7wmg5-3.jpg
https://chamanlawfirm.com/domains/chamanlawfirm.com/public_html/wp-content/uploads/2024/09/floodplain-management-under-the-land-use-act-in-nigeria-768x640.webp,Floodplain Management Under The Land Use Act In Nigeria 768x640.webp,UNIQUE_LEGAL_INFORMATION_PAGE,low_value_retired_or_unknown,restore as static/service page or merge to closest practice/service page,/resources/blog/floodplain-management-under-the-land-use-act-in-nigeria-768x640.webp
https://chamanlawfirm.com/domains/chamanlawfirm.com/public_html/wp-content/uploads/2024/09/foreign-marriages-in-nigeria-recognition-and-legal-implications-768x456.webp,Foreign Marriages In Nigeria Recognition And Legal Implications 768x456.webp,UNIQUE_LEGAL_INFORMATION_PAGE,low_value_retired_or_unknown,restore as static/service page or merge to closest practice/service page,/resources/blog/foreign-marriages-in-nigeria-recognition-and-legal-implications-768x456.webp
https://chamanlawfirm.com/domains/chamanlawfirm.com/public_html/wp-content/uploads/2024/09/grabbing-1-768x357.png,Grabbing 1 768x357.png,UNIQUE_LEGAL_INFORMATION_PAGE,low_value_retired_or_unknown,restore as static/service page or merge to closest practice/service page,/resources/blog/grabbing-1-768x357.png
https://chamanlawfirm.com/domains/chamanlawfirm.com/public_html/wp-content/uploads/2024/09/ground-for-dissolution-of-marriage-under-the-nigeria-law-768x511.jpg,Ground For Dissolution Of Marriage Under The Nigeria Law 768x511.jpg,UNIQUE_LEGAL_INFORMATION_PAGE,low_value_retired_or_unknown,restore as static/service page or merge to closest practice/service page,/resources/blog/ground-for-dissolution-of-marriage-under-the-nigeria-law-768x511.jpg
https://chamanlawfirm.com/domains/chamanlawfirm.com/public_html/wp-content/uploads/2024/09/guide-to-obtaining-a-certificate-of-occupancy-c-of-o-in-ogun-state-768x768.webp,Guide To Obtaining A Certificate Of Occupancy C Of O In Ogun State 768x768.webp,UNIQUE_LEGAL_INFORMATION_PAGE,low_value_retired_or_unknown,restore as static/service page or merge to closest practice/service page,/resources/blog/guide-to-obtaining-a-certificate-of-occupancy-c-of-o-in-ogun-state-768x768.webp
https://chamanlawfirm.com/domains/chamanlawfirm.com/public_html/wp-content/uploads/2024/09/how-are-land-tenures-and-customary-land-tenure-systems-understood-in-nigeria-768x640.webp,How Are Land Tenures And Customary Land Tenure Systems Understood In Nigeria 768x640.webp,UNIQUE_LEGAL_INFORMATION_PAGE,low_value_retired_or_unknown,restore as static/service page or merge to closest practice/service page,/resources/blog/how-are-land-tenures-and-customary-land-tenure-systems-understood-in-nigeria-768x640.webp
https://chamanlawfirm.com/domains/chamanlawfirm.com/public_html/wp-content/uploads/2024/09/how-can-customary-land-tenure-systems-coexist-with-statutory-land-ownership-768x456.jpg,How Can Customary Land Tenure Systems Coexist With Statutory Land Ownership 768x456.jpg,UNIQUE_LEGAL_INFORMATION_PAGE,low_value_retired_or_unknown,restore as static/service page or merge to closest practice/service page,/resources/blog/how-can-customary-land-tenure-systems-coexist-with-statutory-land-ownership-768x456.jpg
https://chamanlawfirm.com/domains/chamanlawfirm.com/public_html/wp-content/uploads/2024/09/how-do-land-surveyors-contribute-to-determining-land-boundaries-in-nigeria-768x512.jpg,How Do Land Surveyors Contribute To Determining Land Boundaries In Nigeria 768x512.jpg,UNIQUE_LEGAL_INFORMATION_PAGE,low_value_retired_or_unknown,restore as static/service page or merge to closest practice/service page,/resources/blog/how-do-land-surveyors-contribute-to-determining-land-boundaries-in-nigeria-768x512.jpg
https://chamanlawfirm.com/domains/chamanlawfirm.com/public_html/wp-content/uploads/2024/09/how-does-the-land-use-act-impact-land-ownership-and-titles-in-nigeria-1024x694.png,How Does The Land Use Act Impact Land Ownership And Titles In Nigeria 1024x694.png,UNIQUE_LEGAL_INFORMATION_PAGE,low_value_retired_or_unknown,restore as static/service page or merge to closest practice/service page,/resources/blog/how-does-the-land-use-act-impact-land-ownership-and-titles-in-nigeria-1024x694.png
https://chamanlawfirm.com/domains/chamanlawfirm.com/public_html/wp-content/uploads/2024/09/how-does-the-land-use-act-influence-infrastructure-development-1024x694.webp,How Does The Land Use Act Influence Infrastructure Development 1024x694.webp,UNIQUE_LEGAL_INFORMATION_PAGE,low_value_retired_or_unknown,restore as static/service page or merge to closest practice/service page,/resources/blog/how-does-the-land-use-act-influence-infrastructure-development-1024x694.webp
https://chamanlawfirm.com/domains/chamanlawfirm.com/public_html/wp-content/uploads/2024/09/how-does-the-land-use-act-relate-to-land-conflicts-in-nigeria-1080x694.webp,How Does The Land Use Act Relate To Land Conflicts In Nigeria 1080x694.webp,UNIQUE_LEGAL_INFORMATION_PAGE,low_value_retired_or_unknown,restore as static/service page or merge to closest practice/service page,/resources/blog/how-does-the-land-use-act-relate-to-land-conflicts-in-nigeria-1080x694.webp
https://chamanlawfirm.com/domains/chamanlawfirm.com/public_html/wp-content/uploads/2024/09/how-to-apply-for-certificate-of-occupancy-in-nigeria-d95ywlbovoi4poxk-768x456.jpg,How To Apply For Certificate Of Occupancy In Nigeria D95ywlbovoi4poxk 768x456.jpg,UNIQUE_LEGAL_INFORMATION_PAGE,low_value_retired_or_unknown,restore as static/service page or merge to closest practice/service page,/resources/blog/how-to-apply-for-certificate-of-occupancy-in-nigeria-d95ywlbovoi4poxk-768x456.jpg
https://chamanlawfirm.com/domains/chamanlawfirm.com/public_html/wp-content/uploads/2024/09/how-to-file-patent-in-nigeria.webp,How To File Patent In Nigeria.webp,UNIQUE_LEGAL_INFORMATION_PAGE,low_value_retired_or_unknown,restore as static/service page or merge to closest practice/service page,/resources/blog/how-to-file-patent-in-nigeria.webp
https://chamanlawfirm.com/domains/chamanlawfirm.com/public_html/wp-content/uploads/2024/09/how-to-obtain-an-infant-visa-in-nigeria-1-1200x675.jpg,How To Obtain An Infant Visa In Nigeria 1 1200x675.jpg,UNIQUE_LEGAL_INFORMATION_PAGE,low_value_retired_or_unknown,restore as static/service page or merge to closest practice/service page,/resources/blog/how-to-obtain-an-infant-visa-in-nigeria-1-1200x675.jpg
https://chamanlawfirm.com/domains/chamanlawfirm.com/public_html/wp-content/uploads/2024/09/how-to-open-corporate-bank-account-in-nigeria-mp8kgeavllumlzpm.png.webp,How To Open Corporate Bank Account In Nigeria Mp8kgeavllumlzpm.png.webp,UNIQUE_LEGAL_INFORMATION_PAGE,low_value_retired_or_unknown,restore as static/service page or merge to closest practice/service page,/resources/blog/how-to-open-corporate-bank-account-in-nigeria-mp8kgeavllumlzpm.png.webp
https://chamanlawfirm.com/domains/chamanlawfirm.com/public_html/wp-content/uploads/2024/09/how-to-register-a-group-of-company-in-nigeria-mp8zb1e0gghwjd72-3-768x432.png,How To Register A Group Of Company In Nigeria Mp8zb1e0gghwjd72 3 768x432.png,UNIQUE_LEGAL_INFORMATION_PAGE,low_value_retired_or_unknown,restore as static/service page or merge to closest practice/service page,/resources/blog/how-to-register-a-group-of-company-in-nigeria-mp8zb1e0gghwjd72-3-768x432.png
https://chamanlawfirm.com/domains/chamanlawfirm.com/public_html/wp-content/uploads/2024/09/how-to-transfer-land-ownership-and-land-document-in-nigeria-768x512.jpg,How To Transfer Land Ownership And Land Document In Nigeria 768x512.jpg,UNIQUE_LEGAL_INFORMATION_PAGE,low_value_retired_or_unknown,restore as static/service page or merge to closest practice/service page,/resources/blog/how-to-transfer-land-ownership-and-land-document-in-nigeria-768x512.jpg
https://chamanlawfirm.com/domains/chamanlawfirm.com/public_html/wp-content/uploads/2024/09/image-13-768x433-1.jpeg,Image 13 768x433 1.jpeg,UNIQUE_LEGAL_INFORMATION_PAGE,low_value_retired_or_unknown,restore as static/service page or merge to closest practice/service page,/resources/blog/image-13-768x433-1.jpeg
https://chamanlawfirm.com/domains/chamanlawfirm.com/public_html/wp-content/uploads/2024/09/images-1-1.jpeg,Images 1 1.jpeg,UNIQUE_LEGAL_INFORMATION_PAGE,low_value_retired_or_unknown,restore as static/service page or merge to closest practice/service page,/resources/blog/images-1-1.jpeg
https://chamanlawfirm.com/domains/chamanlawfirm.com/public_html/wp-content/uploads/2024/09/images-11-1.jpeg,Images 11 1.jpeg,UNIQUE_LEGAL_INFORMATION_PAGE,low_value_retired_or_unknown,restore as static/service page or merge to closest practice/service page,/resources/blog/images-11-1.jpeg
https://chamanlawfirm.com/domains/chamanlawfirm.com/public_html/wp-content/uploads/2024/09/images-12.jpeg,Images 12.jpeg,UNIQUE_LEGAL_INFORMATION_PAGE,low_value_retired_or_unknown,restore as static/service page or merge to closest practice/service page,/resources/blog/images-12.jpeg
https://chamanlawfirm.com/domains/chamanlawfirm.com/public_html/wp-content/uploads/2024/09/images-14.jpeg,Images 14.jpeg,UNIQUE_LEGAL_INFORMATION_PAGE,low_value_retired_or_unknown,restore as static/service page or merge to closest practice/service page,/resources/blog/images-14.jpeg
https://chamanlawfirm.com/domains/chamanlawfirm.com/public_html/wp-content/uploads/2024/09/images-4.jpeg,Images 4.jpeg,UNIQUE_LEGAL_INFORMATION_PAGE,low_value_retired_or_unknown,restore as static/service page or merge to closest practice/service page,/resources/blog/images-4.jpeg
https://chamanlawfirm.com/domains/chamanlawfirm.com/public_html/wp-content/uploads/2024/09/images-8-1.jpeg,Images 8 1.jpeg,UNIQUE_LEGAL_INFORMATION_PAGE,low_value_retired_or_unknown,restore as static/service page or merge to closest practice/service page,/resources/blog/images-8-1.jpeg
https://chamanlawfirm.com/domains/chamanlawfirm.com/public_html/wp-content/uploads/2024/09/images.jpeg,Images.jpeg,UNIQUE_LEGAL_INFORMATION_PAGE,low_value_retired_or_unknown,restore as static/service page or merge to closest practice/service page,/resources/blog/images.jpeg
https://chamanlawfirm.com/domains/chamanlawfirm.com/public_html/wp-content/uploads/2024/09/importance-of-taxation-in-nigeria-jpg.webp,Importance Of Taxation In Nigeria Jpg.webp,UNIQUE_LEGAL_INFORMATION_PAGE,low_value_retired_or_unknown,restore as static/service page or merge to closest practice/service page,/resources/blog/importance-of-taxation-in-nigeria-jpg.webp
https://chamanlawfirm.com/domains/chamanlawfirm.com/public_html/wp-content/uploads/2024/09/inheritance-right-of-women-a0xb5kax3gczlzqp.jpeg,Inheritance Right Of Women A0xb5kax3gczlzqp.jpeg,UNIQUE_LEGAL_INFORMATION_PAGE,low_value_retired_or_unknown,restore as static/service page or merge to closest practice/service page,/resources/blog/inheritance-right-of-women-a0xb5kax3gczlzqp.jpeg
https://chamanlawfirm.com/domains/chamanlawfirm.com/public_html/wp-content/uploads/2024/09/intellectualproperty_img.jpg,Intellectualproperty_img.jpg,UNIQUE_LEGAL_INFORMATION_PAGE,low_value_retired_or_unknown,restore as static/service page or merge to closest practice/service page,/resources/blog/intellectualproperty_img.jpg
https://chamanlawfirm.com/domains/chamanlawfirm.com/public_html/wp-content/uploads/2024/09/international-passport-mjed74rg63cl65g1-700x456.jpg.webp,International Passport Mjed74rg63cl65g1 700x456.jpg.webp,UNIQUE_LEGAL_INFORMATION_PAGE,low_value_retired_or_unknown,restore as static/service page or merge to closest practice/service page,/resources/blog/international-passport-mjed74rg63cl65g1-700x456.jpg.webp
https://chamanlawfirm.com/domains/chamanlawfirm.com/public_html/wp-content/uploads/2024/09/is-a-woman-a-property-to-be-inherited-and-the-right-of-a-woman-as-regards-succession-under-customary-768x456.jpg,Is A Woman A Property To Be Inherited And The Right Of A Woman As Regards Succession Under Customary 768x456.jpg,UNIQUE_LEGAL_INFORMATION_PAGE,low_value_retired_or_unknown,restore as static/service page or merge to closest practice/service page,/resources/blog/is-a-woman-a-property-to-be-inherited-and-the-right-of-a-woman-as-regards-succession-under-customary-768x456.jpg
https://chamanlawfirm.com/domains/chamanlawfirm.com/public_html/wp-content/uploads/2024/09/joinder-of-parties-aop1b3kpnrudp2w6-1-1200x675.jpg,Joinder Of Parties Aop1b3kpnrudp2w6 1 1200x675.jpg,UNIQUE_LEGAL_INFORMATION_PAGE,low_value_retired_or_unknown,restore as static/service page or merge to closest practice/service page,/resources/blog/joinder-of-parties-aop1b3kpnrudp2w6-1-1200x675.jpg
https://chamanlawfirm.com/domains/chamanlawfirm.com/public_html/wp-content/uploads/2024/09/joint-property.webp,Joint Property.webp,UNIQUE_LEGAL_INFORMATION_PAGE,low_value_retired_or_unknown,restore as static/service page or merge to closest practice/service page,/resources/blog/joint-property.webp
https://chamanlawfirm.com/domains/chamanlawfirm.com/public_html/wp-content/uploads/2024/09/lady-justice-aezb1bvvjjhpwn68-3.jpg,Lady Justice Aezb1bvvjjhpwn68 3.jpg,UNIQUE_LEGAL_INFORMATION_PAGE,low_value_retired_or_unknown,restore as static/service page or merge to closest practice/service page,/resources/blog/lady-justice-aezb1bvvjjhpwn68-3.jpg
https://chamanlawfirm.com/domains/chamanlawfirm.com/public_html/wp-content/uploads/2024/09/lagos-tax-clearance-certificate-ar0lnzex6ksjpx4b-3.jpg,Lagos Tax Clearance Certificate Ar0lnzex6ksjpx4b 3.jpg,UNIQUE_LEGAL_INFORMATION_PAGE,low_value_retired_or_unknown,restore as static/service page or merge to closest practice/service page,/resources/blog/lagos-tax-clearance-certificate-ar0lnzex6ksjpx4b-3.jpg
https://chamanlawfirm.com/domains/chamanlawfirm.com/public_html/wp-content/uploads/2024/09/land-registry-2564744_960_720.jpg,Land Registry 2564744_960_720.jpg,UNIQUE_LEGAL_INFORMATION_PAGE,low_value_retired_or_unknown,restore as static/service page or merge to closest practice/service page,/resources/blog/land-registry-2564744_960_720.jpg
https://chamanlawfirm.com/domains/chamanlawfirm.com/public_html/wp-content/uploads/2024/09/land-registry-search-azgzp7pmryhnbjlp.jpg.webp,Land Registry Search Azgzp7pmryhnbjlp.jpg.webp,UNIQUE_LEGAL_INFORMATION_PAGE,low_value_retired_or_unknown,restore as static/service page or merge to closest practice/service page,/resources/blog/land-registry-search-azgzp7pmryhnbjlp.jpg.webp
https://chamanlawfirm.com/domains/chamanlawfirm.com/public_html/wp-content/uploads/2024/09/land-titles-2023-10-29t180023.725-mep1ep4lpvfeazjg-3-1080x694.webp,Land Titles 2023 10 29t180023.725 Mep1ep4lpvfeazjg 3 1080x694.webp,UNIQUE_LEGAL_INFORMATION_PAGE,low_value_retired_or_unknown,restore as static/service page or merge to closest practice/service page,/resources/blog/land-titles-2023-10-29t180023.725-mep1ep4lpvfeazjg-3-1080x694.webp
https://chamanlawfirm.com/domains/chamanlawfirm.com/public_html/wp-content/uploads/2024/09/land-titles-2023-11-05t205854.744-m6ldm2zd7duqem34-3-1080x694.webp,Land Titles 2023 11 05t205854.744 M6ldm2zd7duqem34 3 1080x694.webp,UNIQUE_LEGAL_INFORMATION_PAGE,low_value_retired_or_unknown,restore as static/service page or merge to closest practice/service page,/resources/blog/land-titles-2023-11-05t205854.744-m6ldm2zd7duqem34-3-1080x694.webp
https://chamanlawfirm.com/domains/chamanlawfirm.com/public_html/wp-content/uploads/2024/09/landlord-and-tenant-law-1170x694.webp,Landlord And Tenant Law 1170x694.webp,UNIQUE_LEGAL_INFORMATION_PAGE,low_value_retired_or_unknown,restore as static/service page or merge to closest practice/service page,/resources/blog/landlord-and-tenant-law-1170x694.webp
https://chamanlawfirm.com/domains/chamanlawfirm.com/public_html/wp-content/uploads/2024/09/landlord-tenant-law-in-nigeria-ybb2bq69agckr9w9-4.jpg,Landlord Tenant Law In Nigeria Ybb2bq69agckr9w9 4.jpg,UNIQUE_LEGAL_INFORMATION_PAGE,low_value_retired_or_unknown,restore as static/service page or merge to closest practice/service page,/resources/blog/landlord-tenant-law-in-nigeria-ybb2bq69agckr9w9-4.jpg
https://chamanlawfirm.com/domains/chamanlawfirm.com/public_html/wp-content/uploads/2024/09/lawyer-looks-at-copy-of-the-will.jpg,Lawyer Looks At Copy Of The Will.jpg,LAWYER_PROFILE,low_value_retired_or_unknown,merge/redirect/retire based on exact intent,/resources/blog/lawyer-looks-at-copy-of-the-will.jpg
https://chamanlawfirm.com/domains/chamanlawfirm.com/public_html/wp-content/uploads/2024/09/legal-framework-in-place-in-nigeria-to-fight-cyber-crime-aqeg6bl8rvfv4o0m-1-768x432.png,Legal Framework In Place In Nigeria To Fight Cyber Crime Aqeg6bl8rvfv4o0m 1 768x432.png,UNIQUE_LEGAL_INFORMATION_PAGE,low_value_retired_or_unknown,restore as static/service page or merge to closest practice/service page,/resources/blog/legal-framework-in-place-in-nigeria-to-fight-cyber-crime-aqeg6bl8rvfv4o0m-1-768x432.png
https://chamanlawfirm.com/domains/chamanlawfirm.com/public_html/wp-content/uploads/2024/09/legally-binding-contract_img.webp,Legally Binding Contract_img.webp,UNIQUE_LEGAL_INFORMATION_PAGE,low_value_retired_or_unknown,restore as static/service page or merge to closest practice/service page,/resources/blog/legally-binding-contract_img.webp
https://chamanlawfirm.com/domains/chamanlawfirm.com/public_html/wp-content/uploads/2024/09/letter-of-administration-and-grant-of-probate-in-nigeria-a85297noplha7qxj-3.webp,Letter Of Administration And Grant Of Probate In Nigeria A85297noplha7qxj 3.webp,UNIQUE_LEGAL_INFORMATION_PAGE,low_value_retired_or_unknown,restore as static/service page or merge to closest practice/service page,/resources/blog/letter-of-administration-and-grant-of-probate-in-nigeria-a85297noplha7qxj-3.webp
https://chamanlawfirm.com/domains/chamanlawfirm.com/public_html/wp-content/uploads/2024/09/lists-of-government-ministries-and-parastatals-in-ogun-state-nigeria-yz9lqpnbw7sxrkq8-768x456.jpg,Lists Of Government Ministries And Parastatals In Ogun State Nigeria Yz9lqpnbw7sxrkq8 768x456.jpg,UNIQUE_LEGAL_INFORMATION_PAGE,low_value_retired_or_unknown,restore as static/service page or merge to closest practice/service page,/resources/blog/lists-of-government-ministries-and-parastatals-in-ogun-state-nigeria-yz9lqpnbw7sxrkq8-768x456.jpg
https://chamanlawfirm.com/domains/chamanlawfirm.com/public_html/wp-content/uploads/2024/09/nigeria-certificate-of-occupancy.jpg,Nigeria Certificate Of Occupancy.jpg,UNIQUE_LEGAL_INFORMATION_PAGE,low_value_retired_or_unknown,restore as static/service page or merge to closest practice/service page,/resources/blog/nigeria-certificate-of-occupancy.jpg
https://chamanlawfirm.com/domains/chamanlawfirm.com/public_html/wp-content/uploads/2024/09/nis-passport_img.png,Nis Passport_img.png,UNIQUE_LEGAL_INFORMATION_PAGE,low_value_retired_or_unknown,restore as static/service page or merge to closest practice/service page,/resources/blog/nis-passport_img.png
https://chamanlawfirm.com/domains/chamanlawfirm.com/public_html/wp-content/uploads/2024/09/overview-of-citizenship-in-nigeria-mp4weygqqyuvoxnq-1-768x456.jpg,Overview Of Citizenship In Nigeria Mp4weygqqyuvoxnq 1 768x456.jpg,UNIQUE_LEGAL_INFORMATION_PAGE,low_value_retired_or_unknown,restore as static/service page or merge to closest practice/service page,/resources/blog/overview-of-citizenship-in-nigeria-mp4weygqqyuvoxnq-1-768x456.jpg
https://chamanlawfirm.com/domains/chamanlawfirm.com/public_html/wp-content/uploads/2024/09/overview-of-the-concept-recovery-of-premises-in-lagos-state-740x694.jpg,Overview Of The Concept Recovery Of Premises In Lagos State 740x694.jpg,UNIQUE_LEGAL_INFORMATION_PAGE,low_value_retired_or_unknown,restore as static/service page or merge to closest practice/service page,/resources/blog/overview-of-the-concept-recovery-of-premises-in-lagos-state-740x694.jpg
https://chamanlawfirm.com/domains/chamanlawfirm.com/public_html/wp-content/uploads/2024/09/ownership-and-possession-a0xboxdbwmsr2olr-2.png,Ownership And Possession A0xboxdbwmsr2olr 2.png,UNIQUE_LEGAL_INFORMATION_PAGE,low_value_retired_or_unknown,restore as static/service page or merge to closest practice/service page,/resources/blog/ownership-and-possession-a0xboxdbwmsr2olr-2.png
https://chamanlawfirm.com/domains/chamanlawfirm.com/public_html/wp-content/uploads/2024/09/planning-1170x694.jpg,Planning 1170x694.jpg,UNIQUE_LEGAL_INFORMATION_PAGE,low_value_retired_or_unknown,restore as static/service page or merge to closest practice/service page,/resources/blog/planning-1170x694.jpg
https://chamanlawfirm.com/domains/chamanlawfirm.com/public_html/wp-content/uploads/2024/09/police-prosecution-in-nigerian-courts.webp,Police Prosecution In Nigerian Courts.webp,UNIQUE_LEGAL_INFORMATION_PAGE,low_value_retired_or_unknown,restore as static/service page or merge to closest practice/service page,/resources/blog/police-prosecution-in-nigerian-courts.webp
https://chamanlawfirm.com/domains/chamanlawfirm.com/public_html/wp-content/uploads/2024/09/polygamy_img.webp,Polygamy_img.webp,UNIQUE_LEGAL_INFORMATION_PAGE,low_value_retired_or_unknown,restore as static/service page or merge to closest practice/service page,/resources/blog/polygamy_img.webp
https://chamanlawfirm.com/domains/chamanlawfirm.com/public_html/wp-content/uploads/2024/09/portrait-native-american-engineer-technician-wearing-safty-uniform-hand-contril-automation-robot-arm-welding-machine-with-laptop-industrial-40-factory-background-concept-2-768x456.jpg,Portrait Native American Engineer Technician Wearing Safty Uniform Hand Contril Automation Robot Arm Welding Machine With Laptop Industrial 40 Factory Background Concept 2 768x456.jpg,UNIQUE_LEGAL_INFORMATION_PAGE,low_value_retired_or_unknown,restore as static/service page or merge to closest practice/service page,/resources/blog/portrait-native-american-engineer-technician-wearing-safty-uniform-hand-contril-automation-robot-arm-welding-machine-with-laptop-industrial-40-factory-background-concept-2-768x456.jpg
https://chamanlawfirm.com/domains/chamanlawfirm.com/public_html/wp-content/uploads/2024/09/probate-and-letter-of-administration-in-nigeria-ynq8o20gpohmnq4a-768x277.jpg,Probate And Letter Of Administration In Nigeria Ynq8o20gpohmnq4a 768x277.jpg,UNIQUE_LEGAL_INFORMATION_PAGE,low_value_retired_or_unknown,restore as static/service page or merge to closest practice/service page,/resources/blog/probate-and-letter-of-administration-in-nigeria-ynq8o20gpohmnq4a-768x277.jpg
https://chamanlawfirm.com/domains/chamanlawfirm.com/public_html/wp-content/uploads/2024/09/procedure-for-company-registration-in-nigeria-mjekrwwvkoug1a9o-768x432.jpg,Procedure For Company Registration In Nigeria Mjekrwwvkoug1a9o 768x432.jpg,UNIQUE_LEGAL_INFORMATION_PAGE,low_value_retired_or_unknown,restore as static/service page or merge to closest practice/service page,/resources/blog/procedure-for-company-registration-in-nigeria-mjekrwwvkoug1a9o-768x432.jpg
https://chamanlawfirm.com/domains/chamanlawfirm.com/public_html/wp-content/uploads/2024/09/procedure-for-land-registration-alpg39pev9uyazga-3.webp,Procedure For Land Registration Alpg39pev9uyazga 3.webp,UNIQUE_LEGAL_INFORMATION_PAGE,low_value_retired_or_unknown,restore as static/service page or merge to closest practice/service page,/resources/blog/procedure-for-land-registration-alpg39pev9uyazga-3.webp
https://chamanlawfirm.com/domains/chamanlawfirm.com/public_html/wp-content/uploads/2024/09/procedure-for-the-registration-of-deed-of-assignment-in-nigeria-768x432.webp,Procedure For The Registration Of Deed Of Assignment In Nigeria 768x432.webp,UNIQUE_LEGAL_INFORMATION_PAGE,low_value_retired_or_unknown,restore as static/service page or merge to closest practice/service page,/resources/blog/procedure-for-the-registration-of-deed-of-assignment-in-nigeria-768x432.webp
https://chamanlawfirm.com/domains/chamanlawfirm.com/public_html/wp-content/uploads/2024/09/procedures-for-dissolution-of-marriage-a1an7pxlqpfokgva-3.webp,Procedures For Dissolution Of Marriage A1an7pxlqpfokgva 3.webp,UNIQUE_LEGAL_INFORMATION_PAGE,low_value_retired_or_unknown,restore as static/service page or merge to closest practice/service page,/resources/blog/procedures-for-dissolution-of-marriage-a1an7pxlqpfokgva-3.webp
https://chamanlawfirm.com/domains/chamanlawfirm.com/public_html/wp-content/uploads/2024/09/process-for-obtaining-governors-consent-for-land-transactions-in-nigeria-1-768x456.webp,Process For Obtaining Governors Consent For Land Transactions In Nigeria 1 768x456.webp,UNIQUE_LEGAL_INFORMATION_PAGE,low_value_retired_or_unknown,restore as static/service page or merge to closest practice/service page,/resources/blog/process-for-obtaining-governors-consent-for-land-transactions-in-nigeria-1-768x456.webp
https://chamanlawfirm.com/domains/chamanlawfirm.com/public_html/wp-content/uploads/2024/09/property-guru-in-lagos-and-ogun-state-charles-chukwuma-nkwoka-esq.-avllzm4byofnjnq6-1-490x456.jpeg.webp,Property Guru In Lagos And Ogun State Charles Chukwuma Nkwoka Esq. Avllzm4byofnjnq6 1 490x456.jpeg.webp,LAWYER_PROFILE,low_value_retired_or_unknown,merge/redirect/retire based on exact intent,/resources/blog/property-guru-in-lagos-and-ogun-state-charles-chukwuma-nkwoka-esq.-avllzm4byofnjnq6-1-490x456.jpeg.webp
https://chamanlawfirm.com/domains/chamanlawfirm.com/public_html/wp-content/uploads/2024/09/property-title-1170x627.jpg,Property Title 1170x627.jpg,UNIQUE_LEGAL_INFORMATION_PAGE,low_value_retired_or_unknown,restore as static/service page or merge to closest practice/service page,/resources/blog/property-title-1170x627.jpg
https://chamanlawfirm.com/domains/chamanlawfirm.com/public_html/wp-content/uploads/2024/09/property-value-1170x694.webp,Property Value 1170x694.webp,UNIQUE_LEGAL_INFORMATION_PAGE,low_value_retired_or_unknown,restore as static/service page or merge to closest practice/service page,/resources/blog/property-value-1170x694.webp
https://chamanlawfirm.com/domains/chamanlawfirm.com/public_html/wp-content/uploads/2024/09/property.jpg,Property.jpg,UNIQUE_LEGAL_INFORMATION_PAGE,low_value_retired_or_unknown,restore as static/service page or merge to closest practice/service page,/resources/blog/property.jpg
https://chamanlawfirm.com/domains/chamanlawfirm.com/public_html/wp-content/uploads/2024/09/provisions-for-land-allocation-in-areas-of-historical-and-cultural-significance-768x640.webp,Provisions For Land Allocation In Areas Of Historical And Cultural Significance 768x640.webp,UNIQUE_LEGAL_INFORMATION_PAGE,low_value_retired_or_unknown,restore as static/service page or merge to closest practice/service page,/resources/blog/provisions-for-land-allocation-in-areas-of-historical-and-cultural-significance-768x640.webp
https://chamanlawfirm.com/domains/chamanlawfirm.com/public_html/wp-content/uploads/2024/09/real-estate-finance.webp,Real Estate Finance.webp,UNIQUE_LEGAL_INFORMATION_PAGE,low_value_retired_or_unknown,restore as static/service page or merge to closest practice/service page,/resources/blog/real-estate-finance.webp
https://chamanlawfirm.com/domains/chamanlawfirm.com/public_html/wp-content/uploads/2024/09/real-estate-industry-aqe92okmejhwej4w-1-1170x694.jpg,Real Estate Industry Aqe92okmejhwej4w 1 1170x694.jpg,UNIQUE_LEGAL_INFORMATION_PAGE,low_value_retired_or_unknown,restore as static/service page or merge to closest practice/service page,/resources/blog/real-estate-industry-aqe92okmejhwej4w-1-1170x694.jpg
https://chamanlawfirm.com/domains/chamanlawfirm.com/public_html/wp-content/uploads/2024/09/recovery-of-premises-under-tenancy-law-ykbxol3qbbu60kkp-3.webp,Recovery Of Premises Under Tenancy Law Ykbxol3qbbu60kkp 3.webp,UNIQUE_LEGAL_INFORMATION_PAGE,low_value_retired_or_unknown,restore as static/service page or merge to closest practice/service page,/resources/blog/recovery-of-premises-under-tenancy-law-ykbxol3qbbu60kkp-3.webp
https://chamanlawfirm.com/domains/chamanlawfirm.com/public_html/wp-content/uploads/2024/09/register-your-company-in-nigeria-djopbxo840cgg7mb-3-768x456.jpg,Register Your Company In Nigeria Djopbxo840cgg7mb 3 768x456.jpg,UNIQUE_LEGAL_INFORMATION_PAGE,low_value_retired_or_unknown,restore as static/service page or merge to closest practice/service page,/resources/blog/register-your-company-in-nigeria-djopbxo840cgg7mb-3-768x456.jpg
https://chamanlawfirm.com/domains/chamanlawfirm.com/public_html/wp-content/uploads/2024/09/registration-of-title-deed-in-nigeria-best-property-lawyer-in-lagos-mp015pmkkxse6w2p-3.jpg,Registration Of Title Deed In Nigeria Best Property Lawyer In Lagos Mp015pmkkxse6w2p 3.jpg,LAWYER_PROFILE,low_value_retired_or_unknown,merge/redirect/retire based on exact intent,/resources/blog/registration-of-title-deed-in-nigeria-best-property-lawyer-in-lagos-mp015pmkkxse6w2p-3.jpg
https://chamanlawfirm.com/domains/chamanlawfirm.com/public_html/wp-content/uploads/2024/09/reits.jpg,Reits.jpg,UNIQUE_LEGAL_INFORMATION_PAGE,low_value_retired_or_unknown,restore as static/service page or merge to closest practice/service page,/resources/blog/reits.jpg
https://chamanlawfirm.com/domains/chamanlawfirm.com/public_html/wp-content/uploads/2024/09/remedies-for-breach-of-contract.jpg,Remedies For Breach Of Contract.jpg,UNIQUE_LEGAL_INFORMATION_PAGE,low_value_retired_or_unknown,restore as static/service page or merge to closest practice/service page,/resources/blog/remedies-for-breach-of-contract.jpg
https://chamanlawfirm.com/domains/chamanlawfirm.com/public_html/wp-content/uploads/2024/09/requirement-and-procedure-for-the-registration-of-a-money-lending-company-in-nigeria-768x432.webp,Requirement And Procedure For The Registration Of A Money Lending Company In Nigeria 768x432.webp,UNIQUE_LEGAL_INFORMATION_PAGE,low_value_retired_or_unknown,restore as static/service page or merge to closest practice/service page,/resources/blog/requirement-and-procedure-for-the-registration-of-a-money-lending-company-in-nigeria-768x432.webp
https://chamanlawfirm.com/domains/chamanlawfirm.com/public_html/wp-content/uploads/2024/09/service-visa-on-arrival_img.jpg,Service Visa On Arrival_img.jpg,UNIQUE_LEGAL_INFORMATION_PAGE,low_value_retired_or_unknown,restore as static/service page or merge to closest practice/service page,/resources/blog/service-visa-on-arrival_img.jpg
https://chamanlawfirm.com/domains/chamanlawfirm.com/public_html/wp-content/uploads/2024/09/shipping-contract-1.jpg,Shipping Contract 1.jpg,UNIQUE_LEGAL_INFORMATION_PAGE,low_value_retired_or_unknown,restore as static/service page or merge to closest practice/service page,/resources/blog/shipping-contract-1.jpg
https://chamanlawfirm.com/domains/chamanlawfirm.com/public_html/wp-content/uploads/2024/09/shipping-contract.jpg,Shipping Contract.jpg,UNIQUE_LEGAL_INFORMATION_PAGE,low_value_retired_or_unknown,restore as static/service page or merge to closest practice/service page,/resources/blog/shipping-contract.jpg
https://chamanlawfirm.com/domains/chamanlawfirm.com/public_html/wp-content/uploads/2024/09/sole-proprietorship-taxes_-a-complete-guide-with-step-by-step-instructions.png-1200x675.webp,Sole Proprietorship Taxes_ A Complete Guide With Step By Step Instructions.png 1200x675.webp,UNIQUE_LEGAL_INFORMATION_PAGE,low_value_retired_or_unknown,restore as static/service page or merge to closest practice/service page,/resources/blog/sole-proprietorship-taxes_-a-complete-guide-with-step-by-step-instructions.png-1200x675.webp
https://chamanlawfirm.com/domains/chamanlawfirm.com/public_html/wp-content/uploads/2024/09/subcontractor_img-1170x694.jpeg,Subcontractor_img 1170x694.jpeg,UNIQUE_LEGAL_INFORMATION_PAGE,low_value_retired_or_unknown,restore as static/service page or merge to closest practice/service page,/resources/blog/subcontractor_img-1170x694.jpeg
https://chamanlawfirm.com/domains/chamanlawfirm.com/public_html/wp-content/uploads/2024/09/subdividing-and-develping-1170x423.png,Subdividing And Develping 1170x423.png,UNIQUE_LEGAL_INFORMATION_PAGE,low_value_retired_or_unknown,restore as static/service page or merge to closest practice/service page,/resources/blog/subdividing-and-develping-1170x423.png
https://chamanlawfirm.com/domains/chamanlawfirm.com/public_html/wp-content/uploads/2024/09/surveillance_img-1170x694.jpeg,Surveillance_img 1170x694.jpeg,UNIQUE_LEGAL_INFORMATION_PAGE,low_value_retired_or_unknown,restore as static/service page or merge to closest practice/service page,/resources/blog/surveillance_img-1170x694.jpeg
https://chamanlawfirm.com/domains/chamanlawfirm.com/public_html/wp-content/uploads/2024/09/tax_img-1080x694.jpeg,Tax_img 1080x694.jpeg,UNIQUE_LEGAL_INFORMATION_PAGE,low_value_retired_or_unknown,restore as static/service page or merge to closest practice/service page,/resources/blog/tax_img-1080x694.jpeg
https://chamanlawfirm.com/domains/chamanlawfirm.com/public_html/wp-content/uploads/2024/09/tax-_img.jpg,Tax _img.jpg,UNIQUE_LEGAL_INFORMATION_PAGE,low_value_retired_or_unknown,restore as static/service page or merge to closest practice/service page,/resources/blog/tax-_img.jpg
https://chamanlawfirm.com/domains/chamanlawfirm.com/public_html/wp-content/uploads/2024/09/tax-clearance-certificate-in-nigeria-a0xn01brdet6ozvq-3.jpg,Tax Clearance Certificate In Nigeria A0xn01brdet6ozvq 3.jpg,UNIQUE_LEGAL_INFORMATION_PAGE,low_value_retired_or_unknown,restore as static/service page or merge to closest practice/service page,/resources/blog/tax-clearance-certificate-in-nigeria-a0xn01brdet6ozvq-3.jpg
https://chamanlawfirm.com/domains/chamanlawfirm.com/public_html/wp-content/uploads/2024/09/taxation-1-768x360.jpeg,Taxation 1 768x360.jpeg,UNIQUE_LEGAL_INFORMATION_PAGE,low_value_retired_or_unknown,restore as static/service page or merge to closest practice/service page,/resources/blog/taxation-1-768x360.jpeg
https://chamanlawfirm.com/domains/chamanlawfirm.com/public_html/wp-content/uploads/2024/09/taxation-1.jpeg,Taxation 1.jpeg,UNIQUE_LEGAL_INFORMATION_PAGE,low_value_retired_or_unknown,restore as static/service page or merge to closest practice/service page,/resources/blog/taxation-1.jpeg
https://chamanlawfirm.com/domains/chamanlawfirm.com/public_html/wp-content/uploads/2024/09/taxes-on-real-estate-transactions.-doq05a1326s6yj7j-2-768x456.jpg,Taxes On Real Estate Transactions. Doq05a1326s6yj7j 2 768x456.jpg,UNIQUE_LEGAL_INFORMATION_PAGE,low_value_retired_or_unknown,restore as static/service page or merge to closest practice/service page,/resources/blog/taxes-on-real-estate-transactions.-doq05a1326s6yj7j-2-768x456.jpg
https://chamanlawfirm.com/domains/chamanlawfirm.com/public_html/wp-content/uploads/2024/09/tenancy-law-1170x694.jpg,Tenancy Law 1170x694.jpg,UNIQUE_LEGAL_INFORMATION_PAGE,low_value_retired_or_unknown,restore as static/service page or merge to closest practice/service page,/resources/blog/tenancy-law-1170x694.jpg
https://chamanlawfirm.com/domains/chamanlawfirm.com/public_html/wp-content/uploads/2024/09/terminate_img-1000x694.webp,Terminate_img 1000x694.webp,UNIQUE_LEGAL_INFORMATION_PAGE,low_value_retired_or_unknown,restore as static/service page or merge to closest practice/service page,/resources/blog/terminate_img-1000x694.webp
https://chamanlawfirm.com/domains/chamanlawfirm.com/public_html/wp-content/uploads/2024/09/the-effect-of-landlord-and-tenant-relationship-on-property-1024x694.webp,The Effect Of Landlord And Tenant Relationship On Property 1024x694.webp,UNIQUE_LEGAL_INFORMATION_PAGE,low_value_retired_or_unknown,restore as static/service page or merge to closest practice/service page,/resources/blog/the-effect-of-landlord-and-tenant-relationship-on-property-1024x694.webp
https://chamanlawfirm.com/domains/chamanlawfirm.com/public_html/wp-content/uploads/2024/09/the-importance-of-certificate-of-occupancy-yx49jxgvyki6opzo-3-1170x694.webp,The Importance Of Certificate Of Occupancy Yx49jxgvyki6opzo 3 1170x694.webp,UNIQUE_LEGAL_INFORMATION_PAGE,low_value_retired_or_unknown,restore as static/service page or merge to closest practice/service page,/resources/blog/the-importance-of-certificate-of-occupancy-yx49jxgvyki6opzo-3-1170x694.webp
https://chamanlawfirm.com/domains/chamanlawfirm.com/public_html/wp-content/uploads/2024/09/the-role-of-insurance-in-protecting-land-titles-from-unforeseen-events.webp,The Role Of Insurance In Protecting Land Titles From Unforeseen Events.webp,UNIQUE_LEGAL_INFORMATION_PAGE,low_value_retired_or_unknown,restore as static/service page or merge to closest practice/service page,/resources/blog/the-role-of-insurance-in-protecting-land-titles-from-unforeseen-events.webp
https://chamanlawfirm.com/domains/chamanlawfirm.com/public_html/wp-content/uploads/2024/09/the-top-challenges-facing-boards-2-1024x536-2.webp,The Top Challenges Facing Boards 2 1024x536 2.webp,UNIQUE_LEGAL_INFORMATION_PAGE,low_value_retired_or_unknown,restore as static/service page or merge to closest practice/service page,/resources/blog/the-top-challenges-facing-boards-2-1024x536-2.webp
https://chamanlawfirm.com/domains/chamanlawfirm.com/public_html/wp-content/uploads/2024/09/the-valid-legal-procession-of-a-statutory-marriage-in-nigeria-m6lqonnm6di57w0z-2-768x432.jpg,The Valid Legal Procession Of A Statutory Marriage In Nigeria M6lqonnm6di57w0z 2 768x432.jpg,UNIQUE_LEGAL_INFORMATION_PAGE,low_value_retired_or_unknown,restore as static/service page or merge to closest practice/service page,/resources/blog/the-valid-legal-procession-of-a-statutory-marriage-in-nigeria-m6lqonnm6di57w0z-2-768x432.jpg
https://chamanlawfirm.com/domains/chamanlawfirm.com/public_html/wp-content/uploads/2024/09/types-of-land-registration-in-nigeria.webp,Types Of Land Registration In Nigeria.webp,UNIQUE_LEGAL_INFORMATION_PAGE,low_value_retired_or_unknown,restore as static/service page or merge to closest practice/service page,/resources/blog/types-of-land-registration-in-nigeria.webp
https://chamanlawfirm.com/domains/chamanlawfirm.com/public_html/wp-content/uploads/2024/09/under-what-circumstance-can-the-morgage-sell-the-mortgaged-property-768x512.jpg,Under What Circumstance Can The Morgage Sell The Mortgaged Property 768x512.jpg,UNIQUE_LEGAL_INFORMATION_PAGE,low_value_retired_or_unknown,restore as static/service page or merge to closest practice/service page,/resources/blog/under-what-circumstance-can-the-morgage-sell-the-mortgaged-property-768x512.jpg
https://chamanlawfirm.com/domains/chamanlawfirm.com/public_html/wp-content/uploads/2024/09/understanding-the-critical-order-of-priority-in-entitlement-steps-under-testate-and-intestate-succession-in-nigeria-768x456.jpg,Understanding The Critical Order Of Priority In Entitlement Steps Under Testate And Intestate Succession In Nigeria 768x456.jpg,UNIQUE_LEGAL_INFORMATION_PAGE,low_value_retired_or_unknown,restore as static/service page or merge to closest practice/service page,/resources/blog/understanding-the-critical-order-of-priority-in-entitlement-steps-under-testate-and-intestate-succession-in-nigeria-768x456.jpg
https://chamanlawfirm.com/domains/chamanlawfirm.com/public_html/wp-content/uploads/2024/09/understanding-the-land-use-act-and-its-role-in-land-allocation-for-public-private-partnership-projects-768x512.jpg,Understanding The Land Use Act And Its Role In Land Allocation For Public Private Partnership Projects 768x512.jpg,UNIQUE_LEGAL_INFORMATION_PAGE,low_value_retired_or_unknown,restore as static/service page or merge to closest practice/service page,/resources/blog/understanding-the-land-use-act-and-its-role-in-land-allocation-for-public-private-partnership-projects-768x512.jpg
https://chamanlawfirm.com/domains/chamanlawfirm.com/public_html/wp-content/uploads/2024/09/what-are-the-benefits-and-types-of-insurance-in-construction-contracts.webp,What Are The Benefits And Types Of Insurance In Construction Contracts.webp,UNIQUE_LEGAL_INFORMATION_PAGE,low_value_retired_or_unknown,restore as static/service page or merge to closest practice/service page,/resources/blog/what-are-the-benefits-and-types-of-insurance-in-construction-contracts.webp
https://chamanlawfirm.com/domains/chamanlawfirm.com/public_html/wp-content/uploads/2024/09/what-are-the-differences-between-a-business-name-and-a-company-limited-by-shares-768x512.jpg,What Are The Differences Between A Business Name And A Company Limited By Shares 768x512.jpg,UNIQUE_LEGAL_INFORMATION_PAGE,low_value_retired_or_unknown,restore as static/service page or merge to closest practice/service page,/resources/blog/what-are-the-differences-between-a-business-name-and-a-company-limited-by-shares-768x512.jpg
https://chamanlawfirm.com/domains/chamanlawfirm.com/public_html/wp-content/uploads/2024/09/what-are-the-implications-of-land-titles-on-cultural-heritage-preservation-in-nigeria-1080x694.webp,What Are The Implications Of Land Titles On Cultural Heritage Preservation In Nigeria 1080x694.webp,UNIQUE_LEGAL_INFORMATION_PAGE,low_value_retired_or_unknown,restore as static/service page or merge to closest practice/service page,/resources/blog/what-are-the-implications-of-land-titles-on-cultural-heritage-preservation-in-nigeria-1080x694.webp
https://chamanlawfirm.com/domains/chamanlawfirm.com/public_html/wp-content/uploads/2024/09/what-are-the-rights-and-responsibilities-of-landowners-in-nigeria.webp,What Are The Rights And Responsibilities Of Landowners In Nigeria.webp,UNIQUE_LEGAL_INFORMATION_PAGE,low_value_retired_or_unknown,restore as static/service page or merge to closest practice/service page,/resources/blog/what-are-the-rights-and-responsibilities-of-landowners-in-nigeria.webp
https://chamanlawfirm.com/domains/chamanlawfirm.com/public_html/wp-content/uploads/2024/09/what-are-the-rights-of-an-employee-under-the-nigerian-legal-system-768x456.jpg,What Are The Rights Of An Employee Under The Nigerian Legal System 768x456.jpg,UNIQUE_LEGAL_INFORMATION_PAGE,low_value_retired_or_unknown,restore as static/service page or merge to closest practice/service page,/resources/blog/what-are-the-rights-of-an-employee-under-the-nigerian-legal-system-768x456.jpg
https://chamanlawfirm.com/domains/chamanlawfirm.com/public_html/wp-content/uploads/2024/09/what-challenges-are-associated-with-maintaining-accurate-land-records-over-time.webp,What Challenges Are Associated With Maintaining Accurate Land Records Over Time.webp,UNIQUE_LEGAL_INFORMATION_PAGE,low_value_retired_or_unknown,restore as static/service page or merge to closest practice/service page,/resources/blog/what-challenges-are-associated-with-maintaining-accurate-land-records-over-time.webp
https://chamanlawfirm.com/domains/chamanlawfirm.com/public_html/wp-content/uploads/2024/09/what-challenges-do-women-face-in-obtaining-land-titles-in-nigeria-768x640.webp,What Challenges Do Women Face In Obtaining Land Titles In Nigeria 768x640.webp,UNIQUE_LEGAL_INFORMATION_PAGE,low_value_retired_or_unknown,restore as static/service page or merge to closest practice/service page,/resources/blog/what-challenges-do-women-face-in-obtaining-land-titles-in-nigeria-768x640.webp
https://chamanlawfirm.com/domains/chamanlawfirm.com/public_html/wp-content/uploads/2024/09/what-does-exchange-of-contracts-in-conveyancing-mean-768x456.webp,What Does Exchange Of Contracts In Conveyancing Mean 768x456.webp,UNIQUE_LEGAL_INFORMATION_PAGE,low_value_retired_or_unknown,restore as static/service page or merge to closest practice/service page,/resources/blog/what-does-exchange-of-contracts-in-conveyancing-mean-768x456.webp
https://chamanlawfirm.com/domains/chamanlawfirm.com/public_html/wp-content/uploads/2024/09/what-governs-contract-in-nigeria.webp,What Governs Contract In Nigeria.webp,UNIQUE_LEGAL_INFORMATION_PAGE,low_value_retired_or_unknown,restore as static/service page or merge to closest practice/service page,/resources/blog/what-governs-contract-in-nigeria.webp
https://chamanlawfirm.com/domains/chamanlawfirm.com/public_html/wp-content/uploads/2024/09/what-is-the-concept-of-customary-land-rights-in-nigeria-aq268kq0wksne1el-2-1200x561.jpg,What Is The Concept Of Customary Land Rights In Nigeria Aq268kq0wksne1el 2 1200x561.jpg,UNIQUE_LEGAL_INFORMATION_PAGE,low_value_retired_or_unknown,restore as static/service page or merge to closest practice/service page,/resources/blog/what-is-the-concept-of-customary-land-rights-in-nigeria-aq268kq0wksne1el-2-1200x561.jpg
https://chamanlawfirm.com/domains/chamanlawfirm.com/public_html/wp-content/uploads/2024/09/what-is-the-difference-between-an-eviction-768x512.jpg,What Is The Difference Between An Eviction 768x512.jpg,UNIQUE_LEGAL_INFORMATION_PAGE,low_value_retired_or_unknown,restore as static/service page or merge to closest practice/service page,/resources/blog/what-is-the-difference-between-an-eviction-768x512.jpg
https://chamanlawfirm.com/domains/chamanlawfirm.com/public_html/wp-content/uploads/2024/09/what-is-the-impact-of-land-titles-on-the-allocation-of-land-for-cultural-festivals-and-events-768x456.webp,What Is The Impact Of Land Titles On The Allocation Of Land For Cultural Festivals And Events 768x456.webp,UNIQUE_LEGAL_INFORMATION_PAGE,low_value_retired_or_unknown,restore as static/service page or merge to closest practice/service page,/resources/blog/what-is-the-impact-of-land-titles-on-the-allocation-of-land-for-cultural-festivals-and-events-768x456.webp
https://chamanlawfirm.com/domains/chamanlawfirm.com/public_html/wp-content/uploads/2024/09/what-is-the-position-of-law-on-infringement-posed-on-copyright-aopy952x1ws333b2-768x456.jpg,What Is The Position Of Law On Infringement Posed On Copyright Aopy952x1ws333b2 768x456.jpg,UNIQUE_LEGAL_INFORMATION_PAGE,low_value_retired_or_unknown,restore as static/service page or merge to closest practice/service page,/resources/blog/what-is-the-position-of-law-on-infringement-posed-on-copyright-aopy952x1ws333b2-768x456.jpg
https://chamanlawfirm.com/domains/chamanlawfirm.com/public_html/wp-content/uploads/2024/09/what-is-the-process-for-transferring-land-titles-from-one-individual-to-another-in-nigeria-768x640.webp,What Is The Process For Transferring Land Titles From One Individual To Another In Nigeria 768x640.webp,UNIQUE_LEGAL_INFORMATION_PAGE,low_value_retired_or_unknown,restore as static/service page or merge to closest practice/service page,/resources/blog/what-is-the-process-for-transferring-land-titles-from-one-individual-to-another-in-nigeria-768x640.webp
https://chamanlawfirm.com/domains/chamanlawfirm.com/public_html/wp-content/uploads/2024/09/what-is-the-process-of-land-acquisition-in-nigeria-768x640.webp,What Is The Process Of Land Acquisition In Nigeria 768x640.webp,UNIQUE_LEGAL_INFORMATION_PAGE,low_value_retired_or_unknown,restore as static/service page or merge to closest practice/service page,/resources/blog/what-is-the-process-of-land-acquisition-in-nigeria-768x640.webp
https://chamanlawfirm.com/domains/chamanlawfirm.com/public_html/wp-content/uploads/2024/09/what-is-the-relationship-between-parent-and-subsidiary-company.webp,What Is The Relationship Between Parent And Subsidiary Company.webp,UNIQUE_LEGAL_INFORMATION_PAGE,low_value_retired_or_unknown,restore as static/service page or merge to closest practice/service page,/resources/blog/what-is-the-relationship-between-parent-and-subsidiary-company.webp
https://chamanlawfirm.com/domains/chamanlawfirm.com/public_html/wp-content/uploads/2024/09/what-is-the-statutory-right-of-occupancy-in-nigeria.webp,What Is The Statutory Right Of Occupancy In Nigeria.webp,UNIQUE_LEGAL_INFORMATION_PAGE,low_value_retired_or_unknown,restore as static/service page or merge to closest practice/service page,/resources/blog/what-is-the-statutory-right-of-occupancy-in-nigeria.webp
https://chamanlawfirm.com/domains/chamanlawfirm.com/public_html/wp-content/uploads/2024/09/what-is-trespass-to-land-768x512.jpg,What Is Trespass To Land 768x512.jpg,UNIQUE_LEGAL_INFORMATION_PAGE,low_value_retired_or_unknown,restore as static/service page or merge to closest practice/service page,/resources/blog/what-is-trespass-to-land-768x512.jpg
https://chamanlawfirm.com/domains/chamanlawfirm.com/public_html/wp-content/uploads/2024/09/what-proposed-reforms-aim-to-improve-land-titles-and-ownership-in-nigeria-768x456.jpg,What Proposed Reforms Aim To Improve Land Titles And Ownership In Nigeria 768x456.jpg,UNIQUE_LEGAL_INFORMATION_PAGE,low_value_retired_or_unknown,restore as static/service page or merge to closest practice/service page,/resources/blog/what-proposed-reforms-aim-to-improve-land-titles-and-ownership-in-nigeria-768x456.jpg
https://chamanlawfirm.com/domains/chamanlawfirm.com/public_html/wp-content/uploads/2024/09/what-role-do-traditional-institutions-play-in-land-allocation-and-ownership-in-nigeria-768x456.webp,What Role Do Traditional Institutions Play In Land Allocation And Ownership In Nigeria 768x456.webp,UNIQUE_LEGAL_INFORMATION_PAGE,low_value_retired_or_unknown,restore as static/service page or merge to closest practice/service page,/resources/blog/what-role-do-traditional-institutions-play-in-land-allocation-and-ownership-in-nigeria-768x456.webp
https://chamanlawfirm.com/domains/chamanlawfirm.com/public_html/wp-content/uploads/2024/09/what-to-know-about-company-resolution-768x456.jpg,What To Know About Company Resolution 768x456.jpg,UNIQUE_LEGAL_INFORMATION_PAGE,low_value_retired_or_unknown,restore as static/service page or merge to closest practice/service page,/resources/blog/what-to-know-about-company-resolution-768x456.jpg
https://chamanlawfirm.com/domains/chamanlawfirm.com/public_html/wp-content/uploads/2024/09/whatsapp-image-2022-06-14-at-12.56.04-pm-1-y4l6a0n48xtopn47-3.webp,Whatsapp Image 2022 06 14 At 12.56.04 Pm 1 Y4l6a0n48xtopn47 3.webp,UNIQUE_LEGAL_INFORMATION_PAGE,low_value_retired_or_unknown,restore as static/service page or merge to closest practice/service page,/resources/blog/whatsapp-image-2022-06-14-at-12.56.04-pm-1-y4l6a0n48xtopn47-3.webp
https://chamanlawfirm.com/domains/chamanlawfirm.com/public_html/wp-content/uploads/2024/09/whatsapp-image-2022-06-14-at-3.37.16-pm-aq2ykv8lxvslkvn4-3.webp,Whatsapp Image 2022 06 14 At 3.37.16 Pm Aq2ykv8lxvslkvn4 3.webp,UNIQUE_LEGAL_INFORMATION_PAGE,low_value_retired_or_unknown,restore as static/service page or merge to closest practice/service page,/resources/blog/whatsapp-image-2022-06-14-at-3.37.16-pm-aq2ykv8lxvslkvn4-3.webp
https://chamanlawfirm.com/domains/chamanlawfirm.com/public_html/wp-content/uploads/2024/09/where-marriage-under-the-act-can-be-conducted-in-nigeria.webp,Where Marriage Under The Act Can Be Conducted In Nigeria.webp,UNIQUE_LEGAL_INFORMATION_PAGE,low_value_retired_or_unknown,restore as static/service page or merge to closest practice/service page,/resources/blog/where-marriage-under-the-act-can-be-conducted-in-nigeria.webp
https://chamanlawfirm.com/domains/chamanlawfirm.com/public_html/wp-content/uploads/2024/10/701680513244-1170x415.jpg,701680513244 1170x415.jpg,UNIQUE_LEGAL_INFORMATION_PAGE,low_value_retired_or_unknown,restore as static/service page or merge to closest practice/service page,/resources/blog/701680513244-1170x415.jpg
https://chamanlawfirm.com/domains/chamanlawfirm.com/public_html/wp-content/uploads/2024/10/business-registration-768x474.jpg,Business Registration 768x474.jpg,UNIQUE_LEGAL_INFORMATION_PAGE,low_value_retired_or_unknown,restore as static/service page or merge to closest practice/service page,/resources/blog/business-registration-768x474.jpg
https://chamanlawfirm.com/domains/chamanlawfirm.com/public_html/wp-content/uploads/2024/10/business-registration-in-nigeria.jpg,Business Registration In Nigeria.jpg,UNIQUE_LEGAL_INFORMATION_PAGE,low_value_retired_or_unknown,restore as static/service page or merge to closest practice/service page,/resources/blog/business-registration-in-nigeria.jpg
https://chamanlawfirm.com/domains/chamanlawfirm.com/public_html/wp-content/uploads/2024/10/business-registration.jpg,Business Registration.jpg,UNIQUE_LEGAL_INFORMATION_PAGE,low_value_retired_or_unknown,restore as static/service page or merge to closest practice/service page,/resources/blog/business-registration.jpg
https://chamanlawfirm.com/domains/chamanlawfirm.com/public_html/wp-content/uploads/2024/10/certificate-1170x694.jpg,Certificate 1170x694.jpg,UNIQUE_LEGAL_INFORMATION_PAGE,low_value_retired_or_unknown,restore as static/service page or merge to closest practice/service page,/resources/blog/certificate-1170x694.jpg
https://chamanlawfirm.com/domains/chamanlawfirm.com/public_html/wp-content/uploads/2024/10/certificate-768x456.jpg,Certificate 768x456.jpg,UNIQUE_LEGAL_INFORMATION_PAGE,low_value_retired_or_unknown,restore as static/service page or merge to closest practice/service page,/resources/blog/certificate-768x456.jpg
https://chamanlawfirm.com/domains/chamanlawfirm.com/public_html/wp-content/uploads/2024/10/citizenship2-1170x694.jpg,Citizenship2 1170x694.jpg,UNIQUE_LEGAL_INFORMATION_PAGE,low_value_retired_or_unknown,restore as static/service page or merge to closest practice/service page,/resources/blog/citizenship2-1170x694.jpg
https://chamanlawfirm.com/domains/chamanlawfirm.com/public_html/wp-content/uploads/2024/10/com.jpeg,Com.jpeg,UNIQUE_LEGAL_INFORMATION_PAGE,low_value_retired_or_unknown,restore as static/service page or merge to closest practice/service page,/resources/blog/com.jpeg
https://chamanlawfirm.com/domains/chamanlawfirm.com/public_html/wp-content/uploads/2024/10/conpro1-00000002.png,Conpro1 00000002.png,UNIQUE_LEGAL_INFORMATION_PAGE,low_value_retired_or_unknown,restore as static/service page or merge to closest practice/service page,/resources/blog/conpro1-00000002.png
https://chamanlawfirm.com/domains/chamanlawfirm.com/public_html/wp-content/uploads/2024/10/court-1.jpg,Court 1.jpg,UNIQUE_LEGAL_INFORMATION_PAGE,low_value_retired_or_unknown,restore as static/service page or merge to closest practice/service page,/resources/blog/court-1.jpg
https://chamanlawfirm.com/domains/chamanlawfirm.com/public_html/wp-content/uploads/2024/10/crime-awareness-campaigns.png,Crime Awareness Campaigns.png,UNIQUE_LEGAL_INFORMATION_PAGE,low_value_retired_or_unknown,restore as static/service page or merge to closest practice/service page,/resources/blog/crime-awareness-campaigns.png
https://chamanlawfirm.com/domains/chamanlawfirm.com/public_html/wp-content/uploads/2024/10/crimes.jpg,Crimes.jpg,UNIQUE_LEGAL_INFORMATION_PAGE,low_value_retired_or_unknown,restore as static/service page or merge to closest practice/service page,/resources/blog/crimes.jpg
https://chamanlawfirm.com/domains/chamanlawfirm.com/public_html/wp-content/uploads/2024/10/custody-disputes-1.jpg,Custody Disputes 1.jpg,UNIQUE_LEGAL_INFORMATION_PAGE,low_value_retired_or_unknown,restore as static/service page or merge to closest practice/service page,/resources/blog/custody-disputes-1.jpg
https://chamanlawfirm.com/domains/chamanlawfirm.com/public_html/wp-content/uploads/2024/10/cyber-security-awareness-1170x694.webp,Cyber Security Awareness 1170x694.webp,UNIQUE_LEGAL_INFORMATION_PAGE,low_value_retired_or_unknown,restore as static/service page or merge to closest practice/service page,/resources/blog/cyber-security-awareness-1170x694.webp
https://chamanlawfirm.com/domains/chamanlawfirm.com/public_html/wp-content/uploads/2024/10/cybercrime-jpg-1170x694.webp,Cybercrime Jpg 1170x694.webp,UNIQUE_LEGAL_INFORMATION_PAGE,low_value_retired_or_unknown,restore as static/service page or merge to closest practice/service page,/resources/blog/cybercrime-jpg-1170x694.webp
https://chamanlawfirm.com/domains/chamanlawfirm.com/public_html/wp-content/uploads/2024/10/debt-recovery-768x768.jpg,Debt Recovery 768x768.jpg,UNIQUE_LEGAL_INFORMATION_PAGE,low_value_retired_or_unknown,restore as static/service page or merge to closest practice/service page,/resources/blog/debt-recovery-768x768.jpg
https://chamanlawfirm.com/domains/chamanlawfirm.com/public_html/wp-content/uploads/2024/10/divorce-1-1170x694.jpg,Divorce 1 1170x694.jpg,UNIQUE_LEGAL_INFORMATION_PAGE,low_value_retired_or_unknown,restore as static/service page or merge to closest practice/service page,/resources/blog/divorce-1-1170x694.jpg
https://chamanlawfirm.com/domains/chamanlawfirm.com/public_html/wp-content/uploads/2024/10/dual.jpg,Dual.jpg,UNIQUE_LEGAL_INFORMATION_PAGE,low_value_retired_or_unknown,restore as static/service page or merge to closest practice/service page,/resources/blog/dual.jpg
https://chamanlawfirm.com/domains/chamanlawfirm.com/public_html/wp-content/uploads/2024/10/environmental-justice--768x445.jpg,Environmental Justice 768x445.jpg,UNIQUE_LEGAL_INFORMATION_PAGE,low_value_retired_or_unknown,restore as static/service page or merge to closest practice/service page,/resources/blog/environmental-justice--768x445.jpg
https://chamanlawfirm.com/domains/chamanlawfirm.com/public_html/wp-content/uploads/2024/10/freelancing-tips-for-nigerian-software-engineers-390x205-1.webp,Freelancing Tips For Nigerian Software Engineers 390x205 1.webp,UNIQUE_LEGAL_INFORMATION_PAGE,low_value_retired_or_unknown,restore as static/service page or merge to closest practice/service page,/resources/blog/freelancing-tips-for-nigerian-software-engineers-390x205-1.webp
https://chamanlawfirm.com/domains/chamanlawfirm.com/public_html/wp-content/uploads/2024/10/how-to-deal-with-bad-landlord-1170x694.jpg,How To Deal With Bad Landlord 1170x694.jpg,UNIQUE_LEGAL_INFORMATION_PAGE,low_value_retired_or_unknown,restore as static/service page or merge to closest practice/service page,/resources/blog/how-to-deal-with-bad-landlord-1170x694.jpg
https://chamanlawfirm.com/domains/chamanlawfirm.com/public_html/wp-content/uploads/2024/10/how-to-deal-with-bad-tenants-1170x694.jpg,How To Deal With Bad Tenants 1170x694.jpg,UNIQUE_LEGAL_INFORMATION_PAGE,low_value_retired_or_unknown,restore as static/service page or merge to closest practice/service page,/resources/blog/how-to-deal-with-bad-tenants-1170x694.jpg
https://chamanlawfirm.com/domains/chamanlawfirm.com/public_html/wp-content/uploads/2024/10/illegitimate-child-blog-graphic.webp,Illegitimate Child Blog Graphic.webp,UNIQUE_LEGAL_INFORMATION_PAGE,low_value_retired_or_unknown,restore as static/service page or merge to closest practice/service page,/resources/blog/illegitimate-child-blog-graphic.webp
https://chamanlawfirm.com/domains/chamanlawfirm.com/public_html/wp-content/uploads/2024/10/image-40.png,Image 40.png,UNIQUE_LEGAL_INFORMATION_PAGE,low_value_retired_or_unknown,restore as static/service page or merge to closest practice/service page,/resources/blog/image-40.png
https://chamanlawfirm.com/domains/chamanlawfirm.com/public_html/wp-content/uploads/2024/10/images-1.jpg,Images 1.jpg,UNIQUE_LEGAL_INFORMATION_PAGE,low_value_retired_or_unknown,restore as static/service page or merge to closest practice/service page,/resources/blog/images-1.jpg
https://chamanlawfirm.com/domains/chamanlawfirm.com/public_html/wp-content/uploads/2024/10/images-13.jpeg,Images 13.jpeg,UNIQUE_LEGAL_INFORMATION_PAGE,low_value_retired_or_unknown,restore as static/service page or merge to closest practice/service page,/resources/blog/images-13.jpeg
https://chamanlawfirm.com/domains/chamanlawfirm.com/public_html/wp-content/uploads/2024/10/images-14.jpeg,Images 14.jpeg,UNIQUE_LEGAL_INFORMATION_PAGE,low_value_retired_or_unknown,restore as static/service page or merge to closest practice/service page,/resources/blog/images-14.jpeg
https://chamanlawfirm.com/domains/chamanlawfirm.com/public_html/wp-content/uploads/2024/10/images-23.jpeg,Images 23.jpeg,UNIQUE_LEGAL_INFORMATION_PAGE,low_value_retired_or_unknown,restore as static/service page or merge to closest practice/service page,/resources/blog/images-23.jpeg
https://chamanlawfirm.com/domains/chamanlawfirm.com/public_html/wp-content/uploads/2024/10/images-3-1.png,Images 3 1.png,UNIQUE_LEGAL_INFORMATION_PAGE,low_value_retired_or_unknown,restore as static/service page or merge to closest practice/service page,/resources/blog/images-3-1.png
https://chamanlawfirm.com/domains/chamanlawfirm.com/public_html/wp-content/uploads/2024/10/images-56.jpeg,Images 56.jpeg,UNIQUE_LEGAL_INFORMATION_PAGE,low_value_retired_or_unknown,restore as static/service page or merge to closest practice/service page,/resources/blog/images-56.jpeg
https://chamanlawfirm.com/domains/chamanlawfirm.com/public_html/wp-content/uploads/2024/10/images-59.jpeg,Images 59.jpeg,UNIQUE_LEGAL_INFORMATION_PAGE,low_value_retired_or_unknown,restore as static/service page or merge to closest practice/service page,/resources/blog/images-59.jpeg
https://chamanlawfirm.com/domains/chamanlawfirm.com/public_html/wp-content/uploads/2024/10/images-67.jpeg,Images 67.jpeg,UNIQUE_LEGAL_INFORMATION_PAGE,low_value_retired_or_unknown,restore as static/service page or merge to closest practice/service page,/resources/blog/images-67.jpeg
https://chamanlawfirm.com/domains/chamanlawfirm.com/public_html/wp-content/uploads/2024/10/images-68.jpeg,Images 68.jpeg,UNIQUE_LEGAL_INFORMATION_PAGE,low_value_retired_or_unknown,restore as static/service page or merge to closest practice/service page,/resources/blog/images-68.jpeg
https://chamanlawfirm.com/domains/chamanlawfirm.com/public_html/wp-content/uploads/2024/10/images-78.jpeg,Images 78.jpeg,UNIQUE_LEGAL_INFORMATION_PAGE,low_value_retired_or_unknown,restore as static/service page or merge to closest practice/service page,/resources/blog/images-78.jpeg
https://chamanlawfirm.com/domains/chamanlawfirm.com/public_html/wp-content/uploads/2024/10/images-82.jpeg,Images 82.jpeg,UNIQUE_LEGAL_INFORMATION_PAGE,low_value_retired_or_unknown,restore as static/service page or merge to closest practice/service page,/resources/blog/images-82.jpeg
https://chamanlawfirm.com/domains/chamanlawfirm.com/public_html/wp-content/uploads/2024/10/images-88.jpeg,Images 88.jpeg,UNIQUE_LEGAL_INFORMATION_PAGE,low_value_retired_or_unknown,restore as static/service page or merge to closest practice/service page,/resources/blog/images-88.jpeg
https://chamanlawfirm.com/domains/chamanlawfirm.com/public_html/wp-content/uploads/2024/10/images-92.jpeg,Images 92.jpeg,UNIQUE_LEGAL_INFORMATION_PAGE,low_value_retired_or_unknown,restore as static/service page or merge to closest practice/service page,/resources/blog/images-92.jpeg
https://chamanlawfirm.com/domains/chamanlawfirm.com/public_html/wp-content/uploads/2024/10/images-94.jpeg,Images 94.jpeg,UNIQUE_LEGAL_INFORMATION_PAGE,low_value_retired_or_unknown,restore as static/service page or merge to closest practice/service page,/resources/blog/images-94.jpeg
https://chamanlawfirm.com/domains/chamanlawfirm.com/public_html/wp-content/uploads/2024/10/immigration-sponsor-768x420.jpg,Immigration Sponsor 768x420.jpg,UNIQUE_LEGAL_INFORMATION_PAGE,low_value_retired_or_unknown,restore as static/service page or merge to closest practice/service page,/resources/blog/immigration-sponsor-768x420.jpg
https://chamanlawfirm.com/domains/chamanlawfirm.com/public_html/wp-content/uploads/2024/10/incorporation-400x400-1-1.jpg,Incorporation 400x400 1 1.jpg,UNIQUE_LEGAL_INFORMATION_PAGE,low_value_retired_or_unknown,restore as static/service page or merge to closest practice/service page,/resources/blog/incorporation-400x400-1-1.jpg
https://chamanlawfirm.com/domains/chamanlawfirm.com/public_html/wp-content/uploads/2024/10/intellectual-property-1170x630.jpg,Intellectual Property 1170x630.jpg,UNIQUE_LEGAL_INFORMATION_PAGE,low_value_retired_or_unknown,restore as static/service page or merge to closest practice/service page,/resources/blog/intellectual-property-1170x630.jpg
https://chamanlawfirm.com/domains/chamanlawfirm.com/public_html/wp-content/uploads/2024/10/intellectual-property-768x403.jpg,Intellectual Property 768x403.jpg,UNIQUE_LEGAL_INFORMATION_PAGE,low_value_retired_or_unknown,restore as static/service page or merge to closest practice/service page,/resources/blog/intellectual-property-768x403.jpg
https://chamanlawfirm.com/domains/chamanlawfirm.com/public_html/wp-content/uploads/2024/10/intellectual-property-lawyer-in-chandigarh-1170x596.jpg,Intellectual Property Lawyer In Chandigarh 1170x596.jpg,LAWYER_PROFILE,low_value_retired_or_unknown,merge/redirect/retire based on exact intent,/resources/blog/intellectual-property-lawyer-in-chandigarh-1170x596.jpg
https://chamanlawfirm.com/domains/chamanlawfirm.com/public_html/wp-content/uploads/2024/10/mnb.jpg,Mnb.jpg,UNIQUE_LEGAL_INFORMATION_PAGE,low_value_retired_or_unknown,restore as static/service page or merge to closest practice/service page,/resources/blog/mnb.jpg
https://chamanlawfirm.com/domains/chamanlawfirm.com/public_html/wp-content/uploads/2024/10/small-claims-court-e1535557291833.jpeg,Small Claims Court E1535557291833.jpeg,UNIQUE_LEGAL_INFORMATION_PAGE,low_value_retired_or_unknown,restore as static/service page or merge to closest practice/service page,/resources/blog/small-claims-court-e1535557291833.jpeg
https://chamanlawfirm.com/domains/chamanlawfirm.com/public_html/wp-content/uploads/2024/10/visa-application-form-768x508.jpg,Visa Application Form 768x508.jpg,UNIQUE_LEGAL_INFORMATION_PAGE,low_value_retired_or_unknown,restore as static/service page or merge to closest practice/service page,/resources/blog/visa-application-form-768x508.jpg
https://chamanlawfirm.com/domains/chamanlawfirm.com/public_html/wp-content/uploads/2024/10/what-is-commerical-dispute-resolution-1170x627.png,What Is Commerical Dispute Resolution 1170x627.png,UNIQUE_LEGAL_INFORMATION_PAGE,low_value_retired_or_unknown,restore as static/service page or merge to closest practice/service page,/resources/blog/what-is-commerical-dispute-resolution-1170x627.png
https://chamanlawfirm.com/domains/chamanlawfirm.com/public_html/wp-content/uploads/2024/10/what-should-you-do-if-your-restraining-order-is-infringed-2-1.jpg,What Should You Do If Your Restraining Order Is Infringed 2 1.jpg,UNIQUE_LEGAL_INFORMATION_PAGE,low_value_retired_or_unknown,restore as static/service page or merge to closest practice/service page,/resources/blog/what-should-you-do-if-your-restraining-order-is-infringed-2-1.jpg
https://chamanlawfirm.com/domains/chamanlawfirm.com/public_html/wp-content/uploads/2024/12/43071.jpg,43071.jpg,UNIQUE_LEGAL_INFORMATION_PAGE,low_value_retired_or_unknown,restore as static/service page or merge to closest practice/service page,/resources/blog/43071.jpg
https://chamanlawfirm.com/domains/chamanlawfirm.com/public_html/wp-content/uploads/2024/12/5-powerful-future-trends-in-cyber-law-navigating-the-evolving-digital-landscape-for-positive-768x456.jpg,5 Powerful Future Trends In Cyber Law Navigating The Evolving Digital Landscape For Positive 768x456.jpg,UNIQUE_LEGAL_INFORMATION_PAGE,low_value_retired_or_unknown,restore as static/service page or merge to closest practice/service page,/resources/blog/5-powerful-future-trends-in-cyber-law-navigating-the-evolving-digital-landscape-for-positive-768x456.jpg
https://chamanlawfirm.com/domains/chamanlawfirm.com/public_html/wp-content/uploads/2024/12/ai-act-explained-768x456.jpg,Ai Act Explained 768x456.jpg,UNIQUE_LEGAL_INFORMATION_PAGE,low_value_retired_or_unknown,restore as static/service page or merge to closest practice/service page,/resources/blog/ai-act-explained-768x456.jpg
https://chamanlawfirm.com/domains/chamanlawfirm.com/public_html/wp-content/uploads/2024/12/charles-chukwuma-nkwoka-corporate-picture-13-768x1152.jpg,Charles Chukwuma Nkwoka Corporate Picture 13 768x1152.jpg,LAWYER_PROFILE,low_value_retired_or_unknown,merge/redirect/retire based on exact intent,/resources/blog/charles-chukwuma-nkwoka-corporate-picture-13-768x1152.jpg
https://chamanlawfirm.com/domains/chamanlawfirm.com/public_html/wp-content/uploads/2024/12/common-property-ownership-disputes-in-nigeria-and-how-to-resolve-them.webp,Common Property Ownership Disputes In Nigeria And How To Resolve Them.webp,UNIQUE_LEGAL_INFORMATION_PAGE,low_value_retired_or_unknown,restore as static/service page or merge to closest practice/service page,/resources/blog/common-property-ownership-disputes-in-nigeria-and-how-to-resolve-them.webp
https://chamanlawfirm.com/domains/chamanlawfirm.com/public_html/wp-content/uploads/2024/12/difference-between-freehold-and-leasehold-property-1024x694-1.webp,Difference Between Freehold And Leasehold Property 1024x694 1.webp,UNIQUE_LEGAL_INFORMATION_PAGE,low_value_retired_or_unknown,restore as static/service page or merge to closest practice/service page,/resources/blog/difference-between-freehold-and-leasehold-property-1024x694-1.webp
https://chamanlawfirm.com/domains/chamanlawfirm.com/public_html/wp-content/uploads/2024/12/download-1.jpg,Download 1.jpg,UNIQUE_LEGAL_INFORMATION_PAGE,low_value_retired_or_unknown,restore as static/service page or merge to closest practice/service page,/resources/blog/download-1.jpg
https://chamanlawfirm.com/domains/chamanlawfirm.com/public_html/wp-content/uploads/2024/12/guide-to-land-ownership-in-nigeria.webp,Guide To Land Ownership In Nigeria.webp,UNIQUE_LEGAL_INFORMATION_PAGE,low_value_retired_or_unknown,restore as static/service page or merge to closest practice/service page,/resources/blog/guide-to-land-ownership-in-nigeria.webp
https://chamanlawfirm.com/domains/chamanlawfirm.com/public_html/wp-content/uploads/2024/12/how-to-deal-with-bad-tenants-1170x694.jpg,How To Deal With Bad Tenants 1170x694.jpg,UNIQUE_LEGAL_INFORMATION_PAGE,low_value_retired_or_unknown,restore as static/service page or merge to closest practice/service page,/resources/blog/how-to-deal-with-bad-tenants-1170x694.jpg
https://chamanlawfirm.com/domains/chamanlawfirm.com/public_html/wp-content/uploads/2024/12/how-to-verify-a-property-title-in-lagos.webp,How To Verify A Property Title In Lagos.webp,UNIQUE_LEGAL_INFORMATION_PAGE,low_value_retired_or_unknown,restore as static/service page or merge to closest practice/service page,/resources/blog/how-to-verify-a-property-title-in-lagos.webp
https://chamanlawfirm.com/domains/chamanlawfirm.com/public_html/wp-content/uploads/2024/12/images-1-1.jpg,Images 1 1.jpg,UNIQUE_LEGAL_INFORMATION_PAGE,low_value_retired_or_unknown,restore as static/service page or merge to closest practice/service page,/resources/blog/images-1-1.jpg
https://chamanlawfirm.com/domains/chamanlawfirm.com/public_html/wp-content/uploads/2024/12/images-11.jpg,Images 11.jpg,UNIQUE_LEGAL_INFORMATION_PAGE,low_value_retired_or_unknown,restore as static/service page or merge to closest practice/service page,/resources/blog/images-11.jpg
https://chamanlawfirm.com/domains/chamanlawfirm.com/public_html/wp-content/uploads/2024/12/images-12.jpg,Images 12.jpg,UNIQUE_LEGAL_INFORMATION_PAGE,low_value_retired_or_unknown,restore as static/service page or merge to closest practice/service page,/resources/blog/images-12.jpg
https://chamanlawfirm.com/domains/chamanlawfirm.com/public_html/wp-content/uploads/2024/12/images-13.jpg,Images 13.jpg,UNIQUE_LEGAL_INFORMATION_PAGE,low_value_retired_or_unknown,restore as static/service page or merge to closest practice/service page,/resources/blog/images-13.jpg
https://chamanlawfirm.com/domains/chamanlawfirm.com/public_html/wp-content/uploads/2024/12/images-14.jpg,Images 14.jpg,UNIQUE_LEGAL_INFORMATION_PAGE,low_value_retired_or_unknown,restore as static/service page or merge to closest practice/service page,/resources/blog/images-14.jpg
https://chamanlawfirm.com/domains/chamanlawfirm.com/public_html/wp-content/uploads/2024/12/images-2024-11-18t153559.353.jpeg,Images 2024 11 18t153559.353.jpeg,UNIQUE_LEGAL_INFORMATION_PAGE,low_value_retired_or_unknown,restore as static/service page or merge to closest practice/service page,/resources/blog/images-2024-11-18t153559.353.jpeg
https://chamanlawfirm.com/domains/chamanlawfirm.com/public_html/wp-content/uploads/2024/12/images-2024-11-18t173442.411.jpeg,Images 2024 11 18t173442.411.jpeg,UNIQUE_LEGAL_INFORMATION_PAGE,low_value_retired_or_unknown,restore as static/service page or merge to closest practice/service page,/resources/blog/images-2024-11-18t173442.411.jpeg
https://chamanlawfirm.com/domains/chamanlawfirm.com/public_html/wp-content/uploads/2024/12/images-2024-11-22t122602.964.jpeg,Images 2024 11 22t122602.964.jpeg,UNIQUE_LEGAL_INFORMATION_PAGE,low_value_retired_or_unknown,restore as static/service page or merge to closest practice/service page,/resources/blog/images-2024-11-22t122602.964.jpeg
https://chamanlawfirm.com/domains/chamanlawfirm.com/public_html/wp-content/uploads/2024/12/images-2024-11-22t175753.001.jpeg,Images 2024 11 22t175753.001.jpeg,UNIQUE_LEGAL_INFORMATION_PAGE,low_value_retired_or_unknown,restore as static/service page or merge to closest practice/service page,/resources/blog/images-2024-11-22t175753.001.jpeg
https://chamanlawfirm.com/domains/chamanlawfirm.com/public_html/wp-content/uploads/2024/12/images-2024-12-10t095757.415.jpeg,Images 2024 12 10t095757.415.jpeg,UNIQUE_LEGAL_INFORMATION_PAGE,low_value_retired_or_unknown,restore as static/service page or merge to closest practice/service page,/resources/blog/images-2024-12-10t095757.415.jpeg
https://chamanlawfirm.com/domains/chamanlawfirm.com/public_html/wp-content/uploads/2024/12/images-2024-12-10t114231.765.jpeg,Images 2024 12 10t114231.765.jpeg,UNIQUE_LEGAL_INFORMATION_PAGE,low_value_retired_or_unknown,restore as static/service page or merge to closest practice/service page,/resources/blog/images-2024-12-10t114231.765.jpeg
https://chamanlawfirm.com/domains/chamanlawfirm.com/public_html/wp-content/uploads/2024/12/images-2024-12-10t125204.493.jpeg,Images 2024 12 10t125204.493.jpeg,UNIQUE_LEGAL_INFORMATION_PAGE,low_value_retired_or_unknown,restore as static/service page or merge to closest practice/service page,/resources/blog/images-2024-12-10t125204.493.jpeg
https://chamanlawfirm.com/domains/chamanlawfirm.com/public_html/wp-content/uploads/2024/12/images-2024-12-17t115949.863.jpeg,Images 2024 12 17t115949.863.jpeg,UNIQUE_LEGAL_INFORMATION_PAGE,low_value_retired_or_unknown,restore as static/service page or merge to closest practice/service page,/resources/blog/images-2024-12-17t115949.863.jpeg
https://chamanlawfirm.com/domains/chamanlawfirm.com/public_html/wp-content/uploads/2024/12/images-2024-12-17t145049.248.jpeg,Images 2024 12 17t145049.248.jpeg,UNIQUE_LEGAL_INFORMATION_PAGE,low_value_retired_or_unknown,restore as static/service page or merge to closest practice/service page,/resources/blog/images-2024-12-17t145049.248.jpeg
https://chamanlawfirm.com/domains/chamanlawfirm.com/public_html/wp-content/uploads/2024/12/land.webp,Land.webp,UNIQUE_LEGAL_INFORMATION_PAGE,low_value_retired_or_unknown,restore as static/service page or merge to closest practice/service page,/resources/blog/land.webp
https://chamanlawfirm.com/domains/chamanlawfirm.com/public_html/wp-content/uploads/2024/12/legal-requirements-for-land-purchase-in-lagos.webp,Legal Requirements For Land Purchase In Lagos.webp,UNIQUE_LEGAL_INFORMATION_PAGE,low_value_retired_or_unknown,restore as static/service page or merge to closest practice/service page,/resources/blog/legal-requirements-for-land-purchase-in-lagos.webp
https://chamanlawfirm.com/domains/chamanlawfirm.com/public_html/wp-content/uploads/2024/12/legal-steps-to-perfecting-title-documents-1024x694.webp,Legal Steps To Perfecting Title Documents 1024x694.webp,UNIQUE_LEGAL_INFORMATION_PAGE,low_value_retired_or_unknown,restore as static/service page or merge to closest practice/service page,/resources/blog/legal-steps-to-perfecting-title-documents-1024x694.webp
https://chamanlawfirm.com/domains/chamanlawfirm.com/public_html/wp-content/uploads/2024/12/probate-image-2.jpeg,Probate Image 2.jpeg,UNIQUE_LEGAL_INFORMATION_PAGE,low_value_retired_or_unknown,restore as static/service page or merge to closest practice/service page,/resources/blog/probate-image-2.jpeg
https://chamanlawfirm.com/domains/chamanlawfirm.com/public_html/wp-content/uploads/2024/12/real-estate-1.png,Real Estate 1.png,UNIQUE_LEGAL_INFORMATION_PAGE,low_value_retired_or_unknown,restore as static/service page or merge to closest practice/service page,/resources/blog/real-estate-1.png
https://chamanlawfirm.com/domains/chamanlawfirm.com/public_html/wp-content/uploads/2024/12/real-estate-contracts_-key-clauses-to-watch-out-for-768x768.webp,Real Estate Contracts_ Key Clauses To Watch Out For 768x768.webp,UNIQUE_LEGAL_INFORMATION_PAGE,low_value_retired_or_unknown,restore as static/service page or merge to closest practice/service page,/resources/blog/real-estate-contracts_-key-clauses-to-watch-out-for-768x768.webp
https://chamanlawfirm.com/domains/chamanlawfirm.com/public_html/wp-content/uploads/2024/12/real-estate-contracts-key-clauses-to-watch-out-for.webp,Real Estate Contracts Key Clauses To Watch Out For.webp,UNIQUE_LEGAL_INFORMATION_PAGE,low_value_retired_or_unknown,restore as static/service page or merge to closest practice/service page,/resources/blog/real-estate-contracts-key-clauses-to-watch-out-for.webp
https://chamanlawfirm.com/domains/chamanlawfirm.com/public_html/wp-content/uploads/2024/12/real-estate-lawyers-the-ultimate-guide-finding-best-legal-experts-1024x536-1.jpg,Real Estate Lawyers The Ultimate Guide Finding Best Legal Experts 1024x536 1.jpg,LAWYER_PROFILE,low_value_retired_or_unknown,merge/redirect/retire based on exact intent,/resources/blog/real-estate-lawyers-the-ultimate-guide-finding-best-legal-experts-1024x536-1.jpg
https://chamanlawfirm.com/domains/chamanlawfirm.com/public_html/wp-content/uploads/2024/12/rule-of-law-1170x675.webp,Rule Of Law 1170x675.webp,UNIQUE_LEGAL_INFORMATION_PAGE,low_value_retired_or_unknown,restore as static/service page or merge to closest practice/service page,/resources/blog/rule-of-law-1170x675.webp
https://chamanlawfirm.com/domains/chamanlawfirm.com/public_html/wp-content/uploads/2024/12/tenancy-agreement-in-nigeria.jpg,Tenancy Agreement In Nigeria.jpg,UNIQUE_LEGAL_INFORMATION_PAGE,low_value_retired_or_unknown,restore as static/service page or merge to closest practice/service page,/resources/blog/tenancy-agreement-in-nigeria.jpg
https://chamanlawfirm.com/domains/chamanlawfirm.com/public_html/wp-content/uploads/2024/12/title-deeds-image-1-1.jpeg,Title Deeds Image 1 1.jpeg,UNIQUE_LEGAL_INFORMATION_PAGE,low_value_retired_or_unknown,restore as static/service page or merge to closest practice/service page,/resources/blog/title-deeds-image-1-1.jpeg
https://chamanlawfirm.com/domains/chamanlawfirm.com/public_html/wp-content/uploads/2024/12/understanding-the-land-use-act-in-nigeria-1024x694.webp,Understanding The Land Use Act In Nigeria 1024x694.webp,UNIQUE_LEGAL_INFORMATION_PAGE,low_value_retired_or_unknown,restore as static/service page or merge to closest practice/service page,/resources/blog/understanding-the-land-use-act-in-nigeria-1024x694.webp
https://chamanlawfirm.com/domains/chamanlawfirm.com/public_html/wp-content/uploads/2024/12/understanding-the-land-use-act-in-nigeria.webp,Understanding The Land Use Act In Nigeria.webp,UNIQUE_LEGAL_INFORMATION_PAGE,low_value_retired_or_unknown,restore as static/service page or merge to closest practice/service page,/resources/blog/understanding-the-land-use-act-in-nigeria.webp
https://chamanlawfirm.com/domains/chamanlawfirm.com/public_html/wp-content/uploads/2024/12/us-court-1-e1601547880697.jpg,Us Court 1 E1601547880697.jpg,UNIQUE_LEGAL_INFORMATION_PAGE,low_value_retired_or_unknown,restore as static/service page or merge to closest practice/service page,/resources/blog/us-court-1-e1601547880697.jpg
https://chamanlawfirm.com/domains/chamanlawfirm.com/public_html/wp-content/uploads/2024/12/visaa.png,Visaa.png,UNIQUE_LEGAL_INFORMATION_PAGE,low_value_retired_or_unknown,restore as static/service page or merge to closest practice/service page,/resources/blog/visaa.png
https://chamanlawfirm.com/domains/chamanlawfirm.com/public_html/wp-content/uploads/2025/01/family-business-disputes-768x456.jpeg,Family Business Disputes 768x456.jpeg,UNIQUE_LEGAL_INFORMATION_PAGE,low_value_retired_or_unknown,restore as static/service page or merge to closest practice/service page,/resources/blog/family-business-disputes-768x456.jpeg
https://chamanlawfirm.com/domains/chamanlawfirm.com/public_html/wp-content/uploads/2025/01/image.png,Image.png,UNIQUE_LEGAL_INFORMATION_PAGE,low_value_retired_or_unknown,restore as static/service page or merge to closest practice/service page,/resources/blog/image.png
https://chamanlawfirm.com/domains/chamanlawfirm.com/public_html/wp-content/uploads/2025/01/istockphoto-1618821291-1024x1024-1.jpg,Istockphoto 1618821291 1024x1024 1.jpg,UNIQUE_LEGAL_INFORMATION_PAGE,low_value_retired_or_unknown,restore as static/service page or merge to closest practice/service page,/resources/blog/istockphoto-1618821291-1024x1024-1.jpg
https://chamanlawfirm.com/domains/chamanlawfirm.com/public_html/wp-content/uploads/2025/01/notary-services-768x768.webp,Notary Services 768x768.webp,UNIQUE_LEGAL_INFORMATION_PAGE,low_value_retired_or_unknown,restore as static/service page or merge to closest practice/service page,/resources/blog/notary-services-768x768.webp
https://chamanlawfirm.com/domains/chamanlawfirm.com/public_html/wp-content/uploads/2025/02/dall-,Dall,UNIQUE_LEGAL_INFORMATION_PAGE,low_value_retired_or_unknown,restore as static/service page or merge to closest practice/service page,/resources/blog/dall-
https://chamanlawfirm.com/domains/chamanlawfirm.com/public_html/wp-content/uploads/2025/04/cca1383c-92f8-4741-8a30-c8dc1a83edcf-768x456.png,Cca1383c 92f8 4741 8a30 C8dc1a83edcf 768x456.png,UNIQUE_LEGAL_INFORMATION_PAGE,low_value_retired_or_unknown,restore as static/service page or merge to closest practice/service page,/resources/blog/cca1383c-92f8-4741-8a30-c8dc1a83edcf-768x456.png
https://chamanlawfirm.com/domains/chamanlawfirm.com/public_html/wp-content/uploads/2025/06/how-to-obtain-legal-guardianship-of-a-child-in-nigeria-768x512.png,How To Obtain Legal Guardianship Of A Child In Nigeria 768x512.png,UNIQUE_LEGAL_INFORMATION_PAGE,low_value_retired_or_unknown,restore as static/service page or merge to closest practice/service page,/resources/blog/how-to-obtain-legal-guardianship-of-a-child-in-nigeria-768x512.png
https://chamanlawfirm.com/domains/chamanlawfirm.com/public_html/wp-content/uploads/2025/06/how-to-secure-child-support-and-maintenance-legally-in-nigeria-1024x694.png,How To Secure Child Support And Maintenance Legally In Nigeria 1024x694.png,UNIQUE_LEGAL_INFORMATION_PAGE,low_value_retired_or_unknown,restore as static/service page or merge to closest practice/service page,/resources/blog/how-to-secure-child-support-and-maintenance-legally-in-nigeria-1024x694.png
https://chamanlawfirm.com/domains/chamanlawfirm.com/public_html/wp-content/uploads/2025/06/ultimate-guide-to-child-custody-laws-and-legal-procedures-in-nigeria-768x456.png,Ultimate Guide To Child Custody Laws And Legal Procedures In Nigeria 768x456.png,UNIQUE_LEGAL_INFORMATION_PAGE,low_value_retired_or_unknown,restore as static/service page or merge to closest practice/service page,/resources/blog/ultimate-guide-to-child-custody-laws-and-legal-procedures-in-nigeria-768x456.png
https://chamanlawfirm.com/domains/chamanlawfirm.com/public_html/wp-content/uploads/2025/07/best-probate-lawyers-in-ogun-state-for-grant-of-probate-and-estate-services-768x456.jpg,Best Probate Lawyers In Ogun State For Grant Of Probate And Estate Services 768x456.jpg,LAWYER_PROFILE,low_value_retired_or_unknown,merge/redirect/retire based on exact intent,/resources/blog/best-probate-lawyers-in-ogun-state-for-grant-of-probate-and-estate-services-768x456.jpg
https://chamanlawfirm.com/domains/chamanlawfirm.com/public_html/wp-content/uploads/2025/07/complete-guide-to-probate-registry-in-lago-process-requirements-legal-tips-1-768x513.jpg,Complete Guide To Probate Registry In Lago Process Requirements Legal Tips 1 768x513.jpg,UNIQUE_LEGAL_INFORMATION_PAGE,low_value_retired_or_unknown,restore as static/service page or merge to closest practice/service page,/resources/blog/complete-guide-to-probate-registry-in-lago-process-requirements-legal-tips-1-768x513.jpg
https://chamanlawfirm.com/domains/chamanlawfirm.com/public_html/wp-content/uploads/2025/07/grant-of-probate-in-lagos-state-768x456.png,Grant Of Probate In Lagos State 768x456.png,UNIQUE_LEGAL_INFORMATION_PAGE,low_value_retired_or_unknown,restore as static/service page or merge to closest practice/service page,/resources/blog/grant-of-probate-in-lagos-state-768x456.png
https://chamanlawfirm.com/domains/chamanlawfirm.com/public_html/wp-content/uploads/2025/07/how-to-use-cac-public-search-for-your-business-registration.webp,How To Use Cac Public Search For Your Business Registration.webp,UNIQUE_LEGAL_INFORMATION_PAGE,low_value_retired_or_unknown,restore as static/service page or merge to closest practice/service page,/resources/blog/how-to-use-cac-public-search-for-your-business-registration.webp
https://chamanlawfirm.com/domains/chamanlawfirm.com/public_html/wp-content/uploads/2025/07/legal-protection-against-domestic-violence-in-nigeria-768x768.png,Legal Protection Against Domestic Violence In Nigeria 768x768.png,UNIQUE_LEGAL_INFORMATION_PAGE,low_value_retired_or_unknown,restore as static/service page or merge to closest practice/service page,/resources/blog/legal-protection-against-domestic-violence-in-nigeria-768x768.png
https://chamanlawfirm.com/domains/chamanlawfirm.com/public_html/wp-content/uploads/2025/07/probate-law-firm-in-lagos-trusted-legal-services-for-estate-administration-1024x694.png,Probate Law Firm In Lagos Trusted Legal Services For Estate Administration 1024x694.png,UNIQUE_LEGAL_INFORMATION_PAGE,low_value_retired_or_unknown,restore as static/service page or merge to closest practice/service page,/resources/blog/probate-law-firm-in-lagos-trusted-legal-services-for-estate-administration-1024x694.png
https://chamanlawfirm.com/domains/chamanlawfirm.com/public_html/wp-content/uploads/2025/07/the-ultimate-guide-to-buying-property-in-nigeria-without-regrets-768x1152.png,The Ultimate Guide To Buying Property In Nigeria Without Regrets 768x1152.png,UNIQUE_LEGAL_INFORMATION_PAGE,low_value_retired_or_unknown,restore as static/service page or merge to closest practice/service page,/resources/blog/the-ultimate-guide-to-buying-property-in-nigeria-without-regrets-768x1152.png
https://chamanlawfirm.com/domains/chamanlawfirm.com/public_html/wp-content/uploads/2025/08/fast-track-your-probate-process-in-nigeria-work-with-a-leading-law-firm-today-768x456.png,Fast Track Your Probate Process In Nigeria Work With A Leading Law Firm Today 768x456.png,UNIQUE_LEGAL_INFORMATION_PAGE,low_value_retired_or_unknown,restore as static/service page or merge to closest practice/service page,/resources/blog/fast-track-your-probate-process-in-nigeria-work-with-a-leading-law-firm-today-768x456.png
https://chamanlawfirm.com/domains/chamanlawfirm.com/public_html/wp-content/uploads/2025/08/how-probate-lawyers-help-you-access-inherited-property-in-lagos-and-ogun-768x456.jpg,How Probate Lawyers Help You Access Inherited Property In Lagos And Ogun 768x456.jpg,LAWYER_PROFILE,low_value_retired_or_unknown,merge/redirect/retire based on exact intent,/resources/blog/how-probate-lawyers-help-you-access-inherited-property-in-lagos-and-ogun-768x456.jpg
https://chamanlawfirm.com/domains/chamanlawfirm.com/public_html/wp-content/uploads/2025/09/3-proven-reasons-why-you-need-a-property-land-amp-real-estate-lawyers-in-lagos-nigeria-1200x800.png,3 Proven Reasons Why You Need A Property Land Amp Real Estate Lawyers In Lagos Nigeria 1200x800.png,LAWYER_PROFILE,low_value_retired_or_unknown,merge/redirect/retire based on exact intent,/resources/blog/3-proven-reasons-why-you-need-a-property-land-amp-real-estate-lawyers-in-lagos-nigeria-1200x800.png
https://chamanlawfirm.com/domains/chamanlawfirm.com/public_html/wp-content/uploads/2025/09/how-do-i-get-building-approval-in-ogun-state-1170x694.png,How Do I Get Building Approval In Ogun State 1170x694.png,UNIQUE_LEGAL_INFORMATION_PAGE,low_value_retired_or_unknown,restore as static/service page or merge to closest practice/service page,/resources/blog/how-do-i-get-building-approval-in-ogun-state-1170x694.png
https://chamanlawfirm.com/domains/chamanlawfirm.com/public_html/wp-content/uploads/2025/09/what-documents-should-i-check-before-purchasing-land-in-ogun-state-768x512.jpg,What Documents Should I Check Before Purchasing Land In Ogun State 768x512.jpg,UNIQUE_LEGAL_INFORMATION_PAGE,low_value_retired_or_unknown,restore as static/service page or merge to closest practice/service page,/resources/blog/what-documents-should-i-check-before-purchasing-land-in-ogun-state-768x512.jpg
https://chamanlawfirm.com/domains/chamanlawfirm.com/public_html/wp-content/uploads/2025/10/can-a-landlord-increase-rent-arbitrarily-in-ogun-state-1170x694.png,Can A Landlord Increase Rent Arbitrarily In Ogun State 1170x694.png,UNIQUE_LEGAL_INFORMATION_PAGE,low_value_retired_or_unknown,restore as static/service page or merge to closest practice/service page,/resources/blog/can-a-landlord-increase-rent-arbitrarily-in-ogun-state-1170x694.png
https://chamanlawfirm.com/domains/chamanlawfirm.com/public_html/wp-content/uploads/2025/10/do-i-draft-a-tenancy-agreement-for-my-lekki-property-768x456.jpg,Do I Draft A Tenancy Agreement For My Lekki Property 768x456.jpg,UNIQUE_LEGAL_INFORMATION_PAGE,low_value_retired_or_unknown,restore as static/service page or merge to closest practice/service page,/resources/blog/do-i-draft-a-tenancy-agreement-for-my-lekki-property-768x456.jpg
https://chamanlawfirm.com/domains/chamanlawfirm.com/public_html/wp-content/uploads/2025/10/how-can-nigerians-in-the-diaspora-buy-property-safely-in-lekki-1200x800.png,How Can Nigerians In The Diaspora Buy Property Safely In Lekki 1200x800.png,UNIQUE_LEGAL_INFORMATION_PAGE,low_value_retired_or_unknown,restore as static/service page or merge to closest practice/service page,/resources/blog/how-can-nigerians-in-the-diaspora-buy-property-safely-in-lekki-1200x800.png
https://chamanlawfirm.com/domains/chamanlawfirm.com/public_html/wp-content/uploads/2025/10/how-do-i-appoint-a-lawyer-to-represent-me-in-a-lekki-property-transaction-while-abroad-1170x694.jpg,How Do I Appoint A Lawyer To Represent Me In A Lekki Property Transaction While Abroad 1170x694.jpg,LAWYER_PROFILE,low_value_retired_or_unknown,merge/redirect/retire based on exact intent,/resources/blog/how-do-i-appoint-a-lawyer-to-represent-me-in-a-lekki-property-transaction-while-abroad-1170x694.jpg
https://chamanlawfirm.com/domains/chamanlawfirm.com/public_html/wp-content/uploads/2025/10/how-do-i-verify-land-titles-before-buying-property-in-lekki-1200x800.png,How Do I Verify Land Titles Before Buying Property In Lekki 1200x800.png,UNIQUE_LEGAL_INFORMATION_PAGE,low_value_retired_or_unknown,restore as static/service page or merge to closest practice/service page,/resources/blog/how-do-i-verify-land-titles-before-buying-property-in-lekki-1200x800.png
https://chamanlawfirm.com/domains/chamanlawfirm.com/public_html/wp-content/uploads/2025/10/how-is-capital-gains-tax-calculated-on-property-sales-in-lekki-1200x801.jpg,How Is Capital Gains Tax Calculated On Property Sales In Lekki 1200x801.jpg,UNIQUE_LEGAL_INFORMATION_PAGE,low_value_retired_or_unknown,restore as static/service page or merge to closest practice/service page,/resources/blog/how-is-capital-gains-tax-calculated-on-property-sales-in-lekki-1200x801.jpg
https://chamanlawfirm.com/domains/chamanlawfirm.com/public_html/wp-content/uploads/2025/10/how-to-transfer-property-ownership-to-my-children-in-lekki-legally-1200x800.png,How To Transfer Property Ownership To My Children In Lekki Legally 1200x800.png,UNIQUE_LEGAL_INFORMATION_PAGE,low_value_retired_or_unknown,restore as static/service page or merge to closest practice/service page,/resources/blog/how-to-transfer-property-ownership-to-my-children-in-lekki-legally-1200x800.png
https://chamanlawfirm.com/domains/chamanlawfirm.com/public_html/wp-content/uploads/2025/10/is-it-better-to-invest-in-land-banking-or-developed-estates-in-lekki.jpg,Is It Better To Invest In Land Banking Or Developed Estates In Lekki.jpg,UNIQUE_LEGAL_INFORMATION_PAGE,low_value_retired_or_unknown,restore as static/service page or merge to closest practice/service page,/resources/blog/is-it-better-to-invest-in-land-banking-or-developed-estates-in-lekki.jpg
https://chamanlawfirm.com/domains/chamanlawfirm.com/public_html/wp-content/uploads/2025/10/what-are-the-environmental-compliance-requirements-for-property-development-in-lekki-768x456.png,What Are The Environmental Compliance Requirements For Property Development In Lekki 768x456.png,UNIQUE_LEGAL_INFORMATION_PAGE,low_value_retired_or_unknown,restore as static/service page or merge to closest practice/service page,/resources/blog/what-are-the-environmental-compliance-requirements-for-property-development-in-lekki-768x456.png
https://chamanlawfirm.com/domains/chamanlawfirm.com/public_html/wp-content/uploads/2025/10/what-are-the-inheritance-rights-of-family-members-in-lekki-property-matters-768x512.jpg,What Are The Inheritance Rights Of Family Members In Lekki Property Matters 768x512.jpg,UNIQUE_LEGAL_INFORMATION_PAGE,low_value_retired_or_unknown,restore as static/service page or merge to closest practice/service page,/resources/blog/what-are-the-inheritance-rights-of-family-members-in-lekki-property-matters-768x512.jpg
https://chamanlawfirm.com/domains/chamanlawfirm.com/public_html/wp-content/uploads/2025/10/what-documents-must-i-check-before-buying-land-in-lekki-768x456.png,What Documents Must I Check Before Buying Land In Lekki 768x456.png,UNIQUE_LEGAL_INFORMATION_PAGE,low_value_retired_or_unknown,restore as static/service page or merge to closest practice/service page,/resources/blog/what-documents-must-i-check-before-buying-land-in-lekki-768x456.png
https://chamanlawfirm.com/domains/chamanlawfirm.com/public_html/wp-content/uploads/2025/10/what-happens-to-lekki-property-when-owner-dies-without-will-768x1152.png,What Happens To Lekki Property When Owner Dies Without Will 768x1152.png,UNIQUE_LEGAL_INFORMATION_PAGE,low_value_retired_or_unknown,restore as static/service page or merge to closest practice/service page,/resources/blog/what-happens-to-lekki-property-when-owner-dies-without-will-768x1152.png
https://chamanlawfirm.com/domains/chamanlawfirm.com/public_html/wp-content/uploads/2025/10/what-is-the-cost-of-perfecting-land-titles-in-lekki-768x456.png,What Is The Cost Of Perfecting Land Titles In Lekki 768x456.png,UNIQUE_LEGAL_INFORMATION_PAGE,low_value_retired_or_unknown,restore as static/service page or merge to closest practice/service page,/resources/blog/what-is-the-cost-of-perfecting-land-titles-in-lekki-768x456.png
https://chamanlawfirm.com/domains/chamanlawfirm.com/public_html/wp-content/uploads/2025/10/what-is-the-difference-between-excision-gazette-c-of-o-and-governors-consent-in-lekki-properties-1170x694.png,What Is The Difference Between Excision Gazette C Of O And Governors Consent In Lekki Properties 1170x694.png,UNIQUE_LEGAL_INFORMATION_PAGE,low_value_retired_or_unknown,restore as static/service page or merge to closest practice/service page,/resources/blog/what-is-the-difference-between-excision-gazette-c-of-o-and-governors-consent-in-lekki-properties-1170x694.png
https://chamanlawfirm.com/domains/chamanlawfirm.com/public_html/wp-content/uploads/2025/10/what-is-the-lagos-state-tenancy-law-and-how-does-it-apply-in-lekki-768x456.jpg,What Is The Lagos State Tenancy Law And How Does It Apply In Lekki 768x456.jpg,UNIQUE_LEGAL_INFORMATION_PAGE,low_value_retired_or_unknown,restore as static/service page or merge to closest practice/service page,/resources/blog/what-is-the-lagos-state-tenancy-law-and-how-does-it-apply-in-lekki-768x456.jpg
https://chamanlawfirm.com/domains/chamanlawfirm.com/public_html/wp-content/uploads/2025/10/what-is-the-role-of-stamp-duty-in-property-transactions-in-lagos-state-1200x800.jpg,What Is The Role Of Stamp Duty In Property Transactions In Lagos State 1200x800.jpg,UNIQUE_LEGAL_INFORMATION_PAGE,low_value_retired_or_unknown,restore as static/service page or merge to closest practice/service page,/resources/blog/what-is-the-role-of-stamp-duty-in-property-transactions-in-lagos-state-1200x800.jpg
https://chamanlawfirm.com/domains/chamanlawfirm.com/public_html/wp-content/uploads/2025/10/what-legal-remedies-are-available-for-breach-of-property-contracts-in-lekki-768x456.jpg,What Legal Remedies Are Available For Breach Of Property Contracts In Lekki 768x456.jpg,UNIQUE_LEGAL_INFORMATION_PAGE,low_value_retired_or_unknown,restore as static/service page or merge to closest practice/service page,/resources/blog/what-legal-remedies-are-available-for-breach-of-property-contracts-in-lekki-768x456.jpg
https://chamanlawfirm.com/domains/chamanlawfirm.com/public_html/wp-content/uploads/2025/10/what-property-taxes-must-i-pay-when-buying-real-estate-in-lekki-768x456.png,What Property Taxes Must I Pay When Buying Real Estate In Lekki 768x456.png,UNIQUE_LEGAL_INFORMATION_PAGE,low_value_retired_or_unknown,restore as static/service page or merge to closest practice/service page,/resources/blog/what-property-taxes-must-i-pay-when-buying-real-estate-in-lekki-768x456.png
https://chamanlawfirm.com/domains/chamanlawfirm.com/public_html/wp-content/uploads/2025/10/why-is-lekki-the-best-location-for-luxury-real-estate-investment.webp,Why Is Lekki The Best Location For Luxury Real Estate Investment.webp,UNIQUE_LEGAL_INFORMATION_PAGE,low_value_retired_or_unknown,restore as static/service page or merge to closest practice/service page,/resources/blog/why-is-lekki-the-best-location-for-luxury-real-estate-investment.webp
https://chamanlawfirm.com/domains/chamanlawfirm.com/public_html/wp-content/uploads/2025/11/buying-family-land-in-lagos-common-challenges-and-risks-768x456.webp,Buying Family Land In Lagos Common Challenges And Risks 768x456.webp,UNIQUE_LEGAL_INFORMATION_PAGE,low_value_retired_or_unknown,restore as static/service page or merge to closest practice/service page,/resources/blog/buying-family-land-in-lagos-common-challenges-and-risks-768x456.webp
https://chamanlawfirm.com/domains/chamanlawfirm.com/public_html/wp-content/uploads/2025/11/double-allocation-conflicts-in-lagos-legal-remedies-for-property-owners-768x456.webp,Double Allocation Conflicts In Lagos Legal Remedies For Property Owners 768x456.webp,UNIQUE_LEGAL_INFORMATION_PAGE,low_value_retired_or_unknown,restore as static/service page or merge to closest practice/service page,/resources/blog/double-allocation-conflicts-in-lagos-legal-remedies-for-property-owners-768x456.webp
https://chamanlawfirm.com/domains/chamanlawfirm.com/public_html/wp-content/uploads/2025/11/how-do-i-register-a-deed-of-assignment-for-ikoyi-property-1024x694.png,How Do I Register A Deed Of Assignment For Ikoyi Property 1024x694.png,UNIQUE_LEGAL_INFORMATION_PAGE,low_value_retired_or_unknown,restore as static/service page or merge to closest practice/service page,/resources/blog/how-do-i-register-a-deed-of-assignment-for-ikoyi-property-1024x694.png
https://chamanlawfirm.com/domains/chamanlawfirm.com/public_html/wp-content/uploads/2025/11/how-long-does-it-take-to-secure-governors-consent-in-ikoyi-768x456.webp,How Long Does It Take To Secure Governors Consent In Ikoyi 768x456.webp,UNIQUE_LEGAL_INFORMATION_PAGE,low_value_retired_or_unknown,restore as static/service page or merge to closest practice/service page,/resources/blog/how-long-does-it-take-to-secure-governors-consent-in-ikoyi-768x456.webp
https://chamanlawfirm.com/domains/chamanlawfirm.com/public_html/wp-content/uploads/2025/11/lagos-property-investment-calculating-your-return-on-investment-roi-1170x694.jpg,Lagos Property Investment Calculating Your Return On Investment Roi 1170x694.jpg,UNIQUE_LEGAL_INFORMATION_PAGE,low_value_retired_or_unknown,restore as static/service page or merge to closest practice/service page,/resources/blog/lagos-property-investment-calculating-your-return-on-investment-roi-1170x694.jpg
https://chamanlawfirm.com/domains/chamanlawfirm.com/public_html/wp-content/uploads/2025/11/role-of-the-lagos-special-task-force-in-combating-land-grabbers-768x456.png,Role Of The Lagos Special Task Force In Combating Land Grabbers 768x456.png,UNIQUE_LEGAL_INFORMATION_PAGE,low_value_retired_or_unknown,restore as static/service page or merge to closest practice/service page,/resources/blog/role-of-the-lagos-special-task-force-in-combating-land-grabbers-768x456.png
https://chamanlawfirm.com/domains/chamanlawfirm.com/public_html/wp-content/uploads/2025/11/the-process-of-registering-a-business-name-versus-a-limited-company-in-nigeria-768x456.png,The Process Of Registering A Business Name Versus A Limited Company In Nigeria 768x456.png,UNIQUE_LEGAL_INFORMATION_PAGE,low_value_retired_or_unknown,restore as static/service page or merge to closest practice/service page,/resources/blog/the-process-of-registering-a-business-name-versus-a-limited-company-in-nigeria-768x456.png
https://chamanlawfirm.com/domains/chamanlawfirm.com/public_html/wp-content/uploads/2025/11/what-is-the-process-of-obtaining-a-c-of-o-in-ikoyi-768x480.webp,What Is The Process Of Obtaining A C Of O In Ikoyi 768x480.webp,UNIQUE_LEGAL_INFORMATION_PAGE,low_value_retired_or_unknown,restore as static/service page or merge to closest practice/service page,/resources/blog/what-is-the-process-of-obtaining-a-c-of-o-in-ikoyi-768x480.webp
https://chamanlawfirm.com/domains/chamanlawfirm.com/public_html/wp-content/uploads/2025/11/what-tenancy-laws-apply-to-landlords-in-ikoyi.jpeg,What Tenancy Laws Apply To Landlords In Ikoyi.jpeg,UNIQUE_LEGAL_INFORMATION_PAGE,low_value_retired_or_unknown,restore as static/service page or merge to closest practice/service page,/resources/blog/what-tenancy-laws-apply-to-landlords-in-ikoyi.jpeg
https://chamanlawfirm.com/domains/chamanlawfirm.com/public_html/wp-content/uploads/2025/12/corporate-affairs-commission-chaman-law-firm-768x456.png,Corporate Affairs Commission Chaman Law Firm 768x456.png,UNIQUE_LEGAL_INFORMATION_PAGE,low_value_retired_or_unknown,restore as static/service page or merge to closest practice/service page,/resources/blog/corporate-affairs-commission-chaman-law-firm-768x456.png
https://chamanlawfirm.com/domains/chamanlawfirm.com/public_html/wp-content/uploads/2026/02/statutory-registry-marriage-1170x694.png,Statutory Registry Marriage 1170x694.png,UNIQUE_LEGAL_INFORMATION_PAGE,low_value_retired_or_unknown,restore as static/service page or merge to closest practice/service page,/resources/blog/statutory-registry-marriage-1170x694.png
https://chamanlawfirm.com/domains/chamanlawfirm.com/public_html/wp-content/uploads/al_opt_content/image/toplawfirmnigeria.com/wp-content/uploads/2022/07/copyright.png.bv_resized_ipad.png.bv.webp,Copyright.png.bv_resized_ipad.png.bv.webp,UNIQUE_LEGAL_INFORMATION_PAGE,low_value_retired_or_unknown,restore as static/service page or merge to closest practice/service page,/resources/blog/copyright.png.bv_resized_ipad.png.bv.webp
https://chamanlawfirm.com/downloads,Downloads,UNIQUE_LEGAL_INFORMATION_PAGE,merged_redirected_to_live_page,restore as static/service page or merge to closest practice/service page,/resources/downloads
https://chamanlawfirm.com/due-diligence-before-buying-land,Due Diligence Before Buying Land,UNIQUE_LEGAL_INFORMATION_PAGE,merged_redirected_to_live_page,restore as static/service page or merge to closest practice/service page,/practice-areas/property-real-estate-law/land-purchase-due-diligence
https://chamanlawfirm.com/duplicate,Duplicate,UNIQUE_LEGAL_INFORMATION_PAGE,low_value_retired_or_unknown,restore as static/service page or merge to closest practice/service page,/resources/blog/duplicate
https://chamanlawfirm.com/editorial,Editorial,UNIQUE_LEGAL_INFORMATION_PAGE,low_value_retired_or_unknown,restore as static/service page or merge to closest practice/service page,/resources/blog/editorial
https://chamanlawfirm.com/eligible,Eligible,UNIQUE_LEGAL_INFORMATION_PAGE,low_value_retired_or_unknown,restore as static/service page or merge to closest practice/service page,/resources/blog/eligible
https://chamanlawfirm.com/employment-contract-review-in-nigeria,Employment Contract Review In Nigeria,UNIQUE_LEGAL_INFORMATION_PAGE,merged_redirected_to_live_page,restore as static/service page or merge to closest practice/service page,/practice-areas/employment-law/employment-contract-review
https://chamanlawfirm.com/employment-contracts-chaman-la-firm,Employment Contracts,UNIQUE_LEGAL_INFORMATION_PAGE,missing_not_imported,restore as static/service page or merge to closest practice/service page,/resources/blog/employment-contracts-chaman-la-firm
https://chamanlawfirm.com/employment-discrimination-claims-legal-services,Employment Discrimination Claims,UNIQUE_LEGAL_INFORMATION_PAGE,missing_not_imported,restore as static/service page or merge to closest practice/service page,/resources/blog/employment-discrimination-claims-legal-services
https://chamanlawfirm.com/equitable,Equitable,UNIQUE_LEGAL_INFORMATION_PAGE,low_value_retired_or_unknown,restore as static/service page or merge to closest practice/service page,/resources/blog/equitable
https://chamanlawfirm.com/estate,Estate,UNIQUE_LEGAL_INFORMATION_PAGE,low_value_retired_or_unknown,restore as static/service page or merge to closest practice/service page,/resources/blog/estate
https://chamanlawfirm.com/eviction,Eviction,UNIQUE_LEGAL_INFORMATION_PAGE,low_value_retired_or_unknown,restore as static/service page or merge to closest practice/service page,/resources/blog/eviction
https://chamanlawfirm.com/external,External,UNIQUE_LEGAL_INFORMATION_PAGE,low_value_retired_or_unknown,restore as static/service page or merge to closest practice/service page,/resources/blog/external
https://chamanlawfirm.com/fallback,Fallback,UNIQUE_LEGAL_INFORMATION_PAGE,low_value_retired_or_unknown,restore as static/service page or merge to closest practice/service page,/resources/blog/fallback
https://chamanlawfirm.com/family,Family,UNIQUE_LEGAL_INFORMATION_PAGE,low_value_retired_or_unknown,restore as static/service page or merge to closest practice/service page,/resources/blog/family
https://chamanlawfirm.com/family-law,Family Law,UNIQUE_LEGAL_INFORMATION_PAGE,low_value_retired_or_unknown,restore as static/service page or merge to closest practice/service page,/resources/blog/family-law
https://chamanlawfirm.com/family-law-lawyer-near-me,Family Law Lawyer Near Me,LAWYER_PROFILE,merged_redirected_to_live_page,merge/redirect/retire based on exact intent,/practice-areas/family-law
https://chamanlawfirm.com/family-lawyer-lagos,Family Lawyer Lagos,LAWYER_PROFILE,merged_redirected_to_live_page,merge/redirect/retire based on exact intent,/practice-areas/family-law
https://chamanlawfirm.com/flagged,Flagged,UNIQUE_LEGAL_INFORMATION_PAGE,low_value_retired_or_unknown,restore as static/service page or merge to closest practice/service page,/resources/blog/flagged
https://chamanlawfirm.com/formatting,Formatting,UNIQUE_LEGAL_INFORMATION_PAGE,low_value_retired_or_unknown,restore as static/service page or merge to closest practice/service page,/resources/blog/formatting
https://chamanlawfirm.com/free/off-brand,Off Brand,UNIQUE_LEGAL_INFORMATION_PAGE,low_value_retired_or_unknown,restore as static/service page or merge to closest practice/service page,/resources/blog/off-brand
https://chamanlawfirm.com/general,General,UNIQUE_LEGAL_INFORMATION_PAGE,low_value_retired_or_unknown,restore as static/service page or merge to closest practice/service page,/resources/blog/general
https://chamanlawfirm.com/get-the-top-legal-advice-from-experts-for-free,Get The Top Legal Advice From Experts For Free,UNIQUE_LEGAL_INFORMATION_PAGE,merged_redirected_to_live_page,restore as static/service page or merge to closest practice/service page,/consultation
https://chamanlawfirm.com/governance,Governance,UNIQUE_LEGAL_INFORMATION_PAGE,low_value_retired_or_unknown,restore as static/service page or merge to closest practice/service page,/resources/blog/governance
https://chamanlawfirm.com/her,Her,UNIQUE_LEGAL_INFORMATION_PAGE,low_value_retired_or_unknown,restore as static/service page or merge to closest practice/service page,/resources/blog/her
https://chamanlawfirm.com/high,High,UNIQUE_LEGAL_INFORMATION_PAGE,low_value_retired_or_unknown,restore as static/service page or merge to closest practice/service page,/resources/blog/high
https://chamanlawfirm.com/hold,Hold,UNIQUE_LEGAL_INFORMATION_PAGE,low_value_retired_or_unknown,restore as static/service page or merge to closest practice/service page,/resources/blog/hold
https://chamanlawfirm.com/how-to,How To,UNIQUE_LEGAL_INFORMATION_PAGE,low_value_retired_or_unknown,restore as static/service page or merge to closest practice/service page,/resources/blog/how-to
https://chamanlawfirm.com/ibraheem-akewusola-esq,Ibraheem Akewusola Esq,LAWYER_PROFILE,missing_not_imported,merge/redirect/retire based on exact intent,/lawyers/ibraheem-akewusola
https://chamanlawfirm.com/image,Image,UNIQUE_LEGAL_INFORMATION_PAGE,low_value_retired_or_unknown,restore as static/service page or merge to closest practice/service page,/resources/blog/image
https://chamanlawfirm.com/immigration-lawyer-nigeria,Immigration Lawyer Nigeria,LAWYER_PROFILE,merged_redirected_to_live_page,merge/redirect/retire based on exact intent,/practice-areas/immigration-services
https://chamanlawfirm.com/in,In,UNIQUE_LEGAL_INFORMATION_PAGE,low_value_retired_or_unknown,restore as static/service page or merge to closest practice/service page,/resources/blog/in
https://chamanlawfirm.com/index,Index,UNIQUE_LEGAL_INFORMATION_PAGE,low_value_retired_or_unknown,restore as static/service page or merge to closest practice/service page,/resources/blog/index
https://chamanlawfirm.com/internal,Internal,UNIQUE_LEGAL_INFORMATION_PAGE,low_value_retired_or_unknown,restore as static/service page or merge to closest practice/service page,/resources/blog/internal
https://chamanlawfirm.com/internship,Internship,UNIQUE_LEGAL_INFORMATION_PAGE,merged_redirected_to_live_page,restore as static/service page or merge to closest practice/service page,/careers
https://chamanlawfirm.com/justina-obriko-esq,Justina Obriko Esq,LAWYER_PROFILE,missing_not_imported,merge/redirect/retire based on exact intent,/lawyers/justina-edewede-obriko
https://chamanlawfirm.com/labor-union-negotiations-chaman-law-firm,Labor Union Negotiations,UNIQUE_LEGAL_INFORMATION_PAGE,missing_not_imported,restore as static/service page or merge to closest practice/service page,/resources/blog/labor-union-negotiations-chaman-law-firm
https://chamanlawfirm.com/land-title-document-check-in-nigeria,Land Title Document Check In Nigeria,UNIQUE_LEGAL_INFORMATION_PAGE,merged_redirected_to_live_page,restore as static/service page or merge to closest practice/service page,/practice-areas/property-real-estate-law/land-title-document-check
https://chamanlawfirm.com/landlord,Landlord,UNIQUE_LEGAL_INFORMATION_PAGE,low_value_retired_or_unknown,restore as static/service page or merge to closest practice/service page,/resources/blog/landlord
https://chamanlawfirm.com/lawyer,Lawyer,LAWYER_PROFILE,low_value_retired_or_unknown,merge/redirect/retire based on exact intent,/resources/blog/lawyer
https://chamanlawfirm.com/lawyer.,Lawyer.,LAWYER_PROFILE,low_value_retired_or_unknown,merge/redirect/retire based on exact intent,/resources/blog/lawyer.
https://chamanlawfirm.com/lawyers/charles-chukwuma-nkwoka,Charles Chukwuma Nkwoka,LAWYER_PROFILE,live_same_url,merge/redirect/retire based on exact intent,/resources/blog/charles-chukwuma-nkwoka
https://chamanlawfirm.com/lead,Lead,UNIQUE_LEGAL_INFORMATION_PAGE,low_value_retired_or_unknown,restore as static/service page or merge to closest practice/service page,/resources/blog/lead
https://chamanlawfirm.com/legacy,Legacy,UNIQUE_LEGAL_INFORMATION_PAGE,low_value_retired_or_unknown,restore as static/service page or merge to closest practice/service page,/resources/blog/legacy
https://chamanlawfirm.com/legal,Legal,UNIQUE_LEGAL_INFORMATION_PAGE,low_value_retired_or_unknown,restore as static/service page or merge to closest practice/service page,/resources/blog/legal
https://chamanlawfirm.com/legal-document-review,Legal Document Review,UNIQUE_LEGAL_INFORMATION_PAGE,merged_redirected_to_live_page,restore as static/service page or merge to closest practice/service page,/practice-areas/notary-public-services/legal-document-review
https://chamanlawfirm.com/legal-experts-on-deportation-defense,Deportation Defense,UNIQUE_LEGAL_INFORMATION_PAGE,missing_not_imported,restore as static/service page or merge to closest practice/service page,/resources/blog/legal-experts-on-deportation-defense
https://chamanlawfirm.com/legal-review,Legal Review,UNIQUE_LEGAL_INFORMATION_PAGE,low_value_retired_or_unknown,restore as static/service page or merge to closest practice/service page,/resources/blog/legal-review
https://chamanlawfirm.com/legal-risk,Legal Risk,UNIQUE_LEGAL_INFORMATION_PAGE,low_value_retired_or_unknown,restore as static/service page or merge to closest practice/service page,/resources/blog/legal-risk
https://chamanlawfirm.com/letters-of-administration-in-nigeria,Letters Of Administration In Nigeria,UNIQUE_LEGAL_INFORMATION_PAGE,low_value_retired_or_unknown,restore as static/service page or merge to closest practice/service page,/resources/blog/letters-of-administration-in-nigeria
https://chamanlawfirm.com/litigation,Litigation,UNIQUE_LEGAL_INFORMATION_PAGE,low_value_retired_or_unknown,restore as static/service page or merge to closest practice/service page,/resources/blog/litigation
https://chamanlawfirm.com/litigation-lawyer-lagos,Litigation Lawyer Lagos,LAWYER_PROFILE,merged_redirected_to_live_page,merge/redirect/retire based on exact intent,/practice-areas/litigation-dispute-resolution
https://chamanlawfirm.com/live,Live,UNIQUE_LEGAL_INFORMATION_PAGE,low_value_retired_or_unknown,restore as static/service page or merge to closest practice/service page,/resources/blog/live
https://chamanlawfirm.com/live/sitemap-included,Sitemap Included,UNIQUE_LEGAL_INFORMATION_PAGE,low_value_retired_or_unknown,restore as static/service page or merge to closest practice/service page,/resources/blog/sitemap-included
https://chamanlawfirm.com/luxury,Luxury,UNIQUE_LEGAL_INFORMATION_PAGE,low_value_retired_or_unknown,restore as static/service page or merge to closest practice/service page,/resources/blog/luxury
https://chamanlawfirm.com/manual,Manual,UNIQUE_LEGAL_INFORMATION_PAGE,low_value_retired_or_unknown,restore as static/service page or merge to closest practice/service page,/resources/blog/manual
https://chamanlawfirm.com/marriage,Marriage,UNIQUE_LEGAL_INFORMATION_PAGE,low_value_retired_or_unknown,restore as static/service page or merge to closest practice/service page,/resources/blog/marriage
https://chamanlawfirm.com/martha-elendu-esq,Martha Elendu Esq,LAWYER_PROFILE,missing_not_imported,merge/redirect/retire based on exact intent,/lawyers/martha-elendu
https://chamanlawfirm.com/media,Media,UNIQUE_LEGAL_INFORMATION_PAGE,live_same_url,restore as static/service page or merge to closest practice/service page,/resources/blog/media
https://chamanlawfirm.com/medium,Medium,UNIQUE_LEGAL_INFORMATION_PAGE,low_value_retired_or_unknown,restore as static/service page or merge to closest practice/service page,/resources/blog/medium
https://chamanlawfirm.com/meta,Meta,UNIQUE_LEGAL_INFORMATION_PAGE,low_value_retired_or_unknown,restore as static/service page or merge to closest practice/service page,/resources/blog/meta
https://chamanlawfirm.com/metadata,Metadata,UNIQUE_LEGAL_INFORMATION_PAGE,low_value_retired_or_unknown,restore as static/service page or merge to closest practice/service page,/resources/blog/metadata
https://chamanlawfirm.com/missing,Missing,UNIQUE_LEGAL_INFORMATION_PAGE,low_value_retired_or_unknown,restore as static/service page or merge to closest practice/service page,/resources/blog/missing
https://chamanlawfirm.com/navigation,Navigation,UNIQUE_LEGAL_INFORMATION_PAGE,low_value_retired_or_unknown,restore as static/service page or merge to closest practice/service page,/resources/blog/navigation
https://chamanlawfirm.com/needs,Needs,UNIQUE_LEGAL_INFORMATION_PAGE,low_value_retired_or_unknown,restore as static/service page or merge to closest practice/service page,/resources/blog/needs
https://chamanlawfirm.com/not,Not,UNIQUE_LEGAL_INFORMATION_PAGE,low_value_retired_or_unknown,restore as static/service page or merge to closest practice/service page,/resources/blog/not
https://chamanlawfirm.com/off-brand,Off Brand,UNIQUE_LEGAL_INFORMATION_PAGE,low_value_retired_or_unknown,restore as static/service page or merge to closest practice/service page,/resources/blog/off-brand
https://chamanlawfirm.com/off-brand/probate,Probate,UNIQUE_LEGAL_INFORMATION_PAGE,low_value_retired_or_unknown,restore as static/service page or merge to closest practice/service page,/resources/blog/probate
https://chamanlawfirm.com/offence,Offence,UNIQUE_LEGAL_INFORMATION_PAGE,low_value_retired_or_unknown,restore as static/service page or merge to closest practice/service page,/resources/blog/offence
https://chamanlawfirm.com/original,Original,UNIQUE_LEGAL_INFORMATION_PAGE,low_value_retired_or_unknown,restore as static/service page or merge to closest practice/service page,/resources/blog/original
https://chamanlawfirm.com/overclaim,Overclaim,UNIQUE_LEGAL_INFORMATION_PAGE,low_value_retired_or_unknown,restore as static/service page or merge to closest practice/service page,/resources/blog/overclaim
https://chamanlawfirm.com/ownership,Ownership,UNIQUE_LEGAL_INFORMATION_PAGE,low_value_retired_or_unknown,restore as static/service page or merge to closest practice/service page,/resources/blog/ownership
https://chamanlawfirm.com/page-specific,Page Specific,UNIQUE_LEGAL_INFORMATION_PAGE,low_value_retired_or_unknown,restore as static/service page or merge to closest practice/service page,/resources/blog/page-specific
https://chamanlawfirm.com/peachpuff-lemur-779915.hostingersite.com/wp-content/uploads/2024/09/how-to-licence-a-trademark-in-nigeria-awvex6vynpf7x5l0-3.jpg,How To Licence A Trademark In Nigeria Awvex6vynpf7x5l0 3.jpg,UNIQUE_LEGAL_INFORMATION_PAGE,low_value_retired_or_unknown,restore as static/service page or merge to closest practice/service page,/resources/blog/how-to-licence-a-trademark-in-nigeria-awvex6vynpf7x5l0-3.jpg
https://chamanlawfirm.com/peachpuff-lemur-779915.hostingersite.com/wp-content/uploads/2024/09/land-titles-2023-11-09t131144.311-azg8kez1b1fwp9lg-3.png,Land Titles 2023 11 09t131144.311 Azg8kez1b1fwp9lg 3.png,UNIQUE_LEGAL_INFORMATION_PAGE,low_value_retired_or_unknown,restore as static/service page or merge to closest practice/service page,/resources/blog/land-titles-2023-11-09t131144.311-azg8kez1b1fwp9lg-3.png
https://chamanlawfirm.com/peachpuff-lemur-779915.hostingersite.com/wp-content/uploads/2024/09/what-is-the-implication-of-quit-notice-amqveexn34sjon9w-3.jpg,What Is The Implication Of Quit Notice Amqveexn34sjon9w 3.jpg,UNIQUE_LEGAL_INFORMATION_PAGE,low_value_retired_or_unknown,restore as static/service page or merge to closest practice/service page,/resources/blog/what-is-the-implication-of-quit-notice-amqveexn34sjon9w-3.jpg
https://chamanlawfirm.com/peachpuff-lemur-779915.hostingersite.com/wp-content/uploads/2024/09/whatsapp-image-2022-06-02-at-9.41.17-pm-alple5x77nuopbjx-3.jpeg,Whatsapp Image 2022 06 02 At 9.41.17 Pm Alple5x77nuopbjx 3.jpeg,UNIQUE_LEGAL_INFORMATION_PAGE,low_value_retired_or_unknown,restore as static/service page or merge to closest practice/service page,/resources/blog/whatsapp-image-2022-06-02-at-9.41.17-pm-alple5x77nuopbjx-3.jpeg
https://chamanlawfirm.com/peachpuff-lemur-779915.hostingersite.com/wp-content/uploads/2024/09/whatsapp-image-2023-07-27-at-12.01.11-ybndo9m8oktn0zbo-3.jpeg,Whatsapp Image 2023 07 27 At 12.01.11 Ybndo9m8oktn0zbo 3.jpeg,UNIQUE_LEGAL_INFORMATION_PAGE,low_value_retired_or_unknown,restore as static/service page or merge to closest practice/service page,/resources/blog/whatsapp-image-2023-07-27-at-12.01.11-ybndo9m8oktn0zbo-3.jpeg
https://chamanlawfirm.com/perfection,Perfection,UNIQUE_LEGAL_INFORMATION_PAGE,low_value_retired_or_unknown,restore as static/service page or merge to closest practice/service page,/resources/blog/perfection
https://chamanlawfirm.com/permanent-residency-support-chaman-law-firm,Permanent Residency Support,UNIQUE_LEGAL_INFORMATION_PAGE,missing_not_imported,restore as static/service page or merge to closest practice/service page,/resources/blog/permanent-residency-support-chaman-law-firm
https://chamanlawfirm.com/placeholder-like,Placeholder Like,UNIQUE_LEGAL_INFORMATION_PAGE,low_value_retired_or_unknown,restore as static/service page or merge to closest practice/service page,/resources/blog/placeholder-like
https://chamanlawfirm.com/plugin,Plugin,UNIQUE_LEGAL_INFORMATION_PAGE,low_value_retired_or_unknown,restore as static/service page or merge to closest practice/service page,/resources/blog/plugin
https://chamanlawfirm.com/post,Post,UNIQUE_LEGAL_INFORMATION_PAGE,low_value_retired_or_unknown,restore as static/service page or merge to closest practice/service page,/resources/blog/post
https://chamanlawfirm.com/powerful-way-of-work-permits-chaman-law-firm,Work Permits,UNIQUE_LEGAL_INFORMATION_PAGE,missing_not_imported,restore as static/service page or merge to closest practice/service page,/resources/blog/powerful-way-of-work-permits-chaman-law-firm
https://chamanlawfirm.com/powerful-way-to-workplace-disputes,Workplace Disputes,UNIQUE_LEGAL_INFORMATION_PAGE,missing_not_imported,restore as static/service page or merge to closest practice/service page,/resources/blog/powerful-way-to-workplace-disputes
https://chamanlawfirm.com/powerful-ways-on-fraud-and-financial-crimes,Fraud and Financial Crimes,UNIQUE_LEGAL_INFORMATION_PAGE,missing_not_imported,restore as static/service page or merge to closest practice/service page,/resources/blog/powerful-ways-on-fraud-and-financial-crimes
https://chamanlawfirm.com/powerful-ways-on-human-rights-violations,Human Rights Violations,UNIQUE_LEGAL_INFORMATION_PAGE,missing_not_imported,restore as static/service page or merge to closest practice/service page,/resources/blog/powerful-ways-on-human-rights-violations
https://chamanlawfirm.com/powerful-ways-on-value-added-tax-issues,Value Added Tax Issues,UNIQUE_LEGAL_INFORMATION_PAGE,missing_not_imported,restore as static/service page or merge to closest practice/service page,/resources/blog/powerful-ways-on-value-added-tax-issues
https://chamanlawfirm.com/practice,Practice,UNIQUE_LEGAL_INFORMATION_PAGE,low_value_retired_or_unknown,restore as static/service page or merge to closest practice/service page,/resources/blog/practice
https://chamanlawfirm.com/practice-areas,Practice Areas,UNIQUE_LEGAL_INFORMATION_PAGE,live_same_url,restore as static/service page or merge to closest practice/service page,/resources/blog/practice-areas
https://chamanlawfirm.com/practice-areas/adr-mediation,Adr Mediation,UNIQUE_LEGAL_INFORMATION_PAGE,live_same_url,restore as static/service page or merge to closest practice/service page,/resources/blog/adr-mediation
https://chamanlawfirm.com/practice-areas/adr-mediation/arbitral-award-enforcement-advisory,Arbitral Award Enforcement Advisory,UNIQUE_LEGAL_INFORMATION_PAGE,live_same_url,restore as static/service page or merge to closest practice/service page,/resources/blog/arbitral-award-enforcement-advisory
https://chamanlawfirm.com/practice-areas/adr-mediation/mediator-selection-and-quality-advisory,Mediator Selection And Quality Advisory,UNIQUE_LEGAL_INFORMATION_PAGE,live_same_url,restore as static/service page or merge to closest practice/service page,/resources/blog/mediator-selection-and-quality-advisory
https://chamanlawfirm.com/practice-areas/corporate-commercial-law,Corporate Commercial Law,UNIQUE_LEGAL_INFORMATION_PAGE,live_same_url,restore as static/service page or merge to closest practice/service page,/resources/blog/corporate-commercial-law
https://chamanlawfirm.com/practice-areas/corporate-commercial-law/board-governance,Board Governance,UNIQUE_LEGAL_INFORMATION_PAGE,live_same_url,restore as static/service page or merge to closest practice/service page,/resources/blog/board-governance
https://chamanlawfirm.com/practice-areas/corporate-commercial-law/business-name-registration-advisory,Business Name Registration Advisory,UNIQUE_LEGAL_INFORMATION_PAGE,live_same_url,restore as static/service page or merge to closest practice/service page,/resources/blog/business-name-registration-advisory
https://chamanlawfirm.com/practice-areas/corporate-commercial-law/cac-compliance-and-company-records,Cac Compliance And Company Records,UNIQUE_LEGAL_INFORMATION_PAGE,live_same_url,restore as static/service page or merge to closest practice/service page,/resources/blog/cac-compliance-and-company-records
https://chamanlawfirm.com/practice-areas/corporate-commercial-law/company-startup-compliance-advisory,Company Startup Compliance Advisory,UNIQUE_LEGAL_INFORMATION_PAGE,live_same_url,restore as static/service page or merge to closest practice/service page,/resources/blog/company-startup-compliance-advisory
https://chamanlawfirm.com/practice-areas/corporate-commercial-law/corporate-governance-and-ethics-advisory,Corporate Governance And Ethics Advisory,UNIQUE_LEGAL_INFORMATION_PAGE,live_same_url,restore as static/service page or merge to closest practice/service page,/resources/blog/corporate-governance-and-ethics-advisory
https://chamanlawfirm.com/practice-areas/corporate-commercial-law/mergers-and-acquisitions-advisory,Mergers And Acquisitions Advisory,UNIQUE_LEGAL_INFORMATION_PAGE,live_same_url,restore as static/service page or merge to closest practice/service page,/resources/blog/mergers-and-acquisitions-advisory
https://chamanlawfirm.com/practice-areas/corporate-commercial-law/minor-contract-capacity,Minor Contract Capacity,UNIQUE_LEGAL_INFORMATION_PAGE,live_same_url,restore as static/service page or merge to closest practice/service page,/resources/blog/minor-contract-capacity
https://chamanlawfirm.com/practice-areas/corporate-commercial-law/regulatory-bodies-compliance,Regulatory Bodies Compliance,UNIQUE_LEGAL_INFORMATION_PAGE,live_same_url,restore as static/service page or merge to closest practice/service page,/resources/blog/regulatory-bodies-compliance
https://chamanlawfirm.com/practice-areas/corporate-commercial-law/securities-regulatory-compliance,Securities Regulatory Compliance,UNIQUE_LEGAL_INFORMATION_PAGE,live_same_url,restore as static/service page or merge to closest practice/service page,/resources/blog/securities-regulatory-compliance
https://chamanlawfirm.com/practice-areas/corporate-commercial-law/share-transfer,Share Transfer,UNIQUE_LEGAL_INFORMATION_PAGE,live_same_url,restore as static/service page or merge to closest practice/service page,/resources/blog/share-transfer
https://chamanlawfirm.com/practice-areas/corporate-commercial-law/shareholder-decision-making-advisory,Shareholder Decision Making Advisory,UNIQUE_LEGAL_INFORMATION_PAGE,live_same_url,restore as static/service page or merge to closest practice/service page,/resources/blog/shareholder-decision-making-advisory
https://chamanlawfirm.com/practice-areas/corporate-commercial-law/tax-clearance-certificate,Tax Clearance Certificate,UNIQUE_LEGAL_INFORMATION_PAGE,live_same_url,restore as static/service page or merge to closest practice/service page,/resources/blog/tax-clearance-certificate
https://chamanlawfirm.com/practice-areas/corporate-commercial-law/ultra-vires-corporate-powers,Ultra Vires Corporate Powers,UNIQUE_LEGAL_INFORMATION_PAGE,live_same_url,restore as static/service page or merge to closest practice/service page,/resources/blog/ultra-vires-corporate-powers
https://chamanlawfirm.com/practice-areas/debt-recovery,Debt Recovery,UNIQUE_LEGAL_INFORMATION_PAGE,live_same_url,restore as static/service page or merge to closest practice/service page,/resources/blog/debt-recovery
https://chamanlawfirm.com/practice-areas/debt-recovery/debt-collector-compliance-advisory,Debt Collector Compliance Advisory,UNIQUE_LEGAL_INFORMATION_PAGE,live_same_url,restore as static/service page or merge to closest practice/service page,/resources/blog/debt-collector-compliance-advisory
https://chamanlawfirm.com/practice-areas/debt-recovery/debt-demand-letter-advisory,Debt Demand Letter Advisory,UNIQUE_LEGAL_INFORMATION_PAGE,live_same_url,restore as static/service page or merge to closest practice/service page,/resources/blog/debt-demand-letter-advisory
https://chamanlawfirm.com/practice-areas/employment-law,Employment Law,UNIQUE_LEGAL_INFORMATION_PAGE,live_same_url,restore as static/service page or merge to closest practice/service page,/resources/blog/employment-law
https://chamanlawfirm.com/practice-areas/employment-law/employment-contract-review,Employment Contract Review,UNIQUE_LEGAL_INFORMATION_PAGE,live_same_url,restore as static/service page or merge to closest practice/service page,/resources/blog/employment-contract-review
https://chamanlawfirm.com/practice-areas/employment-law/trade-union-membership-disputes,Trade Union Membership Disputes,UNIQUE_LEGAL_INFORMATION_PAGE,live_same_url,restore as static/service page or merge to closest practice/service page,/resources/blog/trade-union-membership-disputes
https://chamanlawfirm.com/practice-areas/employment-law/trade-union-registration-advisory,Trade Union Registration Advisory,UNIQUE_LEGAL_INFORMATION_PAGE,live_same_url,restore as static/service page or merge to closest practice/service page,/resources/blog/trade-union-registration-advisory
https://chamanlawfirm.com/practice-areas/employment-law/workplace-compliance-advisory,Workplace Compliance Advisory,UNIQUE_LEGAL_INFORMATION_PAGE,live_same_url,restore as static/service page or merge to closest practice/service page,/resources/blog/workplace-compliance-advisory
https://chamanlawfirm.com/practice-areas/family-law,Family Law,UNIQUE_LEGAL_INFORMATION_PAGE,live_same_url,restore as static/service page or merge to closest practice/service page,/resources/blog/family-law
https://chamanlawfirm.com/practice-areas/family-law/child-maintenance-and-support-advisory,Child Maintenance And Support Advisory,UNIQUE_LEGAL_INFORMATION_PAGE,live_same_url,restore as static/service page or merge to closest practice/service page,/resources/blog/child-maintenance-and-support-advisory
https://chamanlawfirm.com/practice-areas/family-law/child-surname-change-advisory,Child Surname Change Advisory,UNIQUE_LEGAL_INFORMATION_PAGE,live_same_url,restore as static/service page or merge to closest practice/service page,/resources/blog/child-surname-change-advisory
https://chamanlawfirm.com/practice-areas/family-law/customary-marriage-advisory,Customary Marriage Advisory,UNIQUE_LEGAL_INFORMATION_PAGE,live_same_url,restore as static/service page or merge to closest practice/service page,/resources/blog/customary-marriage-advisory
https://chamanlawfirm.com/practice-areas/family-law/void-and-voidable-marriage-advisory,Void And Voidable Marriage Advisory,UNIQUE_LEGAL_INFORMATION_PAGE,live_same_url,restore as static/service page or merge to closest practice/service page,/resources/blog/void-and-voidable-marriage-advisory
https://chamanlawfirm.com/practice-areas/immigration-services,Immigration Services,UNIQUE_LEGAL_INFORMATION_PAGE,live_same_url,restore as static/service page or merge to closest practice/service page,/resources/blog/immigration-services
https://chamanlawfirm.com/practice-areas/immigration-services/certificate-of-good-conduct-advisory,Certificate Of Good Conduct Advisory,UNIQUE_LEGAL_INFORMATION_PAGE,live_same_url,restore as static/service page or merge to closest practice/service page,/resources/blog/certificate-of-good-conduct-advisory
https://chamanlawfirm.com/practice-areas/immigration-services/citizenship-application-advisory,Citizenship Application Advisory,UNIQUE_LEGAL_INFORMATION_PAGE,live_same_url,restore as static/service page or merge to closest practice/service page,/resources/blog/citizenship-application-advisory
https://chamanlawfirm.com/practice-areas/immigration-services/citizenship-by-marriage-advisory,Citizenship By Marriage Advisory,UNIQUE_LEGAL_INFORMATION_PAGE,live_same_url,restore as static/service page or merge to closest practice/service page,/resources/blog/citizenship-by-marriage-advisory
https://chamanlawfirm.com/practice-areas/litigation-dispute-resolution,Litigation Dispute Resolution,UNIQUE_LEGAL_INFORMATION_PAGE,live_same_url,restore as static/service page or merge to closest practice/service page,/resources/blog/litigation-dispute-resolution
https://chamanlawfirm.com/practice-areas/litigation-dispute-resolution/civil-lawsuit-pre-action-review,Civil Lawsuit Pre Action Review,UNIQUE_LEGAL_INFORMATION_PAGE,live_same_url,restore as static/service page or merge to closest practice/service page,/resources/blog/civil-lawsuit-pre-action-review
https://chamanlawfirm.com/practice-areas/litigation-dispute-resolution/court-system-and-judiciary-advisory,Court System And Judiciary Advisory,UNIQUE_LEGAL_INFORMATION_PAGE,live_same_url,restore as static/service page or merge to closest practice/service page,/resources/blog/court-system-and-judiciary-advisory
https://chamanlawfirm.com/practice-areas/litigation-dispute-resolution/digital-evidence,Digital Evidence,UNIQUE_LEGAL_INFORMATION_PAGE,live_same_url,restore as static/service page or merge to closest practice/service page,/resources/blog/digital-evidence
https://chamanlawfirm.com/practice-areas/litigation-dispute-resolution/expert-witnesses,Expert Witnesses,UNIQUE_LEGAL_INFORMATION_PAGE,live_same_url,restore as static/service page or merge to closest practice/service page,/resources/blog/expert-witnesses
https://chamanlawfirm.com/practice-areas/litigation-dispute-resolution/fundamental-rights-enforcement,Fundamental Rights Enforcement,UNIQUE_LEGAL_INFORMATION_PAGE,live_same_url,restore as static/service page or merge to closest practice/service page,/resources/blog/fundamental-rights-enforcement
https://chamanlawfirm.com/practice-areas/litigation-dispute-resolution/injunctions-and-interim-reliefs,Injunctions And Interim Reliefs,UNIQUE_LEGAL_INFORMATION_PAGE,live_same_url,restore as static/service page or merge to closest practice/service page,/resources/blog/injunctions-and-interim-reliefs
https://chamanlawfirm.com/practice-areas/litigation-dispute-resolution/interlocutory-applications-advisory,Interlocutory Applications Advisory,UNIQUE_LEGAL_INFORMATION_PAGE,live_same_url,restore as static/service page or merge to closest practice/service page,/resources/blog/interlocutory-applications-advisory
https://chamanlawfirm.com/practice-areas/litigation-dispute-resolution/limitation-periods-and-pre-action-advisory,Limitation Periods And Pre Action Advisory,UNIQUE_LEGAL_INFORMATION_PAGE,live_same_url,restore as static/service page or merge to closest practice/service page,/resources/blog/limitation-periods-and-pre-action-advisory
https://chamanlawfirm.com/practice-areas/litigation-dispute-resolution/police-complaint-and-rights-advisory,Police Complaint And Rights Advisory,UNIQUE_LEGAL_INFORMATION_PAGE,live_same_url,restore as static/service page or merge to closest practice/service page,/resources/blog/police-complaint-and-rights-advisory
https://chamanlawfirm.com/practice-areas/notary-public-services,Notary Public Services,UNIQUE_LEGAL_INFORMATION_PAGE,live_same_url,restore as static/service page or merge to closest practice/service page,/resources/blog/notary-public-services
https://chamanlawfirm.com/practice-areas/notary-public-services/apostille-and-document-legalization,Apostille And Document Legalization,UNIQUE_LEGAL_INFORMATION_PAGE,live_same_url,restore as static/service page or merge to closest practice/service page,/resources/blog/apostille-and-document-legalization
https://chamanlawfirm.com/practice-areas/notary-public-services/document-legalization-and-attestation,Document Legalization And Attestation,UNIQUE_LEGAL_INFORMATION_PAGE,live_same_url,restore as static/service page or merge to closest practice/service page,/resources/blog/document-legalization-and-attestation
https://chamanlawfirm.com/practice-areas/notary-public-services/legal-document-review,Legal Document Review,UNIQUE_LEGAL_INFORMATION_PAGE,live_same_url,restore as static/service page or merge to closest practice/service page,/resources/blog/legal-document-review
https://chamanlawfirm.com/practice-areas/notary-public-services/notary-public-eligibility-and-document-advisory,Notary Public Eligibility And Document Advisory,UNIQUE_LEGAL_INFORMATION_PAGE,live_same_url,restore as static/service page or merge to closest practice/service page,/resources/blog/notary-public-eligibility-and-document-advisory
https://chamanlawfirm.com/practice-areas/probate-estate-administration,Probate Estate Administration,UNIQUE_LEGAL_INFORMATION_PAGE,live_same_url,restore as static/service page or merge to closest practice/service page,/resources/blog/probate-estate-administration
https://chamanlawfirm.com/practice-areas/probate-estate-administration/inheritance-rights-stepchildren-advisory,Inheritance Rights Stepchildren Advisory,UNIQUE_LEGAL_INFORMATION_PAGE,live_same_url,restore as static/service page or merge to closest practice/service page,/resources/blog/inheritance-rights-stepchildren-advisory
https://chamanlawfirm.com/practice-areas/probate-estate-administration/letters-of-administration-ogun-state,Letters Of Administration Ogun State,UNIQUE_LEGAL_INFORMATION_PAGE,live_same_url,restore as static/service page or merge to closest practice/service page,/resources/blog/letters-of-administration-ogun-state
https://chamanlawfirm.com/practice-areas/probate-estate-administration/probate-in-lagos-everything-you-need-to-know,Probate In Lagos Everything You Need To Know,UNIQUE_LEGAL_INFORMATION_PAGE,live_same_url,restore as static/service page or merge to closest practice/service page,/resources/blog/probate-in-lagos-everything-you-need-to-know
https://chamanlawfirm.com/practice-areas/probate-estate-administration/testamentary-freedom-advisory,Testamentary Freedom Advisory,UNIQUE_LEGAL_INFORMATION_PAGE,live_same_url,restore as static/service page or merge to closest practice/service page,/resources/blog/testamentary-freedom-advisory
https://chamanlawfirm.com/practice-areas/property-real-estate-law,Property Real Estate Law,UNIQUE_LEGAL_INFORMATION_PAGE,live_same_url,restore as static/service page or merge to closest practice/service page,/resources/blog/property-real-estate-law
https://chamanlawfirm.com/practice-areas/property-real-estate-law/building-completion-certificate-lagos,Building Completion Certificate Lagos,UNIQUE_LEGAL_INFORMATION_PAGE,live_same_url,restore as static/service page or merge to closest practice/service page,/resources/blog/building-completion-certificate-lagos
https://chamanlawfirm.com/practice-areas/property-real-estate-law/certificate-of-occupancy,Certificate Of Occupancy,UNIQUE_LEGAL_INFORMATION_PAGE,low_value_retired_or_unknown,restore as static/service page or merge to closest practice/service page,/resources/blog/certificate-of-occupancy
https://chamanlawfirm.com/practice-areas/property-real-estate-law/fencing-approval-lagos,Fencing Approval Lagos,UNIQUE_LEGAL_INFORMATION_PAGE,live_same_url,restore as static/service page or merge to closest practice/service page,/resources/blog/fencing-approval-lagos
https://chamanlawfirm.com/practice-areas/property-real-estate-law/government-acquisition-ogun-state-advisory,Government Acquisition Ogun State Advisory,UNIQUE_LEGAL_INFORMATION_PAGE,live_same_url,restore as static/service page or merge to closest practice/service page,/resources/blog/government-acquisition-ogun-state-advisory
https://chamanlawfirm.com/practice-areas/property-real-estate-law/governors-consent,Governors Consent,UNIQUE_LEGAL_INFORMATION_PAGE,live_same_url,restore as static/service page or merge to closest practice/service page,/resources/blog/governors-consent
https://chamanlawfirm.com/practice-areas/property-real-estate-law/lagos-physical-planning-compliance,Lagos Physical Planning Compliance,UNIQUE_LEGAL_INFORMATION_PAGE,live_same_url,restore as static/service page or merge to closest practice/service page,/resources/blog/lagos-physical-planning-compliance
https://chamanlawfirm.com/practice-areas/property-real-estate-law/land-purchase-due-diligence,Land Purchase Due Diligence,UNIQUE_LEGAL_INFORMATION_PAGE,live_same_url,restore as static/service page or merge to closest practice/service page,/resources/blog/land-purchase-due-diligence
https://chamanlawfirm.com/practice-areas/property-real-estate-law/land-registration,Land Registration,UNIQUE_LEGAL_INFORMATION_PAGE,live_same_url,restore as static/service page or merge to closest practice/service page,/resources/blog/land-registration
https://chamanlawfirm.com/practice-areas/property-real-estate-law/land-title-document-check,Land Title Document Check,UNIQUE_LEGAL_INFORMATION_PAGE,live_same_url,restore as static/service page or merge to closest practice/service page,/resources/blog/land-title-document-check
https://chamanlawfirm.com/practice-areas/property-real-estate-law/land-use-act-advisory,Land Use Act Advisory,UNIQUE_LEGAL_INFORMATION_PAGE,live_same_url,restore as static/service page or merge to closest practice/service page,/resources/blog/land-use-act-advisory
https://chamanlawfirm.com/practice-areas/property-real-estate-law/land-use-charge,Land Use Charge,UNIQUE_LEGAL_INFORMATION_PAGE,live_same_url,restore as static/service page or merge to closest practice/service page,/resources/blog/land-use-charge
https://chamanlawfirm.com/practice-areas/property-real-estate-law/landlords-and-tenants-in-nigeria,Landlords And Tenants In Nigeria,UNIQUE_LEGAL_INFORMATION_PAGE,live_same_url,restore as static/service page or merge to closest practice/service page,/resources/blog/landlords-and-tenants-in-nigeria
https://chamanlawfirm.com/practice-areas/property-real-estate-law/legal-implications-of-joint-property,Legal Implications Of Joint Property,UNIQUE_LEGAL_INFORMATION_PAGE,live_same_url,restore as static/service page or merge to closest practice/service page,/resources/blog/legal-implications-of-joint-property
https://chamanlawfirm.com/practice-areas/property-real-estate-law/legal-restrictions-to-sale-of-land,Legal Restrictions To Sale Of Land,UNIQUE_LEGAL_INFORMATION_PAGE,live_same_url,restore as static/service page or merge to closest practice/service page,/resources/blog/legal-restrictions-to-sale-of-land
https://chamanlawfirm.com/practice-areas/property-real-estate-law/mortgage-document-review,Mortgage Document Review,UNIQUE_LEGAL_INFORMATION_PAGE,live_same_url,restore as static/service page or merge to closest practice/service page,/resources/blog/mortgage-document-review
https://chamanlawfirm.com/practice-areas/property-real-estate-law/property-dispute-and-squatter-advisory,Property Dispute And Squatter Advisory,UNIQUE_LEGAL_INFORMATION_PAGE,live_same_url,restore as static/service page or merge to closest practice/service page,/resources/blog/property-dispute-and-squatter-advisory
https://chamanlawfirm.com/practice-areas/property-real-estate-law/property-due-diligence,Property Due Diligence,UNIQUE_LEGAL_INFORMATION_PAGE,live_same_url,restore as static/service page or merge to closest practice/service page,/resources/blog/property-due-diligence
https://chamanlawfirm.com/practice-areas/property-real-estate-law/property-owner-rights,Property Owner Rights,UNIQUE_LEGAL_INFORMATION_PAGE,live_same_url,restore as static/service page or merge to closest practice/service page,/resources/blog/property-owner-rights
https://chamanlawfirm.com/practice-areas/property-real-estate-law/property-verification,Property Verification,UNIQUE_LEGAL_INFORMATION_PAGE,live_same_url,restore as static/service page or merge to closest practice/service page,/resources/blog/property-verification
https://chamanlawfirm.com/practice-areas/property-real-estate-law/quit-notice-advisory,Quit Notice Advisory,UNIQUE_LEGAL_INFORMATION_PAGE,live_same_url,restore as static/service page or merge to closest practice/service page,/resources/blog/quit-notice-advisory
https://chamanlawfirm.com/practice-areas/property-real-estate-law/selling-a-family-land-without-everyones-consent,Selling A Family Land Without Everyones Consent,UNIQUE_LEGAL_INFORMATION_PAGE,live_same_url,restore as static/service page or merge to closest practice/service page,/resources/blog/selling-a-family-land-without-everyones-consent
https://chamanlawfirm.com/practice-areas/property-real-estate-law/tenancy-agreement-review,Tenancy Agreement Review,UNIQUE_LEGAL_INFORMATION_PAGE,live_same_url,restore as static/service page or merge to closest practice/service page,/resources/blog/tenancy-agreement-review
https://chamanlawfirm.com/preserved,Preserved,UNIQUE_LEGAL_INFORMATION_PAGE,low_value_retired_or_unknown,restore as static/service page or merge to closest practice/service page,/resources/blog/preserved
https://chamanlawfirm.com/private-client,Private Client,UNIQUE_LEGAL_INFORMATION_PAGE,low_value_retired_or_unknown,restore as static/service page or merge to closest practice/service page,/resources/blog/private-client
https://chamanlawfirm.com/probate,Probate,UNIQUE_LEGAL_INFORMATION_PAGE,low_value_retired_or_unknown,restore as static/service page or merge to closest practice/service page,/resources/blog/probate
https://chamanlawfirm.com/procedural,Procedural,UNIQUE_LEGAL_INFORMATION_PAGE,low_value_retired_or_unknown,restore as static/service page or merge to closest practice/service page,/resources/blog/procedural
https://chamanlawfirm.com/procedure,Procedure,UNIQUE_LEGAL_INFORMATION_PAGE,low_value_retired_or_unknown,restore as static/service page or merge to closest practice/service page,/resources/blog/procedure
https://chamanlawfirm.com/process,Process,UNIQUE_LEGAL_INFORMATION_PAGE,low_value_retired_or_unknown,restore as static/service page or merge to closest practice/service page,/resources/blog/process
https://chamanlawfirm.com/properties,Properties,UNIQUE_LEGAL_INFORMATION_PAGE,merged_redirected_to_live_page,restore as static/service page or merge to closest practice/service page,/practice-areas/property-real-estate-law
https://chamanlawfirm.com/property,Property,UNIQUE_LEGAL_INFORMATION_PAGE,low_value_retired_or_unknown,restore as static/service page or merge to closest practice/service page,/resources/blog/property
https://chamanlawfirm.com/property-law,Property Law,UNIQUE_LEGAL_INFORMATION_PAGE,low_value_retired_or_unknown,restore as static/service page or merge to closest practice/service page,/resources/blog/property-law
https://chamanlawfirm.com/property-lawyer-lagos,Property Lawyer Lagos,LAWYER_PROFILE,merged_redirected_to_live_page,merge/redirect/retire based on exact intent,/practice-areas/property-real-estate-law
https://chamanlawfirm.com/property-sales,Property Sales,UNIQUE_LEGAL_INFORMATION_PAGE,low_value_retired_or_unknown,restore as static/service page or merge to closest practice/service page,/resources/blog/property-sales
https://chamanlawfirm.com/property-title,Property Title,UNIQUE_LEGAL_INFORMATION_PAGE,low_value_retired_or_unknown,restore as static/service page or merge to closest practice/service page,/resources/blog/property-title
https://chamanlawfirm.com/public,Public,UNIQUE_LEGAL_INFORMATION_PAGE,low_value_retired_or_unknown,restore as static/service page or merge to closest practice/service page,/resources/blog/public
https://chamanlawfirm.com/public-rights,Public Rights,UNIQUE_LEGAL_INFORMATION_PAGE,low_value_retired_or_unknown,restore as static/service page or merge to closest practice/service page,/resources/blog/public-rights
https://chamanlawfirm.com/public-safe,Public Safe,UNIQUE_LEGAL_INFORMATION_PAGE,low_value_retired_or_unknown,restore as static/service page or merge to closest practice/service page,/resources/blog/public-safe
https://chamanlawfirm.com/publication,Publication,UNIQUE_LEGAL_INFORMATION_PAGE,low_value_retired_or_unknown,restore as static/service page or merge to closest practice/service page,/resources/blog/publication
https://chamanlawfirm.com/rankmath/body,Body,UNIQUE_LEGAL_INFORMATION_PAGE,low_value_retired_or_unknown,restore as static/service page or merge to closest practice/service page,/resources/blog/body
https://chamanlawfirm.com/recovery,Recovery,UNIQUE_LEGAL_INFORMATION_PAGE,low_value_retired_or_unknown,restore as static/service page or merge to closest practice/service page,/resources/blog/recovery
https://chamanlawfirm.com/redirect,Redirect,UNIQUE_LEGAL_INFORMATION_PAGE,low_value_retired_or_unknown,restore as static/service page or merge to closest practice/service page,/resources/blog/redirect
https://chamanlawfirm.com/redirect-target,Redirect Target,UNIQUE_LEGAL_INFORMATION_PAGE,low_value_retired_or_unknown,restore as static/service page or merge to closest practice/service page,/resources/blog/redirect-target
https://chamanlawfirm.com/refreshed,Refreshed,UNIQUE_LEGAL_INFORMATION_PAGE,low_value_retired_or_unknown,restore as static/service page or merge to closest practice/service page,/resources/blog/refreshed
https://chamanlawfirm.com/regulatory-compliance-nigeria,Regulatory Compliance Nigeria,UNIQUE_LEGAL_INFORMATION_PAGE,merged_redirected_to_live_page,restore as static/service page or merge to closest practice/service page,/practice-areas/corporate-commercial-law/regulatory-bodies-compliance
https://chamanlawfirm.com/remedies,Remedies,UNIQUE_LEGAL_INFORMATION_PAGE,low_value_retired_or_unknown,restore as static/service page or merge to closest practice/service page,/resources/blog/remedies
https://chamanlawfirm.com/rent,Rent,UNIQUE_LEGAL_INFORMATION_PAGE,low_value_retired_or_unknown,restore as static/service page or merge to closest practice/service page,/resources/blog/rent
https://chamanlawfirm.com/rent-increase,Rent Increase,UNIQUE_LEGAL_INFORMATION_PAGE,low_value_retired_or_unknown,restore as static/service page or merge to closest practice/service page,/resources/blog/rent-increase
https://chamanlawfirm.com/requirements,Requirements,UNIQUE_LEGAL_INFORMATION_PAGE,low_value_retired_or_unknown,restore as static/service page or merge to closest practice/service page,/resources/blog/requirements
https://chamanlawfirm.com/resource,Resource,UNIQUE_LEGAL_INFORMATION_PAGE,low_value_retired_or_unknown,restore as static/service page or merge to closest practice/service page,/resources/blog/resource
https://chamanlawfirm.com/resovtax-disputes-chaman-law-firm,Tax Disputes,UNIQUE_LEGAL_INFORMATION_PAGE,missing_not_imported,restore as static/service page or merge to closest practice/service page,/resources/blog/resovtax-disputes-chaman-law-firm
https://chamanlawfirm.com/reused,Reused,UNIQUE_LEGAL_INFORMATION_PAGE,low_value_retired_or_unknown,restore as static/service page or merge to closest practice/service page,/resources/blog/reused
https://chamanlawfirm.com/revalidation,Revalidation,UNIQUE_LEGAL_INFORMATION_PAGE,low_value_retired_or_unknown,restore as static/service page or merge to closest practice/service page,/resources/blog/revalidation
https://chamanlawfirm.com/review,Review,UNIQUE_LEGAL_INFORMATION_PAGE,low_value_retired_or_unknown,restore as static/service page or merge to closest practice/service page,/resources/blog/review
https://chamanlawfirm.com/rewrite,Rewrite,UNIQUE_LEGAL_INFORMATION_PAGE,low_value_retired_or_unknown,restore as static/service page or merge to closest practice/service page,/resources/blog/rewrite
https://chamanlawfirm.com/scripts/styles,Styles,UNIQUE_LEGAL_INFORMATION_PAGE,low_value_retired_or_unknown,restore as static/service page or merge to closest practice/service page,/resources/blog/styles
https://chamanlawfirm.com/self-help,Self Help,UNIQUE_LEGAL_INFORMATION_PAGE,low_value_retired_or_unknown,restore as static/service page or merge to closest practice/service page,/resources/blog/self-help
https://chamanlawfirm.com/service,Service,UNIQUE_LEGAL_INFORMATION_PAGE,low_value_retired_or_unknown,restore as static/service page or merge to closest practice/service page,/resources/blog/service
https://chamanlawfirm.com/service-intent,Service Intent,UNIQUE_LEGAL_INFORMATION_PAGE,low_value_retired_or_unknown,restore as static/service page or merge to closest practice/service page,/resources/blog/service-intent
https://chamanlawfirm.com/services,Services,UNIQUE_LEGAL_INFORMATION_PAGE,merged_redirected_to_live_page,restore as static/service page or merge to closest practice/service page,/practice-areas
https://chamanlawfirm.com/she,She,UNIQUE_LEGAL_INFORMATION_PAGE,low_value_retired_or_unknown,restore as static/service page or merge to closest practice/service page,/resources/blog/she
https://chamanlawfirm.com/sitemap,Sitemap,UNIQUE_LEGAL_INFORMATION_PAGE,low_value_retired_or_unknown,restore as static/service page or merge to closest practice/service page,/resources/blog/sitemap
https://chamanlawfirm.com/source,Source,UNIQUE_LEGAL_INFORMATION_PAGE,low_value_retired_or_unknown,restore as static/service page or merge to closest practice/service page,/resources/blog/source
https://chamanlawfirm.com/spam/luxury,Luxury,UNIQUE_LEGAL_INFORMATION_PAGE,low_value_retired_or_unknown,restore as static/service page or merge to closest practice/service page,/resources/blog/luxury
https://chamanlawfirm.com/stamp-duty,Stamp Duty,UNIQUE_LEGAL_INFORMATION_PAGE,low_value_retired_or_unknown,restore as static/service page or merge to closest practice/service page,/resources/blog/stamp-duty
https://chamanlawfirm.com/stamp-duty/probate,Probate,UNIQUE_LEGAL_INFORMATION_PAGE,low_value_retired_or_unknown,restore as static/service page or merge to closest practice/service page,/resources/blog/probate
https://chamanlawfirm.com/static,Static,UNIQUE_LEGAL_INFORMATION_PAGE,low_value_retired_or_unknown,restore as static/service page or merge to closest practice/service page,/resources/blog/static
https://chamanlawfirm.com/static/service,Service,UNIQUE_LEGAL_INFORMATION_PAGE,low_value_retired_or_unknown,restore as static/service page or merge to closest practice/service page,/resources/blog/service
https://chamanlawfirm.com/subletting,Subletting,UNIQUE_LEGAL_INFORMATION_PAGE,low_value_retired_or_unknown,restore as static/service page or merge to closest practice/service page,/resources/blog/subletting
https://chamanlawfirm.com/system,System,UNIQUE_LEGAL_INFORMATION_PAGE,low_value_retired_or_unknown,restore as static/service page or merge to closest practice/service page,/resources/blog/system
https://chamanlawfirm.com/tax,Tax,UNIQUE_LEGAL_INFORMATION_PAGE,low_value_retired_or_unknown,restore as static/service page or merge to closest practice/service page,/resources/blog/tax
https://chamanlawfirm.com/tax-planning-and-compliance-chaman-law-firm,Tax Planning and Compliance,UNIQUE_LEGAL_INFORMATION_PAGE,missing_not_imported,restore as static/service page or merge to closest practice/service page,/resources/blog/tax-planning-and-compliance-chaman-law-firm
https://chamanlawfirm.com/tenancy-agreement-lawyer-in-lagos,Tenancy Agreement Lawyer In Lagos,LAWYER_PROFILE,merged_redirected_to_live_page,merge/redirect/retire based on exact intent,/practice-areas/property-real-estate-law/tenancy-agreement-review
https://chamanlawfirm.com/tenant,Tenant,UNIQUE_LEGAL_INFORMATION_PAGE,low_value_retired_or_unknown,restore as static/service page or merge to closest practice/service page,/resources/blog/tenant
https://chamanlawfirm.com/termination-of-employment-chaman-law-firm,Termination of Employment,UNIQUE_LEGAL_INFORMATION_PAGE,missing_not_imported,restore as static/service page or merge to closest practice/service page,/resources/blog/termination-of-employment-chaman-law-firm
https://chamanlawfirm.com/thin-content,Thin Content,UNIQUE_LEGAL_INFORMATION_PAGE,low_value_retired_or_unknown,restore as static/service page or merge to closest practice/service page,/resources/blog/thin-content
https://chamanlawfirm.com/title,Title,UNIQUE_LEGAL_INFORMATION_PAGE,low_value_retired_or_unknown,restore as static/service page or merge to closest practice/service page,/resources/blog/title
https://chamanlawfirm.com/topic,Topic,UNIQUE_LEGAL_INFORMATION_PAGE,low_value_retired_or_unknown,restore as static/service page or merge to closest practice/service page,/resources/blog/topic
https://chamanlawfirm.com/unapproved,Unapproved,UNIQUE_LEGAL_INFORMATION_PAGE,low_value_retired_or_unknown,restore as static/service page or merge to closest practice/service page,/resources/blog/unapproved
https://chamanlawfirm.com/verification,Verification,UNIQUE_LEGAL_INFORMATION_PAGE,low_value_retired_or_unknown,restore as static/service page or merge to closest practice/service page,/resources/blog/verification
https://chamanlawfirm.com/version,Version,UNIQUE_LEGAL_INFORMATION_PAGE,low_value_retired_or_unknown,restore as static/service page or merge to closest practice/service page,/resources/blog/version
https://chamanlawfirm.com/visa-applications-legal-service-chaman-law-firm,Visa Applications,UNIQUE_LEGAL_INFORMATION_PAGE,missing_not_imported,restore as static/service page or merge to closest practice/service page,/resources/blog/visa-applications-legal-service-chaman-law-firm
https://chamanlawfirm.com/www.chamanlawfirm.com,Www.chamanlawfirm.com,UNIQUE_LEGAL_INFORMATION_PAGE,low_value_retired_or_unknown,restore as static/service page or merge to closest practice/service page,/resources/blog/www.chamanlawfirm.com
https://chamanlawfirm.com/www.chamanlawfirm.com/blog/accountability-in-corporate-governance-in-nigeria,Accountability In Corporate Governance In Nigeria,UNIQUE_LEGAL_INFORMATION_PAGE,hidden_source_imported,restore as static/service page or merge to closest practice/service page,/resources/blog/accountability-in-corporate-governance-in-nigeria
https://chamanlawfirm.com/www.chamanlawfirm.com/blog/business-name-vs-company-limited-by-shares-in-nigeria,Business Name Vs Company Limited By Shares In Nigeria,UNIQUE_LEGAL_INFORMATION_PAGE,low_value_retired_or_unknown,restore as static/service page or merge to closest practice/service page,/resources/blog/business-name-vs-company-limited-by-shares-in-nigeria
https://chamanlawfirm.com/www.chamanlawfirm.com/blog/debt-recovery-and-consumer-protection-laws-in-nigeria,Debt Recovery And Consumer Protection Laws In Nigeria,UNIQUE_LEGAL_INFORMATION_PAGE,low_value_retired_or_unknown,restore as static/service page or merge to closest practice/service page,/resources/blog/debt-recovery-and-consumer-protection-laws-in-nigeria
https://chamanlawfirm.com/www.chamanlawfirm.com/blog/how-do-i-legally-evict-a-tenant-in-ogun-state,How Do I Legally Evict A Tenant In Ogun State,UNIQUE_LEGAL_INFORMATION_PAGE,hidden_source_imported,restore as static/service page or merge to closest practice/service page,/resources/blog/how-do-i-legally-evict-a-tenant-in-ogun-state
https://chamanlawfirm.com/www.chamanlawfirm.com/blog/how-to-verify-a-property-title-in-lagos,How To Verify A Property Title In Lagos,UNIQUE_LEGAL_INFORMATION_PAGE,hidden_source_imported,restore as static/service page or merge to closest practice/service page,/resources/blog/how-to-verify-a-property-title-in-lagos
https://chamanlawfirm.com/www.chamanlawfirm.com/blog/legal-aspects-of-employment-contracts-in-nigeria,Legal Aspects Of Employment Contracts In Nigeria,UNIQUE_LEGAL_INFORMATION_PAGE,low_value_retired_or_unknown,restore as static/service page or merge to closest practice/service page,/resources/blog/legal-aspects-of-employment-contracts-in-nigeria
https://chamanlawfirm.com/www.chamanlawfirm.com/blog/legally-terminate-shipping-contract-in-nigeria,Legally Terminate Shipping Contract In Nigeria,UNIQUE_LEGAL_INFORMATION_PAGE,hidden_source_imported,restore as static/service page or merge to closest practice/service page,/resources/blog/legally-terminate-shipping-contract-in-nigeria
https://chamanlawfirm.com/www.chamanlawfirm.com/blog/obtaining-a-certificate-of-occupancy-in-ogun-state,Obtaining A Certificate Of Occupancy In Ogun State,UNIQUE_LEGAL_INFORMATION_PAGE,hidden_source_imported,restore as static/service page or merge to closest practice/service page,/resources/blog/obtaining-a-certificate-of-occupancy-in-ogun-state
https://chamanlawfirm.com/www.chamanlawfirm.com/blog/probate-vs-letters-of-administration-in-nigeria,Probate Vs Letters Of Administration In Nigeria,UNIQUE_LEGAL_INFORMATION_PAGE,hidden_source_imported,restore as static/service page or merge to closest practice/service page,/resources/blog/probate-vs-letters-of-administration-in-nigeria
https://chamanlawfirm.com/www.chamanlawfirm.com/blog/stamping-and-up-stamping-of-a-mortgage-document,Stamping And Up Stamping Of A Mortgage Document,UNIQUE_LEGAL_INFORMATION_PAGE,hidden_source_imported,restore as static/service page or merge to closest practice/service page,/resources/blog/stamping-and-up-stamping-of-a-mortgage-document
https://chamanlawfirm.com/www.chamanlawfirm.com/blog/valid-employment-contract-in-nigeria,Valid Employment Contract In Nigeria,UNIQUE_LEGAL_INFORMATION_PAGE,low_value_retired_or_unknown,restore as static/service page or merge to closest practice/service page,/resources/blog/valid-employment-contract-in-nigeria
https://chamanlawfirm.com/www.chamanlawfirm.com/blog/void-and-voidable-marriages-in-nigeria,Void And Voidable Marriages In Nigeria,UNIQUE_LEGAL_INFORMATION_PAGE,hidden_source_imported,restore as static/service page or merge to closest practice/service page,/resources/blog/void-and-voidable-marriages-in-nigeria
https://chamanlawfirm.com/www.chamanlawfirm.com/how-to-terminate-a-tenancy-relationship-in,How To Terminate A Tenancy Relationship In,UNIQUE_LEGAL_INFORMATION_PAGE,hidden_source_imported,restore as static/service page or merge to closest practice/service page,/resources/blog/how-to-terminate-a-tenancy-relationship-in
https://chamanlawfirm.com/www.chamanlawfirm.com/role-of-the-judiciary-in-nigerian-democracy,Role Of The Judiciary In Nigerian Democracy,UNIQUE_LEGAL_INFORMATION_PAGE,low_value_retired_or_unknown,restore as static/service page or merge to closest practice/service page,/resources/blog/role-of-the-judiciary-in-nigerian-democracy
https://chamanlawfirm.com/www.chamanlawfirm.com/statute-of-limitations-on-debt-in-nigeria-2,Statute Of Limitations On Debt In Nigeria 2,UNIQUE_LEGAL_INFORMATION_PAGE,low_value_retired_or_unknown,restore as static/service page or merge to closest practice/service page,/resources/blog/statute-of-limitations-on-debt-in-nigeria-2
https://chamanlawfirm.com/www.chamanlawfirm.com/the-different-types-of-marriage-in-nigeria,The Different Types Of Marriage In Nigeria,UNIQUE_LEGAL_INFORMATION_PAGE,low_value_retired_or_unknown,restore as static/service page or merge to closest practice/service page,/resources/blog/the-different-types-of-marriage-in-nigeria
https://chamanlawfirm.com/www.chamanlawfirm.com/types-of-tenant-in-nigeria,Types Of Tenant In Nigeria,UNIQUE_LEGAL_INFORMATION_PAGE,public_blog_needs_or_has_redirect,restore as static/service page or merge to closest practice/service page,/resources/blog/types-of-tenant-in-nigeria
https://chamanlawfirm.com/www.chamanlawfirm.com/wp-content/uploads/2024/09/download-35-2.jpeg,Download 35 2.jpeg,UNIQUE_LEGAL_INFORMATION_PAGE,low_value_retired_or_unknown,restore as static/service page or merge to closest practice/service page,/resources/blog/download-35-2.jpeg
https://chamanlawfirm.com/www.chamanlawfirm.com/wp-content/uploads/2024/10/conpro1-00000002.png,Conpro1 00000002.png,UNIQUE_LEGAL_INFORMATION_PAGE,low_value_retired_or_unknown,restore as static/service page or merge to closest practice/service page,/resources/blog/conpro1-00000002.png
https://chamanlawfirm.com/www.chamanlawfirm.com/wp-content/uploads/2024/10/how-to-deal-with-bad-landlord-1170x694.jpg,How To Deal With Bad Landlord 1170x694.jpg,UNIQUE_LEGAL_INFORMATION_PAGE,low_value_retired_or_unknown,restore as static/service page or merge to closest practice/service page,/resources/blog/how-to-deal-with-bad-landlord-1170x694.jpg
https://chamanlawfirm.com/www.chamanlawfirm.com/wp-content/uploads/2024/10/images-68.jpeg,Images 68.jpeg,UNIQUE_LEGAL_INFORMATION_PAGE,low_value_retired_or_unknown,restore as static/service page or merge to closest practice/service page,/resources/blog/images-68.jpeg
https://chamanlawfirm.com/www.chamanlawfirm.com/wp-content/uploads/2024/10/what-should-you-do-if-your-restraining-order-is-infringed-2-1.jpg,What Should You Do If Your Restraining Order Is Infringed 2 1.jpg,UNIQUE_LEGAL_INFORMATION_PAGE,low_value_retired_or_unknown,restore as static/service page or merge to closest practice/service page,/resources/blog/what-should-you-do-if-your-restraining-order-is-infringed-2-1.jpg
https://chamanlawfirm.com/www.chamanlawfirm.com/wp-content/uploads/2024/12/images-2024-12-10t125204.493.jpeg,Images 2024 12 10t125204.493.jpeg,UNIQUE_LEGAL_INFORMATION_PAGE,low_value_retired_or_unknown,restore as static/service page or merge to closest practice/service page,/resources/blog/images-2024-12-10t125204.493.jpeg
https://chamanlawfirm.com/www.chamanproperties.com/blog/best-locations-for-luxury-property-investment-in-nigeria,Best Locations For Luxury Property Investment In Nigeria,UNIQUE_LEGAL_INFORMATION_PAGE,low_value_retired_or_unknown,restore as static/service page or merge to closest practice/service page,/resources/blog/best-locations-for-luxury-property-investment-in-nigeria
https://chamanlawfirm.com/www.chamanproperties.com/blog/future-of-luxury-real-estate-in-nigeria,Future Of Luxury Real Estate In Nigeria,UNIQUE_LEGAL_INFORMATION_PAGE,low_value_retired_or_unknown,restore as static/service page or merge to closest practice/service page,/resources/blog/future-of-luxury-real-estate-in-nigeria
https://chamanlawfirm.com/www.chamanproperties.com/blog/how-to-buy-luxury-property-in-nigeria-without-costly-mistakes,How To Buy Luxury Property In Nigeria Without Costly Mistakes,UNIQUE_LEGAL_INFORMATION_PAGE,hidden_source_imported,restore as static/service page or merge to closest practice/service page,/resources/blog/how-to-buy-luxury-property-in-nigeria-without-costly-mistakes
https://chamanlawfirm.com/www.chamanproperties.com/blog/how-wealthy-investors-build-generational-wealth-through-real-estate,How Wealthy Investors Build Generational Wealth Through Real Estate,UNIQUE_LEGAL_INFORMATION_PAGE,hidden_source_imported,restore as static/service page or merge to closest practice/service page,/resources/blog/how-wealthy-investors-build-generational-wealth-through-real-estate
https://chamanlawfirm.com/www.chamanproperties.com/blog/luxury-apartments-vs-luxury-detached-homes,Luxury Apartments Vs Luxury Detached Homes,UNIQUE_LEGAL_INFORMATION_PAGE,low_value_retired_or_unknown,restore as static/service page or merge to closest practice/service page,/resources/blog/luxury-apartments-vs-luxury-detached-homes
https://chamanlawfirm.com/www.chamanproperties.com/blog/luxury-property-investment-strategies-for-business-executives,Luxury Property Investment Strategies For Business Executives,UNIQUE_LEGAL_INFORMATION_PAGE,hidden_source_imported,restore as static/service page or merge to closest practice/service page,/resources/blog/luxury-property-investment-strategies-for-business-executives
https://chamanlawfirm.com/www.chamanproperties.com/blog/luxury-waterfront-properties-in-lagos-benefits-and-risks,Luxury Waterfront Properties In Lagos Benefits And Risks,UNIQUE_LEGAL_INFORMATION_PAGE,hidden_source_imported,restore as static/service page or merge to closest practice/service page,/resources/blog/luxury-waterfront-properties-in-lagos-benefits-and-risks
https://chamanlawfirm.com/www.chamanproperties.com/blog/most-expensive-neighborhoods-in-lagos-and-why-they-matter,Most Expensive Neighborhoods In Lagos And Why They Matter,UNIQUE_LEGAL_INFORMATION_PAGE,low_value_retired_or_unknown,restore as static/service page or merge to closest practice/service page,/resources/blog/most-expensive-neighborhoods-in-lagos-and-why-they-matter
https://chamanlawfirm.com/www.chamanproperties.com/blog/smart-home-technology-and-luxury-real-estate-trends,Smart Home Technology And Luxury Real Estate Trends,UNIQUE_LEGAL_INFORMATION_PAGE,hidden_source_imported,restore as static/service page or merge to closest practice/service page,/resources/blog/smart-home-technology-and-luxury-real-estate-trends
https://chamanlawfirm.com/www.chamanproperties.com/blog/the-rise-of-luxury-real-estate-in-lagos,The Rise Of Luxury Real Estate In Lagos,UNIQUE_LEGAL_INFORMATION_PAGE,hidden_source_imported,restore as static/service page or merge to closest practice/service page,/resources/blog/the-rise-of-luxury-real-estate-in-lagos
https://chamanlawfirm.com/www.chamanproperties.com/blog/top-luxury-estates-in-lagos-for-high-net-worth-investors,Top Luxury Estates In Lagos For High Net Worth Investors,UNIQUE_LEGAL_INFORMATION_PAGE,low_value_retired_or_unknown,restore as static/service page or merge to closest practice/service page,/resources/blog/top-luxury-estates-in-lagos-for-high-net-worth-investors
https://chamanlawfirm.com/www.chamanproperties.com/blog/ultimate-guide-luxury-real-estate-investment-nigeria,Ultimate Guide Luxury Real Estate Investment Nigeria,UNIQUE_LEGAL_INFORMATION_PAGE,low_value_retired_or_unknown,restore as static/service page or merge to closest practice/service page,/resources/blog/ultimate-guide-luxury-real-estate-investment-nigeria
https://chamanlawfirm.com/www.chamanproperties.com/blog/what-makes-a-property-truly-luxury-nigeria,What Makes A Property Truly Luxury Nigeria,UNIQUE_LEGAL_INFORMATION_PAGE,low_value_retired_or_unknown,restore as static/service page or merge to closest practice/service page,/resources/blog/what-makes-a-property-truly-luxury-nigeria
https://chamanlawfirm.com/www.chamanproperties.com/blog/why-luxury-real-estate-outperforms-inflation-in-nigeria,Why Luxury Real Estate Outperforms Inflation In Nigeria,UNIQUE_LEGAL_INFORMATION_PAGE,hidden_source_imported,restore as static/service page or merge to closest practice/service page,/resources/blog/why-luxury-real-estate-outperforms-inflation-in-nigeria
https://chamanlawfirm.com/www.chamanproperties.com/blog/why-luxury-real-estate-remains-one-of-the-safest-investments-in-nigeria,Why Luxury Real Estate Remains One Of The Safest Investments In Nigeria,UNIQUE_LEGAL_INFORMATION_PAGE,hidden_source_imported,restore as static/service page or merge to closest practice/service page,/resources/blog/why-luxury-real-estate-remains-one-of-the-safest-investments-in-nigeria
