legacy_url,legacy_title,closure_outcome,final_url,redirect_status,sitemap_status,reason
https://chamanlawfirm.com/0btain-guide-on-how-to-obtain-tax,0btain Guide On How To Obtain Tax,LIVE_BLOG_CANONICAL,https://chamanlawfirm.com/resources/blog/0btain-guide-on-how-to-obtain-tax,canonical route,sitemap eligible,Sanity has approved public blog slug and canonical blog route
https://chamanlawfirm.com/10-proven-insights-into-tenancy-law-in-lago,10 Proven Insights Into Tenancy Law In Lago,LIVE_BLOG_CANONICAL,https://chamanlawfirm.com/resources/blog/10-proven-insights-into-tenancy-law-in-lago,canonical route,sitemap eligible,Sanity has approved public blog slug and canonical blog route
https://chamanlawfirm.com/3-proven-steps-on-how-to-rolve-land-disputes,3 Proven Steps On How To Rolve Land Disputes,LIVE_BLOG_CANONICAL,https://chamanlawfirm.com/resources/blog/3-proven-steps-on-how-to-rolve-land-disputes,canonical route,sitemap eligible,Sanity has approved public blog slug and canonical blog route
https://chamanlawfirm.com/4-main-guide-to-land-ownership-in-nigeria,4 Main Guide To Land Ownership In Nigeria,LIVE_BLOG_CANONICAL,https://chamanlawfirm.com/resources/blog/4-main-guide-to-land-ownership-in-nigeria,canonical route,sitemap eligible,Sanity has approved public blog slug and canonical blog route
https://chamanlawfirm.com/4-proven-cross-border-cybercrime-issues,4 Proven Cross Border Cybercrime Issues,LIVE_BLOG_CANONICAL,https://chamanlawfirm.com/resources/blog/4-proven-cross-border-cybercrime-issues,canonical route,sitemap eligible,Sanity has approved public blog slug and canonical blog route
https://chamanlawfirm.com/4-proven-features-of-customary-marriage-and-the-bill-of-rights-conflicting-interests,4 Proven Features Of Customary Marriage And The Bill Of Rights Conflicting Interests,LIVE_BLOG_CANONICAL,https://chamanlawfirm.com/resources/blog/4-proven-features-of-customary-marriage-and-the-bill-of-rights-conflicting-interests,canonical route,sitemap eligible,Sanity has approved public blog slug and canonical blog route
https://chamanlawfirm.com/4-proven-steps-on-how-to-enforce-a-contract,4 Proven Steps On How To Enforce A Contract,LIVE_BLOG_CANONICAL,https://chamanlawfirm.com/resources/blog/4-proven-steps-on-how-to-enforce-a-contract,configured one-hop,sitemap eligible,Sanity has approved public blog slug and canonical blog route
https://chamanlawfirm.com/5-lis-pendens-understanding-the-doctrine,5 Lis Pendens Understanding The Doctrine,LIVE_BLOG_CANONICAL,https://chamanlawfirm.com/resources/blog/5-lis-pendens-understanding-the-doctrine,canonical route,sitemap eligible,Sanity has approved public blog slug and canonical blog route
https://chamanlawfirm.com/5-proven-roles-of-a-child-adoption-lawyer,5 Proven Roles Of A Child Adoption Lawyer,LIVE_BLOG_CANONICAL,https://chamanlawfirm.com/resources/blog/5-proven-roles-of-a-child-adoption-lawyer,canonical route,sitemap eligible,Sanity has approved public blog slug and canonical blog route
https://chamanlawfirm.com/5-ways-to-avoid-property-scam-in-nigeria,5 Ways To Avoid Property Scam In Nigeria,LIVE_BLOG_CANONICAL,https://chamanlawfirm.com/resources/blog/5-ways-to-avoid-property-scam-in-nigeria,canonical route,sitemap eligible,Sanity has approved public blog slug and canonical blog route
https://chamanlawfirm.com/7-effective-steps-to-take-when-a-landlord-refuses-to-return-your-rent-deposit,7 Effective Steps To Take When A Landlord Refuses To Return Your Rent Deposit,LIVE_BLOG_CANONICAL,https://chamanlawfirm.com/resources/blog/7-effective-steps-to-take-when-a-landlord-refuses-to-return-your-rent-deposit,configured one-hop,sitemap eligible,Sanity has approved public blog slug and canonical blog route
https://chamanlawfirm.com/7-step-citizenship-application-in-nigeria,7 Step Citizenship Application In Nigeria,LIVE_BLOG_CANONICAL,https://chamanlawfirm.com/resources/blog/7-step-citizenship-application-in-nigeria,configured one-hop,sitemap eligible,Sanity has approved public blog slug and canonical blog route
https://chamanlawfirm.com/7-steps-on-how-to-use-small-claims-court,7 Steps On How To Use Small Claims Court,LIVE_BLOG_CANONICAL,https://chamanlawfirm.com/resources/blog/7-steps-on-how-to-use-small-claims-court,canonical route,sitemap eligible,Sanity has approved public blog slug and canonical blog route
https://chamanlawfirm.com/8-step-business-registration-process-in-lag,8 Step Business Registration Process In Lag,LIVE_BLOG_CANONICAL,https://chamanlawfirm.com/resources/blog/8-step-business-registration-process-in-lag,canonical route,sitemap eligible,Sanity has approved public blog slug and canonical blog route
https://chamanlawfirm.com/8-steps-to-enforce-court-judgments-innigeria,8 Steps To Enforce Court Judgments Innigeria,LIVE_BLOG_CANONICAL,https://chamanlawfirm.com/resources/blog/8-steps-to-enforce-court-judgments-innigeria,canonical route,sitemap eligible,Sanity has approved public blog slug and canonical blog route
https://chamanlawfirm.com/9-cyber-crime-prosecution-breakthrough-ch,9 Cyber Crime Prosecution Breakthrough Ch,LIVE_BLOG_CANONICAL,https://chamanlawfirm.com/resources/blog/9-cyber-crime-prosecution-breakthrough-ch,canonical route,sitemap eligible,Sanity has approved public blog slug and canonical blog route
https://chamanlawfirm.com/a-complete-guide-on-how-to-register-a-company-in-nigeria,A Complete Guide On How To Register A Company In Nigeria,LIVE_BLOG_CANONICAL,https://chamanlawfirm.com/resources/blog/a-complete-guide-on-how-to-register-a-company-in-nigeria,canonical route,sitemap eligible,Sanity has approved public blog slug and canonical blog route
https://chamanlawfirm.com/a-will-made-abroad-cover-property-in-ogun,A Will Made Abroad Cover Property In Ogun,LIVE_BLOG_CANONICAL,https://chamanlawfirm.com/resources/blog/a-will-made-abroad-cover-property-in-ogun,canonical route,sitemap eligible,Sanity has approved public blog slug and canonical blog route
https://chamanlawfirm.com/abandonment-and-withdrew-of-court-action,Abandonment And Withdrew Of Court Action,LIVE_BLOG_CANONICAL,https://chamanlawfirm.com/resources/blog/abandonment-and-withdrew-of-court-action,configured one-hop,sitemap eligible,Sanity has approved public blog slug and canonical blog route
https://chamanlawfirm.com/about-chaman-law-firm,About Chaman Law Firm,308_TO_RELEVANT_200,/about,configured one-hop,redirect source excluded from sitemap,configured one-hop redirect to relevant current route
https://chamanlawfirm.com/accountability-in-corporate-governance,Accountability In Corporate Governance,LIVE_BLOG_CANONICAL,https://chamanlawfirm.com/resources/blog/accountability-in-corporate-governance,configured one-hop,sitemap eligible,Sanity has approved public blog slug and canonical blog route
https://chamanlawfirm.com/acquire-and-secure-industrial-land-in-ogun,Acquire And Secure Industrial Land In Ogun,LIVE_BLOG_CANONICAL,https://chamanlawfirm.com/resources/blog/acquire-and-secure-industrial-land-in-ogun,canonical route,sitemap eligible,Sanity has approved public blog slug and canonical blog route
https://chamanlawfirm.com/aim-to-improve-land-titles-and-ownership,Aim To Improve Land Titles And Ownership,LIVE_BLOG_CANONICAL,https://chamanlawfirm.com/resources/blog/aim-to-improve-land-titles-and-ownership,canonical route,sitemap eligible,Sanity has approved public blog slug and canonical blog route
https://chamanlawfirm.com/analyzing-the-growth-of-real-estate-investment,Analyzing The Growth Of Real Estate Investment,LIVE_BLOG_CANONICAL,https://chamanlawfirm.com/resources/blog/analyzing-the-growth-of-real-estate-investment,canonical route,sitemap eligible,Sanity has approved public blog slug and canonical blog route
https://chamanlawfirm.com/annulment-of-marriage-under-the-nigerian-law,Annulment Of Marriage Under The Nigerian Law,LIVE_BLOG_CANONICAL,https://chamanlawfirm.com/resources/blog/annulment-of-marriage-under-the-nigerian-law,configured one-hop,sitemap eligible,Sanity has approved public blog slug and canonical blog route
https://chamanlawfirm.com/apply-for-drivers-licence-in-nigeria,Apply For Drivers Licence In Nigeria,LIVE_BLOG_CANONICAL,https://chamanlawfirm.com/resources/blog/apply-for-drivers-licence-in-nigeria,canonical route,sitemap eligible,Sanity has approved public blog slug and canonical blog route
https://chamanlawfirm.com/appointment-of-arbitrators-in-nigeria,Appointment Of Arbitrators In Nigeria,308_TO_RELEVANT_200,/practice-areas/adr-mediation,configured one-hop,redirect source excluded from sitemap,configured one-hop redirect to relevant current route
https://chamanlawfirm.com/available-remedies-in-civil-litigation,Available Remedies In Civil Litigation,LIVE_BLOG_CANONICAL,https://chamanlawfirm.com/resources/blog/available-remedies-in-civil-litigation,canonical route,sitemap eligible,Sanity has approved public blog slug and canonical blog route
https://chamanlawfirm.com/banking-and-finance-law-in-lagos,Banking And Finance Law In Lagos,308_TO_RELEVANT_200,/practice-areas/corporate-commercial-law,configured one-hop,redirect source excluded from sitemap,configured one-hop redirect to relevant current route
https://chamanlawfirm.com/basic-elements-of-defamatory-statement,Basic Elements Of Defamatory Statement,LIVE_BLOG_CANONICAL,https://chamanlawfirm.com/resources/blog/basic-elements-of-defamatory-statement,canonical route,sitemap eligible,Sanity has approved public blog slug and canonical blog route
https://chamanlawfirm.com/basic-procedure-for-dissolution-of-marriage,Basic Procedure For Dissolution Of Marriage,LIVE_BLOG_CANONICAL,https://chamanlawfirm.com/resources/blog/basic-procedure-for-dissolution-of-marriage,configured one-hop,sitemap eligible,Sanity has approved public blog slug and canonical blog route
https://chamanlawfirm.com/blockchain-technology-and-land-title-security,Blockchain Technology And Land Title Security,LIVE_BLOG_CANONICAL,https://chamanlawfirm.com/resources/blog/blockchain-technology-and-land-title-security,canonical route,sitemap eligible,Sanity has approved public blog slug and canonical blog route
https://chamanlawfirm.com/board-of-directors-in-nigerian-companies,Board Of Directors In Nigerian Companies,LIVE_BLOG_CANONICAL,https://chamanlawfirm.com/resources/blog/board-of-directors-in-nigerian-companies,configured one-hop,sitemap eligible,Sanity has approved public blog slug and canonical blog route
https://chamanlawfirm.com/bordersecurityin-nigerian-immigration-policy,Bordersecurityin Nigerian Immigration Policy,LIVE_BLOG_CANONICAL,https://chamanlawfirm.com/resources/blog/bordersecurityin-nigerian-immigration-policy,canonical route,sitemap eligible,Sanity has approved public blog slug and canonical blog route
https://chamanlawfirm.com/breach-of-promise-to-marriage-in-nigeria,Breach Of Promise To Marriage In Nigeria,LIVE_BLOG_CANONICAL,https://chamanlawfirm.com/resources/blog/breach-of-promise-to-marriage-in-nigeria,configured one-hop,sitemap eligible,Sanity has approved public blog slug and canonical blog route
https://chamanlawfirm.com/breach-of-property-contracts-in-lekki,Breach Of Property Contracts In Lekki,LIVE_BLOG_CANONICAL,https://chamanlawfirm.com/resources/blog/breach-of-property-contracts-in-lekki,canonical route,sitemap eligible,Sanity has approved public blog slug and canonical blog route
https://chamanlawfirm.com/building-completion-certificate-in-lagos,Building Completion Certificate In Lagos,308_TO_RELEVANT_200,/practice-areas/property-real-estate-law/building-completion-certificate-lagos,configured one-hop,redirect source excluded from sitemap,configured one-hop redirect to relevant current route
https://chamanlawfirm.com/building-permit-approval-in-ogun-state,Building Permit Approval In Ogun State,LIVE_BLOG_CANONICAL,https://chamanlawfirm.com/resources/blog/building-permit-approval-in-ogun-state,configured one-hop,sitemap eligible,Sanity has approved public blog slug and canonical blog route
https://chamanlawfirm.com/business-registration-process-in-lagosa-com,Business Registration Process In Lagosa Com,LIVE_BLOG_CANONICAL,https://chamanlawfirm.com/resources/blog/business-registration-process-in-lagosa-com,canonical route,sitemap eligible,Sanity has approved public blog slug and canonical blog route
https://chamanlawfirm.com/cac-public-search-guide-nigeria,Cac Public Search Guide Nigeria,LIVE_BLOG_CANONICAL,https://chamanlawfirm.com/resources/blog/cac-public-search-guide-nigeria,configured one-hop,sitemap eligible,Sanity has approved public blog slug and canonical blog route
https://chamanlawfirm.com/can-a-foreigner-buy-property-chaman-law-firm,Can A Foreigner Buy Property Chaman Law Firm,LIVE_BLOG_CANONICAL,https://chamanlawfirm.com/resources/blog/can-a-foreigner-buy-property-chaman-law-firm,canonical route,sitemap eligible,Sanity has approved public blog slug and canonical blog route
https://chamanlawfirm.com/can-a-landlord-increase-rent-arbitrarily,Can A Landlord Increase Rent Arbitrarily,LIVE_BLOG_CANONICAL,https://chamanlawfirm.com/resources/blog/can-a-landlord-increase-rent-arbitrarily,configured one-hop,sitemap eligible,Sanity has approved public blog slug and canonical blog route
https://chamanlawfirm.com/can-a-landlord-increase-rent-arbitrarily-in-ogun,Can A Landlord Increase Rent Arbitrarily In Ogun,LIVE_BLOG_CANONICAL,https://chamanlawfirm.com/resources/blog/can-a-landlord-increase-rent-arbitrarily-in-ogun,configured one-hop,sitemap eligible,Sanity has approved public blog slug and canonical blog route
https://chamanlawfirm.com/can-a-minor-enter-into-a-valid-contract-in-nigeria,Can A Minor Enter Into A Valid Contract In Nigeria,308_TO_RELEVANT_200,/practice-areas/corporate-commercial-law/minor-contract-capacity,configured one-hop,redirect source excluded from sitemap,configured one-hop redirect to relevant current route
https://chamanlawfirm.com/certificate-of-occupancy-in-oyo-state,Certificate Of Occupancy In Oyo State,LIVE_BLOG_CANONICAL,https://chamanlawfirm.com/resources/blog/certificate-of-occupancy-in-oyo-state,canonical route,sitemap eligible,Sanity has approved public blog slug and canonical blog route
https://chamanlawfirm.com/certificate-of-occupancy-in-rivers-state,Certificate Of Occupancy In Rivers State,LIVE_BLOG_CANONICAL,https://chamanlawfirm.com/resources/blog/certificate-of-occupancy-in-rivers-state,configured one-hop,sitemap eligible,Sanity has approved public blog slug and canonical blog route
https://chamanlawfirm.com/challenge-a-fraudulent-probate-application,Challenge A Fraudulent Probate Application,LIVE_BLOG_CANONICAL,https://chamanlawfirm.com/resources/blog/challenge-a-fraudulent-probate-application,canonical route,sitemap eligible,Sanity has approved public blog slug and canonical blog route
https://chamanlawfirm.com/challenges-facing-the-nigerian-court-system,Challenges Facing The Nigerian Court System,LIVE_BLOG_CANONICAL,https://chamanlawfirm.com/resources/blog/challenges-facing-the-nigerian-court-system,configured one-hop,sitemap eligible,Sanity has approved public blog slug and canonical blog route
https://chamanlawfirm.com/challenges-in-debt-recovery-and-solutions,Challenges In Debt Recovery And Solutions,LIVE_BLOG_CANONICAL,https://chamanlawfirm.com/resources/blog/challenges-in-debt-recovery-and-solutions,canonical route,sitemap eligible,Sanity has approved public blog slug and canonical blog route
https://chamanlawfirm.com/challenges-of-customary-marriage,Challenges Of Customary Marriage,308_TO_RELEVANT_200,/practice-areas/family-law/customary-marriage-advisory,configured one-hop,redirect source excluded from sitemap,configured one-hop redirect to relevant current route
https://chamanlawfirm.com/challenges-of-implementing-the-land-use-act,Challenges Of Implementing The Land Use Act,LIVE_BLOG_CANONICAL,https://chamanlawfirm.com/resources/blog/challenges-of-implementing-the-land-use-act,configured one-hop,sitemap eligible,Sanity has approved public blog slug and canonical blog route
https://chamanlawfirm.com/challenges-women-face-in-obtaining-land-titles,Challenges Women Face In Obtaining Land Titles,LIVE_BLOG_CANONICAL,https://chamanlawfirm.com/resources/blog/challenges-women-face-in-obtaining-land-titles,canonical route,sitemap eligible,Sanity has approved public blog slug and canonical blog route
https://chamanlawfirm.com/challenging-forged-property-documents-in-lagos,Challenging Forged Property Documents In Lagos,LIVE_BLOG_CANONICAL,https://chamanlawfirm.com/resources/blog/challenging-forged-property-documents-in-lagos,canonical route,sitemap eligible,Sanity has approved public blog slug and canonical blog route
https://chamanlawfirm.com/charles-chukwuma-nkwoka,Charles Chukwuma Nkwoka,308_TO_RELEVANT_200,/lawyers/charles-chukwuma-nkwoka,configured one-hop,redirect source excluded from sitemap,configured one-hop redirect to relevant current route
https://chamanlawfirm.com/child-custody-and-visitation-during-holidays,Child Custody And Visitation During Holidays,LIVE_BLOG_CANONICAL,https://chamanlawfirm.com/resources/blog/child-custody-and-visitation-during-holidays,canonical route,sitemap eligible,Sanity has approved public blog slug and canonical blog route
https://chamanlawfirm.com/communal-land-and-family-land,Communal Land And Family Land,LIVE_BLOG_CANONICAL,https://chamanlawfirm.com/resources/blog/communal-land-and-family-land,configured one-hop,sitemap eligible,Sanity has approved public blog slug and canonical blog route
https://chamanlawfirm.com/community-development-associations-law,Community Development Associations Law,LIVE_BLOG_CANONICAL,https://chamanlawfirm.com/resources/blog/community-development-associations-law,configured one-hop,sitemap eligible,Sanity has approved public blog slug and canonical blog route
https://chamanlawfirm.com/company-management-in-nigeria,Company Management In Nigeria,LIVE_BLOG_CANONICAL,https://chamanlawfirm.com/resources/blog/company-management-in-nigeria,canonical route,sitemap eligible,Sanity has approved public blog slug and canonical blog route
https://chamanlawfirm.com/company-registration-in-nigeria,Company Registration In Nigeria,LIVE_BLOG_CANONICAL,https://chamanlawfirm.com/resources/blog/company-registration-in-nigeria,canonical route,sitemap eligible,Sanity has approved public blog slug and canonical blog route
https://chamanlawfirm.com/compliance-with-debt-recovery-regulations,Compliance With Debt Recovery Regulations,LIVE_BLOG_CANONICAL,https://chamanlawfirm.com/resources/blog/compliance-with-debt-recovery-regulations,canonical route,sitemap eligible,Sanity has approved public blog slug and canonical blog route
https://chamanlawfirm.com/conditions-for-granting-injunctions-and-types-of-injunctions,Conditions For Granting Injunctions And Types Of Injunctions,308_TO_RELEVANT_200,/practice-areas/litigation-dispute-resolution/injunctions-and-interim-reliefs,configured one-hop,redirect source excluded from sitemap,configured one-hop redirect to relevant current route
https://chamanlawfirm.com/consequences-of-fail-to-pay-taxes-in-nigeria,Consequences Of Fail To Pay Taxes In Nigeria,LIVE_BLOG_CANONICAL,https://chamanlawfirm.com/resources/blog/consequences-of-fail-to-pay-taxes-in-nigeria,canonical route,sitemap eligible,Sanity has approved public blog slug and canonical blog route
https://chamanlawfirm.com/contact-for-legal-consultation,Contact For Legal Consultation,308_TO_RELEVANT_200,/consultation,configured one-hop,redirect source excluded from sitemap,configured one-hop redirect to relevant current route
https://chamanlawfirm.com/contract-breach-and-remedies,Contract Breach And Remedies,LIVE_BLOG_CANONICAL,https://chamanlawfirm.com/resources/blog/contract-breach-and-remedies,configured one-hop,sitemap eligible,Sanity has approved public blog slug and canonical blog route
https://chamanlawfirm.com/contract-of-sale-of-land-and-what-it-takes,Contract Of Sale Of Land And What It Takes,LIVE_BLOG_CANONICAL,https://chamanlawfirm.com/resources/blog/contract-of-sale-of-land-and-what-it-takes,canonical route,sitemap eligible,Sanity has approved public blog slug and canonical blog route
https://chamanlawfirm.com/contractual-dispute-resolution,Contractual Dispute Resolution,LIVE_BLOG_CANONICAL,https://chamanlawfirm.com/resources/blog/contractual-dispute-resolution,canonical route,sitemap eligible,Sanity has approved public blog slug and canonical blog route
https://chamanlawfirm.com/corporate-affairs-commission-and-its-functions-in-nigeria,Corporate Affairs Commission And Its Functions In Nigeria,308_TO_RELEVANT_200,/practice-areas/corporate-commercial-law/cac-compliance-and-company-records,configured one-hop,redirect source excluded from sitemap,configured one-hop redirect to relevant current route
https://chamanlawfirm.com/corporate-affairs-commission-in-nigeria,Corporate Affairs Commission In Nigeria,308_TO_RELEVANT_200,/practice-areas/corporate-commercial-law/cac-compliance-and-company-records,configured one-hop,redirect source excluded from sitemap,configured one-hop redirect to relevant current route
https://chamanlawfirm.com/corporate-debt-management-practices,Corporate Debt Management Practices,LIVE_BLOG_CANONICAL,https://chamanlawfirm.com/resources/blog/corporate-debt-management-practices,canonical route,sitemap eligible,Sanity has approved public blog slug and canonical blog route
https://chamanlawfirm.com/corporate-finance-laws-in-nigeria,Corporate Finance Laws In Nigeria,LIVE_BLOG_CANONICAL,https://chamanlawfirm.com/resources/blog/corporate-finance-laws-in-nigeria,canonical route,sitemap eligible,Sanity has approved public blog slug and canonical blog route
https://chamanlawfirm.com/corporate-fraud-and-mismanagement,Corporate Fraud And Mismanagement,LIVE_BLOG_CANONICAL,https://chamanlawfirm.com/resources/blog/corporate-fraud-and-mismanagement,canonical route,sitemap eligible,Sanity has approved public blog slug and canonical blog route
https://chamanlawfirm.com/corporate-governance-and-business-ethics,Corporate Governance And Business Ethics,LIVE_BLOG_CANONICAL,https://chamanlawfirm.com/resources/blog/corporate-governance-and-business-ethics,configured one-hop,sitemap eligible,Sanity has approved public blog slug and canonical blog route
https://chamanlawfirm.com/corporate-governance-and-ethical-responsibility,Corporate Governance And Ethical Responsibility,308_TO_RELEVANT_200,/practice-areas/corporate-commercial-law,configured one-hop,redirect source excluded from sitemap,configured one-hop redirect to relevant current route
https://chamanlawfirm.com/corporate-governance-challenges-in-companies,Corporate Governance Challenges In Companies,LIVE_BLOG_CANONICAL,https://chamanlawfirm.com/resources/blog/corporate-governance-challenges-in-companies,configured one-hop,sitemap eligible,Sanity has approved public blog slug and canonical blog route
https://chamanlawfirm.com/corporate-tax-obligations-in-nigeria,Corporate Tax Obligations In Nigeria,LIVE_BLOG_CANONICAL,https://chamanlawfirm.com/resources/blog/corporate-tax-obligations-in-nigeria,canonical route,sitemap eligible,Sanity has approved public blog slug and canonical blog route
https://chamanlawfirm.com/cost-of-building-approval-chaman-law-firm,Cost Of Building Approval Chaman Law Firm,LIVE_BLOG_CANONICAL,https://chamanlawfirm.com/resources/blog/cost-of-building-approval-chaman-law-firm,configured one-hop,sitemap eligible,Sanity has approved public blog slug and canonical blog route
https://chamanlawfirm.com/court-procedures-and-efficient-case,Court Procedures And Efficient Case,LIVE_BLOG_CANONICAL,https://chamanlawfirm.com/resources/blog/court-procedures-and-efficient-case,canonical route,sitemap eligible,Sanity has approved public blog slug and canonical blog route
https://chamanlawfirm.com/criteria-for-patent-in-nigeria,Criteria For Patent In Nigeria,LIVE_BLOG_CANONICAL,https://chamanlawfirm.com/resources/blog/criteria-for-patent-in-nigeria,canonical route,sitemap eligible,Sanity has approved public blog slug and canonical blog route
https://chamanlawfirm.com/cyber-crime-awareness-campaigns-10-powerful,Cyber Crime Awareness Campaigns 10 Powerful,LIVE_BLOG_CANONICAL,https://chamanlawfirm.com/resources/blog/cyber-crime-awareness-campaigns-10-powerful,canonical route,sitemap eligible,Sanity has approved public blog slug and canonical blog route
https://chamanlawfirm.com/cyber-crime-investigation-techniques,Cyber Crime Investigation Techniques,LIVE_BLOG_CANONICAL,https://chamanlawfirm.com/resources/blog/cyber-crime-investigation-techniques,canonical route,sitemap eligible,Sanity has approved public blog slug and canonical blog route
https://chamanlawfirm.com/deal-with-and-bad-tenant-as-a-landlord,Deal With And Bad Tenant As A Landlord,LIVE_BLOG_CANONICAL,https://chamanlawfirm.com/resources/blog/deal-with-and-bad-tenant-as-a-landlord,configured one-hop,sitemap eligible,Sanity has approved public blog slug and canonical blog route
https://chamanlawfirm.com/debt-recovery-and-consumer-protection-laws,Debt Recovery And Consumer Protection Laws,308_TO_RELEVANT_200,/practice-areas/debt-recovery,configured one-hop,redirect source excluded from sitemap,configured one-hop redirect to relevant current route
https://chamanlawfirm.com/debt-recovery-in-banking-sector,Debt Recovery In Banking Sector,LIVE_BLOG_CANONICAL,https://chamanlawfirm.com/resources/blog/debt-recovery-in-banking-sector,canonical route,sitemap eligible,Sanity has approved public blog slug and canonical blog route
https://chamanlawfirm.com/deed-of-assignment-from-a-property,Deed Of Assignment From A Property,LIVE_BLOG_CANONICAL,https://chamanlawfirm.com/resources/blog/deed-of-assignment-from-a-property,canonical route,sitemap eligible,Sanity has approved public blog slug and canonical blog route
https://chamanlawfirm.com/deed-of-assignment-guide-to-register,Deed Of Assignment Guide To Register,LIVE_BLOG_CANONICAL,https://chamanlawfirm.com/resources/blog/deed-of-assignment-guide-to-register,canonical route,sitemap eligible,Sanity has approved public blog slug and canonical blog route
https://chamanlawfirm.com/deed-of-assignment-in-nigeria,Deed Of Assignment In Nigeria,308_TO_RELEVANT_200,/practice-areas/property-real-estate-law,configured one-hop,redirect source excluded from sitemap,configured one-hop redirect to relevant current route
https://chamanlawfirm.com/deed-of-partition-in-nigeria,Deed Of Partition In Nigeria,LIVE_BLOG_CANONICAL,https://chamanlawfirm.com/resources/blog/deed-of-partition-in-nigeria,canonical route,sitemap eligible,Sanity has approved public blog slug and canonical blog route
https://chamanlawfirm.com/defense-of-fair-dealing-in-nigeria-copyright,Defense Of Fair Dealing In Nigeria Copyright,LIVE_BLOG_CANONICAL,https://chamanlawfirm.com/resources/blog/defense-of-fair-dealing-in-nigeria-copyright,canonical route,sitemap eligible,Sanity has approved public blog slug and canonical blog route
https://chamanlawfirm.com/defenses-and-bars-to-a-petition-for-divorce,Defenses And Bars To A Petition For Divorce,LIVE_BLOG_CANONICAL,https://chamanlawfirm.com/resources/blog/defenses-and-bars-to-a-petition-for-divorce,canonical route,sitemap eligible,Sanity has approved public blog slug and canonical blog route
https://chamanlawfirm.com/defenses-and-bars-to-a-petition-for-divorce-2,Defenses And Bars To A Petition For Divorce 2,LIVE_BLOG_CANONICAL,https://chamanlawfirm.com/resources/blog/defenses-and-bars-to-a-petition-for-divorce-2,canonical route,sitemap eligible,Sanity has approved public blog slug and canonical blog route
https://chamanlawfirm.com/developer-fails-to-deliver-property,Developer Fails To Deliver Property,LIVE_BLOG_CANONICAL,https://chamanlawfirm.com/resources/blog/developer-fails-to-deliver-property,configured one-hop,sitemap eligible,Sanity has approved public blog slug and canonical blog route
https://chamanlawfirm.com/difference-between-a-parent-company-and-a-subsidiary,Difference Between A Parent Company And A Subsidiary,LIVE_BLOG_CANONICAL,https://chamanlawfirm.com/resources/blog/difference-between-a-parent-company-and-a-subsidiary,canonical route,sitemap eligible,Sanity has approved public blog slug and canonical blog route
https://chamanlawfirm.com/difference-between-c-of-o-and-governors-consent,Difference Between C Of O And Governors Consent,LIVE_BLOG_CANONICAL,https://chamanlawfirm.com/resources/blog/difference-between-c-of-o-and-governors-consent,canonical route,sitemap eligible,Sanity has approved public blog slug and canonical blog route
https://chamanlawfirm.com/difference-between-excision-gazette-c-of-o,Difference Between Excision Gazette C Of O,LIVE_BLOG_CANONICAL,https://chamanlawfirm.com/resources/blog/difference-between-excision-gazette-c-of-o,canonical route,sitemap eligible,Sanity has approved public blog slug and canonical blog route
https://chamanlawfirm.com/difference-between-ownership-and-possession,Difference Between Ownership And Possession,LIVE_BLOG_CANONICAL,https://chamanlawfirm.com/resources/blog/difference-between-ownership-and-possession,configured one-hop,sitemap eligible,Sanity has approved public blog slug and canonical blog route
https://chamanlawfirm.com/different-types-of-marriage-in-nigeria,Different Types Of Marriage In Nigeria,LIVE_BLOG_CANONICAL,https://chamanlawfirm.com/resources/blog/different-types-of-marriage-in-nigeria,canonical route,sitemap eligible,Sanity has approved public blog slug and canonical blog route
https://chamanlawfirm.com/digitization-impact-land-title-registration,Digitization Impact Land Title Registration,LIVE_BLOG_CANONICAL,https://chamanlawfirm.com/resources/blog/digitization-impact-land-title-registration,canonical route,sitemap eligible,Sanity has approved public blog slug and canonical blog route
https://chamanlawfirm.com/disputes-arising-from-property-ownership,Disputes Arising From Property Ownership,LIVE_BLOG_CANONICAL,https://chamanlawfirm.com/resources/blog/disputes-arising-from-property-ownership,canonical route,sitemap eligible,Sanity has approved public blog slug and canonical blog route
https://chamanlawfirm.com/dissolution-of-marriage-under-the-nigeria-law,Dissolution Of Marriage Under The Nigeria Law,LIVE_BLOG_CANONICAL,https://chamanlawfirm.com/resources/blog/dissolution-of-marriage-under-the-nigeria-law,configured one-hop,sitemap eligible,Sanity has approved public blog slug and canonical blog route
https://chamanlawfirm.com/division-in-divorce-proceedings,Division In Divorce Proceedings,LIVE_BLOG_CANONICAL,https://chamanlawfirm.com/resources/blog/division-in-divorce-proceedings,canonical route,sitemap eligible,Sanity has approved public blog slug and canonical blog route
https://chamanlawfirm.com/doctrine-of-ultra-vires,Doctrine Of Ultra Vires,LIVE_BLOG_CANONICAL,https://chamanlawfirm.com/resources/blog/doctrine-of-ultra-vires,configured one-hop,sitemap eligible,Sanity has approved public blog slug and canonical blog route
https://chamanlawfirm.com/documents-apostilled-in-nigeria,Documents Apostilled In Nigeria,308_TO_RELEVANT_200,/practice-areas/notary-public-services/apostille-and-document-legalization,configured one-hop,redirect source excluded from sitemap,configured one-hop redirect to relevant current route
https://chamanlawfirm.com/documents-to-verify-before-buying-property,Documents To Verify Before Buying Property,308_TO_RELEVANT_200,/practice-areas/property-real-estate-law/property-due-diligence,configured one-hop,redirect source excluded from sitemap,configured one-hop redirect to relevant current route
https://chamanlawfirm.com/domestic-violence-ground-for-dissolution-of-marriage-and-its-criminal-implications,Domestic Violence Ground For Dissolution Of Marriage And Its Criminal Implications,LIVE_BLOG_CANONICAL,https://chamanlawfirm.com/resources/blog/domestic-violence-ground-for-dissolution-of-marriage-and-its-criminal-implications,configured one-hop,sitemap eligible,Sanity has approved public blog slug and canonical blog route
https://chamanlawfirm.com/drafting-company-bylaws-in-nigeria-a-compre,Drafting Company Bylaws In Nigeria A Compre,LIVE_BLOG_CANONICAL,https://chamanlawfirm.com/resources/blog/drafting-company-bylaws-in-nigeria-a-compre,canonical route,sitemap eligible,Sanity has approved public blog slug and canonical blog route
https://chamanlawfirm.com/due-diligence-in-real-estate-transaction,Due Diligence In Real Estate Transaction,LIVE_BLOG_CANONICAL,https://chamanlawfirm.com/resources/blog/due-diligence-in-real-estate-transaction,canonical route,sitemap eligible,Sanity has approved public blog slug and canonical blog route
https://chamanlawfirm.com/duration-to-get-governors-consent,Duration To Get Governors Consent,308_TO_RELEVANT_200,/practice-areas/property-real-estate-law/governors-consent,configured one-hop,redirect source excluded from sitemap,configured one-hop redirect to relevant current route
https://chamanlawfirm.com/duties-of-company-board-of-directors,Duties Of Company Board Of Directors,LIVE_BLOG_CANONICAL,https://chamanlawfirm.com/resources/blog/duties-of-company-board-of-directors,canonical route,sitemap eligible,Sanity has approved public blog slug and canonical blog route
https://chamanlawfirm.com/duties-of-correctional-institutions-in-nigeria,Duties Of Correctional Institutions In Nigeria,LIVE_BLOG_CANONICAL,https://chamanlawfirm.com/resources/blog/duties-of-correctional-institutions-in-nigeria,canonical route,sitemap eligible,Sanity has approved public blog slug and canonical blog route
https://chamanlawfirm.com/effect-of-not-paying-child-support,Effect Of Not Paying Child Support,LIVE_BLOG_CANONICAL,https://chamanlawfirm.com/resources/blog/effect-of-not-paying-child-support,canonical route,sitemap eligible,Sanity has approved public blog slug and canonical blog route
https://chamanlawfirm.com/effect-of-witness-as-beneficiary-in-will,Effect Of Witness As Beneficiary In Will,LIVE_BLOG_CANONICAL,https://chamanlawfirm.com/resources/blog/effect-of-witness-as-beneficiary-in-will,configured one-hop,sitemap eligible,Sanity has approved public blog slug and canonical blog route
https://chamanlawfirm.com/effects-of-exchange-of-contract,Effects Of Exchange Of Contract,LIVE_BLOG_CANONICAL,https://chamanlawfirm.com/resources/blog/effects-of-exchange-of-contract,canonical route,sitemap eligible,Sanity has approved public blog slug and canonical blog route
https://chamanlawfirm.com/employers-vicarious-liability,Employers Vicarious Liability,LIVE_BLOG_CANONICAL,https://chamanlawfirm.com/resources/blog/employers-vicarious-liability,canonical route,sitemap eligible,Sanity has approved public blog slug and canonical blog route
https://chamanlawfirm.com/employment-disputes-and-grievances,Employment Disputes And Grievances,308_TO_RELEVANT_200,/practice-areas/employment-law,configured one-hop,redirect source excluded from sitemap,configured one-hop redirect to relevant current route
https://chamanlawfirm.com/employment-law-7-compliance-for-nigerian,Employment Law 7 Compliance For Nigerian,308_TO_RELEVANT_200,/practice-areas/employment-law/workplace-compliance-advisory,configured one-hop,redirect source excluded from sitemap,configured one-hop redirect to relevant current route
https://chamanlawfirm.com/enforcement-of-arbitral-award,Enforcement Of Arbitral Award,308_TO_RELEVANT_200,/practice-areas/adr-mediation,configured one-hop,redirect source excluded from sitemap,configured one-hop redirect to relevant current route
https://chamanlawfirm.com/enforcement-of-arbitral-awards,Enforcement Of Arbitral Awards,308_TO_RELEVANT_200,/practice-areas/adr-mediation/arbitral-award-enforcement-advisory,configured one-hop,redirect source excluded from sitemap,configured one-hop redirect to relevant current route
https://chamanlawfirm.com/enhancing-nigerian-immigration-security,Enhancing Nigerian Immigration Security,LIVE_BLOG_CANONICAL,https://chamanlawfirm.com/resources/blog/enhancing-nigerian-immigration-security,canonical route,sitemap eligible,Sanity has approved public blog slug and canonical blog route
https://chamanlawfirm.com/enhancing-nigerian-immigration-security-2,Enhancing Nigerian Immigration Security 2,LIVE_BLOG_CANONICAL,https://chamanlawfirm.com/resources/blog/enhancing-nigerian-immigration-security-2,canonical route,sitemap eligible,Sanity has approved public blog slug and canonical blog route
https://chamanlawfirm.com/establishing-paternity-and-maternity-under,Establishing Paternity And Maternity Under,LIVE_BLOG_CANONICAL,https://chamanlawfirm.com/resources/blog/establishing-paternity-and-maternity-under,canonical route,sitemap eligible,Sanity has approved public blog slug and canonical blog route
https://chamanlawfirm.com/estate-administration-in-lagos-state,Estate Administration In Lagos State,LIVE_BLOG_CANONICAL,https://chamanlawfirm.com/resources/blog/estate-administration-in-lagos-state,canonical route,sitemap eligible,Sanity has approved public blog slug and canonical blog route
https://chamanlawfirm.com/evaluating-real-estate-investment-returns,Evaluating Real Estate Investment Returns,LIVE_BLOG_CANONICAL,https://chamanlawfirm.com/resources/blog/evaluating-real-estate-investment-returns,canonical route,sitemap eligible,Sanity has approved public blog slug and canonical blog route
https://chamanlawfirm.com/expert-witnesses-in-nigeria-court-proceeding,Expert Witnesses In Nigeria Court Proceeding,LIVE_BLOG_CANONICAL,https://chamanlawfirm.com/resources/blog/expert-witnesses-in-nigeria-court-proceeding,configured one-hop,sitemap eligible,Sanity has approved public blog slug and canonical blog route
https://chamanlawfirm.com/family-courts-and-specialized-tribunals,Family Courts And Specialized Tribunals,LIVE_BLOG_CANONICAL,https://chamanlawfirm.com/resources/blog/family-courts-and-specialized-tribunals,canonical route,sitemap eligible,Sanity has approved public blog slug and canonical blog route
https://chamanlawfirm.com/family-courts-and-specialized-tribunals-2,Family Courts And Specialized Tribunals 2,LIVE_BLOG_CANONICAL,https://chamanlawfirm.com/resources/blog/family-courts-and-specialized-tribunals-2,configured one-hop,sitemap eligible,Sanity has approved public blog slug and canonical blog route
https://chamanlawfirm.com/family-disputes-with-international-dimension,Family Disputes With International Dimension,LIVE_BLOG_CANONICAL,https://chamanlawfirm.com/resources/blog/family-disputes-with-international-dimension,canonical route,sitemap eligible,Sanity has approved public blog slug and canonical blog route
https://chamanlawfirm.com/family-law-disputes-and-child-abduction,Family Law Disputes And Child Abduction,LIVE_BLOG_CANONICAL,https://chamanlawfirm.com/resources/blog/family-law-disputes-and-child-abduction,configured one-hop,sitemap eligible,Sanity has approved public blog slug and canonical blog route
https://chamanlawfirm.com/family-law-issues-for-expatriate-families,Family Law Issues For Expatriate Families,LIVE_BLOG_CANONICAL,https://chamanlawfirm.com/resources/blog/family-law-issues-for-expatriate-families,canonical route,sitemap eligible,Sanity has approved public blog slug and canonical blog route
https://chamanlawfirm.com/family-property-and-right-of-individual-member-in-family-property,Family Property And Right Of Individual Member In Family Property,LIVE_BLOG_CANONICAL,https://chamanlawfirm.com/resources/blog/family-property-and-right-of-individual-member-in-family-property,configured one-hop,sitemap eligible,Sanity has approved public blog slug and canonical blog route
https://chamanlawfirm.com/fast-track-your-probate-process-in-nigeria,Fast Track Your Probate Process In Nigeria,LIVE_BLOG_CANONICAL,https://chamanlawfirm.com/resources/blog/fast-track-your-probate-process-in-nigeria,canonical route,sitemap eligible,Sanity has approved public blog slug and canonical blog route
https://chamanlawfirm.com/fencing-approval-in-lagos-key-requirements,Fencing Approval In Lagos Key Requirements,308_TO_RELEVANT_200,/practice-areas/property-real-estate-law/fencing-approval-lagos,configured one-hop,redirect source excluded from sitemap,configured one-hop redirect to relevant current route
https://chamanlawfirm.com/filing-for-divorce-in-nigeria-a-comprehen,Filing For Divorce In Nigeria A Comprehen,LIVE_BLOG_CANONICAL,https://chamanlawfirm.com/resources/blog/filing-for-divorce-in-nigeria-a-comprehen,canonical route,sitemap eligible,Sanity has approved public blog slug and canonical blog route
https://chamanlawfirm.com/floodplain-management-under-the-land-use-act,Floodplain Management Under The Land Use Act,LIVE_BLOG_CANONICAL,https://chamanlawfirm.com/resources/blog/floodplain-management-under-the-land-use-act,canonical route,sitemap eligible,Sanity has approved public blog slug and canonical blog route
https://chamanlawfirm.com/force-majeure-clauses-in-business-contracts,Force Majeure Clauses In Business Contracts,LIVE_BLOG_CANONICAL,https://chamanlawfirm.com/resources/blog/force-majeure-clauses-in-business-contracts,canonical route,sitemap eligible,Sanity has approved public blog slug and canonical blog route
https://chamanlawfirm.com/foreign-wills-and-lagos-property-what-to-know,Foreign Wills And Lagos Property What To Know,LIVE_BLOG_CANONICAL,https://chamanlawfirm.com/resources/blog/foreign-wills-and-lagos-property-what-to-know,canonical route,sitemap eligible,Sanity has approved public blog slug and canonical blog route
https://chamanlawfirm.com/foreigners-visa-challenges-in-nigeria,Foreigners Visa Challenges In Nigeria,LIVE_BLOG_CANONICAL,https://chamanlawfirm.com/resources/blog/foreigners-visa-challenges-in-nigeria,canonical route,sitemap eligible,Sanity has approved public blog slug and canonical blog route
https://chamanlawfirm.com/gain-nigerian-citizenship-by-marriage,Gain Nigerian Citizenship By Marriage,308_TO_RELEVANT_200,/practice-areas/immigration-services/citizenship-by-marriage-advisory,configured one-hop,redirect source excluded from sitemap,configured one-hop redirect to relevant current route
https://chamanlawfirm.com/gallery,Gallery,308_TO_RELEVANT_200,/media,configured one-hop,redirect source excluded from sitemap,configured one-hop redirect to relevant current route
https://chamanlawfirm.com/government-acquired-lands-in-nigeria,Government Acquired Lands In Nigeria,LIVE_BLOG_CANONICAL,https://chamanlawfirm.com/resources/blog/government-acquired-lands-in-nigeria,configured one-hop,sitemap eligible,Sanity has approved public blog slug and canonical blog route
https://chamanlawfirm.com/government-acquisition-in-ogun-state,Government Acquisition In Ogun State,308_TO_RELEVANT_200,/practice-areas/property-real-estate-law/government-acquisition-ogun-state-advisory,configured one-hop,redirect source excluded from sitemap,configured one-hop redirect to relevant current route
https://chamanlawfirm.com/governors-consent,Governors Consent,308_TO_RELEVANT_200,/practice-areas/property-real-estate-law/governors-consent,configured one-hop,redirect source excluded from sitemap,configured one-hop redirect to relevant current route
https://chamanlawfirm.com/governors-consent-how-long-does-it-take,Governors Consent How Long Does It Take,308_TO_RELEVANT_200,/practice-areas/property-real-estate-law/governors-consent,configured one-hop,redirect source excluded from sitemap,configured one-hop redirect to relevant current route
https://chamanlawfirm.com/guardian-ad-litem-in-child-custody,Guardian Ad Litem In Child Custody,LIVE_BLOG_CANONICAL,https://chamanlawfirm.com/resources/blog/guardian-ad-litem-in-child-custody,canonical route,sitemap eligible,Sanity has approved public blog slug and canonical blog route
https://chamanlawfirm.com/guardianship-and-custody-rights-of-minors,Guardianship And Custody Rights Of Minors,308_TO_RELEVANT_200,/practice-areas/family-law,configured one-hop,redirect source excluded from sitemap,configured one-hop redirect to relevant current route
https://chamanlawfirm.com/guide-for-transfer-of-land-ownership-and,Guide For Transfer Of Land Ownership And,LIVE_BLOG_CANONICAL,https://chamanlawfirm.com/resources/blog/guide-for-transfer-of-land-ownership-and,configured one-hop,sitemap eligible,Sanity has approved public blog slug and canonical blog route
https://chamanlawfirm.com/guide-to-resolvingproperty-boundary-disputes,Guide To Resolvingproperty Boundary Disputes,LIVE_BLOG_CANONICAL,https://chamanlawfirm.com/resources/blog/guide-to-resolvingproperty-boundary-disputes,canonical route,sitemap eligible,Sanity has approved public blog slug and canonical blog route
https://chamanlawfirm.com/handling-tax-disputes-and-audits-in-nigeria,Handling Tax Disputes And Audits In Nigeria,LIVE_BLOG_CANONICAL,https://chamanlawfirm.com/resources/blog/handling-tax-disputes-and-audits-in-nigeria,canonical route,sitemap eligible,Sanity has approved public blog slug and canonical blog route
https://chamanlawfirm.com/how-are-conflicts-resolved-under-the-land-use-act,How Are Conflicts Resolved Under The Land Use Act,LIVE_BLOG_CANONICAL,https://chamanlawfirm.com/resources/blog/how-are-conflicts-resolved-under-the-land-use-act,canonical route,sitemap eligible,Sanity has approved public blog slug and canonical blog route
https://chamanlawfirm.com/how-can-issues-of-land-fraud-and-illegal-land-transactions-be-addressed-in-nigeria,How Can Issues Of Land Fraud And Illegal Land Transactions Be Addressed In Nigeria,LIVE_BLOG_CANONICAL,https://chamanlawfirm.com/resources/blog/how-can-issues-of-land-fraud-and-illegal-land-transactions-be-addressed-in-nigeria,canonical route,sitemap eligible,Sanity has approved public blog slug and canonical blog route
https://chamanlawfirm.com/how-can-nigerians-in-the-diaspora-buy-property,How Can Nigerians In The Diaspora Buy Property,LIVE_BLOG_CANONICAL,https://chamanlawfirm.com/resources/blog/how-can-nigerians-in-the-diaspora-buy-property,canonical route,sitemap eligible,Sanity has approved public blog slug and canonical blog route
https://chamanlawfirm.com/how-do-i-draft-tenancy-agreement-in-lagos,How Do I Draft Tenancy Agreement In Lagos,LIVE_BLOG_CANONICAL,https://chamanlawfirm.com/resources/blog/how-do-i-draft-tenancy-agreement-in-lagos,canonical route,sitemap eligible,Sanity has approved public blog slug and canonical blog route
https://chamanlawfirm.com/how-do-i-obtain-a-certificate-of-occupancy,How Do I Obtain A Certificate Of Occupancy,LIVE_BLOG_CANONICAL,https://chamanlawfirm.com/resources/blog/how-do-i-obtain-a-certificate-of-occupancy,configured one-hop,sitemap eligible,Sanity has approved public blog slug and canonical blog route
https://chamanlawfirm.com/how-do-i-process-survey-plan-approval-in-ogun,How Do I Process Survey Plan Approval In Ogun,LIVE_BLOG_CANONICAL,https://chamanlawfirm.com/resources/blog/how-do-i-process-survey-plan-approval-in-ogun,configured one-hop,sitemap eligible,Sanity has approved public blog slug and canonical blog route
https://chamanlawfirm.com/how-do-i-regularize-land-documents-in-ogun-state,How Do I Regularize Land Documents In Ogun State,LIVE_BLOG_CANONICAL,https://chamanlawfirm.com/resources/blog/how-do-i-regularize-land-documents-in-ogun-state,configured one-hop,sitemap eligible,Sanity has approved public blog slug and canonical blog route
https://chamanlawfirm.com/how-does-land-title-insurance-protect-property-owners-in-nigeria,How Does Land Title Insurance Protect Property Owners In Nigeria,LIVE_BLOG_CANONICAL,https://chamanlawfirm.com/resources/blog/how-does-land-title-insurance-protect-property-owners-in-nigeria,canonical route,sitemap eligible,Sanity has approved public blog slug and canonical blog route
https://chamanlawfirm.com/how-does-land-title-regularization-affect-p,How Does Land Title Regularization Affect P,LIVE_BLOG_CANONICAL,https://chamanlawfirm.com/resources/blog/how-does-land-title-regularization-affect-p,canonical route,sitemap eligible,Sanity has approved public blog slug and canonical blog route
https://chamanlawfirm.com/how-does-the-land-ucapital-territory-federal,How Does The Land Ucapital Territory Federal,LIVE_BLOG_CANONICAL,https://chamanlawfirm.com/resources/blog/how-does-the-land-ucapital-territory-federal,canonical route,sitemap eligible,Sanity has approved public blog slug and canonical blog route
https://chamanlawfirm.com/how-does-the-land-use-act-address-the-issue-of-abandoned-properties-in-nigeria,How Does The Land Use Act Address The Issue Of Abandoned Properties In Nigeria,LIVE_BLOG_CANONICAL,https://chamanlawfirm.com/resources/blog/how-does-the-land-use-act-address-the-issue-of-abandoned-properties-in-nigeria,canonical route,sitemap eligible,Sanity has approved public blog slug and canonical blog route
https://chamanlawfirm.com/how-does-the-land-use-act-affect-forest-reserves,How Does The Land Use Act Affect Forest Reserves,LIVE_BLOG_CANONICAL,https://chamanlawfirm.com/resources/blog/how-does-the-land-use-act-affect-forest-reserves,canonical route,sitemap eligible,Sanity has approved public blog slug and canonical blog route
https://chamanlawfirm.com/how-does-the-land-use-act-affect-land-title,How Does The Land Use Act Affect Land Title,LIVE_BLOG_CANONICAL,https://chamanlawfirm.com/resources/blog/how-does-the-land-use-act-affect-land-title,canonical route,sitemap eligible,Sanity has approved public blog slug and canonical blog route
https://chamanlawfirm.com/how-does-the-land-use-act-influence-real-estate-development,How Does The Land Use Act Influence Real Estate Development,LIVE_BLOG_CANONICAL,https://chamanlawfirm.com/resources/blog/how-does-the-land-use-act-influence-real-estate-development,canonical route,sitemap eligible,Sanity has approved public blog slug and canonical blog route
https://chamanlawfirm.com/how-does-the-land-use-act-interact-with-the-petroleum-industry,How Does The Land Use Act Interact With The Petroleum Industry,LIVE_BLOG_CANONICAL,https://chamanlawfirm.com/resources/blog/how-does-the-land-use-act-interact-with-the-petroleum-industry,canonical route,sitemap eligible,Sanity has approved public blog slug and canonical blog route
https://chamanlawfirm.com/how-has-the-land-use-act-in-nigeria-e,How Has The Land Use Act In Nigeria E,LIVE_BLOG_CANONICAL,https://chamanlawfirm.com/resources/blog/how-has-the-land-use-act-in-nigeria-e,canonical route,sitemap eligible,Sanity has approved public blog slug and canonical blog route
https://chamanlawfirm.com/how-is-land-registry-practice-in-nigeria,How Is Land Registry Practice In Nigeria,LIVE_BLOG_CANONICAL,https://chamanlawfirm.com/resources/blog/how-is-land-registry-practice-in-nigeria,canonical route,sitemap eligible,Sanity has approved public blog slug and canonical blog route
https://chamanlawfirm.com/how-long-does-a-title-search-take-in-nigeria,How Long Does A Title Search Take In Nigeria,LIVE_BLOG_CANONICAL,https://chamanlawfirm.com/resources/blog/how-long-does-a-title-search-take-in-nigeria,canonical route,sitemap eligible,Sanity has approved public blog slug and canonical blog route
https://chamanlawfirm.com/how-long-does-it-take-to-get-c-of-o-in-ogun-sta,How Long Does It Take To Get C Of O In Ogun Sta,308_TO_RELEVANT_200,/practice-areas/property-real-estate-law/certificate-of-occupancy,configured one-hop,redirect source excluded from sitemap,configured one-hop redirect to relevant current route
https://chamanlawfirm.com/how-nigerian-courts-handle-electronic-evidence,How Nigerian Courts Handle Electronic Evidence,LIVE_BLOG_CANONICAL,https://chamanlawfirm.com/resources/blog/how-nigerian-courts-handle-electronic-evidence,configured one-hop,sitemap eligible,Sanity has approved public blog slug and canonical blog route
https://chamanlawfirm.com/how-to-acquire-citizenship-in-nigeria,How To Acquire Citizenship In Nigeria,LIVE_BLOG_CANONICAL,https://chamanlawfirm.com/resources/blog/how-to-acquire-citizenship-in-nigeria,canonical route,sitemap eligible,Sanity has approved public blog slug and canonical blog route
https://chamanlawfirm.com/how-to-alter-a-will,How To Alter A Will,LIVE_BLOG_CANONICAL,https://chamanlawfirm.com/resources/blog/how-to-alter-a-will,canonical route,sitemap eligible,Sanity has approved public blog slug and canonical blog route
https://chamanlawfirm.com/how-to-apply-and-get-a-governors-consent,How To Apply And Get A Governors Consent,308_TO_RELEVANT_200,/practice-areas/property-real-estate-law/governors-consent,configured one-hop,redirect source excluded from sitemap,configured one-hop redirect to relevant current route
https://chamanlawfirm.com/how-to-apply-for-and-get-a-certificate-of-occupancy-in-enugu-state-nigeria,How To Apply For And Get A Certificate Of Occupancy In Enugu State Nigeria,LIVE_BLOG_CANONICAL,https://chamanlawfirm.com/resources/blog/how-to-apply-for-and-get-a-certificate-of-occupancy-in-enugu-state-nigeria,canonical route,sitemap eligible,Sanity has approved public blog slug and canonical blog route
https://chamanlawfirm.com/how-to-apply-for-certificate-of-occupancy-in-lagos-state-nigeria,How To Apply For Certificate Of Occupancy In Lagos State Nigeria,LIVE_BLOG_CANONICAL,https://chamanlawfirm.com/resources/blog/how-to-apply-for-certificate-of-occupancy-in-lagos-state-nigeria,canonical route,sitemap eligible,Sanity has approved public blog slug and canonical blog route
https://chamanlawfirm.com/how-to-apply-for-certificate-of-occupancy-in-nigeria,How To Apply For Certificate Of Occupancy In Nigeria,LIVE_BLOG_CANONICAL,https://chamanlawfirm.com/resources/blog/how-to-apply-for-certificate-of-occupancy-in-nigeria,canonical route,sitemap eligible,Sanity has approved public blog slug and canonical blog route
https://chamanlawfirm.com/how-to-apply-for-letter-of-administration,How To Apply For Letter Of Administration,308_TO_RELEVANT_200,/practice-areas/probate-estate-administration,configured one-hop,redirect source excluded from sitemap,configured one-hop redirect to relevant current route
https://chamanlawfirm.com/how-to-appoint-a-company-secretary-in-nigeria,How To Appoint A Company Secretary In Nigeria,LIVE_BLOG_CANONICAL,https://chamanlawfirm.com/resources/blog/how-to-appoint-a-company-secretary-in-nigeria,configured one-hop,sitemap eligible,Sanity has approved public blog slug and canonical blog route
https://chamanlawfirm.com/how-to-be-a-good-property-lawyer,How To Be A Good Property Lawyer,LIVE_BLOG_CANONICAL,https://chamanlawfirm.com/resources/blog/how-to-be-a-good-property-lawyer,canonical route,sitemap eligible,Sanity has approved public blog slug and canonical blog route
https://chamanlawfirm.com/how-to-calculate-stamp-duty-chaman-law-firm,How To Calculate Stamp Duty Chaman Law Firm,LIVE_BLOG_CANONICAL,https://chamanlawfirm.com/resources/blog/how-to-calculate-stamp-duty-chaman-law-firm,configured one-hop,sitemap eligible,Sanity has approved public blog slug and canonical blog route
https://chamanlawfirm.com/how-to-change-name-with-deed-poll,How To Change Name With Deed Poll,LIVE_BLOG_CANONICAL,https://chamanlawfirm.com/resources/blog/how-to-change-name-with-deed-poll,configured one-hop,sitemap eligible,Sanity has approved public blog slug and canonical blog route
https://chamanlawfirm.com/how-to-check-if-a-property-title-is-genuine,How To Check If A Property Title Is Genuine,LIVE_BLOG_CANONICAL,https://chamanlawfirm.com/resources/blog/how-to-check-if-a-property-title-is-genuine,canonical route,sitemap eligible,Sanity has approved public blog slug and canonical blog route
https://chamanlawfirm.com/how-to-conduct-due-diligence-in-nigeria,How To Conduct Due Diligence In Nigeria,LIVE_BLOG_CANONICAL,https://chamanlawfirm.com/resources/blog/how-to-conduct-due-diligence-in-nigeria,canonical route,sitemap eligible,Sanity has approved public blog slug and canonical blog route
https://chamanlawfirm.com/how-to-conduct-search-at-land-registry,How To Conduct Search At Land Registry,LIVE_BLOG_CANONICAL,https://chamanlawfirm.com/resources/blog/how-to-conduct-search-at-land-registry,configured one-hop,sitemap eligible,Sanity has approved public blog slug and canonical blog route
https://chamanlawfirm.com/how-to-draft-a-commercial-contract-a-proven,How To Draft A Commercial Contract A Proven,LIVE_BLOG_CANONICAL,https://chamanlawfirm.com/resources/blog/how-to-draft-a-commercial-contract-a-proven,canonical route,sitemap eligible,Sanity has approved public blog slug and canonical blog route
https://chamanlawfirm.com/how-to-draft-legal-contract,How To Draft Legal Contract,308_TO_RELEVANT_200,/practice-areas/corporate-commercial-law,configured one-hop,redirect source excluded from sitemap,configured one-hop redirect to relevant current route
https://chamanlawfirm.com/how-to-file-complaint-against-police-officers-in-nigeria,How To File Complaint Against Police Officers In Nigeria,308_TO_RELEVANT_200,/practice-areas/litigation-dispute-resolution/police-complaint-and-rights-advisory,configured one-hop,redirect source excluded from sitemap,configured one-hop redirect to relevant current route
https://chamanlawfirm.com/how-to-file-for-child-custody-in-nigeria-a,How To File For Child Custody In Nigeria A,LIVE_BLOG_CANONICAL,https://chamanlawfirm.com/resources/blog/how-to-file-for-child-custody-in-nigeria-a,configured one-hop,sitemap eligible,Sanity has approved public blog slug and canonical blog route
https://chamanlawfirm.com/how-to-fix-mistakes-in-your-property-documents,How To Fix Mistakes In Your Property Documents,LIVE_BLOG_CANONICAL,https://chamanlawfirm.com/resources/blog/how-to-fix-mistakes-in-your-property-documents,canonical route,sitemap eligible,Sanity has approved public blog slug and canonical blog route
https://chamanlawfirm.com/how-to-get-international-passport-in-nigeria,How To Get International Passport In Nigeria,LIVE_BLOG_CANONICAL,https://chamanlawfirm.com/resources/blog/how-to-get-international-passport-in-nigeria,canonical route,sitemap eligible,Sanity has approved public blog slug and canonical blog route
https://chamanlawfirm.com/how-to-handle-land-encroachment-in-lagos,How To Handle Land Encroachment In Lagos,LIVE_BLOG_CANONICAL,https://chamanlawfirm.com/resources/blog/how-to-handle-land-encroachment-in-lagos,canonical route,sitemap eligible,Sanity has approved public blog slug and canonical blog route
https://chamanlawfirm.com/how-to-handle-land-grabbers-in-lagos,How To Handle Land Grabbers In Lagos,LIVE_BLOG_CANONICAL,https://chamanlawfirm.com/resources/blog/how-to-handle-land-grabbers-in-lagos,canonical route,sitemap eligible,Sanity has approved public blog slug and canonical blog route
https://chamanlawfirm.com/how-to-handle-land-grabbers-in-ogun-state,How To Handle Land Grabbers In Ogun State,LIVE_BLOG_CANONICAL,https://chamanlawfirm.com/resources/blog/how-to-handle-land-grabbers-in-ogun-state,canonical route,sitemap eligible,Sanity has approved public blog slug and canonical blog route
https://chamanlawfirm.com/how-to-increase-a-company-share,How To Increase A Company Share,LIVE_BLOG_CANONICAL,https://chamanlawfirm.com/resources/blog/how-to-increase-a-company-share,configured one-hop,sitemap eligible,Sanity has approved public blog slug and canonical blog route
https://chamanlawfirm.com/how-to-legalize-or-attest-a-document-in-nigeria,How To Legalize Or Attest A Document In Nigeria,308_TO_RELEVANT_200,/practice-areas/notary-public-services/document-legalization-and-attestation,configured one-hop,redirect source excluded from sitemap,configured one-hop redirect to relevant current route
https://chamanlawfirm.com/how-to-legally-subdivide-and-develop-land,How To Legally Subdivide And Develop Land,LIVE_BLOG_CANONICAL,https://chamanlawfirm.com/resources/blog/how-to-legally-subdivide-and-develop-land,configured one-hop,sitemap eligible,Sanity has approved public blog slug and canonical blog route
https://chamanlawfirm.com/how-to-legally-sublet-a-property-in-nigeria,How To Legally Sublet A Property In Nigeria,LIVE_BLOG_CANONICAL,https://chamanlawfirm.com/resources/blog/how-to-legally-sublet-a-property-in-nigeria,configured one-hop,sitemap eligible,Sanity has approved public blog slug and canonical blog route
https://chamanlawfirm.com/how-to-notarize-a-document-in-nigeria,How To Notarize A Document In Nigeria,LIVE_BLOG_CANONICAL,https://chamanlawfirm.com/resources/blog/how-to-notarize-a-document-in-nigeria,configured one-hop,sitemap eligible,Sanity has approved public blog slug and canonical blog route
https://chamanlawfirm.com/how-to-obtain-an-infant-visa-in-nigeria,How To Obtain An Infant Visa In Nigeria,LIVE_BLOG_CANONICAL,https://chamanlawfirm.com/resources/blog/how-to-obtain-an-infant-visa-in-nigeria,canonical route,sitemap eligible,Sanity has approved public blog slug and canonical blog route
https://chamanlawfirm.com/how-to-obtain-dual-citizenship-in-nigeria-a,How To Obtain Dual Citizenship In Nigeria A,LIVE_BLOG_CANONICAL,https://chamanlawfirm.com/resources/blog/how-to-obtain-dual-citizenship-in-nigeria-a,canonical route,sitemap eligible,Sanity has approved public blog slug and canonical blog route
https://chamanlawfirm.com/how-to-obtain-letter-of-administration-in-nigeria,How To Obtain Letter Of Administration In Nigeria,308_TO_RELEVANT_200,/practice-areas/probate-estate-administration,configured one-hop,redirect source excluded from sitemap,configured one-hop redirect to relevant current route
https://chamanlawfirm.com/how-to-obtain-standard-organisat-certificate,How To Obtain Standard Organisat Certificate,LIVE_BLOG_CANONICAL,https://chamanlawfirm.com/resources/blog/how-to-obtain-standard-organisat-certificate,canonical route,sitemap eligible,Sanity has approved public blog slug and canonical blog route
https://chamanlawfirm.com/how-to-obtain-tax-clearance-certificate,How To Obtain Tax Clearance Certificate,LIVE_BLOG_CANONICAL,https://chamanlawfirm.com/resources/blog/how-to-obtain-tax-clearance-certificate,configured one-hop,sitemap eligible,Sanity has approved public blog slug and canonical blog route
https://chamanlawfirm.com/how-to-open-a-company-bank-account-in-nigeria,How To Open A Company Bank Account In Nigeria,LIVE_BLOG_CANONICAL,https://chamanlawfirm.com/resources/blog/how-to-open-a-company-bank-account-in-nigeria,configured one-hop,sitemap eligible,Sanity has approved public blog slug and canonical blog route
https://chamanlawfirm.com/how-to-perfect-a-property-title-in-nigeria,How To Perfect A Property Title In Nigeria,LIVE_BLOG_CANONICAL,https://chamanlawfirm.com/resources/blog/how-to-perfect-a-property-title-in-nigeria,canonical route,sitemap eligible,Sanity has approved public blog slug and canonical blog route
https://chamanlawfirm.com/how-to-prove-ownership-of-land-in-nigeria,How To Prove Ownership Of Land In Nigeria,LIVE_BLOG_CANONICAL,https://chamanlawfirm.com/resources/blog/how-to-prove-ownership-of-land-in-nigeria,configured one-hop,sitemap eligible,Sanity has approved public blog slug and canonical blog route
https://chamanlawfirm.com/how-to-register-a-business-name-in-nigeria-2024,How To Register A Business Name In Nigeria 2024,308_TO_RELEVANT_200,/practice-areas/corporate-commercial-law/business-name-registration-advisory,configured one-hop,redirect source excluded from sitemap,configured one-hop redirect to relevant current route
https://chamanlawfirm.com/how-to-register-a-company-in-nigeria-2024,How To Register A Company In Nigeria 2024,LIVE_BLOG_CANONICAL,https://chamanlawfirm.com/resources/blog/how-to-register-a-company-in-nigeria-2024,canonical route,sitemap eligible,Sanity has approved public blog slug and canonical blog route
https://chamanlawfirm.com/how-to-register-a-deed-of-assignment-in-ogun,How To Register A Deed Of Assignment In Ogun,LIVE_BLOG_CANONICAL,https://chamanlawfirm.com/resources/blog/how-to-register-a-deed-of-assignment-in-ogun,canonical route,sitemap eligible,Sanity has approved public blog slug and canonical blog route
https://chamanlawfirm.com/how-to-register-a-tech-company-in-nigeria,How To Register A Tech Company In Nigeria,LIVE_BLOG_CANONICAL,https://chamanlawfirm.com/resources/blog/how-to-register-a-tech-company-in-nigeria,canonical route,sitemap eligible,Sanity has approved public blog slug and canonical blog route
https://chamanlawfirm.com/how-to-replace-a-lost-a-marriage-certificate,How To Replace A Lost A Marriage Certificate,LIVE_BLOG_CANONICAL,https://chamanlawfirm.com/resources/blog/how-to-replace-a-lost-a-marriage-certificate,configured one-hop,sitemap eligible,Sanity has approved public blog slug and canonical blog route
https://chamanlawfirm.com/how-to-secure-child-support-and-maintenance,How To Secure Child Support And Maintenance,LIVE_BLOG_CANONICAL,https://chamanlawfirm.com/resources/blog/how-to-secure-child-support-and-maintenance,configured one-hop,sitemap eligible,Sanity has approved public blog slug and canonical blog route
https://chamanlawfirm.com/how-to-start-a-private-lending-company,How To Start A Private Lending Company,LIVE_BLOG_CANONICAL,https://chamanlawfirm.com/resources/blog/how-to-start-a-private-lending-company,canonical route,sitemap eligible,Sanity has approved public blog slug and canonical blog route
https://chamanlawfirm.com/how-to-use-cac-public-search-for-your-business,How To Use Cac Public Search For Your Business,LIVE_BLOG_CANONICAL,https://chamanlawfirm.com/resources/blog/how-to-use-cac-public-search-for-your-business,configured one-hop,sitemap eligible,Sanity has approved public blog slug and canonical blog route
https://chamanlawfirm.com/how-to-verify-a-propertys-survey-plan-in-lagos,How To Verify A Propertys Survey Plan In Lagos,LIVE_BLOG_CANONICAL,https://chamanlawfirm.com/resources/blog/how-to-verify-a-propertys-survey-plan-in-lagos,canonical route,sitemap eligible,Sanity has approved public blog slug and canonical blog route
https://chamanlawfirm.com/how-to-verify-property-titles-in-nigeria,How To Verify Property Titles In Nigeria,LIVE_BLOG_CANONICAL,https://chamanlawfirm.com/resources/blog/how-to-verify-property-titles-in-nigeria,canonical route,sitemap eligible,Sanity has approved public blog slug and canonical blog route
https://chamanlawfirm.com/how-to-write-a-demand-letter,How To Write A Demand Letter,308_TO_RELEVANT_200,/practice-areas/debt-recovery/debt-demand-letter-advisory,configured one-hop,redirect source excluded from sitemap,configured one-hop redirect to relevant current route
https://chamanlawfirm.com/how-tohandle-land-disputes-withfamilymembers,How Tohandle Land Disputes Withfamilymembers,LIVE_BLOG_CANONICAL,https://chamanlawfirm.com/resources/blog/how-tohandle-land-disputes-withfamilymembers,canonical route,sitemap eligible,Sanity has approved public blog slug and canonical blog route
https://chamanlawfirm.com/immigration-law-at-chaman-law-firm,Immigration Law At Chaman Law Firm,LIVE_BLOG_CANONICAL,https://chamanlawfirm.com/resources/blog/immigration-law-at-chaman-law-firm,canonical route,sitemap eligible,Sanity has approved public blog slug and canonical blog route
https://chamanlawfirm.com/immigration-service-in-border-management,Immigration Service In Border Management,LIVE_BLOG_CANONICAL,https://chamanlawfirm.com/resources/blog/immigration-service-in-border-management,configured one-hop,sitemap eligible,Sanity has approved public blog slug and canonical blog route
https://chamanlawfirm.com/impact-of-regulatory-changes-on-business,Impact Of Regulatory Changes On Business,308_TO_RELEVANT_200,/practice-areas/corporate-commercial-law,configured one-hop,redirect source excluded from sitemap,configured one-hop redirect to relevant current route
https://chamanlawfirm.com/impact-of-trade-policies-on-nigerian-business,Impact Of Trade Policies On Nigerian Business,308_TO_RELEVANT_200,/practice-areas/corporate-commercial-law,configured one-hop,redirect source excluded from sitemap,configured one-hop redirect to relevant current route
https://chamanlawfirm.com/importance-of-covenants-in-a-tenancy-agreement,Importance Of Covenants In A Tenancy Agreement,LIVE_BLOG_CANONICAL,https://chamanlawfirm.com/resources/blog/importance-of-covenants-in-a-tenancy-agreement,configured one-hop,sitemap eligible,Sanity has approved public blog slug and canonical blog route
https://chamanlawfirm.com/individual-tax-clearance-certificate,Individual Tax Clearance Certificate,308_TO_RELEVANT_200,/practice-areas/corporate-commercial-law/tax-clearance-certificate,configured one-hop,redirect source excluded from sitemap,configured one-hop redirect to relevant current route
https://chamanlawfirm.com/inheritance-rights-of-step-children,Inheritance Rights Of Step Children,308_TO_RELEVANT_200,/practice-areas/probate-estate-administration/inheritance-rights-stepchildren-advisory,configured one-hop,redirect source excluded from sitemap,configured one-hop redirect to relevant current route
https://chamanlawfirm.com/insightful-overview-of-family-law-in-nigeria,Insightful Overview Of Family Law In Nigeria,LIVE_BLOG_CANONICAL,https://chamanlawfirm.com/resources/blog/insightful-overview-of-family-law-in-nigeria,configured one-hop,sitemap eligible,Sanity has approved public blog slug and canonical blog route
https://chamanlawfirm.com/insurance-in-construction-contracts,Insurance In Construction Contracts,LIVE_BLOG_CANONICAL,https://chamanlawfirm.com/resources/blog/insurance-in-construction-contracts,canonical route,sitemap eligible,Sanity has approved public blog slug and canonical blog route
https://chamanlawfirm.com/intellectual-property-in-franchise-operations,Intellectual Property In Franchise Operations,LIVE_BLOG_CANONICAL,https://chamanlawfirm.com/resources/blog/intellectual-property-in-franchise-operations,canonical route,sitemap eligible,Sanity has approved public blog slug and canonical blog route
https://chamanlawfirm.com/international-law-in-conflict-resolution,International Law In Conflict Resolution,LIVE_BLOG_CANONICAL,https://chamanlawfirm.com/resources/blog/international-law-in-conflict-resolution,canonical route,sitemap eligible,Sanity has approved public blog slug and canonical blog route
https://chamanlawfirm.com/invest-in-land-banking-or-developed-estates,Invest In Land Banking Or Developed Estates,LIVE_BLOG_CANONICAL,https://chamanlawfirm.com/resources/blog/invest-in-land-banking-or-developed-estates,canonical route,sitemap eligible,Sanity has approved public blog slug and canonical blog route
https://chamanlawfirm.com/investigating-title-in-property-transaction,Investigating Title In Property Transaction,LIVE_BLOG_CANONICAL,https://chamanlawfirm.com/resources/blog/investigating-title-in-property-transaction,canonical route,sitemap eligible,Sanity has approved public blog slug and canonical blog route
https://chamanlawfirm.com/investment-agreement-lawyer-in-nigeria-ensu,Investment Agreement Lawyer In Nigeria Ensu,LIVE_BLOG_CANONICAL,https://chamanlawfirm.com/resources/blog/investment-agreement-lawyer-in-nigeria-ensu,canonical route,sitemap eligible,Sanity has approved public blog slug and canonical blog route
https://chamanlawfirm.com/is-a-woman-a-property-to-be-inherited,Is A Woman A Property To Be Inherited,LIVE_BLOG_CANONICAL,https://chamanlawfirm.com/resources/blog/is-a-woman-a-property-to-be-inherited,canonical route,sitemap eligible,Sanity has approved public blog slug and canonical blog route
https://chamanlawfirm.com/is-foreign-marriage-under-the-nigerian-law,Is Foreign Marriage Under The Nigerian Law,LIVE_BLOG_CANONICAL,https://chamanlawfirm.com/resources/blog/is-foreign-marriage-under-the-nigerian-law,configured one-hop,sitemap eligible,Sanity has approved public blog slug and canonical blog route
https://chamanlawfirm.com/issues-land-grabbing-and-encroachment-in-nigeria,Issues Land Grabbing And Encroachment In Nigeria,308_TO_RELEVANT_200,/practice-areas/property-real-estate-law,configured one-hop,redirect source excluded from sitemap,configured one-hop redirect to relevant current route
https://chamanlawfirm.com/key-differences-explained-deeds-chaman-law-firm,Key Differences Explained Deeds Chaman Law Firm,LIVE_BLOG_CANONICAL,https://chamanlawfirm.com/resources/blog/key-differences-explained-deeds-chaman-law-firm,canonical route,sitemap eligible,Sanity has approved public blog slug and canonical blog route
https://chamanlawfirm.com/labour-and-employment-law-in-nigeria,Labour And Employment Law In Nigeria,308_TO_RELEVANT_200,/practice-areas/employment-law,configured one-hop,redirect source excluded from sitemap,configured one-hop redirect to relevant current route
https://chamanlawfirm.com/labour-relations-and-employment-law,Labour Relations And Employment Law,308_TO_RELEVANT_200,/practice-areas/employment-law,configured one-hop,redirect source excluded from sitemap,configured one-hop redirect to relevant current route
https://chamanlawfirm.com/labour-relations-in-nigerian-construction,Labour Relations In Nigerian Construction,308_TO_RELEVANT_200,/practice-areas/employment-law,configured one-hop,redirect source excluded from sitemap,configured one-hop redirect to relevant current route
https://chamanlawfirm.com/lagos-inheritance-law-explained-family-rights,Lagos Inheritance Law Explained Family Rights,LIVE_BLOG_CANONICAL,https://chamanlawfirm.com/resources/blog/lagos-inheritance-law-explained-family-rights,canonical route,sitemap eligible,Sanity has approved public blog slug and canonical blog route
https://chamanlawfirm.com/lagos-property-succession-how-to-transfer-ownership-after-a-death,Lagos Property Succession How To Transfer Ownership After A Death,LIVE_BLOG_CANONICAL,https://chamanlawfirm.com/resources/blog/lagos-property-succession-how-to-transfer-ownership-after-a-death,canonical route,sitemap eligible,Sanity has approved public blog slug and canonical blog route
https://chamanlawfirm.com/lagos-property-succession-without-a-will,Lagos Property Succession Without A Will,LIVE_BLOG_CANONICAL,https://chamanlawfirm.com/resources/blog/lagos-property-succession-without-a-will,canonical route,sitemap eligible,Sanity has approved public blog slug and canonical blog route
https://chamanlawfirm.com/land-allocation-for-coastal-and-marine-areas,Land Allocation For Coastal And Marine Areas,LIVE_BLOG_CANONICAL,https://chamanlawfirm.com/resources/blog/land-allocation-for-coastal-and-marine-areas,canonical route,sitemap eligible,Sanity has approved public blog slug and canonical blog route
https://chamanlawfirm.com/land-dispute-resolution-in-nigeria-court-system,Land Dispute Resolution In Nigeria Court System,LIVE_BLOG_CANONICAL,https://chamanlawfirm.com/resources/blog/land-dispute-resolution-in-nigeria-court-system,canonical route,sitemap eligible,Sanity has approved public blog slug and canonical blog route
https://chamanlawfirm.com/land-documentation-excision-vs-gazette,Land Documentation Excision Vs Gazette,LIVE_BLOG_CANONICAL,https://chamanlawfirm.com/resources/blog/land-documentation-excision-vs-gazette,configured one-hop,sitemap eligible,Sanity has approved public blog slug and canonical blog route
https://chamanlawfirm.com/land-encumbrances-and-burdens-be-addressed,Land Encumbrances And Burdens Be Addressed,LIVE_BLOG_CANONICAL,https://chamanlawfirm.com/resources/blog/land-encumbrances-and-burdens-be-addressed,canonical route,sitemap eligible,Sanity has approved public blog slug and canonical blog route
https://chamanlawfirm.com/land-grabbing-the-legal-consequences-of,Land Grabbing The Legal Consequences Of,308_TO_RELEVANT_200,/practice-areas/property-real-estate-law,configured one-hop,redirect source excluded from sitemap,configured one-hop redirect to relevant current route
https://chamanlawfirm.com/land-ownership-disputes-in-nigeria,Land Ownership Disputes In Nigeria,LIVE_BLOG_CANONICAL,https://chamanlawfirm.com/resources/blog/land-ownership-disputes-in-nigeria,configured one-hop,sitemap eligible,Sanity has approved public blog slug and canonical blog route
https://chamanlawfirm.com/land-record-keeping-ensure-accurate-land-titles,Land Record Keeping Ensure Accurate Land Titles,LIVE_BLOG_CANONICAL,https://chamanlawfirm.com/resources/blog/land-record-keeping-ensure-accurate-land-titles,canonical route,sitemap eligible,Sanity has approved public blog slug and canonical blog route
https://chamanlawfirm.com/land-registration-in-lagos,Land Registration In Lagos,LIVE_BLOG_CANONICAL,https://chamanlawfirm.com/resources/blog/land-registration-in-lagos,canonical route,sitemap eligible,Sanity has approved public blog slug and canonical blog route
https://chamanlawfirm.com/land-tenure-systems-coexist-with-statutory-land,Land Tenure Systems Coexist With Statutory Land,LIVE_BLOG_CANONICAL,https://chamanlawfirm.com/resources/blog/land-tenure-systems-coexist-with-statutory-land,canonical route,sitemap eligible,Sanity has approved public blog slug and canonical blog route
https://chamanlawfirm.com/land-tenures-and-customary-land-tenure-systems,Land Tenures And Customary Land Tenure Systems,LIVE_BLOG_CANONICAL,https://chamanlawfirm.com/resources/blog/land-tenures-and-customary-land-tenure-systems,configured one-hop,sitemap eligible,Sanity has approved public blog slug and canonical blog route
https://chamanlawfirm.com/land-titles-in-nigeria,Land Titles In Nigeria,LIVE_BLOG_CANONICAL,https://chamanlawfirm.com/resources/blog/land-titles-in-nigeria,canonical route,sitemap eligible,Sanity has approved public blog slug and canonical blog route
https://chamanlawfirm.com/land-use-act-and-its-role-in-land-allocation,Land Use Act And Its Role In Land Allocation,LIVE_BLOG_CANONICAL,https://chamanlawfirm.com/resources/blog/land-use-act-and-its-role-in-land-allocation,canonical route,sitemap eligible,Sanity has approved public blog slug and canonical blog route
https://chamanlawfirm.com/land-use-act-and-land-tenure-systems,Land Use Act And Land Tenure Systems,LIVE_BLOG_CANONICAL,https://chamanlawfirm.com/resources/blog/land-use-act-and-land-tenure-systems,canonical route,sitemap eligible,Sanity has approved public blog slug and canonical blog route
https://chamanlawfirm.com/land-use-act-impact-land-ownership-and-titles,Land Use Act Impact Land Ownership And Titles,LIVE_BLOG_CANONICAL,https://chamanlawfirm.com/resources/blog/land-use-act-impact-land-ownership-and-titles,canonical route,sitemap eligible,Sanity has approved public blog slug and canonical blog route
https://chamanlawfirm.com/land-use-act-in-nigeria,Land Use Act In Nigeria,LIVE_BLOG_CANONICAL,https://chamanlawfirm.com/resources/blog/land-use-act-in-nigeria,canonical route,sitemap eligible,Sanity has approved public blog slug and canonical blog route
https://chamanlawfirm.com/land-use-charge-in-ogun-state-chaman-law-firm,Land Use Charge In Ogun State Chaman Law Firm,LIVE_BLOG_CANONICAL,https://chamanlawfirm.com/resources/blog/land-use-charge-in-ogun-state-chaman-law-firm,canonical route,sitemap eligible,Sanity has approved public blog slug and canonical blog route
https://chamanlawfirm.com/land-use-planning-and-development-regulation,Land Use Planning And Development Regulation,LIVE_BLOG_CANONICAL,https://chamanlawfirm.com/resources/blog/land-use-planning-and-development-regulation,canonical route,sitemap eligible,Sanity has approved public blog slug and canonical blog route
https://chamanlawfirm.com/land-valuation-under-the-land-use-act,Land Valuation Under The Land Use Act,LIVE_BLOG_CANONICAL,https://chamanlawfirm.com/resources/blog/land-valuation-under-the-land-use-act,canonical route,sitemap eligible,Sanity has approved public blog slug and canonical blog route
https://chamanlawfirm.com/landlord-and-tenant-relationship,Landlord And Tenant Relationship,LIVE_BLOG_CANONICAL,https://chamanlawfirm.com/resources/blog/landlord-and-tenant-relationship,configured one-hop,sitemap eligible,Sanity has approved public blog slug and canonical blog route
https://chamanlawfirm.com/landlord-and-tenant-relationship-on-property,Landlord And Tenant Relationship On Property,LIVE_BLOG_CANONICAL,https://chamanlawfirm.com/resources/blog/landlord-and-tenant-relationship-on-property,canonical route,sitemap eligible,Sanity has approved public blog slug and canonical blog route
https://chamanlawfirm.com/landlord-and-tenant-rights-in-nigeria,Landlord And Tenant Rights In Nigeria,LIVE_BLOG_CANONICAL,https://chamanlawfirm.com/resources/blog/landlord-and-tenant-rights-in-nigeria,configured one-hop,sitemap eligible,Sanity has approved public blog slug and canonical blog route
https://chamanlawfirm.com/laspppa-what-it-is-and-why-it-matters-in-lagos,Laspppa What It Is And Why It Matters In Lagos,LIVE_BLOG_CANONICAL,https://chamanlawfirm.com/resources/blog/laspppa-what-it-is-and-why-it-matters-in-lagos,configured one-hop,sitemap eligible,Sanity has approved public blog slug and canonical blog route
https://chamanlawfirm.com/lawful-methods-to-recover-debt-in-nigeria,Lawful Methods To Recover Debt In Nigeria,LIVE_BLOG_CANONICAL,https://chamanlawfirm.com/resources/blog/lawful-methods-to-recover-debt-in-nigeria,canonical route,sitemap eligible,Sanity has approved public blog slug and canonical blog route
https://chamanlawfirm.com/lawyers-help-you-access-inherited-property,Lawyers Help You Access Inherited Property,LIVE_BLOG_CANONICAL,https://chamanlawfirm.com/resources/blog/lawyers-help-you-access-inherited-property,canonical route,sitemap eligible,Sanity has approved public blog slug and canonical blog route
https://chamanlawfirm.com/learn-how-to-draft-tenancy-agreement-in-ogun,Learn How To Draft Tenancy Agreement In Ogun,LIVE_BLOG_CANONICAL,https://chamanlawfirm.com/resources/blog/learn-how-to-draft-tenancy-agreement-in-ogun,canonical route,sitemap eligible,Sanity has approved public blog slug and canonical blog route
https://chamanlawfirm.com/legal-advice-for-expatriates-in-nigeria-ess,Legal Advice For Expatriates In Nigeria Ess,LIVE_BLOG_CANONICAL,https://chamanlawfirm.com/resources/blog/legal-advice-for-expatriates-in-nigeria-ess,canonical route,sitemap eligible,Sanity has approved public blog slug and canonical blog route
https://chamanlawfirm.com/legal-aspects-of-commercial-litigation,Legal Aspects Of Commercial Litigation,LIVE_BLOG_CANONICAL,https://chamanlawfirm.com/resources/blog/legal-aspects-of-commercial-litigation,canonical route,sitemap eligible,Sanity has approved public blog slug and canonical blog route
https://chamanlawfirm.com/legal-assistance-for-visa-appeals-5-step,Legal Assistance For Visa Appeals 5 Step,LIVE_BLOG_CANONICAL,https://chamanlawfirm.com/resources/blog/legal-assistance-for-visa-appeals-5-step,canonical route,sitemap eligible,Sanity has approved public blog slug and canonical blog route
https://chamanlawfirm.com/legal-bonds-of-marriage-in-nigeria,Legal Bonds Of Marriage In Nigeria,LIVE_BLOG_CANONICAL,https://chamanlawfirm.com/resources/blog/legal-bonds-of-marriage-in-nigeria,canonical route,sitemap eligible,Sanity has approved public blog slug and canonical blog route
https://chamanlawfirm.com/legal-implications-of-overstaying-a-visa-inn,Legal Implications Of Overstaying A Visa Inn,LIVE_BLOG_CANONICAL,https://chamanlawfirm.com/resources/blog/legal-implications-of-overstaying-a-visa-inn,canonical route,sitemap eligible,Sanity has approved public blog slug and canonical blog route
https://chamanlawfirm.com/legal-obligations-for-debt-collectors,Legal Obligations For Debt Collectors,LIVE_BLOG_CANONICAL,https://chamanlawfirm.com/resources/blog/legal-obligations-for-debt-collectors,configured one-hop,sitemap eligible,Sanity has approved public blog slug and canonical blog route
https://chamanlawfirm.com/legal-pitfalls-in-debt-recovery,Legal Pitfalls In Debt Recovery,LIVE_BLOG_CANONICAL,https://chamanlawfirm.com/resources/blog/legal-pitfalls-in-debt-recovery,canonical route,sitemap eligible,Sanity has approved public blog slug and canonical blog route
https://chamanlawfirm.com/legal-processes-of-transferring-property,Legal Processes Of Transferring Property,LIVE_BLOG_CANONICAL,https://chamanlawfirm.com/resources/blog/legal-processes-of-transferring-property,canonical route,sitemap eligible,Sanity has approved public blog slug and canonical blog route
https://chamanlawfirm.com/legal-processofobtaininga-deed-of-assignment,Legal Processofobtaininga Deed Of Assignment,LIVE_BLOG_CANONICAL,https://chamanlawfirm.com/resources/blog/legal-processofobtaininga-deed-of-assignment,configured one-hop,sitemap eligible,Sanity has approved public blog slug and canonical blog route
https://chamanlawfirm.com/legal-remedies-for-breach-of-contract,Legal Remedies For Breach Of Contract,LIVE_BLOG_CANONICAL,https://chamanlawfirm.com/resources/blog/legal-remedies-for-breach-of-contract,canonical route,sitemap eligible,Sanity has approved public blog slug and canonical blog route
https://chamanlawfirm.com/legal-remedies-for-breach-of-land-sale-contract,Legal Remedies For Breach Of Land Sale Contract,LIVE_BLOG_CANONICAL,https://chamanlawfirm.com/resources/blog/legal-remedies-for-breach-of-land-sale-contract,canonical route,sitemap eligible,Sanity has approved public blog slug and canonical blog route
https://chamanlawfirm.com/legal-requirements-for-land-purchase,Legal Requirements For Land Purchase,LIVE_BLOG_CANONICAL,https://chamanlawfirm.com/resources/blog/legal-requirements-for-land-purchase,canonical route,sitemap eligible,Sanity has approved public blog slug and canonical blog route
https://chamanlawfirm.com/legal-research-for-nigerian-litigation-cases,Legal Research For Nigerian Litigation Cases,LIVE_BLOG_CANONICAL,https://chamanlawfirm.com/resources/blog/legal-research-for-nigerian-litigation-cases,canonical route,sitemap eligible,Sanity has approved public blog slug and canonical blog route
https://chamanlawfirm.com/legal-restrictions-to-sale-of-land,Legal Restrictions To Sale Of Land,LIVE_BLOG_CANONICAL,https://chamanlawfirm.com/resources/blog/legal-restrictions-to-sale-of-land,configured one-hop,sitemap eligible,Sanity has approved public blog slug and canonical blog route
https://chamanlawfirm.com/legal-steps-to-perfecting-title-documents,Legal Steps To Perfecting Title Documents,LIVE_BLOG_CANONICAL,https://chamanlawfirm.com/resources/blog/legal-steps-to-perfecting-title-documents,canonical route,sitemap eligible,Sanity has approved public blog slug and canonical blog route
https://chamanlawfirm.com/legal-steps-to-take-when-our-land-has-been,Legal Steps To Take When Our Land Has Been,LIVE_BLOG_CANONICAL,https://chamanlawfirm.com/resources/blog/legal-steps-to-take-when-our-land-has-been,configured one-hop,sitemap eligible,Sanity has approved public blog slug and canonical blog route
https://chamanlawfirm.com/legalimplicationsof-co-ownership-of-property,Legalimplicationsof Co Ownership Of Property,LIVE_BLOG_CANONICAL,https://chamanlawfirm.com/resources/blog/legalimplicationsof-co-ownership-of-property,canonical route,sitemap eligible,Sanity has approved public blog slug and canonical blog route
https://chamanlawfirm.com/legalisation-authentication-of-marriage-certificate-in-nigeria,Legalisation Authentication Of Marriage Certificate In Nigeria,LIVE_BLOG_CANONICAL,https://chamanlawfirm.com/resources/blog/legalisation-authentication-of-marriage-certificate-in-nigeria,configured one-hop,sitemap eligible,Sanity has approved public blog slug and canonical blog route
https://chamanlawfirm.com/legally-binding-contracts,Legally Binding Contracts,LIVE_BLOG_CANONICAL,https://chamanlawfirm.com/resources/blog/legally-binding-contracts,canonical route,sitemap eligible,Sanity has approved public blog slug and canonical blog route
https://chamanlawfirm.com/legally-challenge-forged-land-documents-in-ogun,Legally Challenge Forged Land Documents In Ogun,LIVE_BLOG_CANONICAL,https://chamanlawfirm.com/resources/blog/legally-challenge-forged-land-documents-in-ogun,canonical route,sitemap eligible,Sanity has approved public blog slug and canonical blog route
https://chamanlawfirm.com/lekki-property-when-owner-dies-without-will,Lekki Property When Owner Dies Without Will,LIVE_BLOG_CANONICAL,https://chamanlawfirm.com/resources/blog/lekki-property-when-owner-dies-without-will,canonical route,sitemap eligible,Sanity has approved public blog slug and canonical blog route
https://chamanlawfirm.com/letter-of-administration-in-ogun-state,Letter Of Administration In Ogun State,308_TO_RELEVANT_200,/practice-areas/probate-estate-administration/letters-of-administration-ogun-state,configured one-hop,redirect source excluded from sitemap,configured one-hop redirect to relevant current route
https://chamanlawfirm.com/letter-of-administration-vs-grant-of-probate,Letter Of Administration Vs Grant Of Probate,LIVE_BLOG_CANONICAL,https://chamanlawfirm.com/resources/blog/letter-of-administration-vs-grant-of-probate,canonical route,sitemap eligible,Sanity has approved public blog slug and canonical blog route
https://chamanlawfirm.com/letters-of-administration-in-lagos-state,Letters Of Administration In Lagos State,LIVE_BLOG_CANONICAL,https://chamanlawfirm.com/resources/blog/letters-of-administration-in-lagos-state,canonical route,sitemap eligible,Sanity has approved public blog slug and canonical blog route
https://chamanlawfirm.com/limitations-to-testamentary-freedom,Limitations To Testamentary Freedom,308_TO_RELEVANT_200,/practice-areas/probate-estate-administration/testamentary-freedom-advisory,configured one-hop,redirect source excluded from sitemap,configured one-hop redirect to relevant current route
https://chamanlawfirm.com/managing-corporate-reputation,Managing Corporate Reputation,LIVE_BLOG_CANONICAL,https://chamanlawfirm.com/resources/blog/managing-corporate-reputation,canonical route,sitemap eligible,Sanity has approved public blog slug and canonical blog route
https://chamanlawfirm.com/maritime-contracts-in-nigeria,Maritime Contracts In Nigeria,LIVE_BLOG_CANONICAL,https://chamanlawfirm.com/resources/blog/maritime-contracts-in-nigeria,canonical route,sitemap eligible,Sanity has approved public blog slug and canonical blog route
https://chamanlawfirm.com/mastering-nigeria-law-for-contract-an-in,Mastering Nigeria Law For Contract An In,LIVE_BLOG_CANONICAL,https://chamanlawfirm.com/resources/blog/mastering-nigeria-law-for-contract-an-in,canonical route,sitemap eligible,Sanity has approved public blog slug and canonical blog route
https://chamanlawfirm.com/mastering-nigerian-company-law-essentialstep,Mastering Nigerian Company Law Essentialstep,LIVE_BLOG_CANONICAL,https://chamanlawfirm.com/resources/blog/mastering-nigerian-company-law-essentialstep,canonical route,sitemap eligible,Sanity has approved public blog slug and canonical blog route
https://chamanlawfirm.com/matrimonial-reliefs-in-nigeria,Matrimonial Reliefs In Nigeria,LIVE_BLOG_CANONICAL,https://chamanlawfirm.com/resources/blog/matrimonial-reliefs-in-nigeria,canonical route,sitemap eligible,Sanity has approved public blog slug and canonical blog route
https://chamanlawfirm.com/maxims-of-equity,Maxims Of Equity,LIVE_BLOG_CANONICAL,https://chamanlawfirm.com/resources/blog/maxims-of-equity,canonical route,sitemap eligible,Sanity has approved public blog slug and canonical blog route
https://chamanlawfirm.com/mechanisms-for-the-childs-rights-act,Mechanisms For The Childs Rights Act,LIVE_BLOG_CANONICAL,https://chamanlawfirm.com/resources/blog/mechanisms-for-the-childs-rights-act,canonical route,sitemap eligible,Sanity has approved public blog slug and canonical blog route
https://chamanlawfirm.com/methods-of-transfer-of-shares,Methods Of Transfer Of Shares,308_TO_RELEVANT_200,/practice-areas/corporate-commercial-law/share-transfer,configured one-hop,redirect source excluded from sitemap,configured one-hop redirect to relevant current route
https://chamanlawfirm.com/minority-protection-rights-and-remedies,Minority Protection Rights And Remedies,LIVE_BLOG_CANONICAL,https://chamanlawfirm.com/resources/blog/minority-protection-rights-and-remedies,canonical route,sitemap eligible,Sanity has approved public blog slug and canonical blog route
https://chamanlawfirm.com/modernizing-customary-marriage,Modernizing Customary Marriage,LIVE_BLOG_CANONICAL,https://chamanlawfirm.com/resources/blog/modernizing-customary-marriage,canonical route,sitemap eligible,Sanity has approved public blog slug and canonical blog route
https://chamanlawfirm.com/navigating-the-probate-registry-in-ogun-state,Navigating The Probate Registry In Ogun State,LIVE_BLOG_CANONICAL,https://chamanlawfirm.com/resources/blog/navigating-the-probate-registry-in-ogun-state,canonical route,sitemap eligible,Sanity has approved public blog slug and canonical blog route
https://chamanlawfirm.com/newblogpost-ztnezvare-non-resident-companies-liable-to-tax-in-nigeria,Newblogpost Ztnezvare Non Resident Companies Liable To Tax In Nigeria,LIVE_BLOG_CANONICAL,https://chamanlawfirm.com/resources/blog/newblogpost-ztnezvare-non-resident-companies-liable-to-tax-in-nigeria,canonical route,sitemap eligible,Sanity has approved public blog slug and canonical blog route
https://chamanlawfirm.com/nigeria-prohibited-items-list,Nigeria Prohibited Items List,LIVE_BLOG_CANONICAL,https://chamanlawfirm.com/resources/blog/nigeria-prohibited-items-list,canonical route,sitemap eligible,Sanity has approved public blog slug and canonical blog route
https://chamanlawfirm.com/nigeria-visa-on-arrival-policy-eligibility,Nigeria Visa On Arrival Policy Eligibility,LIVE_BLOG_CANONICAL,https://chamanlawfirm.com/resources/blog/nigeria-visa-on-arrival-policy-eligibility,canonical route,sitemap eligible,Sanity has approved public blog slug and canonical blog route
https://chamanlawfirm.com/nigerian-courts-handle-class-action-lawsuits,Nigerian Courts Handle Class Action Lawsuits,LIVE_BLOG_CANONICAL,https://chamanlawfirm.com/resources/blog/nigerian-courts-handle-class-action-lawsuits,canonical route,sitemap eligible,Sanity has approved public blog slug and canonical blog route
https://chamanlawfirm.com/nigerian-shipping-contracts,Nigerian Shipping Contracts,LIVE_BLOG_CANONICAL,https://chamanlawfirm.com/resources/blog/nigerian-shipping-contracts,configured one-hop,sitemap eligible,Sanity has approved public blog slug and canonical blog route
https://chamanlawfirm.com/nigerian-visa-requirements-and-legal-guide,Nigerian Visa Requirements And Legal Guide,308_TO_RELEVANT_200,/practice-areas/immigration-services,configured one-hop,redirect source excluded from sitemap,configured one-hop redirect to relevant current route
https://chamanlawfirm.com/notary-services-chaman-law-firm,Notary Services Chaman Law Firm,LIVE_BLOG_CANONICAL,https://chamanlawfirm.com/resources/blog/notary-services-chaman-law-firm,configured one-hop,sitemap eligible,Sanity has approved public blog slug and canonical blog route
https://chamanlawfirm.com/obtain-a-certificate-of-occupancy-chaman-law,Obtain A Certificate Of Occupancy Chaman Law,LIVE_BLOG_CANONICAL,https://chamanlawfirm.com/resources/blog/obtain-a-certificate-of-occupancy-chaman-law,canonical route,sitemap eligible,Sanity has approved public blog slug and canonical blog route
https://chamanlawfirm.com/obtain-letter-of-administration,Obtain Letter Of Administration,308_TO_RELEVANT_200,/practice-areas/probate-estate-administration,configured one-hop,redirect source excluded from sitemap,configured one-hop redirect to relevant current route
https://chamanlawfirm.com/obtaining-a-c-of-o-in-ogun-state,Obtaining A C Of O In Ogun State,308_TO_RELEVANT_200,/resources/blog/how-do-i-obtain-a-certificate-of-occupancy,configured one-hop,redirect source excluded from sitemap,configured one-hop redirect to relevant current route
https://chamanlawfirm.com/obtaining-a-certificate-of-occupancy-c-of-o,Obtaining A Certificate Of Occupancy C Of O,308_TO_RELEVANT_200,/resources/blog/how-do-i-obtain-a-certificate-of-occupancy,configured one-hop,redirect source excluded from sitemap,configured one-hop redirect to relevant current route
https://chamanlawfirm.com/obtaining-a-certificate-of-occupancy-in-lagos,Obtaining A Certificate Of Occupancy In Lagos,LIVE_BLOG_CANONICAL,https://chamanlawfirm.com/resources/blog/obtaining-a-certificate-of-occupancy-in-lagos,canonical route,sitemap eligible,Sanity has approved public blog slug and canonical blog route
https://chamanlawfirm.com/obtaining-governor-consent-for-land-transactions,Obtaining Governor Consent For Land Transactions,LIVE_BLOG_CANONICAL,https://chamanlawfirm.com/resources/blog/obtaining-governor-consent-for-land-transactions,configured one-hop,sitemap eligible,Sanity has approved public blog slug and canonical blog route
https://chamanlawfirm.com/obtaining-land-titles-in-rural-areas,Obtaining Land Titles In Rural Areas,LIVE_BLOG_CANONICAL,https://chamanlawfirm.com/resources/blog/obtaining-land-titles-in-rural-areas,canonical route,sitemap eligible,Sanity has approved public blog slug and canonical blog route
https://chamanlawfirm.com/of-immigration-compliance-lawyers,Of Immigration Compliance Lawyers,LIVE_BLOG_CANONICAL,https://chamanlawfirm.com/resources/blog/of-immigration-compliance-lawyers,canonical route,sitemap eligible,Sanity has approved public blog slug and canonical blog route
https://chamanlawfirm.com/of-the-securities-and-exchange-commission,Of The Securities And Exchange Commission,308_TO_RELEVANT_200,/practice-areas/corporate-commercial-law/securities-regulatory-compliance,configured one-hop,redirect source excluded from sitemap,configured one-hop redirect to relevant current route
https://chamanlawfirm.com/or-filing-interlocutory-applications,Or Filing Interlocutory Applications,308_TO_RELEVANT_200,/practice-areas/litigation-dispute-resolution/interlocutory-applications-advisory,configured one-hop,redirect source excluded from sitemap,configured one-hop redirect to relevant current route
https://chamanlawfirm.com/overview-of-citizenship-in-nigeria,Overview Of Citizenship In Nigeria,LIVE_BLOG_CANONICAL,https://chamanlawfirm.com/resources/blog/overview-of-citizenship-in-nigeria,configured one-hop,sitemap eligible,Sanity has approved public blog slug and canonical blog route
https://chamanlawfirm.com/overview-of-statutory-marriage-in-nigeria,Overview Of Statutory Marriage In Nigeria,LIVE_BLOG_CANONICAL,https://chamanlawfirm.com/resources/blog/overview-of-statutory-marriage-in-nigeria,configured one-hop,sitemap eligible,Sanity has approved public blog slug and canonical blog route
https://chamanlawfirm.com/overview-of-the-concept-recovery-of-premises,Overview Of The Concept Recovery Of Premises,308_TO_RELEVANT_200,/practice-areas/property-real-estate-law,configured one-hop,redirect source excluded from sitemap,configured one-hop redirect to relevant current route
https://chamanlawfirm.com/piracy-and-its-burden-on-copyright,Piracy And Its Burden On Copyright,LIVE_BLOG_CANONICAL,https://chamanlawfirm.com/resources/blog/piracy-and-its-burden-on-copyright,canonical route,sitemap eligible,Sanity has approved public blog slug and canonical blog route
https://chamanlawfirm.com/pohistory-of-legal-profession-in-nigeria,Pohistory Of Legal Profession In Nigeria,LIVE_BLOG_CANONICAL,https://chamanlawfirm.com/resources/blog/pohistory-of-legal-profession-in-nigeria,canonical route,sitemap eligible,Sanity has approved public blog slug and canonical blog route
https://chamanlawfirm.com/police-clearance-certificate-pcc-in-nigeria,Police Clearance Certificate Pcc In Nigeria,LIVE_BLOG_CANONICAL,https://chamanlawfirm.com/resources/blog/police-clearance-certificate-pcc-in-nigeria,canonical route,sitemap eligible,Sanity has approved public blog slug and canonical blog route
https://chamanlawfirm.com/police-prosecution-in-nigerian-courts,Police Prosecution In Nigerian Courts,LIVE_BLOG_CANONICAL,https://chamanlawfirm.com/resources/blog/police-prosecution-in-nigerian-courts,canonical route,sitemap eligible,Sanity has approved public blog slug and canonical blog route
https://chamanlawfirm.com/polygamy-and-multiple-marriages-in-nigeria,Polygamy And Multiple Marriages In Nigeria,308_TO_RELEVANT_200,/practice-areas/family-law,configured one-hop,redirect source excluded from sitemap,configured one-hop redirect to relevant current route
https://chamanlawfirm.com/poven-steps-on-what-are-the-stages-of-mediation,Poven Steps On What Are The Stages Of Mediation,308_TO_RELEVANT_200,/practice-areas/adr-mediation,configured one-hop,redirect source excluded from sitemap,configured one-hop redirect to relevant current route
https://chamanlawfirm.com/powerful-step-buying-family-land-in-lagos,Powerful Step Buying Family Land In Lagos,LIVE_BLOG_CANONICAL,https://chamanlawfirm.com/resources/blog/powerful-step-buying-family-land-in-lagos,canonical route,sitemap eligible,Sanity has approved public blog slug and canonical blog route
https://chamanlawfirm.com/powerful-steps-land-surveyors-contribute,Powerful Steps Land Surveyors Contribute,LIVE_BLOG_CANONICAL,https://chamanlawfirm.com/resources/blog/powerful-steps-land-surveyors-contribute,canonical route,sitemap eligible,Sanity has approved public blog slug and canonical blog route
https://chamanlawfirm.com/powerful-steps-nimasacertificate,Powerful Steps Nimasacertificate,LIVE_BLOG_CANONICAL,https://chamanlawfirm.com/resources/blog/powerful-steps-nimasacertificate,canonical route,sitemap eligible,Sanity has approved public blog slug and canonical blog route
https://chamanlawfirm.com/powerful-steps-sources-of-tax-law-in-nigeria,Powerful Steps Sources Of Tax Law In Nigeria,308_TO_RELEVANT_200,/practice-areas/corporate-commercial-law,configured one-hop,redirect source excluded from sitemap,configured one-hop redirect to relevant current route
https://chamanlawfirm.com/powerful-steps-valid-survey,Powerful Steps Valid Survey,308_TO_RELEVANT_200,/practice-areas/property-real-estate-law,configured one-hop,redirect source excluded from sitemap,configured one-hop redirect to relevant current route
https://chamanlawfirm.com/powerful-steps-what-is-trespass-to-land,Powerful Steps What Is Trespass To Land,308_TO_RELEVANT_200,/practice-areas/property-real-estate-law,configured one-hop,redirect source excluded from sitemap,configured one-hop redirect to relevant current route
https://chamanlawfirm.com/powerful-steps-what-is-trespass-to-land-2,Powerful Steps What Is Trespass To Land 2,LIVE_BLOG_CANONICAL,https://chamanlawfirm.com/resources/blog/powerful-steps-what-is-trespass-to-land-2,configured one-hop,sitemap eligible,Sanity has approved public blog slug and canonical blog route
https://chamanlawfirm.com/powerful-ways-on-property-ownership-in-nigeria,Powerful Ways On Property Ownership In Nigeria,LIVE_BLOG_CANONICAL,https://chamanlawfirm.com/resources/blog/powerful-ways-on-property-ownership-in-nigeria,canonical route,sitemap eligible,Sanity has approved public blog slug and canonical blog route
https://chamanlawfirm.com/priority-in-entitlement,Priority In Entitlement,LIVE_BLOG_CANONICAL,https://chamanlawfirm.com/resources/blog/priority-in-entitlement,canonical route,sitemap eligible,Sanity has approved public blog slug and canonical blog route
https://chamanlawfirm.com/probate-for-a-deceased-estate-in-nigeria,Probate For A Deceased Estate In Nigeria,LIVE_BLOG_CANONICAL,https://chamanlawfirm.com/resources/blog/probate-for-a-deceased-estate-in-nigeria,canonical route,sitemap eligible,Sanity has approved public blog slug and canonical blog route
https://chamanlawfirm.com/probate-in-lagos-everything-you-need-to-know,Probate In Lagos Everything You Need To Know,308_TO_RELEVANT_200,/practice-areas/probate-estate-administration/probate-in-lagos-everything-you-need-to-know,configured one-hop,redirect source excluded from sitemap,configured one-hop redirect to relevant current route
https://chamanlawfirm.com/probate-vs-letter-of-administration-in-nigeria-key-differences-you-must-know,Probate Vs Letter Of Administration In Nigeria Key Differences You Must Know,308_TO_RELEVANT_200,/practice-areas/probate-estate-administration/probate-in-lagos-everything-you-need-to-know,configured one-hop,redirect source excluded from sitemap,configured one-hop redirect to relevant current route
https://chamanlawfirm.com/procedure-for-company-registration-in-nigeria,Procedure For Company Registration In Nigeria,LIVE_BLOG_CANONICAL,https://chamanlawfirm.com/resources/blog/procedure-for-company-registration-in-nigeria,canonical route,sitemap eligible,Sanity has approved public blog slug and canonical blog route
https://chamanlawfirm.com/procedure-for-ejecting-a-squatter-in-lagos,Procedure For Ejecting A Squatter In Lagos,308_TO_RELEVANT_200,/practice-areas/property-real-estate-law/property-dispute-and-squatter-advisory,configured one-hop,redirect source excluded from sitemap,configured one-hop redirect to relevant current route
https://chamanlawfirm.com/procedure-for-mergers-and-acquisitions-in-nigeria,Procedure For Mergers And Acquisitions In Nigeria,308_TO_RELEVANT_200,/practice-areas/corporate-commercial-law/mergers-and-acquisitions-advisory,configured one-hop,redirect source excluded from sitemap,configured one-hop redirect to relevant current route
https://chamanlawfirm.com/procedures-for-land-registration-in-nigeria,Procedures For Land Registration In Nigeria,LIVE_BLOG_CANONICAL,https://chamanlawfirm.com/resources/blog/procedures-for-land-registration-in-nigeria,canonical route,sitemap eligible,Sanity has approved public blog slug and canonical blog route
https://chamanlawfirm.com/procedures-for-making-a-will-in-nigeria,Procedures For Making A Will In Nigeria,LIVE_BLOG_CANONICAL,https://chamanlawfirm.com/resources/blog/procedures-for-making-a-will-in-nigeria,canonical route,sitemap eligible,Sanity has approved public blog slug and canonical blog route
https://chamanlawfirm.com/proper-steps-to-eviction-of-tenants,Proper Steps To Eviction Of Tenants,LIVE_BLOG_CANONICAL,https://chamanlawfirm.com/resources/blog/proper-steps-to-eviction-of-tenants,configured one-hop,sitemap eligible,Sanity has approved public blog slug and canonical blog route
https://chamanlawfirm.com/property-how-to-place-a-caveat,Property How To Place A Caveat,308_TO_RELEVANT_200,/practice-areas/property-real-estate-law,configured one-hop,redirect source excluded from sitemap,configured one-hop redirect to relevant current route
https://chamanlawfirm.com/property-insurance-in-nigeria,Property Insurance In Nigeria,LIVE_BLOG_CANONICAL,https://chamanlawfirm.com/resources/blog/property-insurance-in-nigeria,configured one-hop,sitemap eligible,Sanity has approved public blog slug and canonical blog route
https://chamanlawfirm.com/property-ownership-structures-in-nigeria,Property Ownership Structures In Nigeria,LIVE_BLOG_CANONICAL,https://chamanlawfirm.com/resources/blog/property-ownership-structures-in-nigeria,canonical route,sitemap eligible,Sanity has approved public blog slug and canonical blog route
https://chamanlawfirm.com/property-with-existing-tenants-in-nigeria,Property With Existing Tenants In Nigeria,LIVE_BLOG_CANONICAL,https://chamanlawfirm.com/resources/blog/property-with-existing-tenants-in-nigeria,configured one-hop,sitemap eligible,Sanity has approved public blog slug and canonical blog route
https://chamanlawfirm.com/proven-steps-how-to-file-patent-in-nigeria,Proven Steps How To File Patent In Nigeria,LIVE_BLOG_CANONICAL,https://chamanlawfirm.com/resources/blog/proven-steps-how-to-file-patent-in-nigeria,canonical route,sitemap eligible,Sanity has approved public blog slug and canonical blog route
https://chamanlawfirm.com/proven-steps-on-capacity-to-make-a-will,Proven Steps On Capacity To Make A Will,LIVE_BLOG_CANONICAL,https://chamanlawfirm.com/resources/blog/proven-steps-on-capacity-to-make-a-will,canonical route,sitemap eligible,Sanity has approved public blog slug and canonical blog route
https://chamanlawfirm.com/proven-steps-on-land-allocation-and-ownership,Proven Steps On Land Allocation And Ownership,LIVE_BLOG_CANONICAL,https://chamanlawfirm.com/resources/blog/proven-steps-on-land-allocation-and-ownership,canonical route,sitemap eligible,Sanity has approved public blog slug and canonical blog route
https://chamanlawfirm.com/proven-steps-qualities-of-good-mediator,Proven Steps Qualities Of Good Mediator,308_TO_RELEVANT_200,/practice-areas/adr-mediation/mediator-selection-and-quality-advisory,configured one-hop,redirect source excluded from sitemap,configured one-hop redirect to relevant current route
https://chamanlawfirm.com/proven-steps-the-canons-of-interpretation,Proven Steps The Canons Of Interpretation,LIVE_BLOG_CANONICAL,https://chamanlawfirm.com/resources/blog/proven-steps-the-canons-of-interpretation,canonical route,sitemap eligible,Sanity has approved public blog slug and canonical blog route
https://chamanlawfirm.com/real-estate-and-property-law,Real Estate And Property Law,LIVE_BLOG_CANONICAL,https://chamanlawfirm.com/resources/blog/real-estate-and-property-law,configured one-hop,sitemap eligible,Sanity has approved public blog slug and canonical blog route
https://chamanlawfirm.com/real-estate-contracts,Real Estate Contracts,LIVE_BLOG_CANONICAL,https://chamanlawfirm.com/resources/blog/real-estate-contracts,canonical route,sitemap eligible,Sanity has approved public blog slug and canonical blog route
https://chamanlawfirm.com/real-estate-taxes-in-nigeria-transactions,Real Estate Taxes In Nigeria Transactions,LIVE_BLOG_CANONICAL,https://chamanlawfirm.com/resources/blog/real-estate-taxes-in-nigeria-transactions,canonical route,sitemap eligible,Sanity has approved public blog slug and canonical blog route
https://chamanlawfirm.com/reasons-yourland-title-verification-may-fail,Reasons Yourland Title Verification May Fail,LIVE_BLOG_CANONICAL,https://chamanlawfirm.com/resources/blog/reasons-yourland-title-verification-may-fail,canonical route,sitemap eligible,Sanity has approved public blog slug and canonical blog route
https://chamanlawfirm.com/recovery-of-premises,Recovery Of Premises,LIVE_BLOG_CANONICAL,https://chamanlawfirm.com/resources/blog/recovery-of-premises,canonical route,sitemap eligible,Sanity has approved public blog slug and canonical blog route
https://chamanlawfirm.com/regarding-the-custody-of-a-child,Regarding The Custody Of A Child,LIVE_BLOG_CANONICAL,https://chamanlawfirm.com/resources/blog/regarding-the-custody-of-a-child,canonical route,sitemap eligible,Sanity has approved public blog slug and canonical blog route
https://chamanlawfirm.com/register-your-company-with-cac-in-nigeria,Register Your Company With Cac In Nigeria,LIVE_BLOG_CANONICAL,https://chamanlawfirm.com/resources/blog/register-your-company-with-cac-in-nigeria,canonical route,sitemap eligible,Sanity has approved public blog slug and canonical blog route
https://chamanlawfirm.com/registering-a-private-security-company,Registering A Private Security Company,LIVE_BLOG_CANONICAL,https://chamanlawfirm.com/resources/blog/registering-a-private-security-company,configured one-hop,sitemap eligible,Sanity has approved public blog slug and canonical blog route
https://chamanlawfirm.com/registering-property-titles-in-nigeria,Registering Property Titles In Nigeria,308_TO_RELEVANT_200,/practice-areas/property-real-estate-law/land-registration,configured one-hop,redirect source excluded from sitemap,configured one-hop redirect to relevant current route
https://chamanlawfirm.com/registration-of-a-money-lending-company,Registration Of A Money Lending Company,LIVE_BLOG_CANONICAL,https://chamanlawfirm.com/resources/blog/registration-of-a-money-lending-company,configured one-hop,sitemap eligible,Sanity has approved public blog slug and canonical blog route
https://chamanlawfirm.com/registration-of-deed-of-assignment-in-nigeria,Registration Of Deed Of Assignment In Nigeria,LIVE_BLOG_CANONICAL,https://chamanlawfirm.com/resources/blog/registration-of-deed-of-assignment-in-nigeria,configured one-hop,sitemap eligible,Sanity has approved public blog slug and canonical blog route
https://chamanlawfirm.com/regulations-understanding-of-nigerian-employment,Regulations Understanding Of Nigerian Employment,308_TO_RELEVANT_200,/practice-areas/employment-law/workplace-compliance-advisory,configured one-hop,redirect source excluded from sitemap,configured one-hop redirect to relevant current route
https://chamanlawfirm.com/remedies-for-breach-of-maritime-contracts,Remedies For Breach Of Maritime Contracts,LIVE_BLOG_CANONICAL,https://chamanlawfirm.com/resources/blog/remedies-for-breach-of-maritime-contracts,canonical route,sitemap eligible,Sanity has approved public blog slug and canonical blog route
https://chamanlawfirm.com/remedies-for-breach-of-property-contracts-in-lagos-a-legal-guide,Remedies For Breach Of Property Contracts In Lagos A Legal Guide,LIVE_BLOG_CANONICAL,https://chamanlawfirm.com/resources/blog/remedies-for-breach-of-property-contracts-in-lagos-a-legal-guide,canonical route,sitemap eligible,Sanity has approved public blog slug and canonical blog route
https://chamanlawfirm.com/requirements-for-starting-a-business-in-nigeria,Requirements For Starting A Business In Nigeria,308_TO_RELEVANT_200,/practice-areas/corporate-commercial-law/company-startup-compliance-advisory,configured one-hop,redirect source excluded from sitemap,configured one-hop redirect to relevant current route
https://chamanlawfirm.com/review-of-corporate-affairs-commission-share-capital-for-company-registration-in-nigeria,Review Of Corporate Affairs Commission Share Capital For Company Registration In Nigeria,LIVE_BLOG_CANONICAL,https://chamanlawfirm.com/resources/blog/review-of-corporate-affairs-commission-share-capital-for-company-registration-in-nigeria,canonical route,sitemap eligible,Sanity has approved public blog slug and canonical blog route
https://chamanlawfirm.com/revocation-of-power-of-attorney,Revocation Of Power Of Attorney,LIVE_BLOG_CANONICAL,https://chamanlawfirm.com/resources/blog/revocation-of-power-of-attorney,canonical route,sitemap eligible,Sanity has approved public blog slug and canonical blog route
https://chamanlawfirm.com/rights-of-children-born-outside-wedlock,Rights Of Children Born Outside Wedlock,308_TO_RELEVANT_200,/resources/blog/rights-of-children-born-outside-wedlock,configured one-hop,redirect source excluded from sitemap,configured one-hop redirect to relevant current route
https://chamanlawfirm.com/rights-of-parties-to-a-mortgage,Rights Of Parties To A Mortgage,LIVE_BLOG_CANONICAL,https://chamanlawfirm.com/resources/blog/rights-of-parties-to-a-mortgage,configured one-hop,sitemap eligible,Sanity has approved public blog slug and canonical blog route
https://chamanlawfirm.com/rights-of-tenants-in-ogun-chaman-law-firm,Rights Of Tenants In Ogun Chaman Law Firm,LIVE_BLOG_CANONICAL,https://chamanlawfirm.com/resources/blog/rights-of-tenants-in-ogun-chaman-law-firm,configured one-hop,sitemap eligible,Sanity has approved public blog slug and canonical blog route
https://chamanlawfirm.com/risk-management-strategies-for-real-estate-investment-in-nigeria,Risk Management Strategies For Real Estate Investment In Nigeria,LIVE_BLOG_CANONICAL,https://chamanlawfirm.com/resources/blog/risk-management-strategies-for-real-estate-investment-in-nigeria,canonical route,sitemap eligible,Sanity has approved public blog slug and canonical blog route
https://chamanlawfirm.com/role-of-community-leaders-in-land-allocation,Role Of Community Leaders In Land Allocation,LIVE_BLOG_CANONICAL,https://chamanlawfirm.com/resources/blog/role-of-community-leaders-in-land-allocation,canonical route,sitemap eligible,Sanity has approved public blog slug and canonical blog route
https://chamanlawfirm.com/role-of-shareholder-in-corporate-decision-making,Role Of Shareholder In Corporate Decision Making,308_TO_RELEVANT_200,/practice-areas/corporate-commercial-law/shareholder-decision-making-advisory,configured one-hop,redirect source excluded from sitemap,configured one-hop redirect to relevant current route
https://chamanlawfirm.com/role-of-stamp-duty-in-property-transactions,Role Of Stamp Duty In Property Transactions,LIVE_BLOG_CANONICAL,https://chamanlawfirm.com/resources/blog/role-of-stamp-duty-in-property-transactions,configured one-hop,sitemap eligible,Sanity has approved public blog slug and canonical blog route
https://chamanlawfirm.com/roles-of-a-cybercrime-lawyer-in-nigeria,Roles Of A Cybercrime Lawyer In Nigeria,LIVE_BLOG_CANONICAL,https://chamanlawfirm.com/resources/blog/roles-of-a-cybercrime-lawyer-in-nigeria,canonical route,sitemap eligible,Sanity has approved public blog slug and canonical blog route
https://chamanlawfirm.com/roles-of-a-mediator,Roles Of A Mediator,308_TO_RELEVANT_200,/practice-areas/adr-mediation/mediator-selection-and-quality-advisory,configured one-hop,redirect source excluded from sitemap,configured one-hop redirect to relevant current route
https://chamanlawfirm.com/roles-of-a-property-lawyer-in-real-estate,Roles Of A Property Lawyer In Real Estate,LIVE_BLOG_CANONICAL,https://chamanlawfirm.com/resources/blog/roles-of-a-property-lawyer-in-real-estate,canonical route,sitemap eligible,Sanity has approved public blog slug and canonical blog route
https://chamanlawfirm.com/rules-and-regulations-of-doing-business-in-niger,Rules And Regulations Of Doing Business In Niger,308_TO_RELEVANT_200,/practice-areas/corporate-commercial-law,configured one-hop,redirect source excluded from sitemap,configured one-hop redirect to relevant current route
https://chamanlawfirm.com/secure-governors-consent-in-ikoyi,Secure Governors Consent In Ikoyi,308_TO_RELEVANT_200,/practice-areas/property-real-estate-law/governors-consent,configured one-hop,redirect source excluded from sitemap,configured one-hop redirect to relevant current route
https://chamanlawfirm.com/sell-family-land-without-everyones-consent,Sell Family Land Without Everyones Consent,LIVE_BLOG_CANONICAL,https://chamanlawfirm.com/resources/blog/sell-family-land-without-everyones-consent,canonical route,sitemap eligible,Sanity has approved public blog slug and canonical blog route
https://chamanlawfirm.com/selling-a-family-land-without-everyones-consent,Selling A Family Land Without Everyones Consent,LIVE_BLOG_CANONICAL,https://chamanlawfirm.com/resources/blog/selling-a-family-land-without-everyones-consent,configured one-hop,sitemap eligible,Sanity has approved public blog slug and canonical blog route
https://chamanlawfirm.com/setting-up-a-fintech-company-in-nigeria,Setting Up A Fintech Company In Nigeria,LIVE_BLOG_CANONICAL,https://chamanlawfirm.com/resources/blog/setting-up-a-fintech-company-in-nigeria,canonical route,sitemap eligible,Sanity has approved public blog slug and canonical blog route
https://chamanlawfirm.com/sharing-of-property-after-divorce-in-nigeria,Sharing Of Property After Divorce In Nigeria,LIVE_BLOG_CANONICAL,https://chamanlawfirm.com/resources/blog/sharing-of-property-after-divorce-in-nigeria,configured one-hop,sitemap eligible,Sanity has approved public blog slug and canonical blog route
https://chamanlawfirm.com/startup-legal-services-in-nigeria,Startup Legal Services In Nigeria,308_TO_RELEVANT_200,/practice-areas/corporate-commercial-law,configured one-hop,redirect source excluded from sitemap,configured one-hop redirect to relevant current route
https://chamanlawfirm.com/statute-limitations-and-limitation-periods,Statute Limitations And Limitation Periods,308_TO_RELEVANT_200,/practice-areas/litigation-dispute-resolution/limitation-periods-and-pre-action-advisory,configured one-hop,redirect source excluded from sitemap,configured one-hop redirect to relevant current route
https://chamanlawfirm.com/statute-of-limitations-on-debt-in-nigeria,Statute Of Limitations On Debt In Nigeria,LIVE_BLOG_CANONICAL,https://chamanlawfirm.com/resources/blog/statute-of-limitations-on-debt-in-nigeria,configured one-hop,sitemap eligible,Sanity has approved public blog slug and canonical blog route
https://chamanlawfirm.com/statutory-right-of-occupancy-vs-customary-right,Statutory Right Of Occupancy Vs Customary Right,LIVE_BLOG_CANONICAL,https://chamanlawfirm.com/resources/blog/statutory-right-of-occupancy-vs-customary-right,configured one-hop,sitemap eligible,Sanity has approved public blog slug and canonical blog route
https://chamanlawfirm.com/step-by-step-guide-on-how-to-conduct-a-statutory-marriage-in-nigeria,Step By Step Guide On How To Conduct A Statutory Marriage In Nigeria,LIVE_BLOG_CANONICAL,https://chamanlawfirm.com/resources/blog/step-by-step-guide-on-how-to-conduct-a-statutory-marriage-in-nigeria,configured one-hop,sitemap eligible,Sanity has approved public blog slug and canonical blog route
https://chamanlawfirm.com/steps-on-how-to-company-in-nigeria,Steps On How To Company In Nigeria,LIVE_BLOG_CANONICAL,https://chamanlawfirm.com/resources/blog/steps-on-how-to-company-in-nigeria,canonical route,sitemap eligible,Sanity has approved public blog slug and canonical blog route
https://chamanlawfirm.com/steps-on-how-to-confidently-report-acrimelaw,Steps On How To Confidently Report Acrimelaw,LIVE_BLOG_CANONICAL,https://chamanlawfirm.com/resources/blog/steps-on-how-to-confidently-report-acrimelaw,configured one-hop,sitemap eligible,Sanity has approved public blog slug and canonical blog route
https://chamanlawfirm.com/steps-to-understanding-financial-crimes,Steps To Understanding Financial Crimes,LIVE_BLOG_CANONICAL,https://chamanlawfirm.com/resources/blog/steps-to-understanding-financial-crimes,canonical route,sitemap eligible,Sanity has approved public blog slug and canonical blog route
https://chamanlawfirm.com/strategies-to-handle-a-bad-tenant-legally,Strategies To Handle A Bad Tenant Legally,LIVE_BLOG_CANONICAL,https://chamanlawfirm.com/resources/blog/strategies-to-handle-a-bad-tenant-legally,canonical route,sitemap eligible,Sanity has approved public blog slug and canonical blog route
https://chamanlawfirm.com/subcontracting-in-nigerian-construction-projects,Subcontracting In Nigerian Construction Projects,LIVE_BLOG_CANONICAL,https://chamanlawfirm.com/resources/blog/subcontracting-in-nigerian-construction-projects,canonical route,sitemap eligible,Sanity has approved public blog slug and canonical blog route
https://chamanlawfirm.com/survey-plans-and-certificates-of-occupancy,Survey Plans And Certificates Of Occupancy,308_TO_RELEVANT_200,/practice-areas/property-real-estate-law/certificate-of-occupancy,configured one-hop,redirect source excluded from sitemap,configured one-hop redirect to relevant current route
https://chamanlawfirm.com/tax-clearance-certificate-in-nigeria,Tax Clearance Certificate In Nigeria,LIVE_BLOG_CANONICAL,https://chamanlawfirm.com/resources/blog/tax-clearance-certificate-in-nigeria,configured one-hop,sitemap eligible,Sanity has approved public blog slug and canonical blog route
https://chamanlawfirm.com/tax-planning-and-avoidance-in-nigeria,Tax Planning And Avoidance In Nigeria,LIVE_BLOG_CANONICAL,https://chamanlawfirm.com/resources/blog/tax-planning-and-avoidance-in-nigeria,canonical route,sitemap eligible,Sanity has approved public blog slug and canonical blog route
https://chamanlawfirm.com/taxation-of-sole-proprietorship,Taxation Of Sole Proprietorship,LIVE_BLOG_CANONICAL,https://chamanlawfirm.com/resources/blog/taxation-of-sole-proprietorship,configured one-hop,sitemap eligible,Sanity has approved public blog slug and canonical blog route
https://chamanlawfirm.com/taxation-of-the-construction-sector-in-nigeria,Taxation Of The Construction Sector In Nigeria,LIVE_BLOG_CANONICAL,https://chamanlawfirm.com/resources/blog/taxation-of-the-construction-sector-in-nigeria,configured one-hop,sitemap eligible,Sanity has approved public blog slug and canonical blog route
https://chamanlawfirm.com/taxation-vat-and-other-indirect-taxes-in-nigeria,Taxation Vat And Other Indirect Taxes In Nigeria,LIVE_BLOG_CANONICAL,https://chamanlawfirm.com/resources/blog/taxation-vat-and-other-indirect-taxes-in-nigeria,canonical route,sitemap eligible,Sanity has approved public blog slug and canonical blog route
https://chamanlawfirm.com/taxes-exemptions-and-incentives-in-nigeria,Taxes Exemptions And Incentives In Nigeria,LIVE_BLOG_CANONICAL,https://chamanlawfirm.com/resources/blog/taxes-exemptions-and-incentives-in-nigeria,canonical route,sitemap eligible,Sanity has approved public blog slug and canonical blog route
https://chamanlawfirm.com/tenancy-dispute-resolution-in-ogun-state,Tenancy Dispute Resolution In Ogun State,308_TO_RELEVANT_200,/practice-areas/property-real-estate-law/landlords-and-tenants-in-nigeria,configured one-hop,redirect source excluded from sitemap,configured one-hop redirect to relevant current route
https://chamanlawfirm.com/tenancy-law-of-lagos-state-2011,Tenancy Law Of Lagos State 2011,LIVE_BLOG_CANONICAL,https://chamanlawfirm.com/resources/blog/tenancy-law-of-lagos-state-2011,canonical route,sitemap eligible,Sanity has approved public blog slug and canonical blog route
https://chamanlawfirm.com/termination-of-construction-contracts,Termination Of Construction Contracts,LIVE_BLOG_CANONICAL,https://chamanlawfirm.com/resources/blog/termination-of-construction-contracts,canonical route,sitemap eligible,Sanity has approved public blog slug and canonical blog route
https://chamanlawfirm.com/the-basics-of-statutory-right-of-occupancy,The Basics Of Statutory Right Of Occupancy,LIVE_BLOG_CANONICAL,https://chamanlawfirm.com/resources/blog/the-basics-of-statutory-right-of-occupancy,configured one-hop,sitemap eligible,Sanity has approved public blog slug and canonical blog route
https://chamanlawfirm.com/the-central-bank-of-nigeria-in-debt-recovery,The Central Bank Of Nigeria In Debt Recovery,LIVE_BLOG_CANONICAL,https://chamanlawfirm.com/resources/blog/the-central-bank-of-nigeria-in-debt-recovery,canonical route,sitemap eligible,Sanity has approved public blog slug and canonical blog route
https://chamanlawfirm.com/the-concept-of-restitution-of-conjugal-rights,The Concept Of Restitution Of Conjugal Rights,LIVE_BLOG_CANONICAL,https://chamanlawfirm.com/resources/blog/the-concept-of-restitution-of-conjugal-rights,canonical route,sitemap eligible,Sanity has approved public blog slug and canonical blog route
https://chamanlawfirm.com/the-concept-of-rule-of-law-in-nigeria,The Concept Of Rule Of Law In Nigeria,LIVE_BLOG_CANONICAL,https://chamanlawfirm.com/resources/blog/the-concept-of-rule-of-law-in-nigeria,canonical route,sitemap eligible,Sanity has approved public blog slug and canonical blog route
https://chamanlawfirm.com/the-custody-of-a-child-under-nigerian-law,The Custody Of A Child Under Nigerian Law,LIVE_BLOG_CANONICAL,https://chamanlawfirm.com/resources/blog/the-custody-of-a-child-under-nigerian-law,canonical route,sitemap eligible,Sanity has approved public blog slug and canonical blog route
https://chamanlawfirm.com/the-cyber-crime-investigation-procedure,The Cyber Crime Investigation Procedure,LIVE_BLOG_CANONICAL,https://chamanlawfirm.com/resources/blog/the-cyber-crime-investigation-procedure,canonical route,sitemap eligible,Sanity has approved public blog slug and canonical blog route
https://chamanlawfirm.com/the-duties-of-lawyers-to-client,The Duties Of Lawyers To Client,LIVE_BLOG_CANONICAL,https://chamanlawfirm.com/resources/blog/the-duties-of-lawyers-to-client,canonical route,sitemap eligible,Sanity has approved public blog slug and canonical blog route
https://chamanlawfirm.com/the-essential-ethics-of-debt-recovery,The Essential Ethics Of Debt Recovery,LIVE_BLOG_CANONICAL,https://chamanlawfirm.com/resources/blog/the-essential-ethics-of-debt-recovery,canonical route,sitemap eligible,Sanity has approved public blog slug and canonical blog route
https://chamanlawfirm.com/the-impact-of-the-land-use-act-on-land-allocation-for-public-marketplaces-in-nigeria,The Impact Of The Land Use Act On Land Allocation For Public Marketplaces In Nigeria,LIVE_BLOG_CANONICAL,https://chamanlawfirm.com/resources/blog/the-impact-of-the-land-use-act-on-land-allocation-for-public-marketplaces-in-nigeria,canonical route,sitemap eligible,Sanity has approved public blog slug and canonical blog route
https://chamanlawfirm.com/the-jurisdiction-of-courts-in-nigeria,The Jurisdiction Of Courts In Nigeria,LIVE_BLOG_CANONICAL,https://chamanlawfirm.com/resources/blog/the-jurisdiction-of-courts-in-nigeria,configured one-hop,sitemap eligible,Sanity has approved public blog slug and canonical blog route
https://chamanlawfirm.com/the-land-use-act-protect-the-environment,The Land Use Act Protect The Environment,LIVE_BLOG_CANONICAL,https://chamanlawfirm.com/resources/blog/the-land-use-act-protect-the-environment,canonical route,sitemap eligible,Sanity has approved public blog slug and canonical blog route
https://chamanlawfirm.com/the-land-use-act-relate-to-land-conflicts,The Land Use Act Relate To Land Conflicts,LIVE_BLOG_CANONICAL,https://chamanlawfirm.com/resources/blog/the-land-use-act-relate-to-land-conflicts,canonical route,sitemap eligible,Sanity has approved public blog slug and canonical blog route
https://chamanlawfirm.com/the-land-use-and-allocation-committee-luac,The Land Use And Allocation Committee Luac,LIVE_BLOG_CANONICAL,https://chamanlawfirm.com/resources/blog/the-land-use-and-allocation-committee-luac,configured one-hop,sitemap eligible,Sanity has approved public blog slug and canonical blog route
https://chamanlawfirm.com/the-le-a-legally-binding-contracts-in-nigeri,The Le A Legally Binding Contracts In Nigeri,LIVE_BLOG_CANONICAL,https://chamanlawfirm.com/resources/blog/the-le-a-legally-binding-contracts-in-nigeri,canonical route,sitemap eligible,Sanity has approved public blog slug and canonical blog route
https://chamanlawfirm.com/the-legal-implications-of-breach-of-contract,The Legal Implications Of Breach Of Contract,LIVE_BLOG_CANONICAL,https://chamanlawfirm.com/resources/blog/the-legal-implications-of-breach-of-contract,canonical route,sitemap eligible,Sanity has approved public blog slug and canonical blog route
https://chamanlawfirm.com/the-morgage-sell-the-mortgaged-property,The Morgage Sell The Mortgaged Property,LIVE_BLOG_CANONICAL,https://chamanlawfirm.com/resources/blog/the-morgage-sell-the-mortgaged-property,canonical route,sitemap eligible,Sanity has approved public blog slug and canonical blog route
https://chamanlawfirm.com/the-nigerian-legal-system,The Nigerian Legal System,LIVE_BLOG_CANONICAL,https://chamanlawfirm.com/resources/blog/the-nigerian-legal-system,canonical route,sitemap eligible,Sanity has approved public blog slug and canonical blog route
https://chamanlawfirm.com/the-nigerian-tax-administration,The Nigerian Tax Administration,LIVE_BLOG_CANONICAL,https://chamanlawfirm.com/resources/blog/the-nigerian-tax-administration,canonical route,sitemap eligible,Sanity has approved public blog slug and canonical blog route
https://chamanlawfirm.com/the-ogun-state-tenancy-law-chaman-law-firm,The Ogun State Tenancy Law Chaman Law Firm,LIVE_BLOG_CANONICAL,https://chamanlawfirm.com/resources/blog/the-ogun-state-tenancy-law-chaman-law-firm,configured one-hop,sitemap eligible,Sanity has approved public blog slug and canonical blog route
https://chamanlawfirm.com/the-process-of-transferring-land-in-nigeria,The Process Of Transferring Land In Nigeria,LIVE_BLOG_CANONICAL,https://chamanlawfirm.com/resources/blog/the-process-of-transferring-land-in-nigeria,canonical route,sitemap eligible,Sanity has approved public blog slug and canonical blog route
https://chamanlawfirm.com/the-role-of-family-court-in-relation-to-child-protect-in-nigeria,The Role Of Family Court In Relation To Child Protect In Nigeria,LIVE_BLOG_CANONICAL,https://chamanlawfirm.com/resources/blog/the-role-of-family-court-in-relation-to-child-protect-in-nigeria,configured one-hop,sitemap eligible,Sanity has approved public blog slug and canonical blog route
https://chamanlawfirm.com/the-role-of-lawyers-in-debt-recovery-5-keys,The Role Of Lawyers In Debt Recovery 5 Keys,LIVE_BLOG_CANONICAL,https://chamanlawfirm.com/resources/blog/the-role-of-lawyers-in-debt-recovery-5-keys,canonical route,sitemap eligible,Sanity has approved public blog slug and canonical blog route
https://chamanlawfirm.com/the-role-of-real-estate-investment-trusts,The Role Of Real Estate Investment Trusts,LIVE_BLOG_CANONICAL,https://chamanlawfirm.com/resources/blog/the-role-of-real-estate-investment-trusts,canonical route,sitemap eligible,Sanity has approved public blog slug and canonical blog route
https://chamanlawfirm.com/the-role-of-regulatory-bodies,The Role Of Regulatory Bodies,LIVE_BLOG_CANONICAL,https://chamanlawfirm.com/resources/blog/the-role-of-regulatory-bodies,canonical route,sitemap eligible,Sanity has approved public blog slug and canonical blog route
https://chamanlawfirm.com/the-role-of-technology-in-nigerian-education,The Role Of Technology In Nigerian Education,LIVE_BLOG_CANONICAL,https://chamanlawfirm.com/resources/blog/the-role-of-technology-in-nigerian-education,canonical route,sitemap eligible,Sanity has approved public blog slug and canonical blog route
https://chamanlawfirm.com/the-role-of-town-planners-in-land-allocation-under-the-land-use-act,The Role Of Town Planners In Land Allocation Under The Land Use Act,LIVE_BLOG_CANONICAL,https://chamanlawfirm.com/resources/blog/the-role-of-town-planners-in-land-allocation-under-the-land-use-act,canonical route,sitemap eligible,Sanity has approved public blog slug and canonical blog route
https://chamanlawfirm.com/the-statutory-right-of-occupancy-in-nigeria,The Statutory Right Of Occupancy In Nigeria,LIVE_BLOG_CANONICAL,https://chamanlawfirm.com/resources/blog/the-statutory-right-of-occupancy-in-nigeria,configured one-hop,sitemap eligible,Sanity has approved public blog slug and canonical blog route
https://chamanlawfirm.com/thing-you-need-to-know-about-a-legal-will,Thing You Need To Know About A Legal Will,LIVE_BLOG_CANONICAL,https://chamanlawfirm.com/resources/blog/thing-you-need-to-know-about-a-legal-will,canonical route,sitemap eligible,Sanity has approved public blog slug and canonical blog route
https://chamanlawfirm.com/title-documents-much-does-it-cost-in-lagos,Title Documents Much Does It Cost In Lagos,LIVE_BLOG_CANONICAL,https://chamanlawfirm.com/resources/blog/title-documents-much-does-it-cost-in-lagos,canonical route,sitemap eligible,Sanity has approved public blog slug and canonical blog route
https://chamanlawfirm.com/top-10-legal-mistakes-property-buyers-make-i,Top 10 Legal Mistakes Property Buyers Make I,LIVE_BLOG_CANONICAL,https://chamanlawfirm.com/resources/blog/top-10-legal-mistakes-property-buyers-make-i,canonical route,sitemap eligible,Sanity has approved public blog slug and canonical blog route
https://chamanlawfirm.com/top-10-questions-about-probate-in-nigeria,Top 10 Questions About Probate In Nigeria,LIVE_BLOG_CANONICAL,https://chamanlawfirm.com/resources/blog/top-10-questions-about-probate-in-nigeria,canonical route,sitemap eligible,Sanity has approved public blog slug and canonical blog route
https://chamanlawfirm.com/top-5-intellectual-property-enforcement-stra,Top 5 Intellectual Property Enforcement Stra,LIVE_BLOG_CANONICAL,https://chamanlawfirm.com/resources/blog/top-5-intellectual-property-enforcement-stra,canonical route,sitemap eligible,Sanity has approved public blog slug and canonical blog route
https://chamanlawfirm.com/top-legal-services,Top Legal Services,308_TO_RELEVANT_200,/consultation,configured one-hop,redirect source excluded from sitemap,configured one-hop redirect to relevant current route
https://chamanlawfirm.com/trademark-classes-in-nigeria-a-strategic-legal-guide-for-businesses,Trademark Classes In Nigeria A Strategic Legal Guide For Businesses,308_TO_RELEVANT_200,/practice-areas/corporate-commercial-law,configured one-hop,redirect source excluded from sitemap,configured one-hop redirect to relevant current route
https://chamanlawfirm.com/transfer-land-ownership-and-land-document,Transfer Land Ownership And Land Document,LIVE_BLOG_CANONICAL,https://chamanlawfirm.com/resources/blog/transfer-land-ownership-and-land-document,canonical route,sitemap eligible,Sanity has approved public blog slug and canonical blog route
https://chamanlawfirm.com/transfer-of-company-shares-in-nigeria,Transfer Of Company Shares In Nigeria,LIVE_BLOG_CANONICAL,https://chamanlawfirm.com/resources/blog/transfer-of-company-shares-in-nigeria,configured one-hop,sitemap eligible,Sanity has approved public blog slug and canonical blog route
https://chamanlawfirm.com/types-of-company-in-nigeria,Types Of Company In Nigeria,LIVE_BLOG_CANONICAL,https://chamanlawfirm.com/resources/blog/types-of-company-in-nigeria,configured one-hop,sitemap eligible,Sanity has approved public blog slug and canonical blog route
https://chamanlawfirm.com/types-of-land-registration-in-nigeria,Types Of Land Registration In Nigeria,LIVE_BLOG_CANONICAL,https://chamanlawfirm.com/resources/blog/types-of-land-registration-in-nigeria,configured one-hop,sitemap eligible,Sanity has approved public blog slug and canonical blog route
https://chamanlawfirm.com/types-of-parties-to-a-civil-action,Types Of Parties To A Civil Action,308_TO_RELEVANT_200,/practice-areas/litigation-dispute-resolution,configured one-hop,redirect source excluded from sitemap,configured one-hop redirect to relevant current route
https://chamanlawfirm.com/types-of-tenant-in-nigeria,Types Of Tenant In Nigeria,LIVE_BLOG_CANONICAL,https://chamanlawfirm.com/resources/blog/types-of-tenant-in-nigeria,configured one-hop,sitemap eligible,Sanity has approved public blog slug and canonical blog route
https://chamanlawfirm.com/types-of-wills,Types Of Wills,LIVE_BLOG_CANONICAL,https://chamanlawfirm.com/resources/blog/types-of-wills,canonical route,sitemap eligible,Sanity has approved public blog slug and canonical blog route
https://chamanlawfirm.com/ultimate-legal-guide-to-buying-land-in-niger,Ultimate Legal Guide To Buying Land In Niger,LIVE_BLOG_CANONICAL,https://chamanlawfirm.com/resources/blog/ultimate-legal-guide-to-buying-land-in-niger,canonical route,sitemap eligible,Sanity has approved public blog slug and canonical blog route
https://chamanlawfirm.com/understanding-rent-increase-laws-in-lagos,Understanding Rent Increase Laws In Lagos,308_TO_RELEVANT_200,/practice-areas/property-real-estate-law,configured one-hop,redirect source excluded from sitemap,configured one-hop redirect to relevant current route
https://chamanlawfirm.com/understanding-spousal-maintenance-in-nigeria,Understanding Spousal Maintenance In Nigeria,LIVE_BLOG_CANONICAL,https://chamanlawfirm.com/resources/blog/understanding-spousal-maintenance-in-nigeria,canonical route,sitemap eligible,Sanity has approved public blog slug and canonical blog route
https://chamanlawfirm.com/understanding-the-certificate-of-occupancy-c,Understanding The Certificate Of Occupancy C,LIVE_BLOG_CANONICAL,https://chamanlawfirm.com/resources/blog/understanding-the-certificate-of-occupancy-c,canonical route,sitemap eligible,Sanity has approved public blog slug and canonical blog route
https://chamanlawfirm.com/understanding-the-land-use-act-6-proven,Understanding The Land Use Act 6 Proven,LIVE_BLOG_CANONICAL,https://chamanlawfirm.com/resources/blog/understanding-the-land-use-act-6-proven,canonical route,sitemap eligible,Sanity has approved public blog slug and canonical blog route
https://chamanlawfirm.com/understanding-the-land-use-act-in-nigeria,Understanding The Land Use Act In Nigeria,LIVE_BLOG_CANONICAL,https://chamanlawfirm.com/resources/blog/understanding-the-land-use-act-in-nigeria,canonical route,sitemap eligible,Sanity has approved public blog slug and canonical blog route
https://chamanlawfirm.com/understanding-the-ogun-anti-land-grabbing-law,Understanding The Ogun Anti Land Grabbing Law,LIVE_BLOG_CANONICAL,https://chamanlawfirm.com/resources/blog/understanding-the-ogun-anti-land-grabbing-law,canonical route,sitemap eligible,Sanity has approved public blog slug and canonical blog route
https://chamanlawfirm.com/use-arbitration-for-property-disputes-lagos,Use Arbitration For Property Disputes Lagos,LIVE_BLOG_CANONICAL,https://chamanlawfirm.com/resources/blog/use-arbitration-for-property-disputes-lagos,canonical route,sitemap eligible,Sanity has approved public blog slug and canonical blog route
https://chamanlawfirm.com/verify-a-property-title-in-lagos,Verify A Property Title In Lagos,LIVE_BLOG_CANONICAL,https://chamanlawfirm.com/resources/blog/verify-a-property-title-in-lagos,configured one-hop,sitemap eligible,Sanity has approved public blog slug and canonical blog route
https://chamanlawfirm.com/verify-land-ownership-with-the-lagos-state,Verify Land Ownership With The Lagos State,LIVE_BLOG_CANONICAL,https://chamanlawfirm.com/resources/blog/verify-land-ownership-with-the-lagos-state,canonical route,sitemap eligible,Sanity has approved public blog slug and canonical blog route
https://chamanlawfirm.com/verify-land-titles-before-buying-property,Verify Land Titles Before Buying Property,LIVE_BLOG_CANONICAL,https://chamanlawfirm.com/resources/blog/verify-land-titles-before-buying-property,canonical route,sitemap eligible,Sanity has approved public blog slug and canonical blog route
https://chamanlawfirm.com/ways-nigerian-lawprotectstherightsofchildren,Ways Nigerian Lawprotectstherightsofchildren,LIVE_BLOG_CANONICAL,https://chamanlawfirm.com/resources/blog/ways-nigerian-lawprotectstherightsofchildren,canonical route,sitemap eligible,Sanity has approved public blog slug and canonical blog route
https://chamanlawfirm.com/ways-to-prove-ownership-of-land,Ways To Prove Ownership Of Land,LIVE_BLOG_CANONICAL,https://chamanlawfirm.com/resources/blog/ways-to-prove-ownership-of-land,configured one-hop,sitemap eligible,Sanity has approved public blog slug and canonical blog route
https://chamanlawfirm.com/ways-to-resolve-property-disputes-in-ogun,Ways To Resolve Property Disputes In Ogun,LIVE_BLOG_CANONICAL,https://chamanlawfirm.com/resources/blog/ways-to-resolve-property-disputes-in-ogun,canonical route,sitemap eligible,Sanity has approved public blog slug and canonical blog route
https://chamanlawfirm.com/what-are-rights-of-women-to-inheritance-in-nigeria,What Are Rights Of Women To Inheritance In Nigeria,LIVE_BLOG_CANONICAL,https://chamanlawfirm.com/resources/blog/what-are-rights-of-women-to-inheritance-in-nigeria,configured one-hop,sitemap eligible,Sanity has approved public blog slug and canonical blog route
https://chamanlawfirm.com/what-are-the-implications-of-land-use-conversion-on-land-ownership-in-nigeria,What Are The Implications Of Land Use Conversion On Land Ownership In Nigeria,LIVE_BLOG_CANONICAL,https://chamanlawfirm.com/resources/blog/what-are-the-implications-of-land-use-conversion-on-land-ownership-in-nigeria,canonical route,sitemap eligible,Sanity has approved public blog slug and canonical blog route
https://chamanlawfirm.com/what-are-the-implications-of-unregistered-land-titles-in-nigeria,What Are The Implications Of Unregistered Land Titles In Nigeria,LIVE_BLOG_CANONICAL,https://chamanlawfirm.com/resources/blog/what-are-the-implications-of-unregistered-land-titles-in-nigeria,configured one-hop,sitemap eligible,Sanity has approved public blog slug and canonical blog route
https://chamanlawfirm.com/what-are-the-legal-rights-of-private-property-owners,What Are The Legal Rights Of Private Property Owners,LIVE_BLOG_CANONICAL,https://chamanlawfirm.com/resources/blog/what-are-the-legal-rights-of-private-property-owners,canonical route,sitemap eligible,Sanity has approved public blog slug and canonical blog route
https://chamanlawfirm.com/what-are-the-penalties-for-fake-land-documents,What Are The Penalties For Fake Land Documents,LIVE_BLOG_CANONICAL,https://chamanlawfirm.com/resources/blog/what-are-the-penalties-for-fake-land-documents,canonical route,sitemap eligible,Sanity has approved public blog slug and canonical blog route
https://chamanlawfirm.com/what-are-the-property-taxes-in-ogun-state,What Are The Property Taxes In Ogun State,LIVE_BLOG_CANONICAL,https://chamanlawfirm.com/resources/blog/what-are-the-property-taxes-in-ogun-state,canonical route,sitemap eligible,Sanity has approved public blog slug and canonical blog route
https://chamanlawfirm.com/what-are-the-requirements-for-compulsory-acquisition-of-land-in-nigeria,What Are The Requirements For Compulsory Acquisition Of Land In Nigeria,LIVE_BLOG_CANONICAL,https://chamanlawfirm.com/resources/blog/what-are-the-requirements-for-compulsory-acquisition-of-land-in-nigeria,configured one-hop,sitemap eligible,Sanity has approved public blog slug and canonical blog route
https://chamanlawfirm.com/what-are-the-sources-of-nigerian-law,What Are The Sources Of Nigerian Law,LIVE_BLOG_CANONICAL,https://chamanlawfirm.com/resources/blog/what-are-the-sources-of-nigerian-law,canonical route,sitemap eligible,Sanity has approved public blog slug and canonical blog route
https://chamanlawfirm.com/what-challenges-are-associated-with-preserving-and-digitizing-historical-land-records,What Challenges Are Associated With Preserving And Digitizing Historical Land Records,LIVE_BLOG_CANONICAL,https://chamanlawfirm.com/resources/blog/what-challenges-are-associated-with-preserving-and-digitizing-historical-land-records,canonical route,sitemap eligible,Sanity has approved public blog slug and canonical blog route
https://chamanlawfirm.com/what-governs-contract-in-nigeria,What Governs Contract In Nigeria,LIVE_BLOG_CANONICAL,https://chamanlawfirm.com/resources/blog/what-governs-contract-in-nigeria,configured one-hop,sitemap eligible,Sanity has approved public blog slug and canonical blog route
https://chamanlawfirm.com/what-is-a-deed-of-assent-in-nigeria,What Is A Deed Of Assent In Nigeria,LIVE_BLOG_CANONICAL,https://chamanlawfirm.com/resources/blog/what-is-a-deed-of-assent-in-nigeria,configured one-hop,sitemap eligible,Sanity has approved public blog slug and canonical blog route
https://chamanlawfirm.com/what-is-land-excision-in-ogun-state,What Is Land Excision In Ogun State,LIVE_BLOG_CANONICAL,https://chamanlawfirm.com/resources/blog/what-is-land-excision-in-ogun-state,canonical route,sitemap eligible,Sanity has approved public blog slug and canonical blog route
https://chamanlawfirm.com/what-is-the-cost-of-perfecting-land-title,What Is The Cost Of Perfecting Land Title,LIVE_BLOG_CANONICAL,https://chamanlawfirm.com/resources/blog/what-is-the-cost-of-perfecting-land-title,canonical route,sitemap eligible,Sanity has approved public blog slug and canonical blog route
https://chamanlawfirm.com/what-is-the-cost-of-perfecting-land-titles,What Is The Cost Of Perfecting Land Titles,LIVE_BLOG_CANONICAL,https://chamanlawfirm.com/resources/blog/what-is-the-cost-of-perfecting-land-titles,canonical route,sitemap eligible,Sanity has approved public blog slug and canonical blog route
https://chamanlawfirm.com/what-is-the-cost-of-perfecting-land-titles-2,What Is The Cost Of Perfecting Land Titles 2,LIVE_BLOG_CANONICAL,https://chamanlawfirm.com/resources/blog/what-is-the-cost-of-perfecting-land-titles-2,canonical route,sitemap eligible,Sanity has approved public blog slug and canonical blog route
https://chamanlawfirm.com/what-is-the-implication-of-quit-notice,What Is The Implication Of Quit Notice,LIVE_BLOG_CANONICAL,https://chamanlawfirm.com/resources/blog/what-is-the-implication-of-quit-notice,configured one-hop,sitemap eligible,Sanity has approved public blog slug and canonical blog route
https://chamanlawfirm.com/what-is-the-importance-of-certifi-occupancy,What Is The Importance Of Certifi Occupancy,LIVE_BLOG_CANONICAL,https://chamanlawfirm.com/resources/blog/what-is-the-importance-of-certifi-occupancy,canonical route,sitemap eligible,Sanity has approved public blog slug and canonical blog route
https://chamanlawfirm.com/what-is-the-legal-process-for-land-dispute,What Is The Legal Process For Land Dispute,LIVE_BLOG_CANONICAL,https://chamanlawfirm.com/resources/blog/what-is-the-legal-process-for-land-dispute,canonical route,sitemap eligible,Sanity has approved public blog slug and canonical blog route
https://chamanlawfirm.com/what-is-the-legal-way-to-safeguard-your-will,What Is The Legal Way To Safeguard Your Will,LIVE_BLOG_CANONICAL,https://chamanlawfirm.com/resources/blog/what-is-the-legal-way-to-safeguard-your-will,canonical route,sitemap eligible,Sanity has approved public blog slug and canonical blog route
https://chamanlawfirm.com/what-is-the-process-for-land-allocation-for-agricultural-purposes-under-the-land-use-act,What Is The Process For Land Allocation For Agricultural Purposes Under The Land Use Act,LIVE_BLOG_CANONICAL,https://chamanlawfirm.com/resources/blog/what-is-the-process-for-land-allocation-for-agricultural-purposes-under-the-land-use-act,canonical route,sitemap eligible,Sanity has approved public blog slug and canonical blog route
https://chamanlawfirm.com/what-is-the-process-of-land-acquisition,What Is The Process Of Land Acquisition,LIVE_BLOG_CANONICAL,https://chamanlawfirm.com/resources/blog/what-is-the-process-of-land-acquisition,configured one-hop,sitemap eligible,Sanity has approved public blog slug and canonical blog route
https://chamanlawfirm.com/what-is-the-process-of-obtaining-a-c-of-o,What Is The Process Of Obtaining A C Of O,LIVE_BLOG_CANONICAL,https://chamanlawfirm.com/resources/blog/what-is-the-process-of-obtaining-a-c-of-o,canonical route,sitemap eligible,Sanity has approved public blog slug and canonical blog route
https://chamanlawfirm.com/what-is-the-relationship-between-mining-activities-and-the-land-use-act,What Is The Relationship Between Mining Activities And The Land Use Act,LIVE_BLOG_CANONICAL,https://chamanlawfirm.com/resources/blog/what-is-the-relationship-between-mining-activities-and-the-land-use-act,canonical route,sitemap eligible,Sanity has approved public blog slug and canonical blog route
https://chamanlawfirm.com/what-is-the-role-of-the-surveyor-general-in-land-allocation-under-the-land-use-act,What Is The Role Of The Surveyor General In Land Allocation Under The Land Use Act,LIVE_BLOG_CANONICAL,https://chamanlawfirm.com/resources/blog/what-is-the-role-of-the-surveyor-general-in-land-allocation-under-the-land-use-act,canonical route,sitemap eligible,Sanity has approved public blog slug and canonical blog route
https://chamanlawfirm.com/what-is-the-significan-and-titles-in-nigeria,What Is The Significan And Titles In Nigeria,LIVE_BLOG_CANONICAL,https://chamanlawfirm.com/resources/blog/what-is-the-significan-and-titles-in-nigeria,canonical route,sitemap eligible,Sanity has approved public blog slug and canonical blog route
https://chamanlawfirm.com/what-is-trespass-to-land2,What Is Trespass To Land2,LIVE_BLOG_CANONICAL,https://chamanlawfirm.com/resources/blog/what-is-trespass-to-land2,canonical route,sitemap eligible,Sanity has approved public blog slug and canonical blog route
https://chamanlawfirm.com/what-makes-up-a-valid-employment-contract,What Makes Up A Valid Employment Contract,LIVE_BLOG_CANONICAL,https://chamanlawfirm.com/resources/blog/what-makes-up-a-valid-employment-contract,configured one-hop,sitemap eligible,Sanity has approved public blog slug and canonical blog route
https://chamanlawfirm.com/what-property-taxes-must-i-pay-when-buying,What Property Taxes Must I Pay When Buying,LIVE_BLOG_CANONICAL,https://chamanlawfirm.com/resources/blog/what-property-taxes-must-i-pay-when-buying,canonical route,sitemap eligible,Sanity has approved public blog slug and canonical blog route
https://chamanlawfirm.com/what-to-know-about-company-resolution,What To Know About Company Resolution,LIVE_BLOG_CANONICAL,https://chamanlawfirm.com/resources/blog/what-to-know-about-company-resolution,configured one-hop,sitemap eligible,Sanity has approved public blog slug and canonical blog route
https://chamanlawfirm.com/what-you-need-to-know-when-buying-a-family-g,What You Need To Know When Buying A Family G,LIVE_BLOG_CANONICAL,https://chamanlawfirm.com/resources/blog/what-you-need-to-know-when-buying-a-family-g,canonical route,sitemap eligible,Sanity has approved public blog slug and canonical blog route
https://chamanlawfirm.com/when-a-loved-one-dies-without-a-will,When A Loved One Dies Without A Will,LIVE_BLOG_CANONICAL,https://chamanlawfirm.com/resources/blog/when-a-loved-one-dies-without-a-will,canonical route,sitemap eligible,Sanity has approved public blog slug and canonical blog route
https://chamanlawfirm.com/when-is-summary-dismissal-appropriate-in-nigeria-labour-law,When Is Summary Dismissal Appropriate In Nigeria Labour Law,308_TO_RELEVANT_200,/practice-areas/employment-law,configured one-hop,redirect source excluded from sitemap,configured one-hop redirect to relevant current route
https://chamanlawfirm.com/where-do-i-verify-land-documents-in-ogun-state,Where Do I Verify Land Documents In Ogun State,LIVE_BLOG_CANONICAL,https://chamanlawfirm.com/resources/blog/where-do-i-verify-land-documents-in-ogun-state,canonical route,sitemap eligible,Sanity has approved public blog slug and canonical blog route
https://chamanlawfirm.com/where-is-the-proper-custody-of-a-will,Where Is The Proper Custody Of A Will,LIVE_BLOG_CANONICAL,https://chamanlawfirm.com/resources/blog/where-is-the-proper-custody-of-a-will,canonical route,sitemap eligible,Sanity has approved public blog slug and canonical blog route
https://chamanlawfirm.com/where-marriage-under-the-act-can-be-conducted,Where Marriage Under The Act Can Be Conducted,LIVE_BLOG_CANONICAL,https://chamanlawfirm.com/resources/blog/where-marriage-under-the-act-can-be-conducted,configured one-hop,sitemap eligible,Sanity has approved public blog slug and canonical blog route
https://chamanlawfirm.com/who-are-the-people-entitled-to-pro-b-service,Who Are The People Entitled To Pro B Service,LIVE_BLOG_CANONICAL,https://chamanlawfirm.com/resources/blog/who-are-the-people-entitled-to-pro-b-service,canonical route,sitemap eligible,Sanity has approved public blog slug and canonical blog route
https://chamanlawfirm.com/who-are-the-type-of-people-that-can-write-a-will,Who Are The Type Of People That Can Write A Will,LIVE_BLOG_CANONICAL,https://chamanlawfirm.com/resources/blog/who-are-the-type-of-people-that-can-write-a-will,canonical route,sitemap eligible,Sanity has approved public blog slug and canonical blog route
https://chamanlawfirm.com/who-can-be-a-notary-public,Who Can Be A Notary Public,308_TO_RELEVANT_200,/practice-areas/notary-public-services/notary-public-eligibility-and-document-advisory,configured one-hop,redirect source excluded from sitemap,configured one-hop redirect to relevant current route
https://chamanlawfirm.com/who-holds-authority-over-land-under-the-land,Who Holds Authority Over Land Under The Land,LIVE_BLOG_CANONICAL,https://chamanlawfirm.com/resources/blog/who-holds-authority-over-land-under-the-land,configured one-hop,sitemap eligible,Sanity has approved public blog slug and canonical blog route
https://chamanlawfirm.com/why-a-certificate-of-occupancy-c-of-o-is,Why A Certificate Of Occupancy C Of O Is,LIVE_BLOG_CANONICAL,https://chamanlawfirm.com/resources/blog/why-a-certificate-of-occupancy-c-of-o-is,canonical route,sitemap eligible,Sanity has approved public blog slug and canonical blog route
https://chamanlawfirm.com/why-do-i-need-a-family-lawyer-in-nigeria,Why Do I Need A Family Lawyer In Nigeria,LIVE_BLOG_CANONICAL,https://chamanlawfirm.com/resources/blog/why-do-i-need-a-family-lawyer-in-nigeria,canonical route,sitemap eligible,Sanity has approved public blog slug and canonical blog route
https://chamanlawfirm.com/why-is-governors-consent-compulsory,Why Is Governors Consent Compulsory,308_TO_RELEVANT_200,/practice-areas/property-real-estate-law/governors-consent,configured one-hop,redirect source excluded from sitemap,configured one-hop redirect to relevant current route
https://chamanlawfirm.com/why-is-public-awareness-important-for-land-ownership-and-titles-in-nigeria,Why Is Public Awareness Important For Land Ownership And Titles In Nigeria,LIVE_BLOG_CANONICAL,https://chamanlawfirm.com/resources/blog/why-is-public-awareness-important-for-land-ownership-and-titles-in-nigeria,canonical route,sitemap eligible,Sanity has approved public blog slug and canonical blog route
https://chamanlawfirm.com/why-you-need-a-certificate-of-occupancy-in-nigeria,Why You Need A Certificate Of Occupancy In Nigeria,LIVE_BLOG_CANONICAL,https://chamanlawfirm.com/resources/blog/why-you-need-a-certificate-of-occupancy-in-nigeria,canonical route,sitemap eligible,Sanity has approved public blog slug and canonical blog route
