old URL,old title,old meta title,old meta description,old content type,likely page type,current status,GSC clicks,GSC impressions,average position,backlink evidence,featured-snippet evidence,ranking evidence,current redirect target,Sanity public status,Sanity hidden/draft status,old image availability,recommended action,recommended final URL,canonical URL,sitemap inclusion status,image status,legal risk,duplicate/cannibalization risk,SEO priority score,AEO/GEO opportunity,notes
https://chamanlawfirm.com/landlord-and-tenant-rights-in-nigeria,Landlord And Tenant Rights In Nigeria,Landlord and Tenant Rights in Nigeria: Complete Legal Guide,"Understand your rights as a landlord or tenant in Nigeria. Learn about tenancy laws, and rent obligations under Nigerian property law.",property/title,blog,redirect configured to /resources/blog/landlord-and-tenant-rights-in-nigeria,1579,59489,6.5,not available locally,not available locally,not available locally,/resources/blog/landlord-and-tenant-rights-in-nigeria,approved public,none detected,image and alt present in Sanity,exact redirect to existing live equivalent,/resources/blog/landlord-and-tenant-rights-in-nigeria,https://chamanlawfirm.com/resources/blog/landlord-and-tenant-rights-in-nigeria,included,image and alt present in Sanity,medium - verify current law and facts before publication,low - already public,8580,"answer block, FAQs, lawyer CTA, practice-area links",Broad blog migration remains on hold; restore only through controlled lawyer-reviewed batches.
https://chamanlawfirm.com/obtaining-a-certificate-of-occupancy-c-of-o,Obtaining A Certificate Of Occupancy C Of O,The best way to obtain Certificate of Occupancy in Nigeria,"Certificate of Occupancy In Nigeria, for a person to successfully establish ownership or acquisition of land or landed property,",property/title,blog,redirect configured to /resources/blog/how-do-i-obtain-a-certificate-of-occupancy,1173,39662,3.4,not available locally,not available locally,not available locally,/resources/blog/how-do-i-obtain-a-certificate-of-occupancy,not public,hidden/unapproved,image recovery needed,exact redirect to existing live equivalent,/resources/blog/how-do-i-obtain-a-certificate-of-occupancy,https://chamanlawfirm.com/resources/blog/how-do-i-obtain-a-certificate-of-occupancy,included,image recovery needed,medium - verify current law and facts before publication,medium - compare hidden draft against public practice/page before approval,6412,"answer block, FAQs, lawyer CTA, practice-area links",Broad blog migration remains on hold; restore only through controlled lawyer-reviewed batches.
https://chamanlawfirm.com/cac-public-search-guide-nigeria,CAC Public Search Guide Nigeria,How to Use CAC Public Search in Nigeria | Chaman Law Firm,"Learn how CAC public search helps verify Nigerian company information, what it can and cannot prove, and when to request legal due diligence.",corporate/commercial,blog,redirect configured to /resources/blog/cac-public-search-guide-nigeria,1009,77699,8.95,not available locally,not available locally,not available locally,/resources/blog/cac-public-search-guide-nigeria,approved public,none detected,image and alt present in Sanity,exact redirect to existing live equivalent,/resources/blog/cac-public-search-guide-nigeria,https://chamanlawfirm.com/resources/blog/cac-public-search-guide-nigeria,included,image and alt present in Sanity,low/medium - editorial and legal review still required,low - already public,5912,"answer block, FAQs, lawyer CTA, practice-area links",Broad blog migration remains on hold; restore only through controlled lawyer-reviewed batches.
https://chamanlawfirm.com/the-concept-of-rule-of-law-in-nigeria,The Concept Of Rule Of Law In Nigeria,THE CONCEPT OF RULE OF LAW IN NIGERIA,"THE CONCEPT OF RULE OF LAW IN NIGERIA, Rule of law is a legal maxim that suggests that no one is above the law and governmental decisions....",general legal education,blog,hidden Sanity draft; do not redirect,763,51092,8.05,not available locally,not available locally,not available locally,,not public,hidden/unapproved,image recovery needed,keep hidden pending image/source repair,/resources/blog/the-concept-of-rule-of-law-in-nigeria,https://chamanlawfirm.com/resources/blog/the-concept-of-rule-of-law-in-nigeria,not checked,image recovery needed,low/medium - editorial and legal review still required,medium - compare hidden draft against public practice/page before approval,4536,"answer block, FAQs, lawyer CTA, practice-area links",Broad blog migration remains on hold; restore only through controlled lawyer-reviewed batches.
https://chamanlawfirm.com/the-jurisdiction-of-courts-in-nigeria,The Jurisdiction Of Courts In Nigeria,The Jurisdiction of Courts in Nigeria | Chaman Law Firm,"Understand how Nigerian court jurisdiction works, why the correct forum matters, and why legal advice is important before filing a claim.",litigation/ADR,blog,redirect configured to /resources/blog/the-jurisdiction-of-courts-in-nigeria,770,40707,17.01,not available locally,not available locally,not available locally,/resources/blog/the-jurisdiction-of-courts-in-nigeria,approved public,none detected,image and alt present in Sanity,exact redirect to existing live equivalent,/resources/blog/the-jurisdiction-of-courts-in-nigeria,https://chamanlawfirm.com/resources/blog/the-jurisdiction-of-courts-in-nigeria,included,image and alt present in Sanity,low/medium - editorial and legal review still required,low - already public,4287,"answer block, FAQs, lawyer CTA, practice-area links",Broad blog migration remains on hold; restore only through controlled lawyer-reviewed batches.
https://chamanlawfirm.com/how-to-change-car-ownership-in-nigeria,How To Change Car Ownership In Nigeria,,,general legal education,blog,live 404,731,34973,8.93,not available locally,not available locally,not available locally,,not public,none detected,image recovery needed,restore as blog post,/resources/blog/how-to-change-car-ownership-in-nigeria,https://chamanlawfirm.com/resources/blog/how-to-change-car-ownership-in-nigeria,not checked,image recovery needed,low/medium - editorial and legal review still required,low/medium - compare against existing live content before publication,4215,"answer block, FAQs, lawyer CTA, practice-area links",Broad blog migration remains on hold; restore only through controlled lawyer-reviewed batches.
https://chamanlawfirm.com/about-us,About Us,,,general legal education,static,redirect configured to /about,733,41803,6.17,not available locally,not available locally,not available locally,/about,not public,none detected,image recovery needed,exact redirect to existing live equivalent,/about,https://chamanlawfirm.com/about,included,image recovery needed,low/medium - editorial and legal review still required,low/medium - compare against existing live content before publication,4173,"service answer block, process steps, FAQs, consultation CTA",source body not present in Phase 5C prepared drafts; SEO title requires RankMath/source preservation or rewrite; meta description requires RankMath/source preservation or rewrite; image recovery/fallback required; redirect planning only; do not publish as article without equivalent content
https://chamanlawfirm.com/how-to-track-a-stolen-phone-in-nigeria,How To Track A Stolen Phone In Nigeria,,,general legal education,blog,live 404,689,48652,8.56,not available locally,not available locally,not available locally,,not public,none detected,image recovery needed,restore as blog post,/resources/blog/how-to-track-a-stolen-phone-in-nigeria,https://chamanlawfirm.com/resources/blog/how-to-track-a-stolen-phone-in-nigeria,not checked,image recovery needed,low/medium - editorial and legal review still required,low/medium - compare against existing live content before publication,4142,"answer block, FAQs, lawyer CTA, practice-area links",Broad blog migration remains on hold; restore only through controlled lawyer-reviewed batches.
https://chamanlawfirm.com/types-of-tenant-in-nigeria,Types Of Tenant In Nigeria,Types of Tenants in Nigeria | Chaman Law Firm,"Understand common types of tenants in Nigeria, including fixed-term and periodic tenancies, and why tenancy classification affects notices and rights.",property/title,blog,redirect configured to /resources/blog/types-of-tenant-in-nigeria,758,23316,8.3,not available locally,not available locally,not available locally,/resources/blog/types-of-tenant-in-nigeria,approved public,none detected,image and alt present in Sanity,exact redirect to existing live equivalent,/resources/blog/types-of-tenant-in-nigeria,https://chamanlawfirm.com/resources/blog/types-of-tenant-in-nigeria,included,image and alt present in Sanity,medium - verify current law and facts before publication,low - already public,4113,"answer block, FAQs, lawyer CTA, practice-area links",Broad blog migration remains on hold; restore only through controlled lawyer-reviewed batches.
https://chamanlawfirm.com/list-of-government-agencies-of-nigeria,List Of Government Agencies Of Nigeria,,,general legal education,blog,live 404,608,70716,15.11,not available locally,not available locally,not available locally,,not public,none detected,image recovery needed,restore as blog post,/resources/blog/list-of-government-agencies-of-nigeria,https://chamanlawfirm.com/resources/blog/list-of-government-agencies-of-nigeria,not checked,image recovery needed,low/medium - editorial and legal review still required,low/medium - compare against existing live content before publication,3897,"answer block, FAQs, lawyer CTA, practice-area links",Broad blog migration remains on hold; restore only through controlled lawyer-reviewed batches.
https://chamanlawfirm.com/proper-steps-to-eviction-of-tenants,Proper Steps To Eviction Of Tenants,Proper Legal Steps to Evict a Tenant in Nigeria | Chaman Law Firm,"Learn the lawful steps landlords should consider before recovering premises, including notices, court process, and avoiding self-help eviction.",property/title,blog,redirect configured to /resources/blog/proper-steps-to-eviction-of-tenants,708,32444,9.43,not available locally,not available locally,not available locally,/resources/blog/proper-steps-to-eviction-of-tenants,approved public,none detected,image and alt present in Sanity,exact redirect to existing live equivalent,/resources/blog/proper-steps-to-eviction-of-tenants,https://chamanlawfirm.com/resources/blog/proper-steps-to-eviction-of-tenants,included,image and alt present in Sanity,high - lawyer review required before publication,low - already public,3864,"answer block, FAQs, lawyer CTA, practice-area links",Broad blog migration remains on hold; restore only through controlled lawyer-reviewed batches.
https://chamanlawfirm.com/the-ogun-state-tenancy-law-chaman-law-firm,The Ogun State Tenancy Law Chaman Law Firm,"Ogun State Tenancy Law: Rights, Notices and Eviction | Chaman Law Firm","A practical guide to tenancy issues in Ogun State, including agreements, rent, notices, lawful eviction, and when to seek legal advice.",general legal education,blog,redirect configured to /resources/blog/the-ogun-state-tenancy-law-chaman-law-firm,646,10043,4.93,not available locally,not available locally,not available locally,/resources/blog/the-ogun-state-tenancy-law-chaman-law-firm,approved public,none detected,image and alt present in Sanity,exact redirect to existing live equivalent,/resources/blog/the-ogun-state-tenancy-law-chaman-law-firm,https://chamanlawfirm.com/resources/blog/the-ogun-state-tenancy-law-chaman-law-firm,included,image and alt present in Sanity,low/medium - editorial and legal review still required,low - already public,3480,"answer block, FAQs, lawyer CTA, practice-area links",Broad blog migration remains on hold; restore only through controlled lawyer-reviewed batches.
https://chamanlawfirm.com/building-permit-approval-in-ogun-state,Building Permit Approval In Ogun State,How to Get Building Permit Approval in Ogun State | Chaman Law Firm,"Learn the key legal and compliance issues for building permit approval in Ogun State, including title checks, drawings, applications, and official approvals.",general legal education,blog,redirect configured to /resources/blog/building-permit-approval-in-ogun-state,629,22729,7.58,not available locally,not available locally,not available locally,/resources/blog/building-permit-approval-in-ogun-state,approved public,none detected,image and alt present in Sanity,exact redirect to existing live equivalent,/resources/blog/building-permit-approval-in-ogun-state,https://chamanlawfirm.com/resources/blog/building-permit-approval-in-ogun-state,included,image and alt present in Sanity,low/medium - editorial and legal review still required,low - already public,3462,"answer block, FAQs, lawyer CTA, practice-area links",Broad blog migration remains on hold; restore only through controlled lawyer-reviewed batches.
https://chamanlawfirm.com/4-steps-on-how-to-deal-with-a-bad-landlordin,4 Steps On How To Deal With A Bad Landlordin,How to Deal with a Bad Landlord,"Introduction As a tenant in Lagos State, you may sometimes find yourself dealing with a landlord who doesn’t play by the rules. Some landlords can be quite difficult, using tactics like police intimidation, harassment,",property/title,blog,redirect configured to /resources/blog/4-steps-on-how-to-deal-with-a-bad-landlordin,570,14414,5.91,not available locally,not available locally,not available locally,/resources/blog/4-steps-on-how-to-deal-with-a-bad-landlordin,approved public,none detected,image and alt present in Sanity,exact redirect to existing live equivalent,/resources/blog/4-steps-on-how-to-deal-with-a-bad-landlordin,https://chamanlawfirm.com/resources/blog/4-steps-on-how-to-deal-with-a-bad-landlordin,included,image and alt present in Sanity,medium - verify current law and facts before publication,low - already public,3084,"answer block, FAQs, lawyer CTA, practice-area links",Broad blog migration remains on hold; restore only through controlled lawyer-reviewed batches.
https://chamanlawfirm.com/apply-for-drivers-licence-in-nigeria,Apply For Drivers Licence In Nigeria,,,general legal education,blog,live 404,373,102871,10.7,not available locally,not available locally,not available locally,,not public,none detected,image recovery needed,restore as blog post,/resources/blog/apply-for-drivers-licence-in-nigeria,https://chamanlawfirm.com/resources/blog/apply-for-drivers-licence-in-nigeria,not checked,image recovery needed,low/medium - editorial and legal review still required,low/medium - compare against existing live content before publication,3044,"answer block, FAQs, lawyer CTA, practice-area links",Broad blog migration remains on hold; restore only through controlled lawyer-reviewed batches.
https://chamanlawfirm.com/joinder-of-parties-misjoinder-of-parties,Joinder Of Parties Misjoinder Of Parties,Joinder and Misjoinder of Parties,JOINDER OF PARTIES (MISJOINDER OF PARTIES) Nigerian jurisprudence generally allows the joinder of a person as co-plaintiff,general legal education,blog,redirect configured to /resources/blog/joinder-of-parties-misjoinder-of-parties,553,15775,7.7,not available locally,not available locally,not available locally,/resources/blog/joinder-of-parties-misjoinder-of-parties,approved public,none detected,image and alt present in Sanity,exact redirect to existing live equivalent,/resources/blog/joinder-of-parties-misjoinder-of-parties,https://chamanlawfirm.com/resources/blog/joinder-of-parties-misjoinder-of-parties,included,image and alt present in Sanity,low/medium - editorial and legal review still required,low - already public,3013,"answer block, FAQs, lawyer CTA, practice-area links",Broad blog migration remains on hold; restore only through controlled lawyer-reviewed batches.
https://chamanlawfirm.com/gain-nigerian-citizenship-by-marriage,Gain Nigerian Citizenship By Marriage,Powerful step: Gain Nigerian Citizenship by Marriage,"Learn how a foreign wife can gain Nigerian citizenship by marriage, including eligibility, legal process, and documents required for application.",immigration,service,redirect configured to /practice-areas/immigration-services,505,34961,11.08,not available locally,not available locally,not available locally,/practice-areas/immigration-services,not public,hidden/unapproved,image recovery needed,exact redirect to existing live equivalent,/practice-areas/immigration-services,https://chamanlawfirm.com/practice-areas/immigration-services,included,image recovery needed,high - lawyer review required before publication,medium - confirm old topic should merge into existing practice/service page,2955,"service answer block, process steps, FAQs, consultation CTA",source body not present in Phase 5C prepared drafts; SEO title requires RankMath/source preservation or rewrite; meta description requires RankMath/source preservation or rewrite; image recovery/fallback required; redirect planning only; do not publish as article without equivalent content
https://chamanlawfirm.com/how-to-change-name-with-deed-poll,How To Change Name With Deed Poll,How to Change Name with Deed Poll in Nigeria | Chaman Law Firm,"Learn the general process for changing a name with deed poll in Nigeria, including documentation, publication, and when to seek legal help.",property/title,blog,redirect configured to /resources/blog/how-to-change-name-with-deed-poll,531,24126,10.61,not available locally,not available locally,not available locally,/resources/blog/how-to-change-name-with-deed-poll,approved public,none detected,image and alt present in Sanity,exact redirect to existing live equivalent,/resources/blog/how-to-change-name-with-deed-poll,https://chamanlawfirm.com/resources/blog/how-to-change-name-with-deed-poll,included,image and alt present in Sanity,low/medium - editorial and legal review still required,low - already public,2926,"answer block, FAQs, lawyer CTA, practice-area links",Broad blog migration remains on hold; restore only through controlled lawyer-reviewed batches.
https://chamanlawfirm.com/statutory-right-of-occupancy-vs-customary-right,Statutory Right Of Occupancy Vs Customary Right,Statutory Right of Occupancy vs Customary Right: Powerful Insight: Statutory vs Customary Right of Occupancy Explained,Statutory Right of Occupancy vs Customary Right Understand the difference between Statutory Right of Occupancy and Customary Right of Occupancy under Nigerian law...,general legal education,blog,redirect configured to /resources/blog/statutory-right-of-occupancy-vs-customary-right,503,14711,4.21,not available locally,not available locally,not available locally,/resources/blog/statutory-right-of-occupancy-vs-customary-right,approved public,none detected,image and alt present in Sanity,exact redirect to existing live equivalent,/resources/blog/statutory-right-of-occupancy-vs-customary-right,https://chamanlawfirm.com/resources/blog/statutory-right-of-occupancy-vs-customary-right,included,image and alt present in Sanity,low/medium - editorial and legal review still required,low - already public,2812,"answer block, FAQs, lawyer CTA, practice-area links",Broad blog migration remains on hold; restore only through controlled lawyer-reviewed batches.
https://chamanlawfirm.com/steps-on-how-to-confidently-report-acrimelaw,Steps On How To Confidently Report Acrimelaw,Steps On How To Confidently Report Acrimelaw,"Introduction Reporting a crime is a crucial step in ensuring justice and maintaining public safety. In Nigeria, the process of reporting a crime can be straightforward, but understanding the appropriate steps can help",general legal education,blog,hidden Sanity draft; do not redirect,414,30229,5.26,not available locally,not available locally,not available locally,,not public,hidden/unapproved,image and alt present in hidden Sanity draft,keep hidden pending image/source repair,/resources/blog/steps-on-how-to-confidently-report-acrimelaw,https://chamanlawfirm.com/resources/blog/steps-on-how-to-confidently-report-acrimelaw,not checked,image and alt present in hidden Sanity draft,low/medium - editorial and legal review still required,medium - compare hidden draft against public practice/page before approval,2582,"answer block, FAQs, lawyer CTA, practice-area links",Broad blog migration remains on hold; restore only through controlled lawyer-reviewed batches.
https://chamanlawfirm.com/ways-to-prove-ownership-of-land,Ways To Prove Ownership Of Land,Five Ways to Prove Ownership of Land in Nigeria | Chaman Law Firm,"Learn common ways to prove land ownership in Nigeria and why title verification, documents, possession, and legal advice matter.",property/title,blog,redirect configured to /resources/blog/ways-to-prove-ownership-of-land,442,28020,7.06,not available locally,not available locally,not available locally,/resources/blog/ways-to-prove-ownership-of-land,approved public,none detected,image and alt present in Sanity,exact redirect to existing live equivalent,/resources/blog/ways-to-prove-ownership-of-land,https://chamanlawfirm.com/resources/blog/ways-to-prove-ownership-of-land,included,image and alt present in Sanity,medium - verify current law and facts before publication,low - already public,2580,"answer block, FAQs, lawyer CTA, practice-area links",Broad blog migration remains on hold; restore only through controlled lawyer-reviewed batches.
https://chamanlawfirm.com/5-steps-on-how-to-obtain-restraining-order,5 Steps On How To Obtain Restraining Order,How to Obtain a Restraining Order,"Introduction In Nigeria, restraining and protection orders are legal tools designed to safeguard individuals from threats, harassment, or violence. These orders are crucial in cases of domestic violence, stalking, hara",general legal education,blog,redirect configured to /resources/blog/5-steps-on-how-to-obtain-restraining-order,421,7829,5.55,not available locally,not available locally,not available locally,/resources/blog/5-steps-on-how-to-obtain-restraining-order,approved public,none detected,image and alt present in Sanity,exact redirect to existing live equivalent,/resources/blog/5-steps-on-how-to-obtain-restraining-order,https://chamanlawfirm.com/resources/blog/5-steps-on-how-to-obtain-restraining-order,included,image and alt present in Sanity,high - lawyer review required before publication,low - already public,2183,"answer block, FAQs, lawyer CTA, practice-area links",Broad blog migration remains on hold; restore only through controlled lawyer-reviewed batches.
https://chamanlawfirm.com/what-are-elements-of-tax-law,What Are Elements Of Tax Law,Elements of Tax Law,"Introduction Quality, not quantity We have made quality our habit. It’s not something that we just strive for – we live by this principle every day. WHAT ARE ELEMENTS OF TAXATION? Law is comprised of components or elem",corporate/commercial,blog,redirect configured to /resources/blog/what-are-elements-of-tax-law,397,10170,9.73,not available locally,not available locally,not available locally,/resources/blog/what-are-elements-of-tax-law,approved public,none detected,image and alt present in Sanity,exact redirect to existing live equivalent,/resources/blog/what-are-elements-of-tax-law,https://chamanlawfirm.com/resources/blog/what-are-elements-of-tax-law,included,image and alt present in Sanity,medium - verify current law and facts before publication,low - already public,2177,"answer block, FAQs, lawyer CTA, practice-area links",Broad blog migration remains on hold; restore only through controlled lawyer-reviewed batches.
https://chamanlawfirm.com/child-support-and-maintenance-payment,Child Support And Maintenance Payment,Child Support And Maintenance-Payment; Essential Guide to Navigating Child Support and Maintenance Payments in Nigeria Without Stress,"Child Support And Maintenance-Payment Child support and maintenance payments are crucial aspects of family law, often arising in cases of divorce, separation, or disputes...",family law,blog,redirect configured to /resources/blog/child-support-and-maintenance-payment,366,29484,6.53,not available locally,not available locally,not available locally,/resources/blog/child-support-and-maintenance-payment,approved public,none detected,image and alt present in Sanity,exact redirect to existing live equivalent,/resources/blog/child-support-and-maintenance-payment,https://chamanlawfirm.com/resources/blog/child-support-and-maintenance-payment,included,image and alt present in Sanity,high - lawyer review required before publication,low - already public,2125,"answer block, FAQs, lawyer CTA, practice-area links",Broad blog migration remains on hold; restore only through controlled lawyer-reviewed batches.
https://chamanlawfirm.com/how-to-notarize-a-document-in-nigeria,How To Notarize A Document In Nigeria,How to Notarize a Document in Nigeria | Chaman Law Firm,"Learn what notarisation means in Nigeria, when documents may need a Notary Public, and what to prepare before notarising a document.",notary/documentation,blog,redirect configured to /resources/blog/how-to-notarize-a-document-in-nigeria,351,27073,8.97,not available locally,not available locally,not available locally,/resources/blog/how-to-notarize-a-document-in-nigeria,approved public,none detected,image and alt present in Sanity,exact redirect to existing live equivalent,/resources/blog/how-to-notarize-a-document-in-nigeria,https://chamanlawfirm.com/resources/blog/how-to-notarize-a-document-in-nigeria,included,image and alt present in Sanity,low/medium - editorial and legal review still required,low - already public,2116,"answer block, FAQs, lawyer CTA, practice-area links",Broad blog migration remains on hold; restore only through controlled lawyer-reviewed batches.
https://chamanlawfirm.com/community-development-associations-law,Community Development Associations Law,Powerful Ways: Community Development Associations Law,"Community Development Associations Law of Lagos State, The Lagos State House of Assembly enacted the Community....",general legal education,blog,redirect configured to /resources/blog/community-development-associations-law,372,16011,7.53,not available locally,not available locally,not available locally,/resources/blog/community-development-associations-law,approved public,none detected,image and alt present in Sanity,exact redirect to existing live equivalent,/resources/blog/community-development-associations-law,https://chamanlawfirm.com/resources/blog/community-development-associations-law,included,image and alt present in Sanity,low/medium - editorial and legal review still required,low - already public,2110,"answer block, FAQs, lawyer CTA, practice-area links",Broad blog migration remains on hold; restore only through controlled lawyer-reviewed batches.
https://chamanlawfirm.com/polygamy-and-multiple-marriages-in-nigeria,Polygamy And Multiple Marriages In Nigeria,Polygamy And Multiple Marriages In Nigeria; The Ultimate Guide to Polygamy under Nigerian Law: Proven Essential Insights,Polygamy And Multiple Marriages In Nigeria,family law,service,redirect configured to /practice-areas/family-law,262,65029,8.88,not available locally,not available locally,not available locally,/practice-areas/family-law,not public,hidden/unapproved,image and alt present in hidden Sanity draft,exact redirect to existing live equivalent,/practice-areas/family-law,https://chamanlawfirm.com/practice-areas/family-law,included,image and alt present in hidden Sanity draft,high - lawyer review required before publication,medium - confirm old topic should merge into existing practice/service page,2100,"service answer block, process steps, FAQs, consultation CTA",source body not present in Phase 5C prepared drafts; SEO title requires RankMath/source preservation or rewrite; meta description requires RankMath/source preservation or rewrite; image recovery/fallback required
https://chamanlawfirm.com/difference-between-ownership-and-possession,Difference Between Ownership And Possession,Powerful Steps: Difference Between Ownership and Possession,"the difference between ownership and possession in Nigerian law, including legal definitions, rights, and implications for property holders.",general legal education,blog,redirect configured to /resources/blog/difference-between-ownership-and-possession,375,13367,9.89,not available locally,not available locally,not available locally,/resources/blog/difference-between-ownership-and-possession,approved public,none detected,image and alt present in Sanity,exact redirect to existing live equivalent,/resources/blog/difference-between-ownership-and-possession,https://chamanlawfirm.com/resources/blog/difference-between-ownership-and-possession,included,image and alt present in Sanity,low/medium - editorial and legal review still required,low - already public,2099,"answer block, FAQs, lawyer CTA, practice-area links",Broad blog migration remains on hold; restore only through controlled lawyer-reviewed batches.
https://chamanlawfirm.com/tax-administration-in-nigeria,Tax Administration In Nigeria,Tax Administration in Nigeria,"TAX ADMINISTRATION IN NIGERIA In Nigeria, taxation is regulated by law. Implicitly, the passing of the applicable statute is required to make such a tax a legal obligation (Act, By-law, decree among others). The admini",corporate/commercial,blog,redirect configured to /resources/blog/tax-administration-in-nigeria,376,16882,14.35,not available locally,not available locally,not available locally,/resources/blog/tax-administration-in-nigeria,approved public,none detected,image and alt present in Sanity,exact redirect to existing live equivalent,/resources/blog/tax-administration-in-nigeria,https://chamanlawfirm.com/resources/blog/tax-administration-in-nigeria,included,image and alt present in Sanity,medium - verify current law and facts before publication,low - already public,2079,"answer block, FAQs, lawyer CTA, practice-area links",Broad blog migration remains on hold; restore only through controlled lawyer-reviewed batches.
https://chamanlawfirm.com/the-statutory-right-of-occupancy-in-nigeria,The Statutory Right Of Occupancy In Nigeria,Statutory Right of Occupancy in Nigeria | Chaman Law Firm,"Understand statutory right of occupancy in Nigeria, its role under land law, and why title verification matters before land transactions.",general legal education,blog,redirect configured to /resources/blog/the-statutory-right-of-occupancy-in-nigeria,328,24757,7.85,not available locally,not available locally,not available locally,/resources/blog/the-statutory-right-of-occupancy-in-nigeria,approved public,none detected,image and alt present in Sanity,exact redirect to existing live equivalent,/resources/blog/the-statutory-right-of-occupancy-in-nigeria,https://chamanlawfirm.com/resources/blog/the-statutory-right-of-occupancy-in-nigeria,included,image and alt present in Sanity,low/medium - editorial and legal review still required,low - already public,1978,"answer block, FAQs, lawyer CTA, practice-area links",Broad blog migration remains on hold; restore only through controlled lawyer-reviewed batches.
https://chamanlawfirm.com/5-vital-role-of-consumer-protection-agencies,5 Vital Role Of Consumer Protection Agencies,Role of Consumer Protection Agencies,"Introduction The role In today's fast-paced and increasingly complex marketplace, consumers often find themselves at a disadvantage. With a plethora of products and services available, the risk of exploitation, fraud,",general legal education,blog,redirect configured to /resources/blog/5-vital-role-of-consumer-protection-agencies,284,44484,8.93,not available locally,not available locally,not available locally,/resources/blog/5-vital-role-of-consumer-protection-agencies,approved public,none detected,image and alt present in Sanity,exact redirect to existing live equivalent,/resources/blog/5-vital-role-of-consumer-protection-agencies,https://chamanlawfirm.com/resources/blog/5-vital-role-of-consumer-protection-agencies,included,image and alt present in Sanity,low/medium - editorial and legal review still required,low - already public,1955,"answer block, FAQs, lawyer CTA, practice-area links",Broad blog migration remains on hold; restore only through controlled lawyer-reviewed batches.
https://chamanlawfirm.com/what-is-the-implication-of-quit-notice,What Is The Implication Of Quit Notice,Implication of Quit Notice,Implication of Quit Notice. It is a letter issued to a tenant by the landlord stating the specific date the tenant is expected to evict the premises and give up possession of the property.,general legal education,service,redirect configured to /practice-areas/property-real-estate-law,283,30132,11.67,not available locally,not available locally,not available locally,/practice-areas/property-real-estate-law,not public,hidden/unapproved,image recovery needed,exact redirect to existing live equivalent,/practice-areas/property-real-estate-law,https://chamanlawfirm.com/practice-areas/property-real-estate-law,included,image recovery needed,high - lawyer review required before publication,medium - confirm old topic should merge into existing practice/service page,1796,"service answer block, process steps, FAQs, consultation CTA",source body not present in Phase 5C prepared drafts; SEO title requires RankMath/source preservation or rewrite; meta description requires RankMath/source preservation or rewrite; image recovery/fallback required
https://chamanlawfirm.com/legal-steps-to-take-when-our-land-has-been,Legal Steps To Take When Our Land Has Been,Legal Steps When Land Has Been Affected,Introduction Land encroachment is a common legal challenge many property owners in Nigeria face. It occurs when another individual or entity unlawfully trespasses or occupies part of your land. Protecting your property,property/title,blog,redirect configured to /resources/blog/legal-steps-to-take-when-our-land-has-been,315,8372,7.14,not available locally,not available locally,not available locally,/resources/blog/legal-steps-to-take-when-our-land-has-been,approved public,none detected,image and alt present in Sanity,exact redirect to existing live equivalent,/resources/blog/legal-steps-to-take-when-our-land-has-been,https://chamanlawfirm.com/resources/blog/legal-steps-to-take-when-our-land-has-been,included,image and alt present in Sanity,medium - verify current law and facts before publication,low - already public,1749,"answer block, FAQs, lawyer CTA, practice-area links",Broad blog migration remains on hold; restore only through controlled lawyer-reviewed batches.
https://chamanlawfirm.com/how-to-replace-a-lost-a-marriage-certificate,How To Replace A Lost A Marriage Certificate,HOW TO REPLACE A LOST A MARRIAGE CERTIFICATE,"To replace a lost marriage certificate in Nigeria, follow these general steps: 1. Report the loss: Inform the appropriate authorities about the lost marriage certificate. This may involve visiting the nearest police s...",family law,blog,redirect configured to /resources/blog/how-to-replace-a-lost-a-marriage-certificate,336,7917,10.1,not available locally,not available locally,not available locally,/resources/blog/how-to-replace-a-lost-a-marriage-certificate,approved public,none detected,image and alt present in Sanity,exact redirect to existing live equivalent,/resources/blog/how-to-replace-a-lost-a-marriage-certificate,https://chamanlawfirm.com/resources/blog/how-to-replace-a-lost-a-marriage-certificate,included,image and alt present in Sanity,high - lawyer review required before publication,low - already public,1699,"answer block, FAQs, lawyer CTA, practice-area links",Broad blog migration remains on hold; restore only through controlled lawyer-reviewed batches.
https://chamanlawfirm.com/the-overall-list-of-federal-laws-in-nigeria,The Overall List Of Federal Laws In Nigeria,THE OVERALL LIST OF FEDERAL LAWS IN NIGERIA,"THE OVERALL LIST OF FEDERAL LAWS IN NIGERIA, The Laws of the Federation of Nigeria comprises all the laws in existence in Nigeria....",general legal education,blog,hidden Sanity draft; do not redirect,263,22517,14.43,not available locally,not available locally,not available locally,,not public,hidden/unapproved,image and alt present in hidden Sanity draft,keep hidden pending image/source repair,/resources/blog/the-overall-list-of-federal-laws-in-nigeria,https://chamanlawfirm.com/resources/blog/the-overall-list-of-federal-laws-in-nigeria,not checked,image and alt present in hidden Sanity draft,low/medium - editorial and legal review still required,medium - compare hidden draft against public practice/page before approval,1690,"answer block, FAQs, lawyer CTA, practice-area links",Broad blog migration remains on hold; restore only through controlled lawyer-reviewed batches.
https://chamanlawfirm.com/what-are-the-sources-of-nigerian-law,What Are The Sources Of Nigerian Law,,,general legal education,blog,live 404,231,30286,14.56,not available locally,not available locally,not available locally,,not public,none detected,image recovery needed,restore as blog post,/resources/blog/what-are-the-sources-of-nigerian-law,https://chamanlawfirm.com/resources/blog/what-are-the-sources-of-nigerian-law,not checked,image recovery needed,low/medium - editorial and legal review still required,low/medium - compare against existing live content before publication,1608,"answer block, FAQs, lawyer CTA, practice-area links",Broad blog migration remains on hold; restore only through controlled lawyer-reviewed batches.
https://chamanlawfirm.com/transfer-of-company-shares-in-nigeria,Transfer Of Company Shares In Nigeria,Transfer of Company Shares in Nigeria | Chaman Law Firm,"Learn the general legal steps and documents involved in transferring company shares in Nigeria, and why corporate-law review matters.",corporate/commercial,blog,redirect configured to /resources/blog/transfer-of-company-shares-in-nigeria,295,8083,11.99,not available locally,not available locally,not available locally,/resources/blog/transfer-of-company-shares-in-nigeria,approved public,none detected,image and alt present in Sanity,exact redirect to existing live equivalent,/resources/blog/transfer-of-company-shares-in-nigeria,https://chamanlawfirm.com/resources/blog/transfer-of-company-shares-in-nigeria,included,image and alt present in Sanity,low/medium - editorial and legal review still required,low - already public,1586,"answer block, FAQs, lawyer CTA, practice-area links",Broad blog migration remains on hold; restore only through controlled lawyer-reviewed batches.
https://chamanlawfirm.com/rights-of-tenants-in-ogun-chaman-law-firm,Rights Of Tenants In Ogun Chaman Law Firm,Powerful Steps: Rights of Tenants in Ogun / Chaman Law Firm,Rights of Tenants in Ogun - Learn the legal protections to help tenants understand their rights and avoid common disputes with landlords.,property/title,blog,redirect configured to /resources/blog/rights-of-tenants-in-ogun-chaman-law-firm,286,6542,5.87,not available locally,not available locally,not available locally,/resources/blog/rights-of-tenants-in-ogun-chaman-law-firm,approved public,none detected,image and alt present in Sanity,exact redirect to existing live equivalent,/resources/blog/rights-of-tenants-in-ogun-chaman-law-firm,https://chamanlawfirm.com/resources/blog/rights-of-tenants-in-ogun-chaman-law-firm,included,image and alt present in Sanity,medium - verify current law and facts before publication,low - already public,1585,"answer block, FAQs, lawyer CTA, practice-area links",Broad blog migration remains on hold; restore only through controlled lawyer-reviewed batches.
https://chamanlawfirm.com/steps-to-permanent-residency-in-nigeria,Steps To Permanent Residency In Nigeria,Steps to Permanent Residency in Nigeria,"Introduction Obtaining permanent residency in Nigeria is a crucial step for foreign nationals who wish to live, work, or invest in the country on a long-term basis. The process involves specific legal requirements and",immigration,blog,redirect configured to /resources/blog/steps-to-permanent-residency-in-nigeria,244,22900,10,not available locally,not available locally,not available locally,/resources/blog/steps-to-permanent-residency-in-nigeria,approved public,none detected,image and alt present in Sanity,exact redirect to existing live equivalent,/resources/blog/steps-to-permanent-residency-in-nigeria,https://chamanlawfirm.com/resources/blog/steps-to-permanent-residency-in-nigeria,included,image and alt present in Sanity,low/medium - editorial and legal review still required,low - already public,1539,"answer block, FAQs, lawyer CTA, practice-area links",Broad blog migration remains on hold; restore only through controlled lawyer-reviewed batches.
https://chamanlawfirm.com/challenges-facing-the-nigerian-court-system,Challenges Facing The Nigerian Court System,Challenges Facing the Nigerian Court System; 7 Critical Challenges Facing the Nigerian Court System in Resolving Disputes And How to Overcome Them,Challenges Facing the Nigerian Court System ;7 Critical Challenges Facing the Nigerian Court System in Resolving Disputes And How to Overcome Them...,litigation/ADR,blog,redirect configured to /resources/blog/challenges-facing-the-nigerian-court-system,230,26691,7.67,not available locally,not available locally,not available locally,/resources/blog/challenges-facing-the-nigerian-court-system,approved public,none detected,image and alt present in Sanity,exact redirect to existing live equivalent,/resources/blog/challenges-facing-the-nigerian-court-system,https://chamanlawfirm.com/resources/blog/challenges-facing-the-nigerian-court-system,included,image and alt present in Sanity,low/medium - editorial and legal review still required,low - already public,1507,"answer block, FAQs, lawyer CTA, practice-area links",Broad blog migration remains on hold; restore only through controlled lawyer-reviewed batches.
https://chamanlawfirm.com/duties-of-correctional-institutions-in-nigeria,Duties Of Correctional Institutions In Nigeria,,,general legal education,blog,live 404,197,25303,7.14,not available locally,not available locally,not available locally,,not public,none detected,image recovery needed,restore as blog post,/resources/blog/duties-of-correctional-institutions-in-nigeria,https://chamanlawfirm.com/resources/blog/duties-of-correctional-institutions-in-nigeria,not checked,image recovery needed,low/medium - editorial and legal review still required,low/medium - compare against existing live content before publication,1448,"answer block, FAQs, lawyer CTA, practice-area links",Broad blog migration remains on hold; restore only through controlled lawyer-reviewed batches.
https://chamanlawfirm.com/registration-of-trade-union-in-nigeria,Registration Of Trade Union In Nigeria,,,general legal education,service,redirect configured to /practice-areas/employment-law,227,11085,14.87,not available locally,not available locally,not available locally,/practice-areas/employment-law,not public,none detected,image recovery needed,exact redirect to existing live equivalent,/practice-areas/employment-law,https://chamanlawfirm.com/practice-areas/employment-law,included,image recovery needed,low/medium - editorial and legal review still required,medium - confirm old topic should merge into existing practice/service page,1416,"service answer block, process steps, FAQs, consultation CTA",source body not present in Phase 5C prepared drafts; SEO title requires RankMath/source preservation or rewrite; meta description requires RankMath/source preservation or rewrite; image recovery/fallback required
https://chamanlawfirm.com/how-to-file-complaint-against-police-officers-in-nigeria,How To File Complaint Against Police Officers In Nigeria,How To File Complaint Against Police Officers In Nigeria,"HOW TO FILE COMPLAINT AGAINST POLICE OFFICERS IN NIGERIA, To file a complaint against a police officer in Nigeria...",litigation/ADR,service,redirect configured to /practice-areas/litigation-dispute-resolution,226,14028,9.58,not available locally,not available locally,not available locally,/practice-areas/litigation-dispute-resolution,not public,hidden/unapproved,image recovery needed,exact redirect to existing live equivalent,/practice-areas/litigation-dispute-resolution,https://chamanlawfirm.com/practice-areas/litigation-dispute-resolution,included,image recovery needed,high - lawyer review required before publication,medium - confirm old topic should merge into existing practice/service page,1410,"service answer block, process steps, FAQs, consultation CTA",source body not present in Phase 5C prepared drafts; SEO title requires RankMath/source preservation or rewrite; meta description requires RankMath/source preservation or rewrite; image recovery/fallback required
https://chamanlawfirm.com/the-duties-of-lawyers-to-client,The Duties Of Lawyers To Client,The Duties of Lawyers to Clients: 6 Essential Responsibilities for Trust and Success,"THE DUTIES OF LAWYERS TO CLIENT There are ethics and professional code of conduct which a lawyer must adhere to. In Nigeria, lawyers are bound by the rules of professional conduct (RPC). The rules of professional cond...",general legal education,blog,hidden Sanity draft; do not redirect,202,10665,15.36,not available locally,not available locally,not available locally,,not public,hidden/unapproved,image and alt present in hidden Sanity draft,keep hidden pending image/source repair,/resources/blog/the-duties-of-lawyers-to-client,https://chamanlawfirm.com/resources/blog/the-duties-of-lawyers-to-client,not checked,image and alt present in hidden Sanity draft,low/medium - editorial and legal review still required,medium - compare hidden draft against public practice/page before approval,1407,"answer block, FAQs, lawyer CTA, practice-area links",Broad blog migration remains on hold; restore only through controlled lawyer-reviewed batches.
https://chamanlawfirm.com/the-role-of-technology-in-nigerian-education,The Role Of Technology In Nigerian Education,,,general legal education,blog,live 404,210,19932,22,not available locally,not available locally,not available locally,,not public,none detected,image recovery needed,restore as blog post,/resources/blog/the-role-of-technology-in-nigerian-education,https://chamanlawfirm.com/resources/blog/the-role-of-technology-in-nigerian-education,not checked,image recovery needed,low/medium - editorial and legal review still required,low/medium - compare against existing live content before publication,1339,"answer block, FAQs, lawyer CTA, practice-area links",Broad blog migration remains on hold; restore only through controlled lawyer-reviewed batches.
https://chamanlawfirm.com/powerful-steps-what-is-trespass-to-land-2,Powerful Steps What Is Trespass To Land 2,Powerful Steps: What is Trespass to Land | Chaman Law Firm,"Learn What is Trespass to Land means, including its legal definition, examples, consequences, and remedies available under Nigerian property law.",property/title,blog,redirect configured to /resources/blog/powerful-steps-what-is-trespass-to-land-2,212,17921,6.13,not available locally,not available locally,not available locally,/resources/blog/powerful-steps-what-is-trespass-to-land-2,approved public,none detected,image and alt present in Sanity,exact redirect to existing live equivalent,/resources/blog/powerful-steps-what-is-trespass-to-land-2,https://chamanlawfirm.com/resources/blog/powerful-steps-what-is-trespass-to-land-2,included,image and alt present in Sanity,medium - verify current law and facts before publication,low - already public,1329,"answer block, FAQs, lawyer CTA, practice-area links",Broad blog migration remains on hold; restore only through controlled lawyer-reviewed batches.
https://chamanlawfirm.com/customary-vs-statutory-marriage-in-nigeria,Customary Vs Statutory Marriage In Nigeria,Powerful Steps:Customary vs Statutory Marriage in Nigeria,"Understand the key differences between Customary vs Statutory Marriage in Nigeria, including legal recognition, rights, and obligations.",family law,blog,redirect configured to /resources/blog/customary-vs-statutory-marriage-in-nigeria,214,22906,9.18,not available locally,not available locally,not available locally,/resources/blog/customary-vs-statutory-marriage-in-nigeria,approved public,none detected,image and alt present in Sanity,exact redirect to existing live equivalent,/resources/blog/customary-vs-statutory-marriage-in-nigeria,https://chamanlawfirm.com/resources/blog/customary-vs-statutory-marriage-in-nigeria,included,image and alt present in Sanity,high - lawyer review required before publication,low - already public,1299,"answer block, FAQs, lawyer CTA, practice-area links",Broad blog migration remains on hold; restore only through controlled lawyer-reviewed batches.
https://chamanlawfirm.com/abandonment-and-withdrew-of-court-action,Abandonment And Withdrew Of Court Action,Proven Steps on Abandonment and Withdrew of Court Action,"Chaman Law Firm explains the consequences of Abandonment and Withdrew of Court Action in Nigeria, clarity and guidance on litigation decisions",litigation/ADR,blog,redirect configured to /practice-areas/litigation-dispute-resolution,219,10144,6.77,not available locally,not available locally,not available locally,/practice-areas/litigation-dispute-resolution,approved public,none detected,image and alt present in Sanity,exact redirect to existing live equivalent,/resources/blog/abandonment-and-withdrew-of-court-action,https://chamanlawfirm.com/resources/blog/abandonment-and-withdrew-of-court-action,included,image and alt present in Sanity,low/medium - editorial and legal review still required,low - already public,1286,"answer block, FAQs, lawyer CTA, practice-area links",image recovery/fallback required
https://chamanlawfirm.com/statute-of-limitations-on-debt-in-nigeria,Statute Of Limitations On Debt In Nigeria,Statute of Limitations on Debt in Nigeria | Chaman Law Firm,Understand why limitation periods matter in Nigerian debt recovery and why creditors should review documents and act before claims become time-barred.,debt recovery,blog,redirect configured to /resources/blog/statute-of-limitations-on-debt-in-nigeria,229,10391,10.89,not available locally,not available locally,not available locally,/resources/blog/statute-of-limitations-on-debt-in-nigeria,approved public,none detected,image and alt present in Sanity,exact redirect to existing live equivalent,/resources/blog/statute-of-limitations-on-debt-in-nigeria,https://chamanlawfirm.com/resources/blog/statute-of-limitations-on-debt-in-nigeria,included,image and alt present in Sanity,medium - verify current law and facts before publication,low - already public,1279,"answer block, FAQs, lawyer CTA, practice-area links",Broad blog migration remains on hold; restore only through controlled lawyer-reviewed batches.
https://chamanlawfirm.com/taxation-of-sole-proprietorship,Taxation Of Sole Proprietorship,Powerful Steps: Taxation of Sole Proprietorship,Explore taxation of sole proprietorships in Nigeria and stay compliant with Chaman Law Firm’s expert legal advice,corporate/commercial,blog,redirect configured to /resources/blog/taxation-of-sole-proprietorship,215,10558,5.34,not available locally,not available locally,not available locally,/resources/blog/taxation-of-sole-proprietorship,approved public,none detected,image and alt present in Sanity,exact redirect to existing live equivalent,/resources/blog/taxation-of-sole-proprietorship,https://chamanlawfirm.com/resources/blog/taxation-of-sole-proprietorship,included,image and alt present in Sanity,medium - verify current law and facts before publication,low - already public,1271,"answer block, FAQs, lawyer CTA, practice-area links",Broad blog migration remains on hold; restore only through controlled lawyer-reviewed batches.
https://chamanlawfirm.com/taxation-of-the-construction-sector-in-nigeria,Taxation Of The Construction Sector In Nigeria,Taxation of the Construction Sector in Nigeria,"TAXATION OF THE CONSTRUCTION SECTOR IN NIGERIA, In its most widely used context, construction covers the processes involved....",corporate/commercial,blog,redirect configured to /resources/blog/taxation-of-the-construction-sector-in-nigeria,234,4891,10.54,not available locally,not available locally,not available locally,/resources/blog/taxation-of-the-construction-sector-in-nigeria,approved public,none detected,image and alt present in Sanity,exact redirect to existing live equivalent,/resources/blog/taxation-of-the-construction-sector-in-nigeria,https://chamanlawfirm.com/resources/blog/taxation-of-the-construction-sector-in-nigeria,included,image and alt present in Sanity,medium - verify current law and facts before publication,low - already public,1249,"answer block, FAQs, lawyer CTA, practice-area links",Broad blog migration remains on hold; restore only through controlled lawyer-reviewed batches.
https://chamanlawfirm.com/to-apply-for-and-get-certificate-of-occupancy,To Apply For And Get Certificate Of Occupancy,Proven Steps: To Apply for and get Certificate of Occupancy,"Learn howto Apply for and get Certificate of Occupancy in FCT Abuja, Nigeria, including required documents, procedures, and legal guidelines.",property/title,blog,redirect configured to /resources/blog/to-apply-for-and-get-certificate-of-occupancy,188,21261,8.57,not available locally,not available locally,not available locally,/resources/blog/to-apply-for-and-get-certificate-of-occupancy,approved public,none detected,image and alt present in Sanity,exact redirect to existing live equivalent,/resources/blog/to-apply-for-and-get-certificate-of-occupancy,https://chamanlawfirm.com/resources/blog/to-apply-for-and-get-certificate-of-occupancy,included,image and alt present in Sanity,low/medium - editorial and legal review still required,low - already public,1243,"answer block, FAQs, lawyer CTA, practice-area links",Broad blog migration remains on hold; restore only through controlled lawyer-reviewed batches.
https://chamanlawfirm.com/sharing-of-property-after-divorce-in-nigeria,Sharing Of Property After Divorce In Nigeria,Sharing Of Property After Divorce In Nigeria: Crucial Insights into Fair and Unfair Sharing of Property After Divorce in Nigeria: Unlock Success,"Sharing Of Property After Divorce In Nigeria The court in determining the extent of the property to be settled, it would consider the circumstances of the case including the fortune of the parties and their responsibilit",property/title,blog,redirect configured to /resources/blog/sharing-of-property-after-divorce-in-nigeria,231,14184,10.87,not available locally,not available locally,not available locally,/resources/blog/sharing-of-property-after-divorce-in-nigeria,approved public,none detected,image and alt present in Sanity,exact redirect to existing live equivalent,/resources/blog/sharing-of-property-after-divorce-in-nigeria,https://chamanlawfirm.com/resources/blog/sharing-of-property-after-divorce-in-nigeria,included,image and alt present in Sanity,high - lawyer review required before publication,low - already public,1237,"answer block, FAQs, lawyer CTA, practice-area links",Broad blog migration remains on hold; restore only through controlled lawyer-reviewed batches.
https://chamanlawfirm.com/is-foreign-marriage-under-the-nigerian-law,Is Foreign Marriage Under The Nigerian Law,HOW VALID IS FOREIGN MARRIAGE UNDER NIGERIAN LAW,"HOW VALID IS FOREIGN MARRIAGE UNDER THE NIGERIAN LAW, The customary procedure among Nigerians who reside abroad has been to..",family law,blog,redirect configured to /resources/blog/is-foreign-marriage-under-the-nigerian-law,227,9164,9.5,not available locally,not available locally,not available locally,/resources/blog/is-foreign-marriage-under-the-nigerian-law,approved public,none detected,image and alt present in Sanity,exact redirect to existing live equivalent,/resources/blog/is-foreign-marriage-under-the-nigerian-law,https://chamanlawfirm.com/resources/blog/is-foreign-marriage-under-the-nigerian-law,included,image and alt present in Sanity,high - lawyer review required before publication,low - already public,1227,"answer block, FAQs, lawyer CTA, practice-area links",Broad blog migration remains on hold; restore only through controlled lawyer-reviewed batches.
https://chamanlawfirm.com/stamping-and-up-stamping-of-a-mortgage-document,Stamping And Up Stamping Of A Mortgage Document,Proven: Stamping and Up-Stamping of a Mortgage Document,process of Stamping and Up-Stamping of a Mortgage Document for commercial properties and why it matters for legal and financial transactions.,notary/documentation,blog,hidden Sanity draft; do not redirect,187,6730,6.22,not available locally,not available locally,not available locally,,not public,hidden/unapproved,image recovery needed,keep hidden pending image/source repair,/resources/blog/stamping-and-up-stamping-of-a-mortgage-document,https://chamanlawfirm.com/resources/blog/stamping-and-up-stamping-of-a-mortgage-document,not checked,image recovery needed,low/medium - editorial and legal review still required,medium - compare hidden draft against public practice/page before approval,1212,"answer block, FAQs, lawyer CTA, practice-area links",Broad blog migration remains on hold; restore only through controlled lawyer-reviewed batches.
https://chamanlawfirm.com/certificate-of-occupancy-in-rivers-state,Certificate Of Occupancy In Rivers State,Certificate of Occupancy in Rivers State: Effortless 2025 Guide: How to Secure Your Certificate of Occupancy in Rivers State,"Certificate of Occupancy in Rivers State The process of acquiring a Certificate of Occupancy (C of O) in Rivers State, Nigeria, has long...",property/title,blog,redirect configured to /practice-areas/property-real-estate-law,210,5338,9.43,not available locally,not available locally,not available locally,/practice-areas/property-real-estate-law,approved public,none detected,image and alt present in Sanity,exact redirect to existing live equivalent,/resources/blog/certificate-of-occupancy-in-rivers-state,https://chamanlawfirm.com/resources/blog/certificate-of-occupancy-in-rivers-state,included,image and alt present in Sanity,low/medium - editorial and legal review still required,low - already public,1193,"answer block, FAQs, lawyer CTA, practice-area links",source body not present in Phase 5C prepared drafts; SEO title requires RankMath/source preservation or rewrite; meta description requires RankMath/source preservation or rewrite; image recovery/fallback required
https://chamanlawfirm.com/can-a-minor-enter-into-a-valid-contract-in-nigeria,Can A Minor Enter Into A Valid Contract In Nigeria,CAN A MINOR ENTER INTO A VALID CONTRACT IN NIGERIA?,CAN A MINOR ENTER INTO A VALID CONTRACT IN NIGERIA? A minor can legally enter into a contract but,corporate/commercial,service,redirect configured to /practice-areas/corporate-commercial-law,168,10340,8.76,not available locally,not available locally,not available locally,/practice-areas/corporate-commercial-law,not public,hidden/unapproved,image and alt present in hidden Sanity draft,exact redirect to existing live equivalent,/practice-areas/corporate-commercial-law,https://chamanlawfirm.com/practice-areas/corporate-commercial-law,included,image and alt present in hidden Sanity draft,medium - verify current law and facts before publication,medium - confirm old topic should merge into existing practice/service page,1173,"service answer block, process steps, FAQs, consultation CTA",image recovery/fallback required
https://chamanlawfirm.com/how-to-secure-child-support-and-maintenance,How To Secure Child Support And Maintenance,Powerful Steps: How to Secure Child Support and Maintenance,"Discover how to secure child support and maintenance in Nigeria, including court procedures, parental duties, and help from Chaman Law Firm.",family law,blog,redirect configured to /resources/blog/how-to-secure-child-support-and-maintenance,194,18502,6.2,not available locally,not available locally,not available locally,/resources/blog/how-to-secure-child-support-and-maintenance,approved public,none detected,image and alt present in Sanity,exact redirect to existing live equivalent,/resources/blog/how-to-secure-child-support-and-maintenance,https://chamanlawfirm.com/resources/blog/how-to-secure-child-support-and-maintenance,included,image and alt present in Sanity,high - lawyer review required before publication,low - already public,1155,"answer block, FAQs, lawyer CTA, practice-area links",Broad blog migration remains on hold; restore only through controlled lawyer-reviewed batches.
https://chamanlawfirm.com/the-role-of-the-judiciary-in-nigerian-democracy,The Role Of The Judiciary In Nigerian Democracy,,,litigation/ADR,service,redirect configured to /practice-areas/litigation-dispute-resolution,177,8272,16.9,not available locally,not available locally,not available locally,/practice-areas/litigation-dispute-resolution,not public,none detected,image recovery needed,exact redirect to existing live equivalent,/practice-areas/litigation-dispute-resolution,https://chamanlawfirm.com/practice-areas/litigation-dispute-resolution,included,image recovery needed,low/medium - editorial and legal review still required,medium - confirm old topic should merge into existing practice/service page,1138,"service answer block, process steps, FAQs, consultation CTA",source body not present in Phase 5C prepared drafts; SEO title requires RankMath/source preservation or rewrite; meta description requires RankMath/source preservation or rewrite; image recovery/fallback required; redirect planning only; do not publish as article without equivalent content
https://chamanlawfirm.com/powerful-steps-sources-of-tax-law-in-nigeria,Powerful Steps Sources Of Tax Law In Nigeria,Powerful Steps: Sources of Tax Law in Nigeria,Understanding Sources of Tax Law in Nigeria can be divided into primary and secondary sources.,corporate/commercial,service,redirect configured to /practice-areas/corporate-commercial-law,146,9857,3.66,not available locally,not available locally,not available locally,/practice-areas/corporate-commercial-law,not public,hidden/unapproved,image and alt present in hidden Sanity draft,exact redirect to existing live equivalent,/practice-areas/corporate-commercial-law,https://chamanlawfirm.com/practice-areas/corporate-commercial-law,included,image and alt present in hidden Sanity draft,medium - verify current law and facts before publication,medium - confirm old topic should merge into existing practice/service page,1119,"service answer block, process steps, FAQs, consultation CTA",source body not present in Phase 5C prepared drafts; SEO title requires RankMath/source preservation or rewrite; meta description requires RankMath/source preservation or rewrite; image recovery/fallback required
https://chamanlawfirm.com/how-to-verify-land-title-before-buying-land,How To Verify Land Title Before Buying Land,,,property/title,service,redirect configured to /practice-areas/property-real-estate-law/property-verification,154,8738,6.08,not available locally,not available locally,not available locally,/practice-areas/property-real-estate-law/property-verification,not public,none detected,image recovery needed,exact redirect to existing live equivalent,/practice-areas/property-real-estate-law/property-verification,https://chamanlawfirm.com/practice-areas/property-real-estate-law/property-verification,included,image recovery needed,medium - verify current law and facts before publication,medium - confirm old topic should merge into existing practice/service page,1087,"service answer block, process steps, FAQs, consultation CTA",source body not present in Phase 5C prepared drafts; SEO title requires RankMath/source preservation or rewrite; meta description requires RankMath/source preservation or rewrite; image recovery/fallback required; redirect planning only; do not publish as article without equivalent content
https://chamanlawfirm.com/how-to-legally-change-a-child-surname,How To Legally Change A Child Surname,,,family law,service,redirect configured to /practice-areas/family-law,180,10512,10.02,not available locally,not available locally,not available locally,/practice-areas/family-law,not public,none detected,image recovery needed,exact redirect to existing live equivalent,/practice-areas/family-law,https://chamanlawfirm.com/practice-areas/family-law,included,image recovery needed,high - lawyer review required before publication,medium - confirm old topic should merge into existing practice/service page,1085,"service answer block, process steps, FAQs, consultation CTA",source body not present in Phase 5C prepared drafts; SEO title requires RankMath/source preservation or rewrite; meta description requires RankMath/source preservation or rewrite; image recovery/fallback required; redirect planning only; do not publish as article without equivalent content
https://chamanlawfirm.com/conditions-for-granting-injunctions-and-types-of-injunctions,Conditions For Granting Injunctions And Types Of Injunctions,Conditions For Granting Injunctions And Types Of Injunctions,CONDITIONS FOR GRANTING INJUNCTIONS AND TYPES OF INJUNCTIONS An injunction is a remedy granted by the court that prohibits someone from a threatened wrong or the continuation of a wrongful course of action that has alr,litigation/ADR,service,redirect configured to /practice-areas/litigation-dispute-resolution,164,3033,9.29,not available locally,not available locally,not available locally,/practice-areas/litigation-dispute-resolution,not public,hidden/unapproved,image recovery needed,exact redirect to existing live equivalent,/practice-areas/litigation-dispute-resolution,https://chamanlawfirm.com/practice-areas/litigation-dispute-resolution,included,image recovery needed,low/medium - editorial and legal review still required,medium - confirm old topic should merge into existing practice/service page,1080,"service answer block, process steps, FAQs, consultation CTA",source body not present in Phase 5C prepared drafts; SEO title requires RankMath/source preservation or rewrite; meta description requires RankMath/source preservation or rewrite; image recovery/fallback required
https://chamanlawfirm.com/understanding-rent-increase-laws-in-lagos,Understanding Rent Increase Laws In Lagos,,,property/title,service,redirect configured to /practice-areas/property-real-estate-law,115,27541,5.93,not available locally,not available locally,not available locally,/practice-areas/property-real-estate-law,not public,none detected,image recovery needed,exact redirect to existing live equivalent,/practice-areas/property-real-estate-law,https://chamanlawfirm.com/practice-areas/property-real-estate-law,included,image recovery needed,low/medium - editorial and legal review still required,medium - confirm old topic should merge into existing practice/service page,1080,"service answer block, process steps, FAQs, consultation CTA",source body not present in Phase 5C prepared drafts; SEO title requires RankMath/source preservation or rewrite; meta description requires RankMath/source preservation or rewrite; image recovery/fallback required
https://chamanlawfirm.com/overview-of-the-concept-recovery-of-premises,Overview Of The Concept Recovery Of Premises,Powerful Steps: Overview of the Concept Recovery of Premises,"Get an Overview of the Concept Recovery of Premises in Lagos State, covering legal processes, tenant eviction, and landlord rights under the law.",property/title,service,redirect configured to /practice-areas/property-real-estate-law,151,8920,9.6,not available locally,not available locally,not available locally,/practice-areas/property-real-estate-law,not public,hidden/unapproved,image and alt present in hidden Sanity draft,exact redirect to existing live equivalent,/practice-areas/property-real-estate-law,https://chamanlawfirm.com/practice-areas/property-real-estate-law,included,image and alt present in hidden Sanity draft,low/medium - editorial and legal review still required,medium - confirm old topic should merge into existing practice/service page,1074,"service answer block, process steps, FAQs, consultation CTA",image recovery/fallback required
https://chamanlawfirm.com/documents-apostilled-in-nigeria,Documents Apostilled In Nigeria,,,notary/documentation,service,live 404,108,16563,6.04,not available locally,not available locally,not available locally,/practice-areas/notary-public-services,not public,none detected,image recovery needed,exact redirect to existing live equivalent,/practice-areas/notary-public-services,https://chamanlawfirm.com/practice-areas/notary-public-services,included,image recovery needed,low/medium - editorial and legal review still required,medium - confirm old topic should merge into existing practice/service page,1056,"service answer block, process steps, FAQs, consultation CTA",Sprint 11E urgent non-blog rescue candidate; target is existing public service/practice page.
https://chamanlawfirm.com/cost-of-building-approval-chaman-law-firm,Cost Of Building Approval Chaman Law Firm,Powerful Steps: Cost of Building Approval / Chaman Law Firm,Cost of building approval in Ogun? Find out the estimated cost of obtaining building approval and other costs that influence total expenses.,general legal education,service,redirect configured to /practice-areas/property-real-estate-law,142,5152,4.55,not available locally,not available locally,not available locally,/practice-areas/property-real-estate-law,not public,hidden/unapproved,image recovery needed,exact redirect to existing live equivalent,/practice-areas/property-real-estate-law,https://chamanlawfirm.com/practice-areas/property-real-estate-law,included,image recovery needed,low/medium - editorial and legal review still required,medium - confirm old topic should merge into existing practice/service page,1052,"service answer block, process steps, FAQs, consultation CTA",image recovery/fallback required
https://chamanlawfirm.com/land-grabbing-the-legal-consequences-of,Land Grabbing The Legal Consequences Of,Severe Repercussions of Land Grabbing in Nigeria: What Property Owners Must Know,The Legal Consequences of Land Grabbing in Nigeria: What Property Owners Must Know...,property/title,service,redirect configured to /practice-areas/property-real-estate-law,148,7395,9.15,not available locally,not available locally,not available locally,/practice-areas/property-real-estate-law,not public,hidden/unapproved,image and alt present in hidden Sanity draft,exact redirect to existing live equivalent,/practice-areas/property-real-estate-law,https://chamanlawfirm.com/practice-areas/property-real-estate-law,included,image and alt present in hidden Sanity draft,medium - verify current law and facts before publication,medium - confirm old topic should merge into existing practice/service page,1044,"service answer block, process steps, FAQs, consultation CTA",image recovery/fallback required
https://chamanlawfirm.com/how-to-apply-for-certificate-of-good-conduct-in-nigeria,How To Apply For Certificate Of Good Conduct In Nigeria,,,general legal education,blog,live 404,150,8056,7.41,not available locally,not available locally,not available locally,,not public,none detected,image recovery needed,restore as blog post,/resources/blog/how-to-apply-for-certificate-of-good-conduct-in-nigeria,https://chamanlawfirm.com/resources/blog/how-to-apply-for-certificate-of-good-conduct-in-nigeria,not checked,image recovery needed,low/medium - editorial and legal review still required,low/medium - compare against existing live content before publication,1041,"answer block, FAQs, lawyer CTA, practice-area links",Broad blog migration remains on hold; restore only through controlled lawyer-reviewed batches.
https://chamanlawfirm.com/the-nigerian-legal-system,The Nigerian Legal System,,,general legal education,blog,live 404,145,21767,24.88,not available locally,not available locally,not available locally,,not public,none detected,image recovery needed,restore as blog post,/resources/blog/the-nigerian-legal-system,https://chamanlawfirm.com/resources/blog/the-nigerian-legal-system,not checked,image recovery needed,low/medium - editorial and legal review still required,low/medium - compare against existing live content before publication,1033,"answer block, FAQs, lawyer CTA, practice-area links",Broad blog migration remains on hold; restore only through controlled lawyer-reviewed batches.
https://chamanlawfirm.com/void-and-voidable-marriages-in-nigeria,Void And Voidable Marriages In Nigeria,Void and Voidable Marriages in Nigeria: Understanding Legal Implications,"VOID AND VOIDABLE MARRIAGES IN NIGERIA,Marriages are generally annulled in Nigeria when parties",family law,service,redirect configured to /practice-areas/family-law,172,7850,14.05,not available locally,not available locally,not available locally,/practice-areas/family-law,not public,hidden/unapproved,image and alt present in hidden Sanity draft,exact redirect to existing live equivalent,/practice-areas/family-law,https://chamanlawfirm.com/practice-areas/family-law,included,image and alt present in hidden Sanity draft,high - lawyer review required before publication,medium - confirm old topic should merge into existing practice/service page,1019,"service answer block, process steps, FAQs, consultation CTA",image recovery/fallback required
https://chamanlawfirm.com/overview-of-latches-and-acquiescence,Overview Of Latches And Acquiescence,,,general legal education,service,redirect configured to /practice-areas/litigation-dispute-resolution,149,9158,11.59,not available locally,not available locally,not available locally,/practice-areas/litigation-dispute-resolution,not public,none detected,image recovery needed,exact redirect to existing live equivalent,/practice-areas/litigation-dispute-resolution,https://chamanlawfirm.com/practice-areas/litigation-dispute-resolution,included,image recovery needed,low/medium - editorial and legal review still required,medium - confirm old topic should merge into existing practice/service page,1007,"service answer block, process steps, FAQs, consultation CTA",source body not present in Phase 5C prepared drafts; SEO title requires RankMath/source preservation or rewrite; meta description requires RankMath/source preservation or rewrite; image recovery/fallback required
https://chamanlawfirm.com/nigeria-prohibited-items-list,Nigeria Prohibited Items List,,,general legal education,blog,live 404,127,21883,11.78,not available locally,not available locally,not available locally,,not public,none detected,image recovery needed,restore as blog post,/resources/blog/nigeria-prohibited-items-list,https://chamanlawfirm.com/resources/blog/nigeria-prohibited-items-list,not checked,image recovery needed,low/medium - editorial and legal review still required,low/medium - compare against existing live content before publication,1004,"answer block, FAQs, lawyer CTA, practice-area links",Broad blog migration remains on hold; restore only through controlled lawyer-reviewed batches.
https://chamanlawfirm.com/how-do-i-legally-evict-a-tenant-in-ogun-state,How Do I Legally Evict A Tenant In Ogun State,How Do I Legally Evict a Tenant in Ogun State?,How Do I Legally Evict a Tenant in Ogun State? A Step-by-Step Guide for Landlords Under Ogun State Tenancy Law Introduction Evicting a tenant can be one of the most difficult and stressful situations a landlord in Ogu...,property/title,service,redirect configured to /practice-areas/property-real-estate-law,151,4331,4.79,not available locally,not available locally,not available locally,/practice-areas/property-real-estate-law,not public,hidden/unapproved,image and alt present in hidden Sanity draft,exact redirect to existing live equivalent,/practice-areas/property-real-estate-law,https://chamanlawfirm.com/practice-areas/property-real-estate-law,included,image and alt present in hidden Sanity draft,high - lawyer review required before publication,medium - confirm old topic should merge into existing practice/service page,998,"service answer block, process steps, FAQs, consultation CTA",
https://chamanlawfirm.com/property-how-to-place-a-caveat,Property How To Place A Caveat,Property How To Place A Caveat,"Secure Your Property Rights; How to Place a Caveat on a Property in Ogun State, Nigeria",property/title,service,redirect configured to /practice-areas/property-real-estate-law,140,4283,9.89,not available locally,not available locally,not available locally,/practice-areas/property-real-estate-law,not public,hidden/unapproved,image and alt present in hidden Sanity draft,exact redirect to existing live equivalent,/practice-areas/property-real-estate-law,https://chamanlawfirm.com/practice-areas/property-real-estate-law,included,image and alt present in hidden Sanity draft,medium - verify current law and facts before publication,medium - confirm old topic should merge into existing practice/service page,973,"service answer block, process steps, FAQs, consultation CTA",source body not present in Phase 5C prepared drafts; SEO title requires RankMath/source preservation or rewrite; meta description requires RankMath/source preservation or rewrite; image recovery/fallback required
https://chamanlawfirm.com/family-property-and-right-of-individual-member-in-family-property,Family Property And Right Of Individual Member In Family Property,FAMILY PROPERTY AND THE RIGHTS OF INDIVIDUAL MEMBER,"FAMILY PROPERTY AND RIGHTS OF INDIVIDUAL MEMBER IN FAMILY PROPERTY Family property is that property vested in a group of persons i.e family members, which is meant for the use and enjoyment of the family as a whole wh...",property/title,blog,redirect configured to /resources/blog/family-property-and-right-of-individual-member-in-family-property,166,4234,9.42,not available locally,not available locally,not available locally,/resources/blog/family-property-and-right-of-individual-member-in-family-property,approved public,none detected,image and alt present in Sanity,exact redirect to existing live equivalent,/resources/blog/family-property-and-right-of-individual-member-in-family-property,https://chamanlawfirm.com/resources/blog/family-property-and-right-of-individual-member-in-family-property,included,image and alt present in Sanity,medium - verify current law and facts before publication,low - already public,962,"answer block, FAQs, lawyer CTA, practice-area links",Broad blog migration remains on hold; restore only through controlled lawyer-reviewed batches.
https://chamanlawfirm.com/communal-land-and-family-land,Communal Land And Family Land,Communal and Family Land: The 5 Key Differences Between Them,"Basically, communal land is land that is collectively own by member of a particular community, but family land is owe by member of a family.",property/title,blog,redirect configured to /resources/blog/communal-land-and-family-land,151,11645,7.9,not available locally,not available locally,not available locally,/resources/blog/communal-land-and-family-land,approved public,none detected,image and alt present in Sanity,exact redirect to existing live equivalent,/resources/blog/communal-land-and-family-land,https://chamanlawfirm.com/resources/blog/communal-land-and-family-land,included,image and alt present in Sanity,medium - verify current law and facts before publication,low - already public,961,"answer block, FAQs, lawyer CTA, practice-area links",Broad blog migration remains on hold; restore only through controlled lawyer-reviewed batches.
https://chamanlawfirm.com/land-ownership-disputes-in-nigeria,Land Ownership Disputes In Nigeria,The Role of Courts in Resolving Land Ownership Disputes in Nigeria: Legal Insights & Case Studies,"What Role do the Courts Play in Resolving Land Ownership Disputes in Nigeria , Land ownership disputes are a common occurrence in Nigeria,",property/title,blog,redirect configured to /resources/blog/land-ownership-disputes-in-nigeria,151,10907,8.27,not available locally,not available locally,not available locally,/resources/blog/land-ownership-disputes-in-nigeria,approved public,none detected,image and alt present in Sanity,exact redirect to existing live equivalent,/resources/blog/land-ownership-disputes-in-nigeria,https://chamanlawfirm.com/resources/blog/land-ownership-disputes-in-nigeria,included,image and alt present in Sanity,medium - verify current law and facts before publication,low - already public,954,"answer block, FAQs, lawyer CTA, practice-area links",Broad blog migration remains on hold; restore only through controlled lawyer-reviewed batches.
https://chamanlawfirm.com/can-a-landlord-increase-rent-arbitrarily-in-ogun,Can A Landlord Increase Rent Arbitrarily In Ogun,Powerful Steps: Can a Landlord Increase Rent Arbitrarily,Increase Rent Arbitrarily - Learn when and how rent can be increased lawfully and what tenants can do if they believe a rent hike is unfair in Ogun,property/title,service,redirect configured to /practice-areas/property-real-estate-law,136,4178,7.4,not available locally,not available locally,not available locally,/practice-areas/property-real-estate-law,not public,hidden/unapproved,image and alt present in hidden Sanity draft,exact redirect to existing live equivalent,/practice-areas/property-real-estate-law,https://chamanlawfirm.com/practice-areas/property-real-estate-law,included,image and alt present in hidden Sanity draft,medium - verify current law and facts before publication,medium - confirm old topic should merge into existing practice/service page,952,"service answer block, process steps, FAQs, consultation CTA",source body not present in Phase 5C prepared drafts; SEO title requires RankMath/source preservation or rewrite; meta description requires RankMath/source preservation or rewrite; image recovery/fallback required
https://chamanlawfirm.com/is-police-bail-free-in-nigeria,Is Police Bail Free In Nigeria,,,litigation/ADR,service,redirect configured to /practice-areas/litigation-dispute-resolution,146,13323,10.55,not available locally,not available locally,not available locally,/practice-areas/litigation-dispute-resolution,not public,none detected,image recovery needed,exact redirect to existing live equivalent,/practice-areas/litigation-dispute-resolution,https://chamanlawfirm.com/practice-areas/litigation-dispute-resolution,included,image recovery needed,high - lawyer review required before publication,medium - confirm old topic should merge into existing practice/service page,943,"service answer block, process steps, FAQs, consultation CTA",source body not present in Phase 5C prepared drafts; SEO title requires RankMath/source preservation or rewrite; meta description requires RankMath/source preservation or rewrite; image recovery/fallback required
https://chamanlawfirm.com/types-of-land-registration-in-nigeria,Types Of Land Registration In Nigeria,Powerful Steps: Types of Land Registration in Nigeria,"the Types of Land Registration in Nigeria, highlighting processes, legal frameworks, and benefits of proper land documentation and ownership.",property/title,blog,redirect configured to /resources/blog/types-of-land-registration-in-nigeria,150,9485,9.92,not available locally,not available locally,not available locally,/resources/blog/types-of-land-registration-in-nigeria,approved public,none detected,image and alt present in Sanity,exact redirect to existing live equivalent,/resources/blog/types-of-land-registration-in-nigeria,https://chamanlawfirm.com/resources/blog/types-of-land-registration-in-nigeria,included,image and alt present in Sanity,medium - verify current law and facts before publication,low - already public,935,"answer block, FAQs, lawyer CTA, practice-area links",Broad blog migration remains on hold; restore only through controlled lawyer-reviewed batches.
https://chamanlawfirm.com/annulment-of-marriage-under-the-nigerian-law,Annulment Of Marriage Under The Nigerian Law,Annulment of Marriage Under Nigerian Law: 5 Essential Insights for Positive Legal Clarity,Introduction ANNULMENT OF MARRIAGE UNDER THE NIGERIAN LAW An annulment of marriage is a procedure used in Nigeria where a party to a Statutory marriage tries to entirely void the union on the grounds that it is void o...,family law,blog,redirect configured to /resources/blog/annulment-of-marriage-under-the-nigerian-law,163,7865,7.87,not available locally,not available locally,not available locally,/resources/blog/annulment-of-marriage-under-the-nigerian-law,approved public,none detected,image and alt present in Sanity,exact redirect to existing live equivalent,/resources/blog/annulment-of-marriage-under-the-nigerian-law,https://chamanlawfirm.com/resources/blog/annulment-of-marriage-under-the-nigerian-law,included,image and alt present in Sanity,high - lawyer review required before publication,low - already public,894,"answer block, FAQs, lawyer CTA, practice-area links",Broad blog migration remains on hold; restore only through controlled lawyer-reviewed batches.
https://chamanlawfirm.com/dissolution-of-marriage-under-the-nigeria-law,Dissolution Of Marriage Under The Nigeria Law,Powerful Step: Dissolution of Marriage Under the Nigeria Law,"Explore the grounds for Dissolution of Marriage Under the Nigeria Law, including legal reasons, court processes, and rights of the parties involved.",family law,blog,redirect configured to /resources/blog/dissolution-of-marriage-under-the-nigeria-law,171,9696,15.21,not available locally,not available locally,not available locally,/resources/blog/dissolution-of-marriage-under-the-nigeria-law,approved public,none detected,image and alt present in Sanity,exact redirect to existing live equivalent,/resources/blog/dissolution-of-marriage-under-the-nigeria-law,https://chamanlawfirm.com/resources/blog/dissolution-of-marriage-under-the-nigeria-law,included,image and alt present in Sanity,high - lawyer review required before publication,low - already public,892,"answer block, FAQs, lawyer CTA, practice-area links",Broad blog migration remains on hold; restore only through controlled lawyer-reviewed batches.
https://chamanlawfirm.com/what-to-know-about-company-resolution,What To Know About Company Resolution,Powerful Steps: What to Know About Company Resolution,"key aspects What to Know About Company Resolutions, their types, procedures, and legal significance in corporate governance under Nigerian law.",corporate/commercial,blog,redirect configured to /resources/blog/what-to-know-about-company-resolution,146,12053,12.76,not available locally,not available locally,not available locally,/resources/blog/what-to-know-about-company-resolution,approved public,none detected,image and alt present in Sanity,exact redirect to existing live equivalent,/resources/blog/what-to-know-about-company-resolution,https://chamanlawfirm.com/resources/blog/what-to-know-about-company-resolution,included,image and alt present in Sanity,low/medium - editorial and legal review still required,low - already public,881,"answer block, FAQs, lawyer CTA, practice-area links",Broad blog migration remains on hold; restore only through controlled lawyer-reviewed batches.
https://chamanlawfirm.com/types-of-parties-to-a-civil-action,Types Of Parties To A Civil Action,,,general legal education,service,redirect configured to /practice-areas/litigation-dispute-resolution,127,7219,13.35,not available locally,not available locally,not available locally,/practice-areas/litigation-dispute-resolution,not public,none detected,image recovery needed,exact redirect to existing live equivalent,/practice-areas/litigation-dispute-resolution,https://chamanlawfirm.com/practice-areas/litigation-dispute-resolution,included,image recovery needed,low/medium - editorial and legal review still required,medium - confirm old topic should merge into existing practice/service page,877,"service answer block, process steps, FAQs, consultation CTA",source body not present in Phase 5C prepared drafts; SEO title requires RankMath/source preservation or rewrite; meta description requires RankMath/source preservation or rewrite; image recovery/fallback required
https://chamanlawfirm.com/powerful-steps-valid-survey,Powerful Steps Valid Survey,,,property/title,service,redirect configured to /practice-areas/property-real-estate-law,120,4234,5.87,not available locally,not available locally,not available locally,/practice-areas/property-real-estate-law,not public,none detected,image recovery needed,exact redirect to existing live equivalent,/practice-areas/property-real-estate-law,https://chamanlawfirm.com/practice-areas/property-real-estate-law,included,image recovery needed,low/medium - editorial and legal review still required,medium - confirm old topic should merge into existing practice/service page,872,"service answer block, process steps, FAQs, consultation CTA",source body not present in Phase 5C prepared drafts; SEO title requires RankMath/source preservation or rewrite; meta description requires RankMath/source preservation or rewrite; image recovery/fallback required; redirect planning only; do not publish as article without equivalent content
https://chamanlawfirm.com/what-is-the-process-of-land-acquisition,What Is The Process Of Land Acquisition,Powerful Steps: What is the Process of Land Acquisition,"What is the Process of Land Acquisition in Nigeria, including legal steps, documentation, and key government agencies involved in the transaction",property/title,blog,redirect configured to /resources/blog/what-is-the-process-of-land-acquisition,145,10528,11.39,not available locally,not available locally,not available locally,/resources/blog/what-is-the-process-of-land-acquisition,approved public,none detected,image and alt present in Sanity,exact redirect to existing live equivalent,/resources/blog/what-is-the-process-of-land-acquisition,https://chamanlawfirm.com/resources/blog/what-is-the-process-of-land-acquisition,included,image and alt present in Sanity,medium - verify current law and facts before publication,low - already public,860,"answer block, FAQs, lawyer CTA, practice-area links",Broad blog migration remains on hold; restore only through controlled lawyer-reviewed batches.
https://chamanlawfirm.com/who-can-be-a-notary-public,Who Can Be A Notary Public,Who Can Be A Notary Public,"WHO CAN BE A NOTARY PUBLIC The Notaries Public Act 1936 provides for the appointment, roles and responsibilities of a Notary Public in Nigeria. In Nigeria, Notaries Public are appointed by the Chief Justice of Nigeria.",notary/documentation,service,hidden Sanity draft; do not redirect,83,15411,10.26,not available locally,not available locally,not available locally,/practice-areas/notary-public-services,not public,hidden/unapproved,image recovery needed,exact redirect to existing live equivalent,/practice-areas/notary-public-services,https://chamanlawfirm.com/practice-areas/notary-public-services,included,image recovery needed,low/medium - editorial and legal review still required,medium - confirm old topic should merge into existing practice/service page,859,"service answer block, process steps, FAQs, consultation CTA","Needs full content, image, canonical, and legal review before publication."
https://chamanlawfirm.com/deed-of-assignment-in-nigeria,Deed Of Assignment In Nigeria,deed of assignment best registration procedures,THE STEPS FOR REGISTRATION OF DEED OF ASSIGNMENT IN NIGERIA The consent of the Governor is important before...,property/title,service,redirect configured to /practice-areas/property-real-estate-law,114,5572,9.99,not available locally,not available locally,not available locally,/practice-areas/property-real-estate-law,not public,hidden/unapproved,image and alt present in hidden Sanity draft,exact redirect to existing live equivalent,/practice-areas/property-real-estate-law,https://chamanlawfirm.com/practice-areas/property-real-estate-law,included,image and alt present in hidden Sanity draft,low/medium - editorial and legal review still required,medium - confirm old topic should merge into existing practice/service page,856,"service answer block, process steps, FAQs, consultation CTA",source body not present in Phase 5C prepared drafts; SEO title requires RankMath/source preservation or rewrite; meta description requires RankMath/source preservation or rewrite; image recovery/fallback required
https://chamanlawfirm.com/probate-in-lagos-everything-you-need-to-know,Probate In Lagos Everything You Need To Know,Powerful Steps: Probate in Lagos:Everything You Need to Know,"Probate in Lagos: Everything You Need to Know - understand the process, timelines, and costs involved in settling a deceased person’s estate.",probate/estate,service,hidden Sanity draft; do not redirect,94,6122,4.79,not available locally,not available locally,not available locally,,not public,hidden/unapproved,image recovery needed,keep hidden pending legal review,/practice-areas/probate-estate-administration,https://chamanlawfirm.com/practice-areas/probate-estate-administration,included,image recovery needed,high - lawyer review required before publication,medium - confirm old topic should merge into existing practice/service page,851,"service answer block, process steps, FAQs, consultation CTA","Needs full content, image, canonical, and legal review before publication."
https://chamanlawfirm.com/what-are-rights-of-women-to-inheritance-in-nigeria,What Are Rights Of Women To Inheritance In Nigeria,WHAT ARE RIGHTS OF WOMEN TO INHERITANCE IN NIGERIA,"WHAT ARE RIGHTS OF WOMEN TO INHERITANCE IN NIGERIA This will be considergb(255, 0, 0) in two spheres: A woman as a daughter and a woman as a widow. The woman as a daughter: In most tribes in Nigeria, the female daught...",probate/estate,blog,redirect configured to /resources/blog/what-are-rights-of-women-to-inheritance-in-nigeria,152,8878,8.51,not available locally,not available locally,not available locally,/resources/blog/what-are-rights-of-women-to-inheritance-in-nigeria,approved public,none detected,image and alt present in Sanity,exact redirect to existing live equivalent,/resources/blog/what-are-rights-of-women-to-inheritance-in-nigeria,https://chamanlawfirm.com/resources/blog/what-are-rights-of-women-to-inheritance-in-nigeria,included,image and alt present in Sanity,high - lawyer review required before publication,low - already public,849,"answer block, FAQs, lawyer CTA, practice-area links",Broad blog migration remains on hold; restore only through controlled lawyer-reviewed batches.
https://chamanlawfirm.com/tthe-legal-rights-of-a-wife-after-divorce,Tthe Legal Rights Of A Wife After Divorce,,,family law,service,redirect configured to /practice-areas/family-law,138,7285,14.29,not available locally,not available locally,not available locally,/practice-areas/family-law,not public,none detected,image recovery needed,exact redirect to existing live equivalent,/practice-areas/family-law,https://chamanlawfirm.com/practice-areas/family-law,included,image recovery needed,high - lawyer review required before publication,medium - confirm old topic should merge into existing practice/service page,843,"service answer block, process steps, FAQs, consultation CTA",source body not present in Phase 5C prepared drafts; SEO title requires RankMath/source preservation or rewrite; meta description requires RankMath/source preservation or rewrite; image recovery/fallback required; redirect planning only; do not publish as article without equivalent content
https://chamanlawfirm.com/how-to-calculate-stamp-duty-chaman-law-firm,How To Calculate Stamp Duty Chaman Law Firm,Powerful Steps: How to calculate stamp duty /Chaman Law Firm,"How to calculate stamp duty in Ogun - Learn the applicable rates for property transactions, the property value basis, and who pays what - Chaman",general legal education,blog,redirect configured to /resources/blog/how-to-calculate-stamp-duty-chaman-law-firm,138,5274,6.52,not available locally,not available locally,not available locally,/resources/blog/how-to-calculate-stamp-duty-chaman-law-firm,approved public,none detected,image and alt present in Sanity,exact redirect to existing live equivalent,/resources/blog/how-to-calculate-stamp-duty-chaman-law-firm,https://chamanlawfirm.com/resources/blog/how-to-calculate-stamp-duty-chaman-law-firm,included,image and alt present in Sanity,low/medium - editorial and legal review still required,low - already public,833,"answer block, FAQs, lawyer CTA, practice-area links",Broad blog migration remains on hold; restore only through controlled lawyer-reviewed batches.
https://chamanlawfirm.com/legal-implications-of-joint-property,Legal Implications Of Joint Property,Legal Implications Of Joint Property; Essential Avoidable Legal Traps in Joint Property Ownership in Nigeria,Legal Implications Of Joint Property Joint ownership implies that two or more individuals share ownership rights over the same property. The implication is that...,property/title,blog,hidden Sanity draft; do not redirect,112,5574,8.86,not available locally,not available locally,not available locally,,not public,hidden/unapproved,image and alt present in hidden Sanity draft,keep hidden pending image/source repair,/resources/blog/legal-implications-of-joint-property,https://chamanlawfirm.com/resources/blog/legal-implications-of-joint-property,not checked,image and alt present in hidden Sanity draft,medium - verify current law and facts before publication,medium - compare hidden draft against public practice/page before approval,826,"answer block, FAQs, lawyer CTA, practice-area links",Broad blog migration remains on hold; restore only through controlled lawyer-reviewed batches.
https://chamanlawfirm.com/how-to-get-international-passport-in-nigeria,How To Get International Passport In Nigeria,Powerful Steps: How to Get International Passport in Nigeria,"Learn How to Get International Passport in Nigeria, including application steps, required documents, fees, and guidelines for a smooth process.",immigration,blog,approved Sanity post; missing old-url redirect,55,51890,16.89,not available locally,not available locally,not available locally,,approved public,none detected,image and alt present in Sanity,exact redirect to existing live equivalent,/resources/blog/how-to-get-international-passport-in-nigeria,https://chamanlawfirm.com/resources/blog/how-to-get-international-passport-in-nigeria,included,image and alt present in Sanity,low/medium - editorial and legal review still required,low - already public,824,"answer block, FAQs, lawyer CTA, practice-area links",Broad blog migration remains on hold; restore only through controlled lawyer-reviewed batches.
https://chamanlawfirm.com/what-governs-contract-in-nigeria,What Governs Contract In Nigeria,Proven Steps on What Governs Contract in Nigeria?,"Chaman Law Firm explains what governs contract in Nigeria? ensuring compliance, clarity, and protection in business agreements",corporate/commercial,blog,redirect configured to /resources/blog/what-governs-contract-in-nigeria,119,13789,8.55,not available locally,not available locally,not available locally,/resources/blog/what-governs-contract-in-nigeria,approved public,none detected,image and alt present in Sanity,exact redirect to existing live equivalent,/resources/blog/what-governs-contract-in-nigeria,https://chamanlawfirm.com/resources/blog/what-governs-contract-in-nigeria,included,image and alt present in Sanity,medium - verify current law and facts before publication,low - already public,823,"answer block, FAQs, lawyer CTA, practice-area links",Broad blog migration remains on hold; restore only through controlled lawyer-reviewed batches.
https://chamanlawfirm.com/deal-with-and-bad-tenant-as-a-landlord,Deal With And Bad Tenant As A Landlord,How to Deal with a bad tenant as a landlord in nigeria,"As a landlord in Nigeria, dealing with bad tenants is part and parcel of property management. While many tenants fulfill their obligations respectfully,",property/title,blog,redirect configured to /practice-areas/property-real-estate-law,130,7642,7.8,not available locally,not available locally,not available locally,/practice-areas/property-real-estate-law,approved public,none detected,image and alt present in Sanity,exact redirect to existing live equivalent,/resources/blog/deal-with-and-bad-tenant-as-a-landlord,https://chamanlawfirm.com/resources/blog/deal-with-and-bad-tenant-as-a-landlord,included,image and alt present in Sanity,medium - verify current law and facts before publication,low - already public,816,"answer block, FAQs, lawyer CTA, practice-area links",image recovery/fallback required
https://chamanlawfirm.com/letter-of-administration-in-ogun-state,Letter Of Administration In Ogun State,,,probate/estate,service,live 404,87,2544,9.57,not available locally,not available locally,not available locally,/practice-areas/probate-estate-administration,not public,none detected,image recovery needed,exact redirect to existing live equivalent,/practice-areas/probate-estate-administration,https://chamanlawfirm.com/practice-areas/probate-estate-administration,included,image recovery needed,low/medium - editorial and legal review still required,medium - confirm old topic should merge into existing practice/service page,810,"service answer block, process steps, FAQs, consultation CTA",Sprint 11E urgent non-blog rescue candidate; target is existing public service/practice page.
https://chamanlawfirm.com/obtaining-governor-consent-for-land-transactions,Obtaining Governor Consent For Land Transactions,Obtaining Governor Consent for Land Transactions,"Chaman Law Firm explains Obtaining Governor Consent for land transactions in Nigeria, ensuring, security, and protection in property ownership.",property/title,blog,redirect configured to /resources/blog/obtaining-governor-consent-for-land-transactions,115,14071,6.76,not available locally,not available locally,not available locally,/resources/blog/obtaining-governor-consent-for-land-transactions,approved public,none detected,image and alt present in Sanity,exact redirect to existing live equivalent,/resources/blog/obtaining-governor-consent-for-land-transactions,https://chamanlawfirm.com/resources/blog/obtaining-governor-consent-for-land-transactions,included,image and alt present in Sanity,medium - verify current law and facts before publication,low - already public,806,"answer block, FAQs, lawyer CTA, practice-area links",Broad blog migration remains on hold; restore only through controlled lawyer-reviewed batches.
https://chamanlawfirm.com/how-to-obtain-tax-clearance-certificate,How To Obtain Tax Clearance Certificate,How To Obtain Tax Clearance Certificate,"HOW TO OBTAIN TAX CLEARANCE CERTIFICATE,A Tax Clearance Certificate is confirmation from Revenue...",corporate/commercial,blog,hidden Sanity draft; do not redirect,102,14116,13.13,not available locally,not available locally,not available locally,,not public,hidden/unapproved,image and alt present in hidden Sanity draft,keep hidden pending image/source repair,/resources/blog/how-to-obtain-tax-clearance-certificate,https://chamanlawfirm.com/resources/blog/how-to-obtain-tax-clearance-certificate,not checked,image and alt present in hidden Sanity draft,medium - verify current law and facts before publication,medium - compare hidden draft against public practice/page before approval,801,"answer block, FAQs, lawyer CTA, practice-area links",Broad blog migration remains on hold; restore only through controlled lawyer-reviewed batches.
https://chamanlawfirm.com/laspppa-what-it-is-and-why-it-matters-in-lagos,Laspppa What It Is And Why It Matters In Lagos,,,general legal education,blog,live 404,88,15004,6.39,not available locally,not available locally,not available locally,,not public,none detected,image recovery needed,restore as blog post,/resources/blog/laspppa-what-it-is-and-why-it-matters-in-lagos,https://chamanlawfirm.com/resources/blog/laspppa-what-it-is-and-why-it-matters-in-lagos,not checked,image recovery needed,low/medium - editorial and legal review still required,low/medium - compare against existing live content before publication,800,"answer block, FAQs, lawyer CTA, practice-area links",Broad blog migration remains on hold; restore only through controlled lawyer-reviewed batches.
https://chamanlawfirm.com/how-to-legally-sublet-a-property-in-nigeria,How To Legally Sublet A Property In Nigeria,Powerful Ways on How to Legally Sublet a Property in Nigeria,"Chaman Law Firm offers on how to legally sublet a property in Nigeria, ensuring compliance, secure agreements, and protection of your rights",property/title,blog,redirect configured to /resources/blog/how-to-legally-sublet-a-property-in-nigeria,124,8399,5.65,not available locally,not available locally,not available locally,/resources/blog/how-to-legally-sublet-a-property-in-nigeria,approved public,none detected,image and alt present in Sanity,exact redirect to existing live equivalent,/resources/blog/how-to-legally-sublet-a-property-in-nigeria,https://chamanlawfirm.com/resources/blog/how-to-legally-sublet-a-property-in-nigeria,included,image and alt present in Sanity,medium - verify current law and facts before publication,low - already public,794,"answer block, FAQs, lawyer CTA, practice-area links",Broad blog migration remains on hold; restore only through controlled lawyer-reviewed batches.
https://chamanlawfirm.com/land-registration-system-in-nigeria,Land Registration System In Nigeria,Land Registration System In Nigeria,THE ULTIMATE GUIDE TO NIGERIA'S LAND REGISTRATION SYSTEM; SECURE AND TRANSPARENT PROPERTY OWNERSHIP Property Sale can be formal through Auctions; but to a large extent it is informal through the introduction by agents,property/title,blog,hidden Sanity draft; do not redirect,101,7937,7.31,not available locally,not available locally,not available locally,,not public,hidden/unapproved,image and alt present in hidden Sanity draft,keep hidden pending image/source repair,/resources/blog/land-registration-system-in-nigeria,https://chamanlawfirm.com/resources/blog/land-registration-system-in-nigeria,not checked,image and alt present in hidden Sanity draft,medium - verify current law and facts before publication,medium - compare hidden draft against public practice/page before approval,794,"answer block, FAQs, lawyer CTA, practice-area links",Broad blog migration remains on hold; restore only through controlled lawyer-reviewed batches.
https://chamanlawfirm.com/land-use-act-1978,Land Use Act 1978,,,property/title,blog,live 404,96,15652,12.76,not available locally,not available locally,not available locally,,not public,none detected,image recovery needed,restore as blog post,/resources/blog/land-use-act-1978,https://chamanlawfirm.com/resources/blog/land-use-act-1978,not checked,image recovery needed,medium - verify current law and facts before publication,low/medium - compare against existing live content before publication,787,"answer block, FAQs, lawyer CTA, practice-area links",Broad blog migration remains on hold; restore only through controlled lawyer-reviewed batches.
https://chamanlawfirm.com/the-concept-of-restitution-of-conjugal-rights,The Concept Of Restitution Of Conjugal Rights,,,general legal education,blog,live 404,103,12073,12.22,not available locally,not available locally,not available locally,,not public,none detected,image recovery needed,restore as blog post,/resources/blog/the-concept-of-restitution-of-conjugal-rights,https://chamanlawfirm.com/resources/blog/the-concept-of-restitution-of-conjugal-rights,not checked,image recovery needed,low/medium - editorial and legal review still required,low/medium - compare against existing live content before publication,786,"answer block, FAQs, lawyer CTA, practice-area links",Broad blog migration remains on hold; restore only through controlled lawyer-reviewed batches.
https://chamanlawfirm.com/the-role-of-family-court-in-relation-to-child-protect-in-nigeria,The Role Of Family Court In Relation To Child Protect In Nigeria,THE ROLE OF FAMILY COURT IN RELATION TO CHILD PROTECTION IN NIGERIA,THE ROLE OF FAMILY COURT IN RELATION TO CHILD PROTECTION IN NIGERIA The Family Court is a special court designed to deal with legal problems involving children. The Court emerged for the purposes of hearing and determ...,litigation/ADR,blog,redirect configured to /resources/blog/the-role-of-family-court-in-relation-to-child-protect-in-nigeria,144,6480,9.3,not available locally,not available locally,not available locally,/resources/blog/the-role-of-family-court-in-relation-to-child-protect-in-nigeria,approved public,none detected,image and alt present in Sanity,exact redirect to existing live equivalent,/resources/blog/the-role-of-family-court-in-relation-to-child-protect-in-nigeria,https://chamanlawfirm.com/resources/blog/the-role-of-family-court-in-relation-to-child-protect-in-nigeria,included,image and alt present in Sanity,high - lawyer review required before publication,low - already public,785,"answer block, FAQs, lawyer CTA, practice-area links",Broad blog migration remains on hold; restore only through controlled lawyer-reviewed batches.
https://chamanlawfirm.com/5-lis-pendens-understanding-the-doctrine,5 Lis Pendens Understanding The Doctrine,,,general legal education,blog,live 404,103,5850,8.26,not available locally,not available locally,not available locally,,not public,none detected,image recovery needed,restore as blog post,/resources/blog/5-lis-pendens-understanding-the-doctrine,https://chamanlawfirm.com/resources/blog/5-lis-pendens-understanding-the-doctrine,not checked,image recovery needed,low/medium - editorial and legal review still required,low/medium - compare against existing live content before publication,784,"answer block, FAQs, lawyer CTA, practice-area links",Broad blog migration remains on hold; restore only through controlled lawyer-reviewed batches.
https://chamanlawfirm.com/lagos-tenancy-fixed-and-periodic-tenancies,Lagos Tenancy Fixed And Periodic Tenancies,Powerful Steps: Lagos Tenancy: Fixed and Periodic Tenancies,Lagos Tenancy: Fixed and Periodic Tenancies - Understand the key differences between tenancy types before signing your next rental agreement,general legal education,blog,hidden Sanity draft; do not redirect,100,6197,7.07,not available locally,not available locally,not available locally,,not public,hidden/unapproved,image recovery needed,keep hidden pending image/source repair,/resources/blog/lagos-tenancy-fixed-and-periodic-tenancies,https://chamanlawfirm.com/resources/blog/lagos-tenancy-fixed-and-periodic-tenancies,not checked,image recovery needed,low/medium - editorial and legal review still required,medium - compare hidden draft against public practice/page before approval,772,"answer block, FAQs, lawyer CTA, practice-area links",Broad blog migration remains on hold; restore only through controlled lawyer-reviewed batches.
https://chamanlawfirm.com/complete-guide-to-probate-registry-in-lagos,Complete Guide To Probate Registry In Lagos,Powerful Steps: Complete Guide to Probate Registry in Lagos,"the Complete Guide to Probate Registry in Lagos, covering application process, documents, timelines, and support from Chaman Law Firm.",probate/estate,blog,redirect configured to /resources/blog/complete-guide-to-probate-registry-in-lagos,140,6097,7.52,not available locally,not available locally,not available locally,/resources/blog/complete-guide-to-probate-registry-in-lagos,approved public,none detected,image and alt present in Sanity,exact redirect to existing live equivalent,/resources/blog/complete-guide-to-probate-registry-in-lagos,https://chamanlawfirm.com/resources/blog/complete-guide-to-probate-registry-in-lagos,included,image and alt present in Sanity,high - lawyer review required before publication,low - already public,761,"answer block, FAQs, lawyer CTA, practice-area links",Broad blog migration remains on hold; restore only through controlled lawyer-reviewed batches.
https://chamanlawfirm.com/how-do-i-obtain-a-certificate-of-occupancy,How Do I Obtain A Certificate Of Occupancy,Powerful Steps: How do I obtain a Certificate of Occupancy,How do i obtain a Certificate of Occupancy? Crucial for land ownership in Ogun State. Chaman Law Firm explains the steps and required documents,property/title,blog,redirect configured to /practice-areas/property-real-estate-law,122,6087,6.47,not available locally,not available locally,not available locally,/practice-areas/property-real-estate-law,approved public,none detected,image and alt present in Sanity,exact redirect to existing live equivalent,/resources/blog/how-do-i-obtain-a-certificate-of-occupancy,https://chamanlawfirm.com/resources/blog/how-do-i-obtain-a-certificate-of-occupancy,included,image and alt present in Sanity,low/medium - editorial and legal review still required,low - already public,761,"answer block, FAQs, lawyer CTA, practice-area links",image recovery/fallback required
https://chamanlawfirm.com/enforcing-fundamental-human-right,Enforcing Fundamental Human Right,,,general legal education,blog,live 404,110,5894,15.78,not available locally,not available locally,not available locally,,not public,none detected,image recovery needed,restore as blog post,/resources/blog/enforcing-fundamental-human-right,https://chamanlawfirm.com/resources/blog/enforcing-fundamental-human-right,not checked,image recovery needed,low/medium - editorial and legal review still required,low/medium - compare against existing live content before publication,759,"answer block, FAQs, lawyer CTA, practice-area links",Broad blog migration remains on hold; restore only through controlled lawyer-reviewed batches.
https://chamanlawfirm.com/landlords-and-tenants-in-nigeria,Landlords And Tenants In Nigeria,Landlords And Tenants In Nigeria; Know Your Rights or Risk It All: Essential Legal Guide for Landlords and Tenants in Nigeria,"Landlords And Tenants In Nigeria In Nigeria's bustling real estate market, understanding the legal rights and responsibilities of landlords and tenants is essential...",property/title,blog,hidden Sanity draft; do not redirect,95,13014,18.12,not available locally,not available locally,not available locally,,not public,hidden/unapproved,image and alt present in hidden Sanity draft,keep hidden pending image/source repair,/resources/blog/landlords-and-tenants-in-nigeria,https://chamanlawfirm.com/resources/blog/landlords-and-tenants-in-nigeria,not checked,image and alt present in hidden Sanity draft,medium - verify current law and facts before publication,medium - compare hidden draft against public practice/page before approval,755,"answer block, FAQs, lawyer CTA, practice-area links",Broad blog migration remains on hold; restore only through controlled lawyer-reviewed batches.
https://chamanlawfirm.com/proven-steps-the-canons-of-interpretation,Proven Steps The Canons Of Interpretation,,,general legal education,blog,live 404,93,7675,7.97,not available locally,not available locally,not available locally,,not public,none detected,image recovery needed,restore as blog post,/resources/blog/proven-steps-the-canons-of-interpretation,https://chamanlawfirm.com/resources/blog/proven-steps-the-canons-of-interpretation,not checked,image recovery needed,low/medium - editorial and legal review still required,low/medium - compare against existing live content before publication,752,"answer block, FAQs, lawyer CTA, practice-area links",Broad blog migration remains on hold; restore only through controlled lawyer-reviewed batches.
https://chamanlawfirm.com/how-to-file-a-lawsuit-in-nigeria,How To File A Lawsuit In Nigeria,,,general legal education,blog,live 404,93,7639,7.05,not available locally,not available locally,not available locally,,not public,none detected,image recovery needed,restore as blog post,/resources/blog/how-to-file-a-lawsuit-in-nigeria,https://chamanlawfirm.com/resources/blog/how-to-file-a-lawsuit-in-nigeria,not checked,image recovery needed,low/medium - editorial and legal review still required,low/medium - compare against existing live content before publication,751,"answer block, FAQs, lawyer CTA, practice-area links",Broad blog migration remains on hold; restore only through controlled lawyer-reviewed batches.
https://chamanlawfirm.com/rights-of-a-property-owner-in-nigeria,Rights Of A Property Owner In Nigeria,,,property/title,blog,live 404,105,7442,12.78,not available locally,not available locally,not available locally,,not public,none detected,image recovery needed,restore as blog post,/resources/blog/rights-of-a-property-owner-in-nigeria,https://chamanlawfirm.com/resources/blog/rights-of-a-property-owner-in-nigeria,not checked,image recovery needed,medium - verify current law and facts before publication,low/medium - compare against existing live content before publication,749,"answer block, FAQs, lawyer CTA, practice-area links",Broad blog migration remains on hold; restore only through controlled lawyer-reviewed batches.
https://chamanlawfirm.com/expert-witnesses-in-nigeria-court-proceeding,Expert Witnesses In Nigeria Court Proceeding,Expert Witnesses In Nigeria Court Proceeding ;Crucial Role of Expert Witnesses in Nigerian Court Proceedings: A Powerful Legal Tool,Expert Witnesses In Nigeria Court Proceeding,litigation/ADR,blog,hidden Sanity draft; do not redirect,100,3895,9.29,not available locally,not available locally,not available locally,,not public,hidden/unapproved,image and alt present in hidden Sanity draft,keep hidden pending image/source repair,/resources/blog/expert-witnesses-in-nigeria-court-proceeding,https://chamanlawfirm.com/resources/blog/expert-witnesses-in-nigeria-court-proceeding,not checked,image and alt present in hidden Sanity draft,low/medium - editorial and legal review still required,medium - compare hidden draft against public practice/page before approval,749,"answer block, FAQs, lawyer CTA, practice-area links",Broad blog migration remains on hold; restore only through controlled lawyer-reviewed batches.
https://chamanlawfirm.com/maxims-of-equity,Maxims Of Equity,,,general legal education,blog,live 404,95,11092,17.03,not available locally,not available locally,not available locally,,not public,none detected,image recovery needed,restore as blog post,/resources/blog/maxims-of-equity,https://chamanlawfirm.com/resources/blog/maxims-of-equity,not checked,image recovery needed,low/medium - editorial and legal review still required,low/medium - compare against existing live content before publication,736,"answer block, FAQs, lawyer CTA, practice-area links",Broad blog migration remains on hold; restore only through controlled lawyer-reviewed batches.
https://chamanlawfirm.com/revocation-of-power-of-attorney,Revocation Of Power Of Attorney,,,general legal education,blog,live 404,110,3208,11.71,not available locally,not available locally,not available locally,,not public,none detected,image recovery needed,restore as blog post,/resources/blog/revocation-of-power-of-attorney,https://chamanlawfirm.com/resources/blog/revocation-of-power-of-attorney,not checked,image recovery needed,low/medium - editorial and legal review still required,low/medium - compare against existing live content before publication,732,"answer block, FAQs, lawyer CTA, practice-area links",Broad blog migration remains on hold; restore only through controlled lawyer-reviewed batches.
https://chamanlawfirm.com/how-to-legalize-or-attest-a-document-in-nigeria,How To Legalize Or Attest A Document In Nigeria,,,notary/documentation,service,live 404,70,8505,13.68,not available locally,not available locally,not available locally,/practice-areas/notary-public-services,not public,none detected,image recovery needed,exact redirect to existing live equivalent,/practice-areas/notary-public-services,https://chamanlawfirm.com/practice-areas/notary-public-services,included,image recovery needed,low/medium - editorial and legal review still required,medium - confirm old topic should merge into existing practice/service page,725,"service answer block, process steps, FAQs, consultation CTA",Sprint 11E urgent non-blog rescue candidate; target is existing public service/practice page.
https://chamanlawfirm.com/tax-clearance-certificate-in-nigeria,Tax Clearance Certificate In Nigeria,The best way to get tax clearance certificate 2025,"In Nigeria, it is the responsibility of Federal Inland Revenue Service or State Inland Revenue Services to issue tax clearance certificate to applicants.",corporate/commercial,blog,redirect configured to /resources/blog/tax-clearance-certificate-in-nigeria,81,28880,10.29,not available locally,not available locally,not available locally,/resources/blog/tax-clearance-certificate-in-nigeria,approved public,none detected,image and alt present in Sanity,exact redirect to existing live equivalent,/resources/blog/tax-clearance-certificate-in-nigeria,https://chamanlawfirm.com/resources/blog/tax-clearance-certificate-in-nigeria,included,image and alt present in Sanity,medium - verify current law and facts before publication,low - already public,724,"answer block, FAQs, lawyer CTA, practice-area links",Broad blog migration remains on hold; restore only through controlled lawyer-reviewed batches.
https://chamanlawfirm.com/deed-of-partition-in-nigeria,Deed Of Partition In Nigeria,Deed Of Partition In Nigeria,"DEED OF PARTITION IN NIGERIA WHAT IS A DEED OF PARTITION? A deed of partition for a property is a means of executing a deed to divide a property among two or more persons, usually among the family members or partners.",property/title,blog,hidden Sanity draft; do not redirect,97,7388,11.7,not available locally,not available locally,not available locally,,not public,hidden/unapproved,image recovery needed,keep hidden pending image/source repair,/resources/blog/deed-of-partition-in-nigeria,https://chamanlawfirm.com/resources/blog/deed-of-partition-in-nigeria,not checked,image recovery needed,low/medium - editorial and legal review still required,medium - compare hidden draft against public practice/page before approval,709,"answer block, FAQs, lawyer CTA, practice-area links",Broad blog migration remains on hold; restore only through controlled lawyer-reviewed batches.
https://chamanlawfirm.com/the-role-of-regulatory-bodies,The Role Of Regulatory Bodies,,,general legal education,blog,live 404,84,12523,17.56,not available locally,not available locally,not available locally,,not public,none detected,image recovery needed,restore as blog post,/resources/blog/the-role-of-regulatory-bodies,https://chamanlawfirm.com/resources/blog/the-role-of-regulatory-bodies,not checked,image recovery needed,low/medium - editorial and legal review still required,low/medium - compare against existing live content before publication,695,"answer block, FAQs, lawyer CTA, practice-area links",Broad blog migration remains on hold; restore only through controlled lawyer-reviewed batches.
https://chamanlawfirm.com/how-to-calculate-and-pay-land-use-charge,How To Calculate And Pay Land Use Charge,Powerful Steps: How to Calculate and Pay Land Use Charge,"Land Use Charge -Discover what the Lagos Land Use Charge is, how it’s calculated, and the step-by-step process for paying it to stay compliant.",property/title,blog,hidden Sanity draft; do not redirect,80,8298,8.06,not available locally,not available locally,not available locally,,not public,hidden/unapproved,image and alt present in hidden Sanity draft,keep hidden pending image/source repair,/resources/blog/how-to-calculate-and-pay-land-use-charge,https://chamanlawfirm.com/resources/blog/how-to-calculate-and-pay-land-use-charge,not checked,image and alt present in hidden Sanity draft,medium - verify current law and facts before publication,medium - compare hidden draft against public practice/page before approval,693,"answer block, FAQs, lawyer CTA, practice-area links",Broad blog migration remains on hold; restore only through controlled lawyer-reviewed batches.
https://chamanlawfirm.com/of-the-securities-and-exchange-commission,Of The Securities And Exchange Commission,,,general legal education,blog,live 404,95,6545,13.44,not available locally,not available locally,not available locally,,not public,none detected,image recovery needed,restore as blog post,/resources/blog/of-the-securities-and-exchange-commission,https://chamanlawfirm.com/resources/blog/of-the-securities-and-exchange-commission,not checked,image recovery needed,low/medium - editorial and legal review still required,low/medium - compare against existing live content before publication,690,"answer block, FAQs, lawyer CTA, practice-area links",Broad blog migration remains on hold; restore only through controlled lawyer-reviewed batches.
https://chamanlawfirm.com/digital-evidence-admissibility-in-nigeria,Digital Evidence Admissibility In Nigeria,,,general legal education,blog,live 404,94,7016,11.14,not available locally,not available locally,not available locally,,not public,none detected,image recovery needed,restore as blog post,/resources/blog/digital-evidence-admissibility-in-nigeria,https://chamanlawfirm.com/resources/blog/digital-evidence-admissibility-in-nigeria,not checked,image recovery needed,low/medium - editorial and legal review still required,low/medium - compare against existing live content before publication,690,"answer block, FAQs, lawyer CTA, practice-area links",Broad blog migration remains on hold; restore only through controlled lawyer-reviewed batches.
https://chamanlawfirm.com/doctrine-of-ultra-vires,Doctrine Of Ultra Vires,,,general legal education,blog,live 404,83,12540,18.04,not available locally,not available locally,not available locally,,not public,none detected,image recovery needed,restore as blog post,/resources/blog/doctrine-of-ultra-vires,https://chamanlawfirm.com/resources/blog/doctrine-of-ultra-vires,not checked,image recovery needed,low/medium - editorial and legal review still required,low/medium - compare against existing live content before publication,690,"answer block, FAQs, lawyer CTA, practice-area links",Broad blog migration remains on hold; restore only through controlled lawyer-reviewed batches.
https://chamanlawfirm.com/board-of-directors-in-nigerian-companies,Board Of Directors In Nigerian Companies,,,corporate/commercial,blog,live 404,91,8410,13.69,not available locally,not available locally,not available locally,,not public,none detected,image recovery needed,restore as blog post,/resources/blog/board-of-directors-in-nigerian-companies,https://chamanlawfirm.com/resources/blog/board-of-directors-in-nigerian-companies,not checked,image recovery needed,low/medium - editorial and legal review still required,low/medium - compare against existing live content before publication,689,"answer block, FAQs, lawyer CTA, practice-area links",Broad blog migration remains on hold; restore only through controlled lawyer-reviewed batches.
https://chamanlawfirm.com/pohistory-of-legal-profession-in-nigeria,Pohistory Of Legal Profession In Nigeria,HISTORY OF LEGAL PROFESSION IN NIGERIA,"OUR STORY Quality, not quantity We have made quality our habit. It’s not something that we just strive for – we live by this principle every day. HISTORY OF LEGAL PROFESSION IN NIGERIA The history of the legal profess...",general legal education,blog,hidden Sanity draft; do not redirect,102,2525,15.24,not available locally,not available locally,not available locally,,not public,hidden/unapproved,image recovery needed,keep hidden pending image/source repair,/resources/blog/pohistory-of-legal-profession-in-nigeria,https://chamanlawfirm.com/resources/blog/pohistory-of-legal-profession-in-nigeria,not checked,image recovery needed,low/medium - editorial and legal review still required,medium - compare hidden draft against public practice/page before approval,685,"answer block, FAQs, lawyer CTA, practice-area links",Broad blog migration remains on hold; restore only through controlled lawyer-reviewed batches.
https://chamanlawfirm.com/the-land-use-and-allocation-committee-luac,The Land Use And Allocation Committee Luac,The Land Use and Allocation Committee (LUAC) in Nigeria,What is the Land Use and Allocation Committee (LUAC) in Nigeria? Introduction The Land Use and Allocation Committee (LUAC) is a crucial component of land management and allocation in Nigeria. This comprehensive guide o,property/title,blog,redirect configured to /resources/blog/the-land-use-and-allocation-committee-luac,114,2298,5.65,not available locally,not available locally,not available locally,/resources/blog/the-land-use-and-allocation-committee-luac,approved public,none detected,image and alt present in Sanity,exact redirect to existing live equivalent,/resources/blog/the-land-use-and-allocation-committee-luac,https://chamanlawfirm.com/resources/blog/the-land-use-and-allocation-committee-luac,included,image and alt present in Sanity,medium - verify current law and facts before publication,low - already public,683,"answer block, FAQs, lawyer CTA, practice-area links",Broad blog migration remains on hold; restore only through controlled lawyer-reviewed batches.
https://chamanlawfirm.com/can-a-member-be-expelled-from-a-trade-union,Can A Member Be Expelled From A Trade Union,,,general legal education,blog,live 404,87,3688,6.26,not available locally,not available locally,not available locally,,not public,none detected,image recovery needed,restore as blog post,/resources/blog/can-a-member-be-expelled-from-a-trade-union,https://chamanlawfirm.com/resources/blog/can-a-member-be-expelled-from-a-trade-union,not checked,image recovery needed,low/medium - editorial and legal review still required,low/medium - compare against existing live content before publication,682,"answer block, FAQs, lawyer CTA, practice-area links",Broad blog migration remains on hold; restore only through controlled lawyer-reviewed batches.
https://chamanlawfirm.com/selling-a-family-land-without-everyones-consent,Selling A Family Land Without Everyones Consent,Powerful Steps: Selling a Family Land / Chaman Law Firm,Selling a Family Land Without Everyone’s Consent - Understand your rights and the legal process/ / implications involved. / Chaman Law Firm,property/title,blog,hidden Sanity draft; do not redirect,79,7191,5.54,not available locally,not available locally,not available locally,,not public,hidden/unapproved,image recovery needed,keep hidden pending image/source repair,/resources/blog/selling-a-family-land-without-everyones-consent,https://chamanlawfirm.com/resources/blog/selling-a-family-land-without-everyones-consent,not checked,image recovery needed,medium - verify current law and facts before publication,medium - compare hidden draft against public practice/page before approval,677,"answer block, FAQs, lawyer CTA, practice-area links",Broad blog migration remains on hold; restore only through controlled lawyer-reviewed batches.
https://chamanlawfirm.com/challenges-of-implementing-the-land-use-act,Challenges Of Implementing The Land Use Act,Challenges Of Implementing The Land Use Act,The Challenges of Implementing the Land Use Act: A Deep Dive into Nigeria’s Land Administration,property/title,blog,hidden Sanity draft; do not redirect,92,6626,10.92,not available locally,not available locally,not available locally,,not public,hidden/unapproved,image and alt present in hidden Sanity draft,keep hidden pending image/source repair,/resources/blog/challenges-of-implementing-the-land-use-act,https://chamanlawfirm.com/resources/blog/challenges-of-implementing-the-land-use-act,not checked,image and alt present in hidden Sanity draft,medium - verify current law and facts before publication,medium - compare hidden draft against public practice/page before approval,676,"answer block, FAQs, lawyer CTA, practice-area links",Broad blog migration remains on hold; restore only through controlled lawyer-reviewed batches.
https://chamanlawfirm.com/contact-for-legal-consultation,Contact For Legal Consultation,,,general legal education,consultation,redirect configured to /consultation,74,7109,9.19,not available locally,not available locally,not available locally,/consultation,not public,none detected,image recovery needed,exact redirect to existing live equivalent,/consultation,https://chamanlawfirm.com/consultation,included,image recovery needed,low/medium - editorial and legal review still required,low/medium - compare against existing live content before publication,671,"service answer block, process steps, FAQs, consultation CTA",source body not present in Phase 5C prepared drafts; SEO title requires RankMath/source preservation or rewrite; meta description requires RankMath/source preservation or rewrite; image recovery/fallback required
https://chamanlawfirm.com/land-use-act-and-land-tenure-systems,Land Use Act And Land Tenure Systems,Land Use Act And Land Tenure Systems,Land Use Act and Land tenure systems The Land Use Act vs. Traditional Land Tenure: A Complex Interaction,property/title,blog,hidden Sanity draft; do not redirect,86,8434,15.81,not available locally,not available locally,not available locally,,not public,hidden/unapproved,image and alt present in hidden Sanity draft,keep hidden pending image/source repair,/resources/blog/land-use-act-and-land-tenure-systems,https://chamanlawfirm.com/resources/blog/land-use-act-and-land-tenure-systems,not checked,image and alt present in hidden Sanity draft,medium - verify current law and facts before publication,medium - compare hidden draft against public practice/page before approval,664,"answer block, FAQs, lawyer CTA, practice-area links",Broad blog migration remains on hold; restore only through controlled lawyer-reviewed batches.
https://chamanlawfirm.com/international-law-in-conflict-resolution,International Law In Conflict Resolution,,,general legal education,blog,live 404,86,8203,12.21,not available locally,not available locally,not available locally,,not public,none detected,image recovery needed,restore as blog post,/resources/blog/international-law-in-conflict-resolution,https://chamanlawfirm.com/resources/blog/international-law-in-conflict-resolution,not checked,image recovery needed,low/medium - editorial and legal review still required,low/medium - compare against existing live content before publication,662,"answer block, FAQs, lawyer CTA, practice-area links",Broad blog migration remains on hold; restore only through controlled lawyer-reviewed batches.
https://chamanlawfirm.com/powerful-steps-who-is-mercantile-agent,Powerful Steps Who Is Mercantile Agent,,,general legal education,blog,live 404,74,13848,10.43,not available locally,not available locally,not available locally,,not public,none detected,image recovery needed,restore as blog post,/resources/blog/powerful-steps-who-is-mercantile-agent,https://chamanlawfirm.com/resources/blog/powerful-steps-who-is-mercantile-agent,not checked,image recovery needed,low/medium - editorial and legal review still required,low/medium - compare against existing live content before publication,658,"answer block, FAQs, lawyer CTA, practice-area links",Broad blog migration remains on hold; restore only through controlled lawyer-reviewed batches.
https://chamanlawfirm.com/how-nigerian-courts-handle-electronic-evidence,How Nigerian Courts Handle Electronic Evidence,How Nigerian Courts Handle Electronic Evidence; Powerful Insight: How Nigerian Courts Handle Electronic Evidence in the Digital Age,How Nigerian Courts Handle Electronic Evidence; Powerful Insight: How Nigerian Courts Handle Electronic Evidence in the Digital Age...,litigation/ADR,blog,redirect configured to /resources/blog/how-nigerian-courts-handle-electronic-evidence,85,14154,8.26,not available locally,not available locally,not available locally,/resources/blog/how-nigerian-courts-handle-electronic-evidence,approved public,none detected,image and alt present in Sanity,exact redirect to existing live equivalent,/resources/blog/how-nigerian-courts-handle-electronic-evidence,https://chamanlawfirm.com/resources/blog/how-nigerian-courts-handle-electronic-evidence,included,image and alt present in Sanity,low/medium - editorial and legal review still required,low - already public,657,"answer block, FAQs, lawyer CTA, practice-area links",Broad blog migration remains on hold; restore only through controlled lawyer-reviewed batches.
https://chamanlawfirm.com/how-to-conduct-search-at-land-registry,How To Conduct Search At Land Registry,How to Conduct a Search at the Land Registry in Nigeria,"HOW TO CONDUCT SEARCH AT LAND REGISTRY, The Land Registry Directorate is a very sensitive part of the......",property/title,blog,redirect configured to /resources/blog/how-to-conduct-search-at-land-registry,99,6971,9.15,not available locally,not available locally,not available locally,/resources/blog/how-to-conduct-search-at-land-registry,approved public,none detected,image and alt present in Sanity,exact redirect to existing live equivalent,/resources/blog/how-to-conduct-search-at-land-registry,https://chamanlawfirm.com/resources/blog/how-to-conduct-search-at-land-registry,included,image and alt present in Sanity,medium - verify current law and facts before publication,low - already public,655,"answer block, FAQs, lawyer CTA, practice-area links",Broad blog migration remains on hold; restore only through controlled lawyer-reviewed batches.
https://chamanlawfirm.com/how-to-register-a-deed-of-assignment-in-ogun,How To Register A Deed Of Assignment In Ogun,Powerful Steps: How to register a Deed of Assignment in Ogun,"How to register a Deed of Assignment in Ogun State with comprehensive guides to the process, requirements, fees, and tips to secure your property",property/title,blog,approved Sanity post; missing old-url redirect,94,2623,3.99,not available locally,not available locally,not available locally,,approved public,none detected,image and alt present in Sanity,exact redirect to existing live equivalent,/resources/blog/how-to-register-a-deed-of-assignment-in-ogun,https://chamanlawfirm.com/resources/blog/how-to-register-a-deed-of-assignment-in-ogun,included,image and alt present in Sanity,low/medium - editorial and legal review still required,low - already public,646,"answer block, FAQs, lawyer CTA, practice-area links",Broad blog migration remains on hold; restore only through controlled lawyer-reviewed batches.
https://chamanlawfirm.com/rights-of-parties-to-a-mortgage,Rights Of Parties To A Mortgage,,,general legal education,blog,live 404,93,2853,19.98,not available locally,not available locally,not available locally,,not public,none detected,image recovery needed,restore as blog post,/resources/blog/rights-of-parties-to-a-mortgage,https://chamanlawfirm.com/resources/blog/rights-of-parties-to-a-mortgage,not checked,image recovery needed,low/medium - editorial and legal review still required,low/medium - compare against existing live content before publication,644,"answer block, FAQs, lawyer CTA, practice-area links",Broad blog migration remains on hold; restore only through controlled lawyer-reviewed batches.
https://chamanlawfirm.com/who-holds-authority-over-land-under-the-land,Who Holds Authority Over Land Under The Land,Who Holds Authority Over Land Under the Land Use Act?,Introduction The Land Use Act of 1978 in Nigeria is a comprehensive piece of legislation that redefined land ownership and administration across the nation. One of the central questions it addresses is: Who holds autho,property/title,blog,redirect configured to /resources/blog/who-holds-authority-over-land-under-the-land,102,4252,8.56,not available locally,not available locally,not available locally,/resources/blog/who-holds-authority-over-land-under-the-land,approved public,none detected,image and alt present in Sanity,exact redirect to existing live equivalent,/resources/blog/who-holds-authority-over-land-under-the-land,https://chamanlawfirm.com/resources/blog/who-holds-authority-over-land-under-the-land,included,image and alt present in Sanity,medium - verify current law and facts before publication,low - already public,643,"answer block, FAQs, lawyer CTA, practice-area links",Broad blog migration remains on hold; restore only through controlled lawyer-reviewed batches.
https://chamanlawfirm.com/developer-fails-to-deliver-property,Developer Fails To Deliver Property,Developer Fails to Deliver Property; Shocking Reality: 5 Steps to Take If a Developer Fails to Deliver Your Property or Refund,Developer Fails to Deliver Property.; Shocking Reality: 5 Steps to Take If a Developer Fails to Deliver Your Property or Refund,property/title,blog,redirect configured to /resources/blog/developer-fails-to-deliver-property,102,3898,7.95,not available locally,not available locally,not available locally,/resources/blog/developer-fails-to-deliver-property,approved public,none detected,image and alt present in Sanity,exact redirect to existing live equivalent,/resources/blog/developer-fails-to-deliver-property,https://chamanlawfirm.com/resources/blog/developer-fails-to-deliver-property,included,image and alt present in Sanity,medium - verify current law and facts before publication,low - already public,639,"answer block, FAQs, lawyer CTA, practice-area links",Broad blog migration remains on hold; restore only through controlled lawyer-reviewed batches.
https://chamanlawfirm.com/powerful-steps-nimasacertificate,Powerful Steps Nimasacertificate,,,general legal education,blog,live 404,73,12084,13.73,not available locally,not available locally,not available locally,,not public,none detected,image recovery needed,restore as blog post,/resources/blog/powerful-steps-nimasacertificate,https://chamanlawfirm.com/resources/blog/powerful-steps-nimasacertificate,not checked,image recovery needed,low/medium - editorial and legal review still required,low/medium - compare against existing live content before publication,636,"answer block, FAQs, lawyer CTA, practice-area links",Broad blog migration remains on hold; restore only through controlled lawyer-reviewed batches.
https://chamanlawfirm.com/property-insurance-in-nigeria,Property Insurance In Nigeria,Powerful Steps: Property Insurance in Nigeria,"Explore property insurance in Nigeria, including coverage types, benefits, legal requirements, and how to choose the right insurance provider.",property/title,blog,redirect configured to /resources/blog/property-insurance-in-nigeria,109,12006,20.76,not available locally,not available locally,not available locally,/resources/blog/property-insurance-in-nigeria,approved public,none detected,image and alt present in Sanity,exact redirect to existing live equivalent,/resources/blog/property-insurance-in-nigeria,https://chamanlawfirm.com/resources/blog/property-insurance-in-nigeria,included,image and alt present in Sanity,medium - verify current law and facts before publication,low - already public,635,"answer block, FAQs, lawyer CTA, practice-area links",Broad blog migration remains on hold; restore only through controlled lawyer-reviewed batches.
https://chamanlawfirm.com/legally-combat-police-harassment-in-nigeria,Legally Combat Police Harassment In Nigeria,Police Harassment :8 Steps to Combat Police Molestation,"Police harassment, intimidation, and molestation have unfortunately become common experiences for many Nigerians. Learn to combat police harassment",litigation/ADR,blog,hidden Sanity draft; do not redirect,93,4804,9.84,not available locally,not available locally,not available locally,,not public,hidden/unapproved,image and alt present in hidden Sanity draft,keep hidden pending legal review,/resources/blog/legally-combat-police-harassment-in-nigeria,https://chamanlawfirm.com/resources/blog/legally-combat-police-harassment-in-nigeria,not checked,image and alt present in hidden Sanity draft,high - lawyer review required before publication,medium - compare hidden draft against public practice/page before approval,633,"answer block, FAQs, lawyer CTA, practice-area links",Broad blog migration remains on hold; restore only through controlled lawyer-reviewed batches.
https://chamanlawfirm.com/corporate-affairs-commission-in-nigeria,Corporate Affairs Commission In Nigeria,The Indispensable Role of the Corporate Affairs Commission in Nigeria,The Indispensable and Transformative Role of the Corporate Affairs Commission in Nigeria,corporate/commercial,service,hidden Sanity draft; do not redirect,45,11826,17.84,not available locally,not available locally,not available locally,/practice-areas/corporate-commercial-law,not public,hidden/unapproved,image recovery needed,exact redirect to existing live equivalent,/practice-areas/corporate-commercial-law,https://chamanlawfirm.com/practice-areas/corporate-commercial-law,included,image recovery needed,low/medium - editorial and legal review still required,medium - confirm old topic should merge into existing practice/service page,633,"service answer block, process steps, FAQs, consultation CTA","Needs full content, image, canonical, and legal review before publication."
https://chamanlawfirm.com/employers-vicarious-liability,Employers Vicarious Liability,,,general legal education,blog,live 404,72,5701,9.44,not available locally,not available locally,not available locally,,not public,none detected,image recovery needed,restore as blog post,/resources/blog/employers-vicarious-liability,https://chamanlawfirm.com/resources/blog/employers-vicarious-liability,not checked,image recovery needed,low/medium - editorial and legal review still required,low/medium - compare against existing live content before publication,627,"answer block, FAQs, lawyer CTA, practice-area links",Broad blog migration remains on hold; restore only through controlled lawyer-reviewed batches.
https://chamanlawfirm.com/immigration-service-in-border-management,Immigration Service In Border Management,Immigration Service In Border Management; Proven Ways the Nigerian Immigration Service (NIS) Powerfully Safeguards Nigeria’s Borders,"Immigration Service In Border Management Border management is a critical aspect of national security and economic stability for any country. In Nigeria, the...",immigration,blog,redirect configured to /resources/blog/immigration-service-in-border-management,64,27604,13.97,not available locally,not available locally,not available locally,/resources/blog/immigration-service-in-border-management,approved public,none detected,image and alt present in Sanity,exact redirect to existing live equivalent,/resources/blog/immigration-service-in-border-management,https://chamanlawfirm.com/resources/blog/immigration-service-in-border-management,included,image and alt present in Sanity,medium - verify current law and facts before publication,low - already public,626,"answer block, FAQs, lawyer CTA, practice-area links",Broad blog migration remains on hold; restore only through controlled lawyer-reviewed batches.
https://chamanlawfirm.com/legal-restrictions-to-sale-of-land,Legal Restrictions To Sale Of Land,,,property/title,blog,live 404,81,7000,10.7,not available locally,not available locally,not available locally,,not public,none detected,image recovery needed,restore as blog post,/resources/blog/legal-restrictions-to-sale-of-land,https://chamanlawfirm.com/resources/blog/legal-restrictions-to-sale-of-land,not checked,image recovery needed,medium - verify current law and facts before publication,low/medium - compare against existing live content before publication,625,"answer block, FAQs, lawyer CTA, practice-area links",Broad blog migration remains on hold; restore only through controlled lawyer-reviewed batches.
https://chamanlawfirm.com/establishing-paternity-and-maternity-under,Establishing Paternity And Maternity Under,,,general legal education,blog,live 404,80,7061,10.36,not available locally,not available locally,not available locally,,not public,none detected,image recovery needed,restore as blog post,/resources/blog/establishing-paternity-and-maternity-under,https://chamanlawfirm.com/resources/blog/establishing-paternity-and-maternity-under,not checked,image recovery needed,low/medium - editorial and legal review still required,low/medium - compare against existing live content before publication,621,"answer block, FAQs, lawyer CTA, practice-area links",Broad blog migration remains on hold; restore only through controlled lawyer-reviewed batches.
https://chamanlawfirm.com/legal-processofobtaininga-deed-of-assignment,Legal Processofobtaininga Deed Of Assignment,Legal Process for Obtaining a Deed of Assignment in Nigeria,"Introduction Securing real estate ownership in Lagos, Nigeria, involves numerous legal processes, with the Deed of Assignment being a crucial document that solidifies property transfer. Understanding the importance of",property/title,blog,redirect configured to /resources/blog/legal-processofobtaininga-deed-of-assignment,90,7853,7.57,not available locally,not available locally,not available locally,/resources/blog/legal-processofobtaininga-deed-of-assignment,approved public,none detected,image and alt present in Sanity,exact redirect to existing live equivalent,/resources/blog/legal-processofobtaininga-deed-of-assignment,https://chamanlawfirm.com/resources/blog/legal-processofobtaininga-deed-of-assignment,included,image and alt present in Sanity,low/medium - editorial and legal review still required,low - already public,619,"answer block, FAQs, lawyer CTA, practice-area links",Broad blog migration remains on hold; restore only through controlled lawyer-reviewed batches.
https://chamanlawfirm.com/how-to-obtain-standard-organisat-certificate,How To Obtain Standard Organisat Certificate,,,general legal education,blog,live 404,58,11847,9.66,not available locally,not available locally,not available locally,,not public,none detected,image recovery needed,restore as blog post,/resources/blog/how-to-obtain-standard-organisat-certificate,https://chamanlawfirm.com/resources/blog/how-to-obtain-standard-organisat-certificate,not checked,image recovery needed,low/medium - editorial and legal review still required,low/medium - compare against existing live content before publication,618,"answer block, FAQs, lawyer CTA, practice-area links",Broad blog migration remains on hold; restore only through controlled lawyer-reviewed batches.
https://chamanlawfirm.com/insightful-overview-of-family-law-in-nigeria,Insightful Overview Of Family Law In Nigeria,Overview of Family Law in Nigeria,"Introduction Family law in Nigeria is a broad area of legal practice that encompasses various aspects of familial relationships, including marriage, divorce, child custody, maintenance, and inheritance. It plays a vita",family law,blog,redirect configured to /resources/blog/insightful-overview-of-family-law-in-nigeria,106,5702,17,not available locally,not available locally,not available locally,/resources/blog/insightful-overview-of-family-law-in-nigeria,approved public,none detected,image and alt present in Sanity,exact redirect to existing live equivalent,/resources/blog/insightful-overview-of-family-law-in-nigeria,https://chamanlawfirm.com/resources/blog/insightful-overview-of-family-law-in-nigeria,included,image and alt present in Sanity,low/medium - editorial and legal review still required,low - already public,617,"answer block, FAQs, lawyer CTA, practice-area links",Broad blog migration remains on hold; restore only through controlled lawyer-reviewed batches.
https://chamanlawfirm.com/minority-protection-rights-and-remedies,Minority Protection Rights And Remedies,,,general legal education,blog,live 404,83,4287,14.14,not available locally,not available locally,not available locally,,not public,none detected,image recovery needed,restore as blog post,/resources/blog/minority-protection-rights-and-remedies,https://chamanlawfirm.com/resources/blog/minority-protection-rights-and-remedies,not checked,image recovery needed,low/medium - editorial and legal review still required,low/medium - compare against existing live content before publication,608,"answer block, FAQs, lawyer CTA, practice-area links",Broad blog migration remains on hold; restore only through controlled lawyer-reviewed batches.
https://chamanlawfirm.com/two-years-rule-as-regards-dissolution-of,Two Years Rule As Regards Dissolution Of,,,general legal education,blog,live 404,81,5229,10.07,not available locally,not available locally,not available locally,,not public,none detected,image recovery needed,restore as blog post,/resources/blog/two-years-rule-as-regards-dissolution-of,https://chamanlawfirm.com/resources/blog/two-years-rule-as-regards-dissolution-of,not checked,image recovery needed,low/medium - editorial and legal review still required,low/medium - compare against existing live content before publication,607,"answer block, FAQs, lawyer CTA, practice-area links",Broad blog migration remains on hold; restore only through controlled lawyer-reviewed batches.
https://chamanlawfirm.com/methods-of-transfer-of-shares,Methods Of Transfer Of Shares,,,corporate/commercial,blog,live 404,89,6874,25.03,not available locally,not available locally,not available locally,,not public,none detected,image recovery needed,restore as blog post,/resources/blog/methods-of-transfer-of-shares,https://chamanlawfirm.com/resources/blog/methods-of-transfer-of-shares,not checked,image recovery needed,low/medium - editorial and legal review still required,low/medium - compare against existing live content before publication,604,"answer block, FAQs, lawyer CTA, practice-area links",Broad blog migration remains on hold; restore only through controlled lawyer-reviewed batches.
https://chamanlawfirm.com/procedure-and-guprivate-placement-in-nigeria,Procedure And Guprivate Placement In Nigeria,,,general legal education,blog,live 404,73,2826,7.25,not available locally,not available locally,not available locally,,not public,none detected,image recovery needed,restore as blog post,/resources/blog/procedure-and-guprivate-placement-in-nigeria,https://chamanlawfirm.com/resources/blog/procedure-and-guprivate-placement-in-nigeria,not checked,image recovery needed,low/medium - editorial and legal review still required,low/medium - compare against existing live content before publication,603,"answer block, FAQs, lawyer CTA, practice-area links",Broad blog migration remains on hold; restore only through controlled lawyer-reviewed batches.
https://chamanlawfirm.com/successfully-obtain-a-building-plan-approval,Successfully Obtain A Building Plan Approval,,,general legal education,blog,live 404,75,7662,11.21,not available locally,not available locally,not available locally,,not public,none detected,image recovery needed,restore as blog post,/resources/blog/successfully-obtain-a-building-plan-approval,https://chamanlawfirm.com/resources/blog/successfully-obtain-a-building-plan-approval,not checked,image recovery needed,low/medium - editorial and legal review still required,low/medium - compare against existing live content before publication,602,"answer block, FAQs, lawyer CTA, practice-area links",Broad blog migration remains on hold; restore only through controlled lawyer-reviewed batches.
https://chamanlawfirm.com/documents-to-verify-before-buying-property,Documents To Verify Before Buying Property,,,property/title,service,redirect configured to /practice-areas/property-real-estate-law/property-due-diligence,63,4881,6.12,not available locally,not available locally,not available locally,/practice-areas/property-real-estate-law/property-due-diligence,not public,none detected,image recovery needed,exact redirect to existing live equivalent,/practice-areas/property-real-estate-law/property-due-diligence,https://chamanlawfirm.com/practice-areas/property-real-estate-law/property-due-diligence,included,image recovery needed,medium - verify current law and facts before publication,medium - confirm old topic should merge into existing practice/service page,594,"service answer block, process steps, FAQs, consultation CTA",source body not present in Phase 5C prepared drafts; SEO title requires RankMath/source preservation or rewrite; meta description requires RankMath/source preservation or rewrite; image recovery/fallback required; redirect planning only; do not publish as article without equivalent content
https://chamanlawfirm.com/land-tenures-and-customary-land-tenure-systems,Land Tenures And Customary Land Tenure Systems,Powerful: Land Tenures and Customary Land Tenure Systems,"Understand land tenures and customary land tenure systems in Nigeria, including legal recognition, practices, and their impact on land ownership.",property/title,blog,redirect configured to /resources/blog/land-tenures-and-customary-land-tenure-systems,88,12139,14.18,not available locally,not available locally,not available locally,/resources/blog/land-tenures-and-customary-land-tenure-systems,approved public,none detected,image and alt present in Sanity,exact redirect to existing live equivalent,/resources/blog/land-tenures-and-customary-land-tenure-systems,https://chamanlawfirm.com/resources/blog/land-tenures-and-customary-land-tenure-systems,included,image and alt present in Sanity,medium - verify current law and facts before publication,low - already public,591,"answer block, FAQs, lawyer CTA, practice-area links",Broad blog migration remains on hold; restore only through controlled lawyer-reviewed batches.
https://chamanlawfirm.com/the-defence-of-laches-in-customary-law-in-nigeria,The Defence Of Laches In Customary Law In Nigeria,,,general legal education,blog,live 404,72,2148,9.9,not available locally,not available locally,not available locally,,not public,none detected,image recovery needed,restore as blog post,/resources/blog/the-defence-of-laches-in-customary-law-in-nigeria,https://chamanlawfirm.com/resources/blog/the-defence-of-laches-in-customary-law-in-nigeria,not checked,image recovery needed,low/medium - editorial and legal review still required,low/medium - compare against existing live content before publication,591,"answer block, FAQs, lawyer CTA, practice-area links",Broad blog migration remains on hold; restore only through controlled lawyer-reviewed batches.
https://chamanlawfirm.com/governors-consent,Governors Consent,,,property/title,service,redirect configured to /practice-areas/property-real-estate-law/governors-consent,60,5918,9.13,not available locally,not available locally,not available locally,/practice-areas/property-real-estate-law/governors-consent,not public,none detected,image recovery needed,exact redirect to existing live equivalent,/practice-areas/property-real-estate-law/governors-consent,https://chamanlawfirm.com/practice-areas/property-real-estate-law/governors-consent,included,image recovery needed,medium - verify current law and facts before publication,medium - confirm old topic should merge into existing practice/service page,589,"service answer block, process steps, FAQs, consultation CTA",Legacy Governor's Consent URL has GSC clicks and exact live service-page target.
https://chamanlawfirm.com/role-of-shareholder-in-corporate-decision-making,Role Of Shareholder In Corporate Decision Making,,,corporate/commercial,service,live 404,52,3869,16.1,not available locally,not available locally,not available locally,/practice-areas/corporate-commercial-law,not public,none detected,image recovery needed,exact redirect to existing live equivalent,/practice-areas/corporate-commercial-law,https://chamanlawfirm.com/practice-areas/corporate-commercial-law,included,image recovery needed,low/medium - editorial and legal review still required,medium - confirm old topic should merge into existing practice/service page,589,"service answer block, process steps, FAQs, consultation CTA",Sprint 11E urgent non-blog rescue candidate; target is existing public service/practice page.
https://chamanlawfirm.com/how-to-handle-land-grabbers-in-ogun-state,How To Handle Land Grabbers In Ogun State,Powerful Steps: How to Handle Land Grabbers in Ogun State,"How to Handle Land Grabbers in Ogun State - protect your property, avoid falling victim to fraudulent land claims or extortion / Chaman Law Firm",property/title,blog,approved Sanity post; missing old-url redirect,94,2455,7.01,not available locally,not available locally,not available locally,,approved public,none detected,image and alt present in Sanity,exact redirect to existing live equivalent,/resources/blog/how-to-handle-land-grabbers-in-ogun-state,https://chamanlawfirm.com/resources/blog/how-to-handle-land-grabbers-in-ogun-state,included,image and alt present in Sanity,medium - verify current law and facts before publication,low - already public,585,"answer block, FAQs, lawyer CTA, practice-area links",Broad blog migration remains on hold; restore only through controlled lawyer-reviewed batches.
https://chamanlawfirm.com/types-of-company-in-nigeria,Types Of Company In Nigeria,Types of Companies in Nigeria,"Introduction Quality, not quantity We have made quality our habit. It’s not something that we just strive for – we live by this principle every day. TYPES OF COMPANY IN NIGERIA. A company is a legal entity created by a",corporate/commercial,blog,redirect configured to /resources/blog/types-of-company-in-nigeria,82,14421,19.22,not available locally,not available locally,not available locally,/resources/blog/types-of-company-in-nigeria,approved public,none detected,image and alt present in Sanity,exact redirect to existing live equivalent,/resources/blog/types-of-company-in-nigeria,https://chamanlawfirm.com/resources/blog/types-of-company-in-nigeria,included,image and alt present in Sanity,low/medium - editorial and legal review still required,low - already public,584,"answer block, FAQs, lawyer CTA, practice-area links",Broad blog migration remains on hold; restore only through controlled lawyer-reviewed batches.
https://chamanlawfirm.com/proven-steps-onoverview-of-the-child-right-act,Proven Steps Onoverview Of The Child Right Act,Proven Steps on Overview of the Child Right Act,"Overview of the Child Right Act (2003)), The Children's Rights Act of 2003 extends the human rights bestowed.....",family law,blog,hidden Sanity draft; do not redirect,63,20853,14.57,not available locally,not available locally,not available locally,,not public,hidden/unapproved,image recovery needed,keep hidden pending legal review,/resources/blog/proven-steps-onoverview-of-the-child-right-act,https://chamanlawfirm.com/resources/blog/proven-steps-onoverview-of-the-child-right-act,not checked,image recovery needed,high - lawyer review required before publication,medium - compare hidden draft against public practice/page before approval,584,"answer block, FAQs, lawyer CTA, practice-area links",Broad blog migration remains on hold; restore only through controlled lawyer-reviewed batches.
https://chamanlawfirm.com/about-chaman-law-firm,About Chaman Law Firm,,,general legal education,static,redirect configured to /about,83,7680,6.88,not available locally,not available locally,not available locally,/about,not public,none detected,image recovery needed,exact redirect to existing live equivalent,/about,https://chamanlawfirm.com/about,included,image recovery needed,low/medium - editorial and legal review still required,low/medium - compare against existing live content before publication,582,"service answer block, process steps, FAQs, consultation CTA",source body not present in Phase 5C prepared drafts; SEO title requires RankMath/source preservation or rewrite; meta description requires RankMath/source preservation or rewrite; image recovery/fallback required
https://chamanlawfirm.com/legal-obligations-for-debt-collectors,Legal Obligations For Debt Collectors,Legal Obligations For Debt Collectors: Powerful Insight: Understanding Legal Obligations for Debt Collectors in Nigeria,Legal Obligations For Debt Collectors The bottom line is simple but powerful: there is no room for shortcuts in lawful debt recovery. Compliance is not a bureaucratic...,debt recovery,blog,redirect configured to /resources/blog/legal-obligations-for-debt-collectors,92,8933,12.92,not available locally,not available locally,not available locally,/resources/blog/legal-obligations-for-debt-collectors,approved public,none detected,image and alt present in Sanity,exact redirect to existing live equivalent,/resources/blog/legal-obligations-for-debt-collectors,https://chamanlawfirm.com/resources/blog/legal-obligations-for-debt-collectors,included,image and alt present in Sanity,medium - verify current law and facts before publication,low - already public,579,"answer block, FAQs, lawyer CTA, practice-area links",Broad blog migration remains on hold; restore only through controlled lawyer-reviewed batches.
https://chamanlawfirm.com/sell-family-land-without-everyones-consent,Sell Family Land Without Everyones Consent,Powerful Steps: Sell Family Land Without Everyone's Consent,"Sell Family Land in Ogun Without Everyone's Consent - Learn the legal implications, your rights, potential consequences, and how to avoid disputes.",property/title,blog,hidden Sanity draft; do not redirect,57,8155,5.78,not available locally,not available locally,not available locally,,not public,hidden/unapproved,image recovery needed,keep hidden pending image/source repair,/resources/blog/sell-family-land-without-everyones-consent,https://chamanlawfirm.com/resources/blog/sell-family-land-without-everyones-consent,not checked,image recovery needed,medium - verify current law and facts before publication,medium - compare hidden draft against public practice/page before approval,577,"answer block, FAQs, lawyer CTA, practice-area links",Broad blog migration remains on hold; restore only through controlled lawyer-reviewed batches.
https://chamanlawfirm.com/how-to-obtain-dual-citizenship-in-nigeria-a,How To Obtain Dual Citizenship In Nigeria A,How to Obtain Dual Citizenship in Nigeria,"introduction: Dual citizenship allows individuals to hold citizenship in more than one country simultaneously. For many people, it offers the flexibility to live, work, and travel across borders while retaining ties to",immigration,blog,approved Sanity post; missing old-url redirect,74,17312,18.62,not available locally,not available locally,not available locally,,approved public,none detected,image and alt present in Sanity,exact redirect to existing live equivalent,/resources/blog/how-to-obtain-dual-citizenship-in-nigeria-a,https://chamanlawfirm.com/resources/blog/how-to-obtain-dual-citizenship-in-nigeria-a,included,image and alt present in Sanity,low/medium - editorial and legal review still required,low - already public,573,"answer block, FAQs, lawyer CTA, practice-area links",Broad blog migration remains on hold; restore only through controlled lawyer-reviewed batches.
https://chamanlawfirm.com/or-filing-interlocutory-applications,Or Filing Interlocutory Applications,,,general legal education,blog,live 404,65,9654,10.06,not available locally,not available locally,not available locally,,not public,none detected,image recovery needed,restore as blog post,/resources/blog/or-filing-interlocutory-applications,https://chamanlawfirm.com/resources/blog/or-filing-interlocutory-applications,not checked,image recovery needed,low/medium - editorial and legal review still required,low/medium - compare against existing live content before publication,572,"answer block, FAQs, lawyer CTA, practice-area links",Broad blog migration remains on hold; restore only through controlled lawyer-reviewed batches.
https://chamanlawfirm.com/7-step-citizenship-application-in-nigeria,7 Step Citizenship Application In Nigeria,7 Step Citizenship Application In Nigeria,"Introduction Acquiring citizenship in Nigeria can be a significant milestone for many individuals, whether for personal, professional, or legal reasons. The process involves navigating complex legal requirements and un",immigration,service,hidden Sanity draft; do not redirect,30,12964,19.73,not available locally,not available locally,not available locally,/practice-areas/immigration-services,not public,hidden/unapproved,image recovery needed,exact redirect to existing live equivalent,/practice-areas/immigration-services,https://chamanlawfirm.com/practice-areas/immigration-services,included,image recovery needed,low/medium - editorial and legal review still required,medium - confirm old topic should merge into existing practice/service page,570,"service answer block, process steps, FAQs, consultation CTA","Needs full content, image, canonical, and legal review before publication."
https://chamanlawfirm.com/government-acquisition-in-ogun-state,Government Acquisition In Ogun State,,,general legal education,blog,live 404,65,3190,6.98,not available locally,not available locally,not available locally,,not public,none detected,image recovery needed,restore as blog post,/resources/blog/government-acquisition-in-ogun-state,https://chamanlawfirm.com/resources/blog/government-acquisition-in-ogun-state,not checked,image recovery needed,low/medium - editorial and legal review still required,low/medium - compare against existing live content before publication,567,"answer block, FAQs, lawyer CTA, practice-area links",Broad blog migration remains on hold; restore only through controlled lawyer-reviewed batches.
https://chamanlawfirm.com/fencing-approval-in-lagos-key-requirements,Fencing Approval In Lagos Key Requirements,,,general legal education,blog,live 404,65,3092,6.71,not available locally,not available locally,not available locally,,not public,none detected,image recovery needed,restore as blog post,/resources/blog/fencing-approval-in-lagos-key-requirements,https://chamanlawfirm.com/resources/blog/fencing-approval-in-lagos-key-requirements,not checked,image recovery needed,low/medium - editorial and legal review still required,low/medium - compare against existing live content before publication,566,"answer block, FAQs, lawyer CTA, practice-area links",Broad blog migration remains on hold; restore only through controlled lawyer-reviewed batches.
https://chamanlawfirm.com/limitations-to-testamentary-freedom,Limitations To Testamentary Freedom,,,general legal education,blog,live 404,79,1923,14.36,not available locally,not available locally,not available locally,,not public,none detected,image recovery needed,restore as blog post,/resources/blog/limitations-to-testamentary-freedom,https://chamanlawfirm.com/resources/blog/limitations-to-testamentary-freedom,not checked,image recovery needed,low/medium - editorial and legal review still required,low/medium - compare against existing live content before publication,564,"answer block, FAQs, lawyer CTA, practice-area links",Broad blog migration remains on hold; restore only through controlled lawyer-reviewed batches.
https://chamanlawfirm.com/contract-breach-and-remedies,Contract Breach And Remedies,Contract Breach And Remedies; Contract Breach in Nigeria: Powerful Remedies to Protect Your Rights and Avoid Costly Legal Pitfalls,Contract Breach And Remedies Contract Breach in Nigeria: Powerful Remedies to Protect Your Rights...,corporate/commercial,blog,redirect configured to /resources/blog/contract-breach-and-remedies,82,6175,9.57,not available locally,not available locally,not available locally,/resources/blog/contract-breach-and-remedies,approved public,none detected,image and alt present in Sanity,exact redirect to existing live equivalent,/resources/blog/contract-breach-and-remedies,https://chamanlawfirm.com/resources/blog/contract-breach-and-remedies,included,image and alt present in Sanity,medium - verify current law and facts before publication,low - already public,562,"answer block, FAQs, lawyer CTA, practice-area links",Broad blog migration remains on hold; restore only through controlled lawyer-reviewed batches.
https://chamanlawfirm.com/charles-chukwuma-nkwoka,Charles Chukwuma Nkwoka,,,general legal education,lawyer profile,redirect configured to /lawyers/charles-chukwuma-nkwoka,63,1321,5.03,not available locally,not available locally,not available locally,/lawyers/charles-chukwuma-nkwoka,not public,none detected,image recovery needed,exact redirect to existing live equivalent,/lawyers/charles-chukwuma-nkwoka,https://chamanlawfirm.com/lawyers/charles-chukwuma-nkwoka,included,image recovery needed,low/medium - editorial and legal review still required,low/medium - compare against existing live content before publication,558,"service answer block, process steps, FAQs, consultation CTA",Legacy Managing Partner profile URL has GSC clicks and exact live lawyer profile target.
https://chamanlawfirm.com/how-to-prove-ownership-of-land-in-nigeria,How To Prove Ownership Of Land In Nigeria,How to Prove Ownership of Land in Nigeria,"HOW TO PROVE OWNERSHIP OF LAND IN NIGERIA, Dispute to land is not a novel phenomenon in Nigerian, meaning that you've experienced...",property/title,blog,redirect configured to /resources/blog/how-to-prove-ownership-of-land-in-nigeria,98,3656,11.57,not available locally,not available locally,not available locally,/resources/blog/how-to-prove-ownership-of-land-in-nigeria,approved public,none detected,image and alt present in Sanity,exact redirect to existing live equivalent,/resources/blog/how-to-prove-ownership-of-land-in-nigeria,https://chamanlawfirm.com/resources/blog/how-to-prove-ownership-of-land-in-nigeria,included,image and alt present in Sanity,medium - verify current law and facts before publication,low - already public,557,"answer block, FAQs, lawyer CTA, practice-area links",Broad blog migration remains on hold; restore only through controlled lawyer-reviewed batches.
https://chamanlawfirm.com/statute-limitations-and-limitation-periods,Statute Limitations And Limitation Periods,,,general legal education,blog,live 404,67,7202,10.33,not available locally,not available locally,not available locally,,not public,none detected,image recovery needed,restore as blog post,/resources/blog/statute-limitations-and-limitation-periods,https://chamanlawfirm.com/resources/blog/statute-limitations-and-limitation-periods,not checked,image recovery needed,low/medium - editorial and legal review still required,low/medium - compare against existing live content before publication,557,"answer block, FAQs, lawyer CTA, practice-area links",Broad blog migration remains on hold; restore only through controlled lawyer-reviewed batches.
https://chamanlawfirm.com/individual-tax-clearance-certificate,Individual Tax Clearance Certificate,Individual Tax Clearance Certificate,Here are the steps on how to get an individual tax clearance certificate for Form A in Lagos State:,corporate/commercial,blog,hidden Sanity draft; do not redirect,72,4649,11.96,not available locally,not available locally,not available locally,,not public,hidden/unapproved,image and alt present in hidden Sanity draft,keep hidden pending image/source repair,/resources/blog/individual-tax-clearance-certificate,https://chamanlawfirm.com/resources/blog/individual-tax-clearance-certificate,not checked,image and alt present in hidden Sanity draft,medium - verify current law and facts before publication,medium - compare hidden draft against public practice/page before approval,556,"answer block, FAQs, lawyer CTA, practice-area links",Broad blog migration remains on hold; restore only through controlled lawyer-reviewed batches.
https://chamanlawfirm.com/taxes-on-real-estate-transactions-in-nigeria,Taxes On Real Estate Transactions In Nigeria,Avoid Costly Mistakes: Essential Guide to Taxes on Real Estate Transactions in Nigeria,"Taxes on Real Estate Transactions in Nigeria- In Nigeria, real estate remains one of the most lucrative and sought-after investment portfolios. From Lagos to Abuja, Owerri to Port Harcourt, Nigerians are constantly buyin",property/title,blog,hidden Sanity draft; do not redirect,70,5596,16.48,not available locally,not available locally,not available locally,,not public,hidden/unapproved,image and alt present in hidden Sanity draft,keep hidden pending image/source repair,/resources/blog/taxes-on-real-estate-transactions-in-nigeria,https://chamanlawfirm.com/resources/blog/taxes-on-real-estate-transactions-in-nigeria,not checked,image and alt present in hidden Sanity draft,medium - verify current law and facts before publication,medium - compare hidden draft against public practice/page before approval,556,"answer block, FAQs, lawyer CTA, practice-area links",Broad blog migration remains on hold; restore only through controlled lawyer-reviewed batches.
https://chamanlawfirm.com/analysis-of-the-nigerian-legal-system,Analysis Of The Nigerian Legal System,,,general legal education,blog,live 404,64,14572,25.36,not available locally,not available locally,not available locally,,not public,none detected,image recovery needed,restore as blog post,/resources/blog/analysis-of-the-nigerian-legal-system,https://chamanlawfirm.com/resources/blog/analysis-of-the-nigerian-legal-system,not checked,image recovery needed,low/medium - editorial and legal review still required,low/medium - compare against existing live content before publication,556,"answer block, FAQs, lawyer CTA, practice-area links",Broad blog migration remains on hold; restore only through controlled lawyer-reviewed batches.
https://chamanlawfirm.com/what-is-the-legal-status-of-collective-agreement,What Is The Legal Status Of Collective Agreement,,,general legal education,blog,live 404,75,2301,10.86,not available locally,not available locally,not available locally,,not public,none detected,image recovery needed,restore as blog post,/resources/blog/what-is-the-legal-status-of-collective-agreement,https://chamanlawfirm.com/resources/blog/what-is-the-legal-status-of-collective-agreement,not checked,image recovery needed,low/medium - editorial and legal review still required,low/medium - compare against existing live content before publication,548,"answer block, FAQs, lawyer CTA, practice-area links",Broad blog migration remains on hold; restore only through controlled lawyer-reviewed batches.
https://chamanlawfirm.com/the-difference-between-adoption-and-fostering-in-nigeria,The Difference Between Adoption And Fostering In Nigeria,,,general legal education,blog,live 404,80,5716,34.37,not available locally,not available locally,not available locally,,not public,none detected,image recovery needed,restore as blog post,/resources/blog/the-difference-between-adoption-and-fostering-in-nigeria,https://chamanlawfirm.com/resources/blog/the-difference-between-adoption-and-fostering-in-nigeria,not checked,image recovery needed,low/medium - editorial and legal review still required,low/medium - compare against existing live content before publication,547,"answer block, FAQs, lawyer CTA, practice-area links",Broad blog migration remains on hold; restore only through controlled lawyer-reviewed batches.
https://chamanlawfirm.com/registering-a-private-security-company,Registering A Private Security Company,Proven Steps on Registering a Private Security Company,"Register your private security company in Nigeria legally. Learn about CAC registration, NSCDC licensing, compliance, and regulatory requirements.",corporate/commercial,service,hidden Sanity draft; do not redirect,26,6575,8.7,not available locally,not available locally,not available locally,/practice-areas/corporate-commercial-law,not public,hidden/unapproved,image recovery needed,exact redirect to existing live equivalent,/practice-areas/corporate-commercial-law,https://chamanlawfirm.com/practice-areas/corporate-commercial-law,included,image recovery needed,low/medium - editorial and legal review still required,medium - confirm old topic should merge into existing practice/service page,546,"service answer block, process steps, FAQs, consultation CTA","Needs full content, image, canonical, and legal review before publication."
https://chamanlawfirm.com/the-valid-procession-of-a-statutory-marriage,The Valid Procession Of A Statutory Marriage,,,family law,blog,live 404,76,10495,15.83,not available locally,not available locally,not available locally,,not public,none detected,image recovery needed,restore as blog post,/resources/blog/the-valid-procession-of-a-statutory-marriage,https://chamanlawfirm.com/resources/blog/the-valid-procession-of-a-statutory-marriage,not checked,image recovery needed,high - lawyer review required before publication,low/medium - compare against existing live content before publication,545,"answer block, FAQs, lawyer CTA, practice-area links",Broad blog migration remains on hold; restore only through controlled lawyer-reviewed batches.
https://chamanlawfirm.com/7-effective-steps-to-take-when-a-landlord-refuses-to-return-your-rent-deposit,7 Effective Steps To Take When A Landlord Refuses To Return Your Rent Deposit,7 Effective Steps To Take When A Landlord Refuses To Return Your Rent Deposit,"Introduction A rent deposit serves as financial security for landlords, protecting against property damages or unpaid rent. However, it is also the tenant's right to have their deposit returned promptly and in full, pr",property/title,blog,hidden Sanity draft; do not redirect,68,5171,12.34,not available locally,not available locally,not available locally,,not public,hidden/unapproved,image and alt present in hidden Sanity draft,keep hidden pending image/source repair,/resources/blog/7-effective-steps-to-take-when-a-landlord-refuses-to-return-your-rent-deposit,https://chamanlawfirm.com/resources/blog/7-effective-steps-to-take-when-a-landlord-refuses-to-return-your-rent-deposit,not checked,image and alt present in hidden Sanity draft,medium - verify current law and facts before publication,medium - compare hidden draft against public practice/page before approval,542,"answer block, FAQs, lawyer CTA, practice-area links",Broad blog migration remains on hold; restore only through controlled lawyer-reviewed batches.
https://chamanlawfirm.com/duration-to-get-governors-consent,Duration To Get Governors Consent,,,property/title,service,redirect configured to /practice-areas/property-real-estate-law/governors-consent,50,6158,5.8,not available locally,not available locally,not available locally,/practice-areas/property-real-estate-law/governors-consent,not public,none detected,image recovery needed,exact redirect to existing live equivalent,/practice-areas/property-real-estate-law/governors-consent,https://chamanlawfirm.com/practice-areas/property-real-estate-law/governors-consent,included,image recovery needed,medium - verify current law and facts before publication,medium - confirm old topic should merge into existing practice/service page,542,"service answer block, process steps, FAQs, consultation CTA",Legacy Governor's Consent timing URL is same search intent as live Governor's Consent service page.
https://chamanlawfirm.com/how-to-apply-for-letter-of-administration,How To Apply For Letter Of Administration,,,probate/estate,service,not confirmed,47,7113,9.52,not available locally,not available locally,not available locally,/practice-areas/probate-estate-administration,not public,none detected,image recovery needed,exact redirect to existing live equivalent,/practice-areas/probate-estate-administration,https://chamanlawfirm.com/practice-areas/probate-estate-administration,included,image recovery needed,low/medium - editorial and legal review still required,medium - confirm old topic should merge into existing practice/service page,536,"service answer block, process steps, FAQs, consultation CTA",Sprint 11E urgent non-blog rescue candidate; target is existing public service/practice page.
https://chamanlawfirm.com/chaman-legal-team-2,Chaman Legal Team 2,,,general legal education,blog,live 404,52,6486,6.96,not available locally,not available locally,not available locally,,not public,none detected,image recovery needed,restore as blog post,/resources/blog/chaman-legal-team-2,https://chamanlawfirm.com/resources/blog/chaman-legal-team-2,not checked,image recovery needed,low/medium - editorial and legal review still required,low/medium - compare against existing live content before publication,535,"answer block, FAQs, lawyer CTA, practice-area links",Broad blog migration remains on hold; restore only through controlled lawyer-reviewed batches.
https://chamanlawfirm.com/how-to-use-cac-public-search-for-your-business,How To Use CAC Public Search For Your Business,How to Use CAC Public Search for Your Business Registration,Learn how to use CAC public search for business registration. Chaman Law Firm provides expert guidance on company verification.,corporate/commercial,blog,redirect configured to /resources/blog/how-to-use-cac-public-search-for-your-business,47,20616,7.26,not available locally,not available locally,not available locally,/resources/blog/how-to-use-cac-public-search-for-your-business,approved public,none detected,image and alt present in Sanity,exact redirect to existing live equivalent,/resources/blog/how-to-use-cac-public-search-for-your-business,https://chamanlawfirm.com/resources/blog/how-to-use-cac-public-search-for-your-business,included,image and alt present in Sanity,low/medium - editorial and legal review still required,low - already public,531,"answer block, FAQs, lawyer CTA, practice-area links",Broad blog migration remains on hold; restore only through controlled lawyer-reviewed batches.
https://chamanlawfirm.com/how-to-legally-evict-a-tenant-in-lagos-state,How To Legally Evict A Tenant In Lagos State,How to Legally Evict a Tenant in Lagos State Without Breaking the Law in 6 Proven Steps.,"Landlord-tenant disputes are common in Lagos State, with eviction being one of the most sensitive issues. Landlords must understand the legal process of evicting a tenant to avoid contravening laws and facing legal re...",property/title,blog,approved Sanity post; missing old-url redirect,90,7981,9.58,not available locally,not available locally,not available locally,,not public,hidden/unapproved,image and alt present in hidden Sanity draft,keep hidden pending legal review,/resources/blog/how-to-legally-evict-a-tenant-in-lagos-state,https://chamanlawfirm.com/resources/blog/how-to-legally-evict-a-tenant-in-lagos-state,not checked,image and alt present in hidden Sanity draft,high - lawyer review required before publication,medium - compare hidden draft against public practice/page before approval,530,"answer block, FAQs, lawyer CTA, practice-area links",Broad blog migration remains on hold; restore only through controlled lawyer-reviewed batches.
https://chamanlawfirm.com/right-of-an-illegitimate-child,Right Of An Illegitimate Child,Right Of An Illegitimate Child,"RIGHT OF AN ILLEGITIMATE CHILD, An illegitimate child is one born outside of marriage. An illegitimate child can become recognized....",family law,blog,hidden Sanity draft; do not redirect,60,10790,7.52,not available locally,not available locally,not available locally,,not public,hidden/unapproved,image and alt present in hidden Sanity draft,keep hidden pending legal review,/resources/blog/right-of-an-illegitimate-child,https://chamanlawfirm.com/resources/blog/right-of-an-illegitimate-child,not checked,image and alt present in hidden Sanity draft,high - lawyer review required before publication,medium - compare hidden draft against public practice/page before approval,528,"answer block, FAQs, lawyer CTA, practice-area links",Broad blog migration remains on hold; restore only through controlled lawyer-reviewed batches.
https://chamanlawfirm.com/how-to-open-a-company-bank-account-in-nigeria,How To Open A Company Bank Account In Nigeria,Proven Steps: How to Open a Company Bank Account in Nigeria,"Discover How to Open a Company Bank Account in Nigeria, including required documents, legal steps, and guidelines for corporate account setup",corporate/commercial,service,hidden Sanity draft; do not redirect,28,15765,30.74,not available locally,not available locally,not available locally,/practice-areas/corporate-commercial-law,not public,hidden/unapproved,image recovery needed,exact redirect to existing live equivalent,/practice-areas/corporate-commercial-law,https://chamanlawfirm.com/practice-areas/corporate-commercial-law,included,image recovery needed,low/medium - editorial and legal review still required,medium - confirm old topic should merge into existing practice/service page,528,"service answer block, process steps, FAQs, consultation CTA","Needs full content, image, canonical, and legal review before publication."
https://chamanlawfirm.com/how-to-resolve-land-disputes-in-nigeria-with,How To Resolve Land Disputes In Nigeria With,How To Resolve Land Disputes In Nigeria With,How to Resolve Land Disputes in Nigeria Without Going to Court in 3 Proven steps,property/title,blog,hidden Sanity draft; do not redirect,68,3377,11.75,not available locally,not available locally,not available locally,,not public,hidden/unapproved,image and alt present in hidden Sanity draft,keep hidden pending image/source repair,/resources/blog/how-to-resolve-land-disputes-in-nigeria-with,https://chamanlawfirm.com/resources/blog/how-to-resolve-land-disputes-in-nigeria-with,not checked,image and alt present in hidden Sanity draft,medium - verify current law and facts before publication,medium - compare hidden draft against public practice/page before approval,524,"answer block, FAQs, lawyer CTA, practice-area links",Broad blog migration remains on hold; restore only through controlled lawyer-reviewed batches.
https://chamanlawfirm.com/inheritance-rights-of-step-children,Inheritance Rights Of Step Children,,,probate/estate,service,live 404,56,4397,16.12,not available locally,not available locally,not available locally,,not public,none detected,image recovery needed,keep hidden pending legal review,/practice-areas/probate-estate-administration,https://chamanlawfirm.com/practice-areas/probate-estate-administration,included,image recovery needed,high - lawyer review required before publication,medium - confirm old topic should merge into existing practice/service page,524,"service answer block, process steps, FAQs, consultation CTA","Needs full content, image, canonical, and legal review before publication."
https://chamanlawfirm.com/how-to-obtain-legal-guardianship-of-a-child,How To Obtain Legal Guardianship Of A Child,,,family law,blog,live 404,71,4371,9.68,not available locally,not available locally,not available locally,,not public,none detected,image recovery needed,restore as blog post,/resources/blog/how-to-obtain-legal-guardianship-of-a-child,https://chamanlawfirm.com/resources/blog/how-to-obtain-legal-guardianship-of-a-child,not checked,image recovery needed,high - lawyer review required before publication,low/medium - compare against existing live content before publication,519,"answer block, FAQs, lawyer CTA, practice-area links",Broad blog migration remains on hold; restore only through controlled lawyer-reviewed batches.
https://chamanlawfirm.com/where-marriage-under-the-act-can-be-conducted,Where Marriage Under The Act Can Be Conducted,Proven Steps: Where Marriage Under the Act can be Conducted,"Find out where marriage under the Act can be conducted in Nigeria, including legal venues and requirements for a valid marriage ceremony.",family law,blog,redirect configured to /resources/blog/where-marriage-under-the-act-can-be-conducted,85,15038,13.77,not available locally,not available locally,not available locally,/resources/blog/where-marriage-under-the-act-can-be-conducted,approved public,none detected,image and alt present in Sanity,exact redirect to existing live equivalent,/resources/blog/where-marriage-under-the-act-can-be-conducted,https://chamanlawfirm.com/resources/blog/where-marriage-under-the-act-can-be-conducted,included,image and alt present in Sanity,high - lawyer review required before publication,low - already public,515,"answer block, FAQs, lawyer CTA, practice-area links",Broad blog migration remains on hold; restore only through controlled lawyer-reviewed batches.
https://chamanlawfirm.com/clauses-for-drafting-a-tenancy-agreement,Clauses For Drafting A Tenancy Agreement,Clauses For Drafting A Tenancy Agreement,Introduction A tenancy agreement is a vital document that outlines the terms and conditions governing the relationship between a landlord and a tenant. A tenancy agreement is more than just a piece of paper; it is the,general legal education,blog,hidden Sanity draft; do not redirect,63,4906,11.33,not available locally,not available locally,not available locally,,not public,hidden/unapproved,image and alt present in hidden Sanity draft,keep hidden pending image/source repair,/resources/blog/clauses-for-drafting-a-tenancy-agreement,https://chamanlawfirm.com/resources/blog/clauses-for-drafting-a-tenancy-agreement,not checked,image and alt present in hidden Sanity draft,low/medium - editorial and legal review still required,medium - compare hidden draft against public practice/page before approval,514,"answer block, FAQs, lawyer CTA, practice-area links",Broad blog migration remains on hold; restore only through controlled lawyer-reviewed batches.
https://chamanlawfirm.com/step-by-step-guide-on-how-to-conduct-a-statutory-marriage-in-nigeria,Step By Step Guide On How To Conduct A Statutory Marriage In Nigeria,How to Conduct a Statutory Marriage in Nigeria,"Marriage can be defined as a legally and socially sanctioned union between a man and a woman, that is regulated by laws, rules, customs, beliefs, and attitudes that prescribe the rights and duties of the partners and a",family law,blog,redirect configured to /resources/blog/step-by-step-guide-on-how-to-conduct-a-statutory-marriage-in-nigeria,94,10219,17.51,not available locally,not available locally,not available locally,/resources/blog/step-by-step-guide-on-how-to-conduct-a-statutory-marriage-in-nigeria,approved public,none detected,image and alt present in Sanity,exact redirect to existing live equivalent,/resources/blog/step-by-step-guide-on-how-to-conduct-a-statutory-marriage-in-nigeria,https://chamanlawfirm.com/resources/blog/step-by-step-guide-on-how-to-conduct-a-statutory-marriage-in-nigeria,included,image and alt present in Sanity,high - lawyer review required before publication,low - already public,512,"answer block, FAQs, lawyer CTA, practice-area links",Broad blog migration remains on hold; restore only through controlled lawyer-reviewed batches.
https://chamanlawfirm.com/how-to-obtain-an-infant-visa-in-nigeria,How To Obtain An Infant Visa In Nigeria,Powerful Steps: How to Obtain an Infant Visa in Nigeria,"earn how to obtain an infant visa in Nigeria, including the application steps, required documents, and important guidelines for parents or guardians.",immigration,blog,approved Sanity post; missing old-url redirect,72,6160,8.59,not available locally,not available locally,not available locally,,approved public,none detected,image and alt present in Sanity,exact redirect to existing live equivalent,/resources/blog/how-to-obtain-an-infant-visa-in-nigeria,https://chamanlawfirm.com/resources/blog/how-to-obtain-an-infant-visa-in-nigeria,included,image and alt present in Sanity,low/medium - editorial and legal review still required,low - already public,512,"answer block, FAQs, lawyer CTA, practice-area links",Broad blog migration remains on hold; restore only through controlled lawyer-reviewed batches.
https://chamanlawfirm.com/importance-of-covenants-in-a-tenancy-agreement,Importance Of Covenants In A Tenancy Agreement,Importance of Covenants in a Tenancy Agreement,Covenants in every contractual relationship operate as terms and conditions of a contract that must be observed by parties to the contract in order to give effect to the terms of the contract. Covenants are usually enf,general legal education,blog,redirect configured to /resources/blog/importance-of-covenants-in-a-tenancy-agreement,99,4366,21.12,not available locally,not available locally,not available locally,/resources/blog/importance-of-covenants-in-a-tenancy-agreement,approved public,none detected,image and alt present in Sanity,exact redirect to existing live equivalent,/resources/blog/importance-of-covenants-in-a-tenancy-agreement,https://chamanlawfirm.com/resources/blog/importance-of-covenants-in-a-tenancy-agreement,included,image and alt present in Sanity,low/medium - editorial and legal review still required,low - already public,509,"answer block, FAQs, lawyer CTA, practice-area links",Broad blog migration remains on hold; restore only through controlled lawyer-reviewed batches.
https://chamanlawfirm.com/procedure-for-ejecting-a-squatter-in-lagos,Procedure For Ejecting A Squatter In Lagos,,,general legal education,blog,live 404,56,1919,5.01,not available locally,not available locally,not available locally,,not public,none detected,image recovery needed,restore as blog post,/resources/blog/procedure-for-ejecting-a-squatter-in-lagos,https://chamanlawfirm.com/resources/blog/procedure-for-ejecting-a-squatter-in-lagos,not checked,image recovery needed,low/medium - editorial and legal review still required,low/medium - compare against existing live content before publication,509,"answer block, FAQs, lawyer CTA, practice-area links",Broad blog migration remains on hold; restore only through controlled lawyer-reviewed batches.
https://chamanlawfirm.com/procedure-for-mergers-and-acquisitions-in-nigeria,Procedure For Mergers And Acquisitions In Nigeria,,,general legal education,blog,live 404,65,3333,15.51,not available locally,not available locally,not available locally,,not public,none detected,image recovery needed,restore as blog post,/resources/blog/procedure-for-mergers-and-acquisitions-in-nigeria,https://chamanlawfirm.com/resources/blog/procedure-for-mergers-and-acquisitions-in-nigeria,not checked,image recovery needed,low/medium - editorial and legal review still required,low/medium - compare against existing live content before publication,508,"answer block, FAQs, lawyer CTA, practice-area links",Broad blog migration remains on hold; restore only through controlled lawyer-reviewed batches.
https://chamanlawfirm.com/how-to-make-complaint-for-estimated-bills-in-nigeria,How To Make Complaint For Estimated Bills In Nigeria,,,general legal education,blog,live 404,66,2677,11.57,not available locally,not available locally,not available locally,,not public,none detected,image recovery needed,restore as blog post,/resources/blog/how-to-make-complaint-for-estimated-bills-in-nigeria,https://chamanlawfirm.com/resources/blog/how-to-make-complaint-for-estimated-bills-in-nigeria,not checked,image recovery needed,low/medium - editorial and legal review still required,low/medium - compare against existing live content before publication,507,"answer block, FAQs, lawyer CTA, practice-area links",Broad blog migration remains on hold; restore only through controlled lawyer-reviewed batches.
https://chamanlawfirm.com/building-completion-certificate-in-lagos,Building Completion Certificate In Lagos,,,general legal education,blog,live 404,51,3625,6.94,not available locally,not available locally,not available locally,,not public,none detected,image recovery needed,restore as blog post,/resources/blog/building-completion-certificate-in-lagos,https://chamanlawfirm.com/resources/blog/building-completion-certificate-in-lagos,not checked,image recovery needed,low/medium - editorial and legal review still required,low/medium - compare against existing live content before publication,501,"answer block, FAQs, lawyer CTA, practice-area links",Broad blog migration remains on hold; restore only through controlled lawyer-reviewed batches.
https://chamanlawfirm.com/tenancy-dispute-resolution-in-ogun-state,Tenancy Dispute Resolution In Ogun State,Powerful Steps: tenancy dispute resolution in Ogun / Chaman,tenancy dispute resolution - Learn structured legal procedures for resolving disputes between tenants and landlord in Ogun / Chaman Law Firm,litigation/ADR,blog,hidden Sanity draft; do not redirect,53,2452,7.42,not available locally,not available locally,not available locally,,not public,hidden/unapproved,image recovery needed,keep hidden pending image/source repair,/resources/blog/tenancy-dispute-resolution-in-ogun-state,https://chamanlawfirm.com/resources/blog/tenancy-dispute-resolution-in-ogun-state,not checked,image recovery needed,medium - verify current law and facts before publication,medium - compare hidden draft against public practice/page before approval,500,"answer block, FAQs, lawyer CTA, practice-area links",Broad blog migration remains on hold; restore only through controlled lawyer-reviewed batches.
https://chamanlawfirm.com/what-are-the-top-gated-estates-in-lekki,What Are The Top Gated Estates In Lekki,,,probate/estate,blog,live 404,60,7832,7.61,not available locally,not available locally,not available locally,,not public,none detected,image recovery needed,reject/archive,/resources/blog/what-are-the-top-gated-estates-in-lekki,https://chamanlawfirm.com/resources/blog/what-are-the-top-gated-estates-in-lekki,not checked,image recovery needed,blocked - off-brand/spam/luxury signal,low/medium - compare against existing live content before publication,498,"answer block, FAQs, lawyer CTA, practice-area links",Broad blog migration remains on hold; restore only through controlled lawyer-reviewed batches.
https://chamanlawfirm.com/property-with-existing-tenants-in-nigeria,Property With Existing Tenants In Nigeria,Property with existing tenants in Nigeria,Frustrated? Bought a Property with Existing Tenants Who Refuse to Leave? Here’s What to Do! Property with existing tenants in Nigeria...,property/title,blog,redirect configured to /resources/blog/property-with-existing-tenants-in-nigeria,87,3193,11.24,not available locally,not available locally,not available locally,/resources/blog/property-with-existing-tenants-in-nigeria,approved public,none detected,image and alt present in Sanity,exact redirect to existing live equivalent,/resources/blog/property-with-existing-tenants-in-nigeria,https://chamanlawfirm.com/resources/blog/property-with-existing-tenants-in-nigeria,included,image and alt present in Sanity,medium - verify current law and facts before publication,low - already public,497,"answer block, FAQs, lawyer CTA, practice-area links",Broad blog migration remains on hold; restore only through controlled lawyer-reviewed batches.
https://chamanlawfirm.com/legal-remedies-for-breach-of-land-sale-contract,Legal Remedies For Breach Of Land Sale Contract,Powerful Steps: Remedies for Breach of Land Sale Contract,Legal Remedies for Breach of Land Sale Contract in Ogun -your legal rights and how to pursue justice if the other party fails to honor the terms.,property/title,blog,approved Sanity post; missing old-url redirect,73,4149,6.69,not available locally,not available locally,not available locally,,approved public,none detected,image and alt present in Sanity,exact redirect to existing live equivalent,/resources/blog/legal-remedies-for-breach-of-land-sale-contract,https://chamanlawfirm.com/resources/blog/legal-remedies-for-breach-of-land-sale-contract,included,image and alt present in Sanity,medium - verify current law and facts before publication,low - already public,496,"answer block, FAQs, lawyer CTA, practice-area links",Broad blog migration remains on hold; restore only through controlled lawyer-reviewed batches.
https://chamanlawfirm.com/digital-rights-and-freedom-of-expression,Digital Rights And Freedom Of Expression,,,general legal education,blog,live 404,74,2910,26.46,not available locally,not available locally,not available locally,,not public,none detected,image recovery needed,restore as blog post,/resources/blog/digital-rights-and-freedom-of-expression,https://chamanlawfirm.com/resources/blog/digital-rights-and-freedom-of-expression,not checked,image recovery needed,low/medium - editorial and legal review still required,low/medium - compare against existing live content before publication,489,"answer block, FAQs, lawyer CTA, practice-area links",Broad blog migration remains on hold; restore only through controlled lawyer-reviewed batches.
https://chamanlawfirm.com/what-is-a-deed-of-assent-in-nigeria,What Is A Deed Of Assent In Nigeria,What Is a Deed of Assent in Nigeria?,"Introduction WHAT IS A DEED OF ASSENT IN NIGERIA A Deed of Assent is a document or instrument used by the Executor or legal Administrator of an estate to transfer, hand over, or vest a legal interest or title in a dece",property/title,blog,redirect configured to /resources/blog/what-is-a-deed-of-assent-in-nigeria,74,8388,11.89,not available locally,not available locally,not available locally,/resources/blog/what-is-a-deed-of-assent-in-nigeria,approved public,none detected,image and alt present in Sanity,exact redirect to existing live equivalent,/resources/blog/what-is-a-deed-of-assent-in-nigeria,https://chamanlawfirm.com/resources/blog/what-is-a-deed-of-assent-in-nigeria,included,image and alt present in Sanity,low/medium - editorial and legal review still required,low - already public,484,"answer block, FAQs, lawyer CTA, practice-area links",Broad blog migration remains on hold; restore only through controlled lawyer-reviewed batches.
https://chamanlawfirm.com/limitation-of-action-in-nigeria,Limitation Of Action In Nigeria,Limitation Of Action In Nigeria,"Introduction LIMITATION OF ACTION IN NIGERIA Before filing a lawsuit in Nigeria, it is important to be aware of the statute of limitations because it applies to different types of litigation. A law known as the statute",general legal education,blog,hidden Sanity draft; do not redirect,57,4873,10.19,not available locally,not available locally,not available locally,,not public,hidden/unapproved,image and alt present in hidden Sanity draft,keep hidden pending image/source repair,/resources/blog/limitation-of-action-in-nigeria,https://chamanlawfirm.com/resources/blog/limitation-of-action-in-nigeria,not checked,image and alt present in hidden Sanity draft,low/medium - editorial and legal review still required,medium - compare hidden draft against public practice/page before approval,484,"answer block, FAQs, lawyer CTA, practice-area links",Broad blog migration remains on hold; restore only through controlled lawyer-reviewed batches.
https://chamanlawfirm.com/how-long-does-it-take-to-get-c-of-o-in-ogun-sta,How Long Does It Take To Get C Of O In Ogun Sta,Powerful Steps: How long does it take to get C of O,"How long does it take to get Certificate of Occupancy (C of O) in Ogun State. Learn key steps, required documents, and avoid common delays.",property/title,blog,hidden Sanity draft; do not redirect,50,2367,6.36,not available locally,not available locally,not available locally,,not public,hidden/unapproved,image recovery needed,keep hidden pending image/source repair,/resources/blog/how-long-does-it-take-to-get-c-of-o-in-ogun-sta,https://chamanlawfirm.com/resources/blog/how-long-does-it-take-to-get-c-of-o-in-ogun-sta,not checked,image recovery needed,medium - verify current law and facts before publication,medium - compare hidden draft against public practice/page before approval,484,"answer block, FAQs, lawyer CTA, practice-area links",Broad blog migration remains on hold; restore only through controlled lawyer-reviewed batches.
https://chamanlawfirm.com/corporate-governance-challenges-in-companies,Corporate Governance Challenges In Companies,Corporate Governance Challenges In Companies; Corporate Governance Practices in Nigerian Companies Challenges and Best Practices,Corporate Governance Challenges In Companies,corporate/commercial,service,hidden Sanity draft; do not redirect,44,2785,25.1,not available locally,not available locally,not available locally,/practice-areas/corporate-commercial-law,not public,hidden/unapproved,image recovery needed,exact redirect to existing live equivalent,/practice-areas/corporate-commercial-law,https://chamanlawfirm.com/practice-areas/corporate-commercial-law,included,image recovery needed,low/medium - editorial and legal review still required,medium - confirm old topic should merge into existing practice/service page,478,"service answer block, process steps, FAQs, consultation CTA","Needs full content, image, canonical, and legal review before publication."
https://chamanlawfirm.com/registration-of-a-money-lending-company,Registration Of A Money Lending Company,Proven step: Registration of a Money Lending Company,"the requirement and procedure for Registration of a Money Lending Company in Nigeria, including licensing, documentation, and regulatory steps",corporate/commercial,service,hidden Sanity draft; do not redirect,31,3279,18.13,not available locally,not available locally,not available locally,/practice-areas/corporate-commercial-law,not public,hidden/unapproved,image recovery needed,exact redirect to existing live equivalent,/practice-areas/corporate-commercial-law,https://chamanlawfirm.com/practice-areas/corporate-commercial-law,included,image recovery needed,low/medium - editorial and legal review still required,medium - confirm old topic should merge into existing practice/service page,478,"service answer block, process steps, FAQs, consultation CTA","Needs full content, image, canonical, and legal review before publication."
https://chamanlawfirm.com/basic-elements-of-defamatory-statement,Basic Elements Of Defamatory Statement,,,general legal education,blog,live 404,70,3672,23.39,not available locally,not available locally,not available locally,,not public,none detected,image recovery needed,restore as blog post,/resources/blog/basic-elements-of-defamatory-statement,https://chamanlawfirm.com/resources/blog/basic-elements-of-defamatory-statement,not checked,image recovery needed,low/medium - editorial and legal review still required,low/medium - compare against existing live content before publication,477,"answer block, FAQs, lawyer CTA, practice-area links",Broad blog migration remains on hold; restore only through controlled lawyer-reviewed batches.
https://chamanlawfirm.com/how-do-i-process-survey-plan-approval-in-ogun,How Do I Process Survey Plan Approval In Ogun,How do I process survey plan approval? | Chaman Law Firm,"How do i process survey plan approval in Ogun State, including the necessary steps, required documents, and government agencies involved.",property/title,blog,redirect configured to /resources/blog/how-do-i-process-survey-plan-approval-in-ogun,69,3378,8.8,not available locally,not available locally,not available locally,/resources/blog/how-do-i-process-survey-plan-approval-in-ogun,approved public,none detected,image and alt present in Sanity,exact redirect to existing live equivalent,/resources/blog/how-do-i-process-survey-plan-approval-in-ogun,https://chamanlawfirm.com/resources/blog/how-do-i-process-survey-plan-approval-in-ogun,included,image and alt present in Sanity,low/medium - editorial and legal review still required,low - already public,469,"answer block, FAQs, lawyer CTA, practice-area links",Broad blog migration remains on hold; restore only through controlled lawyer-reviewed batches.
https://chamanlawfirm.com/how-to-increase-a-company-share,How To Increase A Company Share,How To Increase A Company Share,Proven Strategies to Increase Your Company's Share Capital,corporate/commercial,service,hidden Sanity draft; do not redirect,30,2892,17.61,not available locally,not available locally,not available locally,/practice-areas/corporate-commercial-law,not public,hidden/unapproved,image recovery needed,exact redirect to existing live equivalent,/practice-areas/corporate-commercial-law,https://chamanlawfirm.com/practice-areas/corporate-commercial-law,included,image recovery needed,low/medium - editorial and legal review still required,medium - confirm old topic should merge into existing practice/service page,469,"service answer block, process steps, FAQs, consultation CTA","Needs full content, image, canonical, and legal review before publication."
https://chamanlawfirm.com/how-to-replace-a-national-identification-number,How To Replace A National Identification Number,,,general legal education,blog,not confirmed,33,21159,5.89,not available locally,not available locally,not available locally,,not public,none detected,image recovery needed,restore as blog post,/resources/blog/how-to-replace-a-national-identification-number,https://chamanlawfirm.com/resources/blog/how-to-replace-a-national-identification-number,not checked,image recovery needed,low/medium - editorial and legal review still required,low/medium - compare against existing live content before publication,467,"answer block, FAQs, lawyer CTA, practice-area links",Broad blog migration remains on hold; restore only through controlled lawyer-reviewed batches.
https://chamanlawfirm.com/4-proven-steps-on-how-to-enforce-a-contract,4 Proven Steps On How To Enforce A Contract,4 Proven Steps On How To Enforce A Contract,"Introduction Contracts are fundamental to business dealings and personal agreements in Nigeria. However, when one party fails to fulfill its obligations, enforcing the terms of the contract becomes necessary. Knowing h",corporate/commercial,service,hidden Sanity draft; do not redirect,31,2181,13.63,not available locally,not available locally,not available locally,/practice-areas/corporate-commercial-law,not public,hidden/unapproved,image recovery needed,exact redirect to existing live equivalent,/practice-areas/corporate-commercial-law,https://chamanlawfirm.com/practice-areas/corporate-commercial-law,included,image recovery needed,medium - verify current law and facts before publication,medium - confirm old topic should merge into existing practice/service page,467,"service answer block, process steps, FAQs, consultation CTA",source body not present in Phase 5C prepared drafts; SEO title requires RankMath/source preservation or rewrite; meta description requires RankMath/source preservation or rewrite; image recovery/fallback required
https://chamanlawfirm.com/child-custody-in-customary-marriage,Child Custody In Customary Marriage,,,family law,blog,live 404,74,3514,13,not available locally,not available locally,not available locally,,not public,none detected,image recovery needed,restore as blog post,/resources/blog/child-custody-in-customary-marriage,https://chamanlawfirm.com/resources/blog/child-custody-in-customary-marriage,not checked,image recovery needed,high - lawyer review required before publication,low/medium - compare against existing live content before publication,465,"answer block, FAQs, lawyer CTA, practice-area links",Broad blog migration remains on hold; restore only through controlled lawyer-reviewed batches.
https://chamanlawfirm.com/legal-implications-of-overstaying-a-visa-inn,Legal Implications Of Overstaying A Visa Inn,LEGAL IMPLICATIONS OF OVERSTAYING A VISA IN NIGERIA: CONSEQU,"Overstaying a visa in any country is a significant legal issue, and Nigeria is no exception. As one of Africa's largest economies and hub for business, tourism,",immigration,service,hidden Sanity draft; do not redirect,28,3039,10.36,not available locally,not available locally,not available locally,,not public,hidden/unapproved,image recovery needed,merge into existing stronger live page,/practice-areas/immigration-services,https://chamanlawfirm.com/practice-areas/immigration-services,included,image recovery needed,low/medium - editorial and legal review still required,medium - confirm old topic should merge into existing practice/service page,460,"service answer block, process steps, FAQs, consultation CTA",source body not present in Phase 5C prepared drafts; SEO title requires RankMath/source preservation or rewrite; meta description requires RankMath/source preservation or rewrite; image recovery/fallback required
https://chamanlawfirm.com/what-is-the-importance-of-certifi-occupancy,What Is The Importance Of Certifi Occupancy,What Is The Importance Of Certifi Occupancy,Introduction WHAT IS THE IMPORTANCE OF CERTIFICATE OF OCCUPANCY The enactment of the Land Use Act 1978 birthed a new system where all lands within the territory of a state are vested in the governor of that state who s,general legal education,blog,hidden Sanity draft; do not redirect,44,2769,9.52,not available locally,not available locally,not available locally,,not public,hidden/unapproved,image recovery needed,keep hidden pending image/source repair,/resources/blog/what-is-the-importance-of-certifi-occupancy,https://chamanlawfirm.com/resources/blog/what-is-the-importance-of-certifi-occupancy,not checked,image recovery needed,low/medium - editorial and legal review still required,medium - compare hidden draft against public practice/page before approval,458,"answer block, FAQs, lawyer CTA, practice-area links",Broad blog migration remains on hold; restore only through controlled lawyer-reviewed batches.
https://chamanlawfirm.com/maritime-contracts-in-nigeria,Maritime Contracts In Nigeria,Maritime Contracts In Nigeria; Powerful Keys In Resolving Disputes in Maritime Contracts in Nigeria; A Deep Insight,"Maritime Contracts In Nigeria Maritime contracts form the backbone of Nigeria’s thriving shipping and logistics industry, facilitating the transport of goods...",corporate/commercial,service,hidden Sanity draft; do not redirect,32,714,11.44,not available locally,not available locally,not available locally,,not public,hidden/unapproved,image recovery needed,merge into existing stronger live page,/practice-areas/corporate-commercial-law,https://chamanlawfirm.com/practice-areas/corporate-commercial-law,included,image recovery needed,medium - verify current law and facts before publication,medium - confirm old topic should merge into existing practice/service page,457,"service answer block, process steps, FAQs, consultation CTA",source body not present in Phase 5C prepared drafts; SEO title requires RankMath/source preservation or rewrite; meta description requires RankMath/source preservation or rewrite; image recovery/fallback required
https://chamanlawfirm.com/title-documents-much-does-it-cost-in-lagos,Title Documents Much Does It Cost In Lagos,Powerful Steps: Title Documents - Much Does It Cost in Lagos,Title Documents - Much Does It Cost in Lagos - Understanding the costs involved in perfecting your title documents is crucial / Chaman Law Firm,property/title,blog,hidden Sanity draft; do not redirect,45,2130,7.09,not available locally,not available locally,not available locally,,not public,hidden/unapproved,image recovery needed,keep hidden pending image/source repair,/resources/blog/title-documents-much-does-it-cost-in-lagos,https://chamanlawfirm.com/resources/blog/title-documents-much-does-it-cost-in-lagos,not checked,image recovery needed,low/medium - editorial and legal review still required,medium - compare hidden draft against public practice/page before approval,456,"answer block, FAQs, lawyer CTA, practice-area links",Broad blog migration remains on hold; restore only through controlled lawyer-reviewed batches.
https://chamanlawfirm.com/top-legal-services,Top Legal Services,,,general legal education,consultation,redirect configured to /consultation,31,7108,7.14,not available locally,not available locally,not available locally,/consultation,not public,none detected,image recovery needed,exact redirect to existing live equivalent,/consultation,https://chamanlawfirm.com/consultation,included,image recovery needed,low/medium - editorial and legal review still required,low/medium - compare against existing live content before publication,456,"service answer block, process steps, FAQs, consultation CTA",source body not present in Phase 5C prepared drafts; SEO title requires RankMath/source preservation or rewrite; meta description requires RankMath/source preservation or rewrite; image recovery/fallback required
https://chamanlawfirm.com/the-morgage-sell-the-mortgaged-property,The Morgage Sell The Mortgaged Property,Powerful Steps: the Morgage Sell the Mortgaged Property,"Under What Circumstance can the Morgage Sell the Mortgaged Property, A mortgage is the transfer of the ownership of an asset by way of security..",property/title,blog,approved Sanity post; missing old-url redirect,75,4900,16.92,not available locally,not available locally,not available locally,,approved public,none detected,image and alt present in Sanity,exact redirect to existing live equivalent,/resources/blog/the-morgage-sell-the-mortgaged-property,https://chamanlawfirm.com/resources/blog/the-morgage-sell-the-mortgaged-property,included,image and alt present in Sanity,medium - verify current law and facts before publication,low - already public,454,"answer block, FAQs, lawyer CTA, practice-area links",Broad blog migration remains on hold; restore only through controlled lawyer-reviewed batches.
https://chamanlawfirm.com/ownership-understanding-the-legal,Ownership Understanding The Legal,,,general legal education,blog,live 404,51,4949,11.24,not available locally,not available locally,not available locally,,not public,none detected,image recovery needed,restore as blog post,/resources/blog/ownership-understanding-the-legal,https://chamanlawfirm.com/resources/blog/ownership-understanding-the-legal,not checked,image recovery needed,low/medium - editorial and legal review still required,low/medium - compare against existing live content before publication,454,"answer block, FAQs, lawyer CTA, practice-area links",Broad blog migration remains on hold; restore only through controlled lawyer-reviewed batches.
https://chamanlawfirm.com/breach-of-promise-to-marriage-in-nigeria,Breach Of Promise To Marriage In Nigeria,Breach of Promise to Marriage in Nigefria,Shocking Truth: Can Breach of Promise to Marriage Be Enforceable in Nigeria’s Legal System? Breach of promise to marriage in Nigeria,family law,blog,hidden Sanity draft; do not redirect,65,6573,11.98,not available locally,not available locally,not available locally,,not public,hidden/unapproved,image and alt present in hidden Sanity draft,keep hidden pending legal review,/resources/blog/breach-of-promise-to-marriage-in-nigeria,https://chamanlawfirm.com/resources/blog/breach-of-promise-to-marriage-in-nigeria,not checked,image and alt present in hidden Sanity draft,high - lawyer review required before publication,medium - compare hidden draft against public practice/page before approval,451,"answer block, FAQs, lawyer CTA, practice-area links",Broad blog migration remains on hold; restore only through controlled lawyer-reviewed batches.
https://chamanlawfirm.com/corporate-governance-and-business-ethics,Corporate Governance And Business Ethics,Corporate Governance And Business Ethics; The Powerful Role of Corporate Governance in Transforming Business Ethics and Integrity,Corporate Governance And Business Ethics The Powerful Role of Corporate Governance in Transforming Business Ethics and Integrity...,corporate/commercial,service,hidden Sanity draft; do not redirect,27,8603,48.75,not available locally,not available locally,not available locally,/practice-areas/corporate-commercial-law,not public,hidden/unapproved,image recovery needed,exact redirect to existing live equivalent,/practice-areas/corporate-commercial-law,https://chamanlawfirm.com/practice-areas/corporate-commercial-law,included,image recovery needed,low/medium - editorial and legal review still required,medium - confirm old topic should merge into existing practice/service page,451,"service answer block, process steps, FAQs, consultation CTA",source body not present in Phase 5C prepared drafts; SEO title requires RankMath/source preservation or rewrite; meta description requires RankMath/source preservation or rewrite; image recovery/fallback required
https://chamanlawfirm.com/survey-plans-and-certificates-of-occupancy,Survey Plans And Certificates Of Occupancy,Survey Plans And Certificates Of Occupancy; The Crucial Vital Role of Survey Plans and Certificates of Occupancy in Nigerian Property Transactions; Unlock Success,"Survey Plans And Certificates Of Occupancy In the dynamic landscape of real estate in Nigeria, understanding the mechanisms of property transactions is crucial for both...",property/title,blog,hidden Sanity draft; do not redirect,49,5167,11.22,not available locally,not available locally,not available locally,,not public,hidden/unapproved,image recovery needed,keep hidden pending image/source repair,/resources/blog/survey-plans-and-certificates-of-occupancy,https://chamanlawfirm.com/resources/blog/survey-plans-and-certificates-of-occupancy,not checked,image recovery needed,low/medium - editorial and legal review still required,medium - compare hidden draft against public practice/page before approval,447,"answer block, FAQs, lawyer CTA, practice-area links",Broad blog migration remains on hold; restore only through controlled lawyer-reviewed batches.
https://chamanlawfirm.com/real-estate-taxes-in-nigeria-transactions,Real Estate Taxes In Nigeria Transactions,UNDERSTANDING THE ESSENTIAL APPLICABILITY OF TAXES ON REAL ESTATE TRANSACTIONS IN NIGERIA,APPLICABILITY OF TAXES ON REAL ESTATE TRANSACTIONS IN NIGERIA The various taxes that apply on real estate transfer transaction includes Capital,property/title,blog,approved Sanity post; missing old-url redirect,70,6388,17.54,not available locally,not available locally,not available locally,,approved public,none detected,image and alt present in Sanity,exact redirect to existing live equivalent,/resources/blog/real-estate-taxes-in-nigeria-transactions,https://chamanlawfirm.com/resources/blog/real-estate-taxes-in-nigeria-transactions,included,image and alt present in Sanity,medium - verify current law and facts before publication,low - already public,444,"answer block, FAQs, lawyer CTA, practice-area links",Broad blog migration remains on hold; restore only through controlled lawyer-reviewed batches.
https://chamanlawfirm.com/court-procedures-and-efficient-case,Court Procedures And Efficient Case,Court Procedures And Efficient Case:,Court Procedures And Efficient Case,litigation/ADR,blog,hidden Sanity draft; do not redirect,51,3513,14.26,not available locally,not available locally,not available locally,,not public,hidden/unapproved,image recovery needed,keep hidden pending image/source repair,/resources/blog/court-procedures-and-efficient-case,https://chamanlawfirm.com/resources/blog/court-procedures-and-efficient-case,not checked,image recovery needed,low/medium - editorial and legal review still required,medium - compare hidden draft against public practice/page before approval,440,"answer block, FAQs, lawyer CTA, practice-area links",Broad blog migration remains on hold; restore only through controlled lawyer-reviewed batches.
https://chamanlawfirm.com/certificate-of-occupancy-in-oyo-state,Certificate Of Occupancy In Oyo State,Certificate of Occupancy in Oyo State: Ultimate Guide: Hassle-Free Way to Obtain Certificate of Occupancy (C of O) in Oyo State (2025),"Certificate of Occupancy in Oyo State Securing a Certificate of Occupancy (C of O) is a vital legal step in confirming land ownership in Oyo State, Nigeria. Whether...",property/title,blog,approved Sanity post; missing old-url redirect,63,9258,10.65,not available locally,not available locally,not available locally,,approved public,none detected,image and alt present in Sanity,exact redirect to existing live equivalent,/resources/blog/certificate-of-occupancy-in-oyo-state,https://chamanlawfirm.com/resources/blog/certificate-of-occupancy-in-oyo-state,included,image and alt present in Sanity,low/medium - editorial and legal review still required,low - already public,438,"answer block, FAQs, lawyer CTA, practice-area links",Broad blog migration remains on hold; restore only through controlled lawyer-reviewed batches.
https://chamanlawfirm.com/how-do-i-regularize-land-documents-in-ogun-state,How Do I Regularize Land Documents In Ogun State,How do I regularize land documents in Ogun | Chaman Law Firm,"How to regularize land documents in Ogun State with insights from Chaman Law Firm. Understand the key differences, processes, and legal tips",property/title,blog,redirect configured to /resources/blog/how-do-i-regularize-land-documents-in-ogun-state,61,3901,8.81,not available locally,not available locally,not available locally,/resources/blog/how-do-i-regularize-land-documents-in-ogun-state,approved public,none detected,image and alt present in Sanity,exact redirect to existing live equivalent,/resources/blog/how-do-i-regularize-land-documents-in-ogun-state,https://chamanlawfirm.com/resources/blog/how-do-i-regularize-land-documents-in-ogun-state,included,image and alt present in Sanity,medium - verify current law and facts before publication,low - already public,434,"answer block, FAQs, lawyer CTA, practice-area links",Broad blog migration remains on hold; restore only through controlled lawyer-reviewed batches.
https://chamanlawfirm.com/what-are-the-requirements-for-compulsory-acquisition-of-land-in-nigeria,What Are The Requirements For Compulsory Acquisition Of Land In Nigeria,What Are The Requirements For Compulsory Acquisition Of Land In Nigeria,WHAT ARE THE REQUIREMENTS FOR COMPULSORY ACQUISITION OF LAND IN NIGERIA Compulsory acquisition of land shows that there is no totality as regards acquisition of land in Nigeria as enshrined under section 43 of 1999 Con,property/title,blog,hidden Sanity draft; do not redirect,53,1890,18.37,not available locally,not available locally,not available locally,,not public,hidden/unapproved,image recovery needed,keep hidden pending image/source repair,/resources/blog/what-are-the-requirements-for-compulsory-acquisition-of-land-in-nigeria,https://chamanlawfirm.com/resources/blog/what-are-the-requirements-for-compulsory-acquisition-of-land-in-nigeria,not checked,image recovery needed,medium - verify current law and facts before publication,medium - compare hidden draft against public practice/page before approval,434,"answer block, FAQs, lawyer CTA, practice-area links",Broad blog migration remains on hold; restore only through controlled lawyer-reviewed batches.
https://chamanlawfirm.com/powerful-steps-what-is-trespass-to-land,Powerful Steps What Is Trespass To Land,Powerful Steps: What is Trespass to Land | Chaman Law Firm,Learn what is trespass to land means under Nigerian law. Chaman Law Firm explains how to protect rights and seek legal remedies for trespass.,property/title,blog,hidden Sanity draft; do not redirect,48,4325,10.38,not available locally,not available locally,not available locally,,not public,hidden/unapproved,image recovery needed,keep hidden pending image/source repair,/resources/blog/powerful-steps-what-is-trespass-to-land,https://chamanlawfirm.com/resources/blog/powerful-steps-what-is-trespass-to-land,not checked,image recovery needed,medium - verify current law and facts before publication,medium - compare hidden draft against public practice/page before approval,433,"answer block, FAQs, lawyer CTA, practice-area links",Broad blog migration remains on hold; restore only through controlled lawyer-reviewed batches.
https://chamanlawfirm.com/challenges-of-customary-marriage,Challenges Of Customary Marriage,,,family law,blog,live 404,62,6047,13.26,not available locally,not available locally,not available locally,,not public,none detected,image recovery needed,restore as blog post,/resources/blog/challenges-of-customary-marriage,https://chamanlawfirm.com/resources/blog/challenges-of-customary-marriage,not checked,image recovery needed,high - lawyer review required before publication,low/medium - compare against existing live content before publication,430,"answer block, FAQs, lawyer CTA, practice-area links",Broad blog migration remains on hold; restore only through controlled lawyer-reviewed batches.
https://chamanlawfirm.com/role-of-stamp-duty-in-property-transactions,Role Of Stamp Duty In Property Transactions,Powerful Step: Role of Stamp Duty in Property Transactions,Learn role of stamp duty in property transactions in Lagos State. Chaman Law Firm provides expert legal advice for buyers and investors.,property/title,blog,redirect configured to /resources/blog/role-of-stamp-duty-in-property-transactions,54,6622,8.6,not available locally,not available locally,not available locally,/resources/blog/role-of-stamp-duty-in-property-transactions,approved public,none detected,image and alt present in Sanity,exact redirect to existing live equivalent,/resources/blog/role-of-stamp-duty-in-property-transactions,https://chamanlawfirm.com/resources/blog/role-of-stamp-duty-in-property-transactions,included,image and alt present in Sanity,medium - verify current law and facts before publication,low - already public,426,"answer block, FAQs, lawyer CTA, practice-area links",Broad blog migration remains on hold; restore only through controlled lawyer-reviewed batches.
https://chamanlawfirm.com/challenging-a-fraudulent-probate-application,Challenging A Fraudulent Probate Application,Powerful Steps: Challenging a Fraudulent Probate Application,"Challenging a Fraudulent Probate Application - Learn how to detect probate fraud, gather evidence, file objections, / protect your inheritance rights",probate/estate,service,hidden Sanity draft; do not redirect,18,1522,3.54,not available locally,not available locally,not available locally,,not public,hidden/unapproved,image recovery needed,keep hidden pending legal review,/practice-areas/probate-estate-administration,https://chamanlawfirm.com/practice-areas/probate-estate-administration,included,image recovery needed,high - lawyer review required before publication,medium - confirm old topic should merge into existing practice/service page,425,"service answer block, process steps, FAQs, consultation CTA",source body not present in Phase 5C prepared drafts; SEO title requires RankMath/source preservation or rewrite; meta description requires RankMath/source preservation or rewrite; image recovery/fallback required
https://chamanlawfirm.com/steps-taken-in-registering-an-ngo-in-nigeria,Steps Taken In Registering An Ngo In Nigeria,,,general legal education,blog,not confirmed,46,16398,18.93,not available locally,not available locally,not available locally,,not public,none detected,image recovery needed,restore as blog post,/resources/blog/steps-taken-in-registering-an-ngo-in-nigeria,https://chamanlawfirm.com/resources/blog/steps-taken-in-registering-an-ngo-in-nigeria,not checked,image recovery needed,low/medium - editorial and legal review still required,low/medium - compare against existing live content before publication,424,"answer block, FAQs, lawyer CTA, practice-area links",Broad blog migration remains on hold; restore only through controlled lawyer-reviewed batches.
https://chamanlawfirm.com/overview-of-citizenship-in-nigeria,Overview Of Citizenship In Nigeria,Overview of Citizenship in Nigeria,"OVERVIEW OF CITIZENSHIP IN NIGERIA A person who has citizenship has full, legally recognised membership in a state and owes that state their complete allegiance. Citizenship is a status that is legally bestowed to a pe",immigration,blog,redirect configured to /resources/blog/overview-of-citizenship-in-nigeria,50,19954,28.19,not available locally,not available locally,not available locally,/resources/blog/overview-of-citizenship-in-nigeria,approved public,none detected,image and alt present in Sanity,exact redirect to existing live equivalent,/resources/blog/overview-of-citizenship-in-nigeria,https://chamanlawfirm.com/resources/blog/overview-of-citizenship-in-nigeria,included,image and alt present in Sanity,low/medium - editorial and legal review still required,low - already public,420,"answer block, FAQs, lawyer CTA, practice-area links",Broad blog migration remains on hold; restore only through controlled lawyer-reviewed batches.
https://chamanlawfirm.com/understanding-the-ogun-anti-land-grabbing-law,Understanding The Ogun Anti Land Grabbing Law,Powerful Steps: Understanding Anti-Land Grabbing Law,"Understanding the Ogun State Anti-Land Grabbing Law - your rights under it, how to report and prosecute offenders. / Chaman Law Firm",property/title,blog,hidden Sanity draft; do not redirect,37,2230,6.11,not available locally,not available locally,not available locally,,not public,hidden/unapproved,image recovery needed,keep hidden pending image/source repair,/resources/blog/understanding-the-ogun-anti-land-grabbing-law,https://chamanlawfirm.com/resources/blog/understanding-the-ogun-anti-land-grabbing-law,not checked,image recovery needed,medium - verify current law and facts before publication,medium - compare hidden draft against public practice/page before approval,417,"answer block, FAQs, lawyer CTA, practice-area links",Broad blog migration remains on hold; restore only through controlled lawyer-reviewed batches.
https://chamanlawfirm.com/family-courts-and-specialized-tribunals-2,Family Courts And Specialized Tribunals 2,Family Courts And Specialized Tribunals 2; Empowering Justice: The Crucial Role of Family Courts and Specialized Tribunals in Nigeria,Family Courts And Specialized Tribunals 2 Civil society and legal practitioners also have a crucial role to play. Legal aid services must be expanded to ensure that the indigent...,litigation/ADR,blog,redirect configured to /resources/blog/family-courts-and-specialized-tribunals-2,66,5511,13.17,not available locally,not available locally,not available locally,/resources/blog/family-courts-and-specialized-tribunals-2,approved public,none detected,image and alt present in Sanity,exact redirect to existing live equivalent,/resources/blog/family-courts-and-specialized-tribunals-2,https://chamanlawfirm.com/resources/blog/family-courts-and-specialized-tribunals-2,included,image and alt present in Sanity,low/medium - editorial and legal review still required,low - already public,415,"answer block, FAQs, lawyer CTA, practice-area links",Broad blog migration remains on hold; restore only through controlled lawyer-reviewed batches.
https://chamanlawfirm.com/inheritance-rights-under-ogun-customary-law,Inheritance Rights Under Ogun Customary Law,Powerful Steps: Inheritance Rights Under Ogun Customary Law,Curious about inheritance rights under customary law in Ogun State? Discover how property is shared and who qualifies as an heir under tradition.,probate/estate,service,hidden Sanity draft; do not redirect,27,1938,7.5,not available locally,not available locally,not available locally,,not public,hidden/unapproved,image recovery needed,keep hidden pending legal review,/practice-areas/probate-estate-administration,https://chamanlawfirm.com/practice-areas/probate-estate-administration,included,image recovery needed,high - lawyer review required before publication,medium - confirm old topic should merge into existing practice/service page,414,"service answer block, process steps, FAQs, consultation CTA",source body not present in Phase 5C prepared drafts; SEO title requires RankMath/source preservation or rewrite; meta description requires RankMath/source preservation or rewrite; image recovery/fallback required
https://chamanlawfirm.com/mastering-nigeria-law-for-contract-an-in,Mastering Nigeria Law For Contract An In,Mastering Contract Law in Nigeria,"Introduction Contracts are the backbone of legal and business transactions in any country, and Nigeria is no exception. The ""Nigeria law for contract"" plays a critical role in shaping and guiding both personal and comm",corporate/commercial,blog,approved Sanity post; missing old-url redirect,63,6755,10.75,not available locally,not available locally,not available locally,,approved public,none detected,image and alt present in Sanity,exact redirect to existing live equivalent,/resources/blog/mastering-nigeria-law-for-contract-an-in,https://chamanlawfirm.com/resources/blog/mastering-nigeria-law-for-contract-an-in,included,image and alt present in Sanity,medium - verify current law and facts before publication,low - already public,413,"answer block, FAQs, lawyer CTA, practice-area links",Broad blog migration remains on hold; restore only through controlled lawyer-reviewed batches.
https://chamanlawfirm.com/issues-land-grabbing-and-encroachment-in-nigeria,Issues Land Grabbing And Encroachment In Nigeria,Issues Land Grabbing And Encroachment In Nigeria,"Land grabbing and encroachment are persistent issues in Nigeria, posing significant threats to property owners and investors.",property/title,blog,hidden Sanity draft; do not redirect,47,2758,12.69,not available locally,not available locally,not available locally,,not public,hidden/unapproved,image recovery needed,keep hidden pending image/source repair,/resources/blog/issues-land-grabbing-and-encroachment-in-nigeria,https://chamanlawfirm.com/resources/blog/issues-land-grabbing-and-encroachment-in-nigeria,not checked,image recovery needed,medium - verify current law and facts before publication,medium - compare hidden draft against public practice/page before approval,413,"answer block, FAQs, lawyer CTA, practice-area links",Broad blog migration remains on hold; restore only through controlled lawyer-reviewed batches.
https://chamanlawfirm.com/defenses-and-bars-to-a-petition-for-divorce-2,Defenses And Bars To A Petition For Divorce 2,Powerful Steps: Defenses and Bars to a Petition for Divorce,Explore legal defenses and bars to a petition for divorce in Nigeria. Chaman Law Firm explains how to protect rights and challenge divorce claims.,family law,blog,hidden Sanity draft; do not redirect,66,2205,13.35,not available locally,not available locally,not available locally,,not public,hidden/unapproved,image recovery needed,keep hidden pending legal review,/resources/blog/defenses-and-bars-to-a-petition-for-divorce-2,https://chamanlawfirm.com/resources/blog/defenses-and-bars-to-a-petition-for-divorce-2,not checked,image recovery needed,high - lawyer review required before publication,medium - compare hidden draft against public practice/page before approval,412,"answer block, FAQs, lawyer CTA, practice-area links",Broad blog migration remains on hold; restore only through controlled lawyer-reviewed batches.
https://chamanlawfirm.com/corporate-restructuring-in-nigeria,Corporate Restructuring In Nigeria,Corporate Restructuring In Nigeria; Legal Aspects of Corporate Restructuring in Nigeria: A Comprehensive Overview,"Corporate Restructuring In Nigeria Corporate restructuring is a critical process for businesses seeking to enhance efficiency, manage financial distress...",corporate/commercial,service,hidden Sanity draft; do not redirect,21,1734,19.77,not available locally,not available locally,not available locally,,not public,hidden/unapproved,image recovery needed,merge into existing stronger live page,/practice-areas/corporate-commercial-law,https://chamanlawfirm.com/practice-areas/corporate-commercial-law,included,image recovery needed,low/medium - editorial and legal review still required,medium - confirm old topic should merge into existing practice/service page,412,"service answer block, process steps, FAQs, consultation CTA",source body not present in Phase 5C prepared drafts; SEO title requires RankMath/source preservation or rewrite; meta description requires RankMath/source preservation or rewrite; image recovery/fallback required
https://chamanlawfirm.com/powerful-steps-grant-of-probate-in-lagos-state,Powerful Steps Grant Of Probate In Lagos State,Powerful Steps: Grant of Probate in Lagos State,"Understand the process of obtaining a grant of probate in Lagos State, including steps, estate administration, and guidance from Chaman Law Firm.",probate/estate,service,hidden Sanity draft; do not redirect,26,2067,9.91,not available locally,not available locally,not available locally,,not public,hidden/unapproved,image recovery needed,keep hidden pending legal review,/practice-areas/probate-estate-administration,https://chamanlawfirm.com/practice-areas/probate-estate-administration,included,image recovery needed,high - lawyer review required before publication,medium - confirm old topic should merge into existing practice/service page,411,"service answer block, process steps, FAQs, consultation CTA",source body not present in Phase 5C prepared drafts; SEO title requires RankMath/source preservation or rewrite; meta description requires RankMath/source preservation or rewrite; image recovery/fallback required
https://chamanlawfirm.com/how-to-apply-for-certificate-of-occupancy-in-nigeria,How To Apply For Certificate Of Occupancy In Nigeria,How to Apply for Certificate of Occupancy in Nigeria,HOW TO APPLY FOR CERTIFICATE OF OCCUPANCY IN NIGERIA Are you aware that the most crucial document for a landowner or property buyer in Nigeria,property/title,blog,approved Sanity post; missing old-url redirect,64,5957,13.08,not available locally,not available locally,not available locally,,approved public,none detected,image and alt present in Sanity,exact redirect to existing live equivalent,/resources/blog/how-to-apply-for-certificate-of-occupancy-in-nigeria,https://chamanlawfirm.com/resources/blog/how-to-apply-for-certificate-of-occupancy-in-nigeria,included,image and alt present in Sanity,low/medium - editorial and legal review still required,low - already public,410,"answer block, FAQs, lawyer CTA, practice-area links",Broad blog migration remains on hold; restore only through controlled lawyer-reviewed batches.
https://chamanlawfirm.com/the-le-a-legally-binding-contracts-in-nigeri,The Le A Legally Binding Contracts In Nigeri,Legally Binding Contracts in Nigeria,"OVERVIEW OF CONSTRUCTION CONTRACT IN NIGERIA In Nigeria, the standard forms of construction contract commonly used in the construction industry include: The FIDIC Forms. The SFBCN, 1990. The GCC, 2011. The JCT standard",corporate/commercial,blog,approved Sanity post; missing old-url redirect,55,4225,6.28,not available locally,not available locally,not available locally,,approved public,none detected,image and alt present in Sanity,exact redirect to existing live equivalent,/resources/blog/the-le-a-legally-binding-contracts-in-nigeri,https://chamanlawfirm.com/resources/blog/the-le-a-legally-binding-contracts-in-nigeri,included,image and alt present in Sanity,medium - verify current law and facts before publication,low - already public,407,"answer block, FAQs, lawyer CTA, practice-area links",Broad blog migration remains on hold; restore only through controlled lawyer-reviewed batches.
https://chamanlawfirm.com/can-a-landlord-increase-rent-arbitrarily,Can A Landlord Increase Rent Arbitrarily,Powerful Steps: Can a landlord increase rent arbitrarily,Can a landlord increase rent arbitrarily in Ogun State? Chaman Law Firm explains tenants’ rights and legal rent control measures.,property/title,blog,redirect configured to /resources/blog/can-a-landlord-increase-rent-arbitrarily,53,4997,8.52,not available locally,not available locally,not available locally,/resources/blog/can-a-landlord-increase-rent-arbitrarily,approved public,none detected,image and alt present in Sanity,exact redirect to existing live equivalent,/resources/blog/can-a-landlord-increase-rent-arbitrarily,https://chamanlawfirm.com/resources/blog/can-a-landlord-increase-rent-arbitrarily,included,image and alt present in Sanity,medium - verify current law and facts before publication,low - already public,405,"answer block, FAQs, lawyer CTA, practice-area links",Broad blog migration remains on hold; restore only through controlled lawyer-reviewed batches.
https://chamanlawfirm.com/how-to-write-a-demand-letter,How To Write A Demand Letter,,,general legal education,blog,live 404,51,5952,32.44,not available locally,not available locally,not available locally,,not public,none detected,image recovery needed,restore as blog post,/resources/blog/how-to-write-a-demand-letter,https://chamanlawfirm.com/resources/blog/how-to-write-a-demand-letter,not checked,image recovery needed,low/medium - editorial and legal review still required,low/medium - compare against existing live content before publication,405,"answer block, FAQs, lawyer CTA, practice-area links",Broad blog migration remains on hold; restore only through controlled lawyer-reviewed batches.
https://chamanlawfirm.com/7-steps-on-how-to-use-small-claims-court,7 Steps On How To Use Small Claims Court,7 Steps On How To Use Small Claims Court,"Introduction Debt recovery is a significant concern for individuals and businesses alike, particularly when the amounts involved are relatively small. Pursuing debt through traditional legal channels can be time-consum",litigation/ADR,blog,hidden Sanity draft; do not redirect,27,5965,6.71,not available locally,not available locally,not available locally,,not public,hidden/unapproved,image recovery needed,keep hidden pending image/source repair,/resources/blog/7-steps-on-how-to-use-small-claims-court,https://chamanlawfirm.com/resources/blog/7-steps-on-how-to-use-small-claims-court,not checked,image recovery needed,low/medium - editorial and legal review still required,medium - compare hidden draft against public practice/page before approval,405,"answer block, FAQs, lawyer CTA, practice-area links",Broad blog migration remains on hold; restore only through controlled lawyer-reviewed batches.
https://chamanlawfirm.com/invest-in-land-banking-or-developed-estates,Invest In Land Banking Or Developed Estates,Powerful Step: Invest in Land Banking or Developed Estates,Learn whether to invest in land banking or developed estates in Lekki. Chaman Law Firm offers expert legal and investment guidance.,property/title,service,hidden Sanity draft; do not redirect,8,1533,7.05,not available locally,not available locally,not available locally,,not public,hidden/unapproved,image recovery needed,merge into existing stronger live page,/practice-areas/corporate-commercial-law,https://chamanlawfirm.com/practice-areas/corporate-commercial-law,included,image recovery needed,medium - verify current law and facts before publication,medium - confirm old topic should merge into existing practice/service page,405,"service answer block, process steps, FAQs, consultation CTA",source body not present in Phase 5C prepared drafts; SEO title requires RankMath/source preservation or rewrite; meta description requires RankMath/source preservation or rewrite; image recovery/fallback required
https://chamanlawfirm.com/how-to-legally-subdivide-and-develop-land,How To Legally Subdivide And Develop Land,How To Legally Subdivide And Develop Land: Ultimate Guide to Successfully Subdividing and Developing Land in Nigeria – Avoid Costly Legal Mistakes,How To Legally Subdivide And Develop Land Successfully navigating the legal process of subdividing and developing land in Nigeria is not only possible but entirely achievable...,property/title,blog,redirect configured to /resources/blog/how-to-legally-subdivide-and-develop-land,57,2939,8.51,not available locally,not available locally,not available locally,/resources/blog/how-to-legally-subdivide-and-develop-land,approved public,none detected,image and alt present in Sanity,exact redirect to existing live equivalent,/resources/blog/how-to-legally-subdivide-and-develop-land,https://chamanlawfirm.com/resources/blog/how-to-legally-subdivide-and-develop-land,included,image and alt present in Sanity,medium - verify current law and facts before publication,low - already public,404,"answer block, FAQs, lawyer CTA, practice-area links",Broad blog migration remains on hold; restore only through controlled lawyer-reviewed batches.
https://chamanlawfirm.com/tenant-rights-during-property-sale-in-lagos,Tenant Rights During Property Sale In Lagos,Powerful Steps: Tenant Rights During Property Sale in Lagos,"Tenant Rights During Property Sale in Lagos -Learn your legal protections, notice requirements, / next steps. Know the tenant’s rights before you act",property/title,blog,hidden Sanity draft; do not redirect,34,2046,5.87,not available locally,not available locally,not available locally,,not public,hidden/unapproved,image recovery needed,keep hidden pending image/source repair,/resources/blog/tenant-rights-during-property-sale-in-lagos,https://chamanlawfirm.com/resources/blog/tenant-rights-during-property-sale-in-lagos,not checked,image recovery needed,medium - verify current law and facts before publication,medium - compare hidden draft against public practice/page before approval,400,"answer block, FAQs, lawyer CTA, practice-area links",Broad blog migration remains on hold; restore only through controlled lawyer-reviewed batches.
https://chamanlawfirm.com/appointment-of-arbitrators-in-nigeria,Appointment Of Arbitrators In Nigeria,,,litigation/ADR,service,not confirmed,32,908,9.69,not available locally,not available locally,not available locally,/practice-areas/adr-mediation,not public,none detected,image recovery needed,exact redirect to existing live equivalent,/practice-areas/adr-mediation,https://chamanlawfirm.com/practice-areas/adr-mediation,included,image recovery needed,low/medium - editorial and legal review still required,medium - confirm old topic should merge into existing practice/service page,399,"service answer block, process steps, FAQs, consultation CTA",Sprint 11E urgent non-blog rescue candidate; target is existing public service/practice page.
https://chamanlawfirm.com/legal-title-versus-equity-title,Legal Title Versus Equity Title,Legal Title Versus Equity Title,"LEGAL TITLE VERSUS EQUITY TITLE, A legal title refers to the responsibilities and duties the owner has in maintaining, using...",property/title,blog,hidden Sanity draft; do not redirect,53,4333,20.09,not available locally,not available locally,not available locally,,not public,hidden/unapproved,image recovery needed,keep hidden pending image/source repair,/resources/blog/legal-title-versus-equity-title,https://chamanlawfirm.com/resources/blog/legal-title-versus-equity-title,not checked,image recovery needed,low/medium - editorial and legal review still required,medium - compare hidden draft against public practice/page before approval,398,"answer block, FAQs, lawyer CTA, practice-area links",Broad blog migration remains on hold; restore only through controlled lawyer-reviewed batches.
https://chamanlawfirm.com/obtaining-letters-of-administration-in-ogun,Obtaining Letters Of Administration In Ogun,Powerful Steps: Obtaining Letters of Administration in Ogun,Process of Obtaining Letters of Administration in Ogun - Discover the step-by-step procedure to obtain Letters of Administration / Chaman Law Firm,probate/estate,service,hidden Sanity draft; do not redirect,8,498,8.95,not available locally,not available locally,not available locally,,not public,hidden/unapproved,image recovery needed,merge into existing stronger live page,/practice-areas/probate-estate-administration,https://chamanlawfirm.com/practice-areas/probate-estate-administration,included,image recovery needed,low/medium - editorial and legal review still required,medium - confirm old topic should merge into existing practice/service page,395,"service answer block, process steps, FAQs, consultation CTA",source body not present in Phase 5C prepared drafts; SEO title requires RankMath/source preservation or rewrite; meta description requires RankMath/source preservation or rewrite; image recovery/fallback required
https://chamanlawfirm.com/breach-of-property-contracts-in-lekki,Breach Of Property Contracts In Lekki,Powerful Steps: Breach of Property Contracts in Lekki,Learn legal remedies available for breach of property contracts in Lekki. Chaman Law Firm offers expert advice for buyers and developers.,property/title,service,hidden Sanity draft; do not redirect,7,659,8.31,not available locally,not available locally,not available locally,,not public,hidden/unapproved,image and alt present in hidden Sanity draft,merge into existing stronger live page,/practice-areas/corporate-commercial-law,https://chamanlawfirm.com/practice-areas/corporate-commercial-law,included,image and alt present in hidden Sanity draft,medium - verify current law and facts before publication,medium - confirm old topic should merge into existing practice/service page,392,"service answer block, process steps, FAQs, consultation CTA",source body not present in Phase 5C prepared drafts; SEO title requires RankMath/source preservation or rewrite; meta description requires RankMath/source preservation or rewrite; image recovery/fallback required
https://chamanlawfirm.com/0btain-guide-on-how-to-obtain-tax,0btain Guide On How To Obtain Tax,0btain Guide On How To Obtain Tax,GUIDE ON HOW TO OBTAIN TAX CLEARANCE CERTIFICATE IN NIGERIA,corporate/commercial,blog,hidden Sanity draft; do not redirect,38,5053,16.66,not available locally,not available locally,not available locally,,not public,hidden/unapproved,image recovery needed,keep hidden pending image/source repair,/resources/blog/0btain-guide-on-how-to-obtain-tax,https://chamanlawfirm.com/resources/blog/0btain-guide-on-how-to-obtain-tax,not checked,image recovery needed,medium - verify current law and facts before publication,medium - compare hidden draft against public practice/page before approval,391,"answer block, FAQs, lawyer CTA, practice-area links",Broad blog migration remains on hold; restore only through controlled lawyer-reviewed batches.
https://chamanlawfirm.com/land-use-planning-and-development-regulation,Land Use Planning And Development Regulation,Land Use Planning And Development Regulation ;Crucial Guide: Navigating the Successful Complex Maze of Land Use Planning and Development Regulations in Nigeria,Land Use Planning And Development Regulation Land use planning and development regulations are crucial components of effective urban management and sustainable...,property/title,blog,hidden Sanity draft; do not redirect,31,8525,17.12,not available locally,not available locally,not available locally,,not public,hidden/unapproved,image recovery needed,keep hidden pending image/source repair,/resources/blog/land-use-planning-and-development-regulation,https://chamanlawfirm.com/resources/blog/land-use-planning-and-development-regulation,not checked,image recovery needed,medium - verify current law and facts before publication,medium - compare hidden draft against public practice/page before approval,390,"answer block, FAQs, lawyer CTA, practice-area links",Broad blog migration remains on hold; restore only through controlled lawyer-reviewed batches.
https://chamanlawfirm.com/careers,Careers,,,general legal education,blog,not confirmed,46,507,4.85,not available locally,not available locally,not available locally,,not public,none detected,image recovery needed,restore as blog post,/resources/blog/careers,https://chamanlawfirm.com/resources/blog/careers,not checked,image recovery needed,low/medium - editorial and legal review still required,low/medium - compare against existing live content before publication,385,"answer block, FAQs, lawyer CTA, practice-area links",Broad blog migration remains on hold; restore only through controlled lawyer-reviewed batches.
https://chamanlawfirm.com/survey-plan-registration-how-do-i-process-it,Survey Plan Registration How Do I Process It,Powerful Steps: Survey Plan Registration-How Do I Process it,"Survey Plan Registration-How Do I Process it- know what a survey plan is, why it's important, and how to successfully get it registered in Lagos",property/title,blog,hidden Sanity draft; do not redirect,29,2986,7.45,not available locally,not available locally,not available locally,,not public,hidden/unapproved,image recovery needed,keep hidden pending image/source repair,/resources/blog/survey-plan-registration-how-do-i-process-it,https://chamanlawfirm.com/resources/blog/survey-plan-registration-how-do-i-process-it,not checked,image recovery needed,low/medium - editorial and legal review still required,medium - compare hidden draft against public practice/page before approval,385,"answer block, FAQs, lawyer CTA, practice-area links",Broad blog migration remains on hold; restore only through controlled lawyer-reviewed batches.
https://chamanlawfirm.com/legalisation-authentication-of-marriage-certificate-in-nigeria,Legalisation Authentication Of Marriage Certificate In Nigeria,Legalisation and Authentication of Marriage Certificates in Nigeria,"OUR STORY Quality, not quantity We have made quality our habit. It’s not something that we just strive for – we live by this principle every day. LEGALISATION/AUTHENTICATION OF MARRIAGE CERTIFICATE IN NIGERIA Authentic",family law,blog,redirect configured to /resources/blog/legalisation-authentication-of-marriage-certificate-in-nigeria,77,5655,12.44,not available locally,not available locally,not available locally,/resources/blog/legalisation-authentication-of-marriage-certificate-in-nigeria,approved public,none detected,image and alt present in Sanity,exact redirect to existing live equivalent,/resources/blog/legalisation-authentication-of-marriage-certificate-in-nigeria,https://chamanlawfirm.com/resources/blog/legalisation-authentication-of-marriage-certificate-in-nigeria,included,image and alt present in Sanity,high - lawyer review required before publication,low - already public,382,"answer block, FAQs, lawyer CTA, practice-area links",Broad blog migration remains on hold; restore only through controlled lawyer-reviewed batches.
https://chamanlawfirm.com/what-tenancy-laws-apply-to-landlords,What Tenancy Laws Apply To Landlords,Powerful Steps: What Tenancy Laws Apply to Landlords,Learn What Tenancy Laws Apply to Landlords in Ikoyi. Chaman Law Firm offers expert legal guidance on rental rights and compliance.,property/title,blog,hidden Sanity draft; do not redirect,30,2123,7.14,not available locally,not available locally,not available locally,,not public,hidden/unapproved,image recovery needed,keep hidden pending image/source repair,/resources/blog/what-tenancy-laws-apply-to-landlords,https://chamanlawfirm.com/resources/blog/what-tenancy-laws-apply-to-landlords,not checked,image recovery needed,medium - verify current law and facts before publication,medium - compare hidden draft against public practice/page before approval,381,"answer block, FAQs, lawyer CTA, practice-area links",Broad blog migration remains on hold; restore only through controlled lawyer-reviewed batches.
https://chamanlawfirm.com/land-use-act-impact-land-ownership-and-titles,Land Use Act Impact Land Ownership And Titles,Proven Steps: Land Use Act Impact Land Ownership and Titles,"Explore how the Land Use Act Impact Land Ownership and Titles in Nigeria, including rights, government control, and legal implications for owners.",property/title,blog,hidden Sanity draft; do not redirect,26,9992,13.85,not available locally,not available locally,not available locally,,not public,hidden/unapproved,image recovery needed,keep hidden pending image/source repair,/resources/blog/land-use-act-impact-land-ownership-and-titles,https://chamanlawfirm.com/resources/blog/land-use-act-impact-land-ownership-and-titles,not checked,image recovery needed,medium - verify current law and facts before publication,medium - compare hidden draft against public practice/page before approval,380,"answer block, FAQs, lawyer CTA, practice-area links",Broad blog migration remains on hold; restore only through controlled lawyer-reviewed batches.
https://chamanlawfirm.com/land-use-charge-in-ogun-state-chaman-law-firm,Land Use Charge In Ogun State Chaman Law Firm,Powerful Steps: Land Use Charge in Ogun / Chaman Law Firm,"Curious about Land Use Charge in Ogun State? Learn what Land Use Charge means, who is liable to pay it, how it’s calculated, and how to comply.",property/title,blog,hidden Sanity draft; do not redirect,30,1882,7.08,not available locally,not available locally,not available locally,,not public,hidden/unapproved,image recovery needed,keep hidden pending image/source repair,/resources/blog/land-use-charge-in-ogun-state-chaman-law-firm,https://chamanlawfirm.com/resources/blog/land-use-charge-in-ogun-state-chaman-law-firm,not checked,image recovery needed,medium - verify current law and facts before publication,medium - compare hidden draft against public practice/page before approval,379,"answer block, FAQs, lawyer CTA, practice-area links",Broad blog migration remains on hold; restore only through controlled lawyer-reviewed batches.
https://chamanlawfirm.com/consequences-of-fail-to-pay-taxes-in-nigeria,Consequences Of Fail To Pay Taxes In Nigeria,Consequences Of Fail To Pay Taxes In Nigeria,"Introduction CONSEQUENCES OF FAILURE TO PAY TAXES IN NIGERIA Tax Avoidance and Tax Evasion are both types of tax noncompliance; the difference between the two phrases is whether one is lawful, and the other is not. Tax",corporate/commercial,blog,hidden Sanity draft; do not redirect,30,1693,8.18,not available locally,not available locally,not available locally,,not public,hidden/unapproved,image recovery needed,keep hidden pending image/source repair,/resources/blog/consequences-of-fail-to-pay-taxes-in-nigeria,https://chamanlawfirm.com/resources/blog/consequences-of-fail-to-pay-taxes-in-nigeria,not checked,image recovery needed,medium - verify current law and facts before publication,medium - compare hidden draft against public practice/page before approval,377,"answer block, FAQs, lawyer CTA, practice-area links",Broad blog migration remains on hold; restore only through controlled lawyer-reviewed batches.
https://chamanlawfirm.com/enhancing-nigerian-immigration-security,Enhancing Nigerian Immigration Security,Enhancing Nigerian Immigration Security: Proven Essential Impact of Technology on Nigerian Immigration Security,"Enhancing Nigerian Immigration Security In an era where security concerns are paramount, the role of technology in enhancing immigration security has become increasingly...",immigration,service,hidden Sanity draft; do not redirect,14,1573,18.8,not available locally,not available locally,not available locally,,not public,hidden/unapproved,image recovery needed,merge into existing stronger live page,/practice-areas/immigration-services,https://chamanlawfirm.com/practice-areas/immigration-services,included,image recovery needed,medium - verify current law and facts before publication,medium - confirm old topic should merge into existing practice/service page,376,"service answer block, process steps, FAQs, consultation CTA",source body not present in Phase 5C prepared drafts; SEO title requires RankMath/source preservation or rewrite; meta description requires RankMath/source preservation or rewrite; image recovery/fallback required
https://chamanlawfirm.com/consequences-of-not-paying-land-use-charge,Consequences Of Not Paying Land Use Charge,Powerful Steps: Consequences of Not Paying Land Use Charge,"Consequences of Not Paying Land Use Charge in Lagos -Learn about the fines, penalties, and potential legal actions from the state government.",property/title,blog,hidden Sanity draft; do not redirect,30,1506,8.38,not available locally,not available locally,not available locally,,not public,hidden/unapproved,image recovery needed,keep hidden pending image/source repair,/resources/blog/consequences-of-not-paying-land-use-charge,https://chamanlawfirm.com/resources/blog/consequences-of-not-paying-land-use-charge,not checked,image recovery needed,medium - verify current law and facts before publication,medium - compare hidden draft against public practice/page before approval,375,"answer block, FAQs, lawyer CTA, practice-area links",Broad blog migration remains on hold; restore only through controlled lawyer-reviewed batches.
https://chamanlawfirm.com/challenges-in-debt-recovery-and-solutions,Challenges In Debt Recovery And Solutions,Challenges In Debt Recovery And Solutions; Common Challenges in Debt Recovery and How to Overcome Them,"Challenges In Debt Recovery And Solutions Debt recovery is a critical function for businesses, particularly in maintaining cash flow and financial stability. However...",debt recovery,service,hidden Sanity draft; do not redirect,27,930,29.48,not available locally,not available locally,not available locally,,not public,hidden/unapproved,image recovery needed,merge into existing stronger live page,/practice-areas/debt-recovery,https://chamanlawfirm.com/practice-areas/debt-recovery,included,image recovery needed,medium - verify current law and facts before publication,medium - confirm old topic should merge into existing practice/service page,374,"service answer block, process steps, FAQs, consultation CTA",source body not present in Phase 5C prepared drafts; SEO title requires RankMath/source preservation or rewrite; meta description requires RankMath/source preservation or rewrite; image recovery/fallback required
https://chamanlawfirm.com/legal-requirementsfor-registering-a-property,Legal Requirementsfor Registering A Property,Legal Requirementsfor Registering A Property,Introduction Registering a property in Nigeria is a critical step for anyone venturing into real estate. This process goes beyond merely acquiring a property; it ensures your ownership is legally recognized and protect,property/title,blog,hidden Sanity draft; do not redirect,27,2830,9.71,not available locally,not available locally,not available locally,,not public,hidden/unapproved,image recovery needed,keep hidden pending image/source repair,/resources/blog/legal-requirementsfor-registering-a-property,https://chamanlawfirm.com/resources/blog/legal-requirementsfor-registering-a-property,not checked,image recovery needed,medium - verify current law and facts before publication,medium - compare hidden draft against public practice/page before approval,373,"answer block, FAQs, lawyer CTA, practice-area links",Broad blog migration remains on hold; restore only through controlled lawyer-reviewed batches.
https://chamanlawfirm.com/what-is-the-cost-of-perfecting-land-titles,What Is The Cost Of Perfecting Land Titles,Powerful Steps: What is the Cost of Perfecting Land Titles,What is the Cost of Perfecting Land Titles in Lekki. Chaman Law Firm provides expert legal guidance for property documentation and registration.,property/title,blog,approved Sanity post; missing old-url redirect,50,3225,5.23,not available locally,not available locally,not available locally,,approved public,none detected,image and alt present in Sanity,exact redirect to existing live equivalent,/resources/blog/what-is-the-cost-of-perfecting-land-titles,https://chamanlawfirm.com/resources/blog/what-is-the-cost-of-perfecting-land-titles,included,image and alt present in Sanity,medium - verify current law and facts before publication,low - already public,372,"answer block, FAQs, lawyer CTA, practice-area links",Broad blog migration remains on hold; restore only through controlled lawyer-reviewed batches.
https://chamanlawfirm.com/subcontracting-in-nigerian-construction-projects,Subcontracting In Nigerian Construction Projects,Subcontracting In Nigerian Construction Projects ;Unlocking Efficiency or Courting Risk? The Powerful Impact of Subcontracting in Nigerian Construction Projects,"Subcontracting In Nigerian Construction Projects Subcontracting plays a pivotal role in Nigerian construction projects, facilitating specialization, scalability, and operational...",corporate/commercial,service,hidden Sanity draft; do not redirect,14,1213,12.62,not available locally,not available locally,not available locally,,not public,hidden/unapproved,image recovery needed,merge into existing stronger live page,/practice-areas/corporate-commercial-law,https://chamanlawfirm.com/practice-areas/corporate-commercial-law,included,image recovery needed,medium - verify current law and facts before publication,medium - confirm old topic should merge into existing practice/service page,372,"service answer block, process steps, FAQs, consultation CTA",source body not present in Phase 5C prepared drafts; SEO title requires RankMath/source preservation or rewrite; meta description requires RankMath/source preservation or rewrite; image recovery/fallback required
https://chamanlawfirm.com/landlord-and-tenant-relationship,Landlord And Tenant Relationship,Powerful Steps: Landlord and Tenant Relationship,"Explore the landlord and tenant relationship in Nigeria, covering rights, obligations, tenancy agreements, and legal remedies for disputes.",property/title,blog,redirect configured to /resources/blog/landlord-and-tenant-relationship,63,2493,15.73,not available locally,not available locally,not available locally,/resources/blog/landlord-and-tenant-relationship,approved public,none detected,image and alt present in Sanity,exact redirect to existing live equivalent,/resources/blog/landlord-and-tenant-relationship,https://chamanlawfirm.com/resources/blog/landlord-and-tenant-relationship,included,image and alt present in Sanity,medium - verify current law and facts before publication,low - already public,370,"answer block, FAQs, lawyer CTA, practice-area links",Broad blog migration remains on hold; restore only through controlled lawyer-reviewed batches.
https://chamanlawfirm.com/procedures-for-land-registration-in-nigeria,Procedures For Land Registration In Nigeria,Procedures for Land Registration in Nigeria,Introduction PROCEDURES FOR LAND REGISTRATION IN NIGERIA The land registration process is Lagos State is governed by the provisions of the Land Registration Law of Lagos State and Land Use Act of 1978. For land to by d,property/title,blog,approved Sanity post; missing old-url redirect,55,6515,12.7,not available locally,not available locally,not available locally,,approved public,none detected,image and alt present in Sanity,exact redirect to existing live equivalent,/resources/blog/procedures-for-land-registration-in-nigeria,https://chamanlawfirm.com/resources/blog/procedures-for-land-registration-in-nigeria,included,image and alt present in Sanity,medium - verify current law and facts before publication,low - already public,370,"answer block, FAQs, lawyer CTA, practice-area links",Broad blog migration remains on hold; restore only through controlled lawyer-reviewed batches.
https://chamanlawfirm.com/the-central-bank-of-nigeria-in-debt-recovery,The Central Bank Of Nigeria In Debt Recovery,The Central Bank Of Nigeria In Debt Recovery; Crucial Intervention or Costly Oversight? The Powerful Role of the Central Bank of Nigeria in Debt Recovery,"The Central Bank Of Nigeria In Debt Recovery Debt recovery is a crucial element in the financial sector, impacting the stability and health of banks, businesses...",debt recovery,service,hidden Sanity draft; do not redirect,12,2033,19.13,not available locally,not available locally,not available locally,,not public,hidden/unapproved,image recovery needed,merge into existing stronger live page,/practice-areas/debt-recovery,https://chamanlawfirm.com/practice-areas/debt-recovery,included,image recovery needed,medium - verify current law and facts before publication,medium - confirm old topic should merge into existing practice/service page,370,"service answer block, process steps, FAQs, consultation CTA",source body not present in Phase 5C prepared drafts; SEO title requires RankMath/source preservation or rewrite; meta description requires RankMath/source preservation or rewrite; image recovery/fallback required
https://chamanlawfirm.com/how-to-apply-for-and-get-a-certificate-of-occupancy-in-enugu-state-nigeria,How To Apply For And Get A Certificate Of Occupancy In Enugu State Nigeria,How to Apply for Certificate of Occupancy in Enugu State,"To apply for and obtain a Certificate of Occupancy (C of O) in Enugu State, Nigeria, you will need to follow these general steps: Engage a Registered Town Planner: Start by engaging the services of a registered town pl",property/title,blog,approved Sanity post; missing old-url redirect,63,2390,12.75,not available locally,not available locally,not available locally,,approved public,none detected,image and alt present in Sanity,exact redirect to existing live equivalent,/resources/blog/how-to-apply-for-and-get-a-certificate-of-occupancy-in-enugu-state-nigeria,https://chamanlawfirm.com/resources/blog/how-to-apply-for-and-get-a-certificate-of-occupancy-in-enugu-state-nigeria,included,image and alt present in Sanity,low/medium - editorial and legal review still required,low - already public,369,"answer block, FAQs, lawyer CTA, practice-area links",Broad blog migration remains on hold; restore only through controlled lawyer-reviewed batches.
https://chamanlawfirm.com/how-to-apply-for-south-africa-qualification,How To Apply For South Africa Qualification,,,general legal education,blog,not confirmed,48,9835,11.11,not available locally,not available locally,not available locally,,not public,none detected,image recovery needed,restore as blog post,/resources/blog/how-to-apply-for-south-africa-qualification,https://chamanlawfirm.com/resources/blog/how-to-apply-for-south-africa-qualification,not checked,image recovery needed,low/medium - editorial and legal review still required,low/medium - compare against existing live content before publication,368,"answer block, FAQs, lawyer CTA, practice-area links",Broad blog migration remains on hold; restore only through controlled lawyer-reviewed batches.
https://chamanlawfirm.com/the-basics-of-statutory-right-of-occupancy,The Basics Of Statutory Right Of Occupancy,the basic statutory right of occupancy,Statutory right of occupancy: This is a right which could be expressly granted by the Governor or deemed issued by operation of the Act over land in an urban area.,general legal education,blog,redirect configured to /resources/blog/the-basics-of-statutory-right-of-occupancy,52,7473,10.35,not available locally,not available locally,not available locally,/resources/blog/the-basics-of-statutory-right-of-occupancy,approved public,none detected,image and alt present in Sanity,exact redirect to existing live equivalent,/resources/blog/the-basics-of-statutory-right-of-occupancy,https://chamanlawfirm.com/resources/blog/the-basics-of-statutory-right-of-occupancy,included,image and alt present in Sanity,low/medium - editorial and legal review still required,low - already public,365,"answer block, FAQs, lawyer CTA, practice-area links",Broad blog migration remains on hold; restore only through controlled lawyer-reviewed batches.
https://chamanlawfirm.com/corporate-governance-principles-in-nigeria,Corporate Governance Principles In Nigeria,Corporate Governance Principles In Nigeria,"INTRODUCTION Corporate governance is crucial for ensuring that businesses operate effectively, ethically, and transparently. In Nigeria, corporate governance principles are designed to foster accountability, fairness,",corporate/commercial,service,hidden Sanity draft; do not redirect,22,2540,28.73,not available locally,not available locally,not available locally,,not public,hidden/unapproved,image recovery needed,merge into existing stronger live page,/practice-areas/corporate-commercial-law,https://chamanlawfirm.com/practice-areas/corporate-commercial-law,included,image recovery needed,low/medium - editorial and legal review still required,medium - confirm old topic should merge into existing practice/service page,365,"service answer block, process steps, FAQs, consultation CTA",source body not present in Phase 5C prepared drafts; SEO title requires RankMath/source preservation or rewrite; meta description requires RankMath/source preservation or rewrite; image recovery/fallback required
https://chamanlawfirm.com/remedies-for-breach-of-maritime-contracts,Remedies For Breach Of Maritime Contracts,Remedies For Breach Of Maritime Contracts; Unyielding Resilience: Confronting the Turbulence of Maritime Contract Breaches with Dynamic Remedies in Nigerian Law,Remedies For Breach Of Maritime Contracts Maritime contracts play a pivotal role in the global shipping industry by regulating the rights and obligations of parties...,corporate/commercial,service,hidden Sanity draft; do not redirect,13,857,16.72,not available locally,not available locally,not available locally,,not public,hidden/unapproved,image recovery needed,merge into existing stronger live page,/practice-areas/corporate-commercial-law,https://chamanlawfirm.com/practice-areas/corporate-commercial-law,included,image recovery needed,medium - verify current law and facts before publication,medium - confirm old topic should merge into existing practice/service page,364,"service answer block, process steps, FAQs, consultation CTA",source body not present in Phase 5C prepared drafts; SEO title requires RankMath/source preservation or rewrite; meta description requires RankMath/source preservation or rewrite; image recovery/fallback required
https://chamanlawfirm.com/how-to-file-a-complaint-with-nigerian-civil-aviation-authority,How To File A Complaint With Nigerian Civil Aviation Authority,,,general legal education,blog,not confirmed,44,5067,7.43,not available locally,not available locally,not available locally,,not public,none detected,image recovery needed,restore as blog post,/resources/blog/how-to-file-a-complaint-with-nigerian-civil-aviation-authority,https://chamanlawfirm.com/resources/blog/how-to-file-a-complaint-with-nigerian-civil-aviation-authority,not checked,image recovery needed,low/medium - editorial and legal review still required,low/medium - compare against existing live content before publication,361,"answer block, FAQs, lawyer CTA, practice-area links",Broad blog migration remains on hold; restore only through controlled lawyer-reviewed batches.
https://chamanlawfirm.com/how-to-verify-a-propertys-survey-plan-in-lagos,How To Verify A Propertys Survey Plan In Lagos,Powerful Steps: Property’s Survey Plan / Chaman Law Firm,How to Verify a Property’s Survey Plan -,property/title,blog,hidden Sanity draft; do not redirect,25,2630,7.59,not available locally,not available locally,not available locally,,not public,hidden/unapproved,image recovery needed,keep hidden pending image/source repair,/resources/blog/how-to-verify-a-propertys-survey-plan-in-lagos,https://chamanlawfirm.com/resources/blog/how-to-verify-a-propertys-survey-plan-in-lagos,not checked,image recovery needed,medium - verify current law and facts before publication,medium - compare hidden draft against public practice/page before approval,361,"answer block, FAQs, lawyer CTA, practice-area links",Broad blog migration remains on hold; restore only through controlled lawyer-reviewed batches.
https://chamanlawfirm.com/what-are-the-required-permits-for-estate-development-in-ogun,What Are The Required Permits For Estate Development In Ogun,,,probate/estate,blog,not confirmed,10,22057,6.03,not available locally,not available locally,not available locally,,not public,none detected,image recovery needed,restore as blog post,/resources/blog/what-are-the-required-permits-for-estate-development-in-ogun,https://chamanlawfirm.com/resources/blog/what-are-the-required-permits-for-estate-development-in-ogun,not checked,image recovery needed,low/medium - editorial and legal review still required,low/medium - compare against existing live content before publication,361,"answer block, FAQs, lawyer CTA, practice-area links",Broad blog migration remains on hold; restore only through controlled lawyer-reviewed batches.
https://chamanlawfirm.com/tenancy-law-of-lagos-state-2011,Tenancy Law Of Lagos State 2011,Tenancy Law of Lagos State 2011,"Monthly Tenancy Under The Tenancy Law of Lagos State, 2011 The Tenancy Law of Lagos State, 2011, formerly known as Rent Control and Recovery of Residential Premises Law Vol.7 Laws of Lagos State 2003, is the law that g",general legal education,blog,approved Sanity post; missing old-url redirect,56,4974,14.13,not available locally,not available locally,not available locally,,approved public,none detected,image and alt present in Sanity,exact redirect to existing live equivalent,/resources/blog/tenancy-law-of-lagos-state-2011,https://chamanlawfirm.com/resources/blog/tenancy-law-of-lagos-state-2011,included,image and alt present in Sanity,low/medium - editorial and legal review still required,low - already public,360,"answer block, FAQs, lawyer CTA, practice-area links",Broad blog migration remains on hold; restore only through controlled lawyer-reviewed batches.
https://chamanlawfirm.com/how-to-get-travel-insurance-in-nigeria,How To Get Travel Insurance In Nigeria,,,general legal education,blog,not confirmed,42,17666,38.78,not available locally,not available locally,not available locally,,not public,none detected,image recovery needed,restore as blog post,/resources/blog/how-to-get-travel-insurance-in-nigeria,https://chamanlawfirm.com/resources/blog/how-to-get-travel-insurance-in-nigeria,not checked,image recovery needed,low/medium - editorial and legal review still required,low/medium - compare against existing live content before publication,357,"answer block, FAQs, lawyer CTA, practice-area links",Broad blog migration remains on hold; restore only through controlled lawyer-reviewed batches.
https://chamanlawfirm.com/property-ownership-structures-in-nigeria,Property Ownership Structures In Nigeria,Property Ownership Structures in Nigeria; Ultimate Guide to Successfully Understand Property Ownership in Nigeria: Freehold vs. Leasehold Explained,"Property Ownership Structures in Nigeria Investing in real estate is a significant endeavor, especially in a rapidly developing market like Nigeria. One of the first...",property/title,blog,hidden Sanity draft; do not redirect,33,4189,11.78,not available locally,not available locally,not available locally,,not public,hidden/unapproved,image recovery needed,keep hidden pending image/source repair,/resources/blog/property-ownership-structures-in-nigeria,https://chamanlawfirm.com/resources/blog/property-ownership-structures-in-nigeria,not checked,image recovery needed,medium - verify current law and facts before publication,medium - compare hidden draft against public practice/page before approval,357,"answer block, FAQs, lawyer CTA, practice-area links",Broad blog migration remains on hold; restore only through controlled lawyer-reviewed batches.
https://chamanlawfirm.com/family-property-disputes-in-lagos,Family Property Disputes In Lagos,Powerful Steps: Family Property Disputes in Lagos,"Family Property Disputes in Lagos: Learn the key legal principles that determine who can sell, manage, or claim family property / Chaman Law Firm",property/title,blog,hidden Sanity draft; do not redirect,27,1214,6.51,not available locally,not available locally,not available locally,,not public,hidden/unapproved,image recovery needed,keep hidden pending image/source repair,/resources/blog/family-property-disputes-in-lagos,https://chamanlawfirm.com/resources/blog/family-property-disputes-in-lagos,not checked,image recovery needed,medium - verify current law and facts before publication,medium - compare hidden draft against public practice/page before approval,357,"answer block, FAQs, lawyer CTA, practice-area links",Broad blog migration remains on hold; restore only through controlled lawyer-reviewed batches.
https://chamanlawfirm.com/guide-for-transfer-of-land-ownership-and,Guide For Transfer Of Land Ownership And,COMPREHENSIVE GUIDE TO TRANSFER OF LAND OWNERSHIP,The process by which the legal ownership of property is actually transferred from one person to the next is known as the transfer of land ownership.,property/title,blog,redirect configured to /resources/blog/guide-for-transfer-of-land-ownership-and,54,5439,11.4,not available locally,not available locally,not available locally,/resources/blog/guide-for-transfer-of-land-ownership-and,approved public,none detected,image and alt present in Sanity,exact redirect to existing live equivalent,/resources/blog/guide-for-transfer-of-land-ownership-and,https://chamanlawfirm.com/resources/blog/guide-for-transfer-of-land-ownership-and,included,image and alt present in Sanity,medium - verify current law and facts before publication,low - already public,354,"answer block, FAQs, lawyer CTA, practice-area links",Broad blog migration remains on hold; restore only through controlled lawyer-reviewed batches.
https://chamanlawfirm.com/how-do-i-get-building-approval-in-ogun-state,How Do I Get Building Approval In Ogun State,,,general legal education,blog,not confirmed,46,3396,7.87,not available locally,not available locally,not available locally,,not public,none detected,image recovery needed,restore as blog post,/resources/blog/how-do-i-get-building-approval-in-ogun-state,https://chamanlawfirm.com/resources/blog/how-do-i-get-building-approval-in-ogun-state,not checked,image recovery needed,low/medium - editorial and legal review still required,low/medium - compare against existing live content before publication,354,"answer block, FAQs, lawyer CTA, practice-area links",Broad blog migration remains on hold; restore only through controlled lawyer-reviewed batches.
https://chamanlawfirm.com/registration-with-the-nigerian-investment,Registration With The Nigerian Investment,,,general legal education,blog,not confirmed,24,14412,9.48,not available locally,not available locally,not available locally,,not public,none detected,image recovery needed,restore as blog post,/resources/blog/registration-with-the-nigerian-investment,https://chamanlawfirm.com/resources/blog/registration-with-the-nigerian-investment,not checked,image recovery needed,low/medium - editorial and legal review still required,low/medium - compare against existing live content before publication,354,"answer block, FAQs, lawyer CTA, practice-area links",Broad blog migration remains on hold; restore only through controlled lawyer-reviewed batches.
https://chamanlawfirm.com/deed-of-assignment-guide-to-register,Deed Of Assignment Guide To Register,Powerful Steps: Deed of Assignment - Guide to Register,"Deed of Assignment - step-by-step guide to get it registered the right way, legally / efficiently, from document preparation to final registration",property/title,blog,approved Sanity post; missing old-url redirect,45,3527,7.16,not available locally,not available locally,not available locally,,approved public,none detected,image and alt present in Sanity,exact redirect to existing live equivalent,/resources/blog/deed-of-assignment-guide-to-register,https://chamanlawfirm.com/resources/blog/deed-of-assignment-guide-to-register,included,image and alt present in Sanity,low/medium - editorial and legal review still required,low - already public,350,"answer block, FAQs, lawyer CTA, practice-area links",Broad blog migration remains on hold; restore only through controlled lawyer-reviewed batches.
https://chamanlawfirm.com/how-to-terminate-a-tenancy-relationship-in,How To Terminate A Tenancy Relationship In,How To Terminate A Tenancy Relationship In,Introduction Determination of tenancy can be defined as a formal termination of the tenancy relationship by the landlord through the service of a quit notice on the tenant. Upon the expiration of the date stated in the,general legal education,blog,hidden Sanity draft; do not redirect,28,6004,14.8,not available locally,not available locally,not available locally,,not public,hidden/unapproved,image recovery needed,keep hidden pending image/source repair,/resources/blog/how-to-terminate-a-tenancy-relationship-in,https://chamanlawfirm.com/resources/blog/how-to-terminate-a-tenancy-relationship-in,not checked,image recovery needed,low/medium - editorial and legal review still required,medium - compare hidden draft against public practice/page before approval,350,"answer block, FAQs, lawyer CTA, practice-area links",Broad blog migration remains on hold; restore only through controlled lawyer-reviewed batches.
https://chamanlawfirm.com/foreigners-visa-challenges-in-nigeria,Foreigners Visa Challenges In Nigeria,Foreigners Visa Challenges In Nigeria; Unlock Hassle-Free Nigerian Visa Success: Essential Guide to Overcoming Application Challenges,Foreigners Visa Challenges In Nigeria,immigration,service,hidden Sanity draft; do not redirect,8,1721,15.37,not available locally,not available locally,not available locally,,not public,hidden/unapproved,image recovery needed,merge into existing stronger live page,/practice-areas/immigration-services,https://chamanlawfirm.com/practice-areas/immigration-services,included,image recovery needed,low/medium - editorial and legal review still required,medium - confirm old topic should merge into existing practice/service page,347,"service answer block, process steps, FAQs, consultation CTA",source body not present in Phase 5C prepared drafts; SEO title requires RankMath/source preservation or rewrite; meta description requires RankMath/source preservation or rewrite; image recovery/fallback required
https://chamanlawfirm.com/nigerian-visa-requirements-and-legal-guide,Nigerian Visa Requirements And Legal Guide,,,immigration,service,redirect configured to /practice-areas/immigration-services,4,3745,4.17,not available locally,not available locally,not available locally,/practice-areas/immigration-services,not public,none detected,image recovery needed,exact redirect to existing live equivalent,/practice-areas/immigration-services,https://chamanlawfirm.com/practice-areas/immigration-services,included,image recovery needed,low/medium - editorial and legal review still required,medium - confirm old topic should merge into existing practice/service page,347,"service answer block, process steps, FAQs, consultation CTA",Legacy Nigerian visa guide URL maps to live Immigration Services page pending exact article recovery.
https://chamanlawfirm.com/recovery-of-premises,Recovery Of Premises,Recovery of Premises in Nigeria,WHAT IS THE CONCEPT OF RECOVERY OF PREMISES UNDER TENANCY LAW The procedure for the recovery of premises is generally,property/title,blog,approved Sanity post; missing old-url redirect,55,4140,11.57,not available locally,not available locally,not available locally,,approved public,none detected,image and alt present in Sanity,exact redirect to existing live equivalent,/resources/blog/recovery-of-premises,https://chamanlawfirm.com/resources/blog/recovery-of-premises,included,image and alt present in Sanity,low/medium - editorial and legal review still required,low - already public,346,"answer block, FAQs, lawyer CTA, practice-area links",Broad blog migration remains on hold; restore only through controlled lawyer-reviewed batches.
https://chamanlawfirm.com/registration-of-deed-of-assignment-in-nigeria,Registration Of Deed Of Assignment In Nigeria,Proven Steps: Registration of Deed of Assignment in Nigeria,"Learn the procedure for registration of deed of assignment in Nigeria, including required documents, legal steps, and relevant regulatory bodies.",property/title,blog,redirect configured to /resources/blog/registration-of-deed-of-assignment-in-nigeria,53,5083,10.08,not available locally,not available locally,not available locally,/resources/blog/registration-of-deed-of-assignment-in-nigeria,approved public,none detected,image and alt present in Sanity,exact redirect to existing live equivalent,/resources/blog/registration-of-deed-of-assignment-in-nigeria,https://chamanlawfirm.com/resources/blog/registration-of-deed-of-assignment-in-nigeria,included,image and alt present in Sanity,low/medium - editorial and legal review still required,low - already public,346,"answer block, FAQs, lawyer CTA, practice-area links",Broad blog migration remains on hold; restore only through controlled lawyer-reviewed batches.
https://chamanlawfirm.com/non-justiciable-constitutional-provisions,Non Justiciable Constitutional Provisions,,,general legal education,blog,not confirmed,38,12398,16.99,not available locally,not available locally,not available locally,,not public,none detected,image recovery needed,restore as blog post,/resources/blog/non-justiciable-constitutional-provisions,https://chamanlawfirm.com/resources/blog/non-justiciable-constitutional-provisions,not checked,image recovery needed,low/medium - editorial and legal review still required,low/medium - compare against existing live content before publication,344,"answer block, FAQs, lawyer CTA, practice-area links",Broad blog migration remains on hold; restore only through controlled lawyer-reviewed batches.
https://chamanlawfirm.com/property-recovery-reclaim-your-rental-space,Property Recovery Reclaim Your Rental Space,Powerful Steps: Property Recovery: Reclaim Your Rental Space,"Property Recovery in Lagos: How to Reclaim Your Rental Space Legally. Understand eviction laws, notice requirements, and court procedures.",property/title,blog,hidden Sanity draft; do not redirect,10,2424,4.98,not available locally,not available locally,not available locally,,not public,hidden/unapproved,image recovery needed,keep hidden pending image/source repair,/resources/blog/property-recovery-reclaim-your-rental-space,https://chamanlawfirm.com/resources/blog/property-recovery-reclaim-your-rental-space,not checked,image recovery needed,medium - verify current law and facts before publication,medium - compare hidden draft against public practice/page before approval,344,"answer block, FAQs, lawyer CTA, practice-area links",Broad blog migration remains on hold; restore only through controlled lawyer-reviewed batches.
https://chamanlawfirm.com/rights-of-children-born-outside-wedlock,Rights Of Children Born Outside Wedlock,Powerful steps: Rights of Children Born Outside Wedlock,Learn about inheritance rights of children born outside wedlock in Nigeria with Chaman Law Firm’s trusted legal for parents,family law,blog,redirect configured to /resources/blog/rights-of-children-born-outside-wedlock,57,5792,9.89,not available locally,not available locally,not available locally,/resources/blog/rights-of-children-born-outside-wedlock,approved public,none detected,image and alt present in Sanity,exact redirect to existing live equivalent,/resources/blog/rights-of-children-born-outside-wedlock,https://chamanlawfirm.com/resources/blog/rights-of-children-born-outside-wedlock,included,image and alt present in Sanity,high - lawyer review required before publication,low - already public,343,"answer block, FAQs, lawyer CTA, practice-area links",Broad blog migration remains on hold; restore only through controlled lawyer-reviewed batches.
https://chamanlawfirm.com/what-are-the-implications-of-unregistered-land-titles-in-nigeria,What Are The Implications Of Unregistered Land Titles In Nigeria,Implications of Unregistered Land Titles in Nigeria,"What are the Implications of Unregistered Land Titles in Nigeria, Unregistered land titles in Nigeria are a source of significant concern and potential r",property/title,blog,redirect configured to /resources/blog/what-are-the-implications-of-unregistered-land-titles-in-nigeria,47,1792,5.61,not available locally,not available locally,not available locally,/resources/blog/what-are-the-implications-of-unregistered-land-titles-in-nigeria,approved public,none detected,image and alt present in Sanity,exact redirect to existing live equivalent,/resources/blog/what-are-the-implications-of-unregistered-land-titles-in-nigeria,https://chamanlawfirm.com/resources/blog/what-are-the-implications-of-unregistered-land-titles-in-nigeria,included,image and alt present in Sanity,medium - verify current law and facts before publication,low - already public,343,"answer block, FAQs, lawyer CTA, practice-area links",Broad blog migration remains on hold; restore only through controlled lawyer-reviewed batches.
https://chamanlawfirm.com/how-to-apply-and-get-a-governors-consent,How To Apply And Get A Governors Consent,,,property/title,service,redirect configured to /practice-areas/property-real-estate-law/governors-consent,27,3655,15.89,not available locally,not available locally,not available locally,/practice-areas/property-real-estate-law/governors-consent,not public,none detected,image recovery needed,exact redirect to existing live equivalent,/practice-areas/property-real-estate-law/governors-consent,https://chamanlawfirm.com/practice-areas/property-real-estate-law/governors-consent,included,image recovery needed,medium - verify current law and facts before publication,medium - confirm old topic should merge into existing practice/service page,342,"service answer block, process steps, FAQs, consultation CTA",Legacy application-process URL maps directly to the live Governor's Consent service page.
https://chamanlawfirm.com/property-valuation-in-nigerian-real-estate,Property Valuation In Nigerian Real Estate,Property Valuation In Nigerian Real Estate: Critical Importance of Property Valuation in Nigerian Real Estate Transactions,"Property Valuation In Nigerian Real Estate In the dynamic landscape of Nigerian real estate, property valuation plays a crucial role in ensuring fair and transparent transactions...",property/title,blog,hidden Sanity draft; do not redirect,31,3632,18.88,not available locally,not available locally,not available locally,,not public,hidden/unapproved,image recovery needed,keep hidden pending image/source repair,/resources/blog/property-valuation-in-nigerian-real-estate,https://chamanlawfirm.com/resources/blog/property-valuation-in-nigerian-real-estate,not checked,image recovery needed,medium - verify current law and facts before publication,medium - compare hidden draft against public practice/page before approval,341,"answer block, FAQs, lawyer CTA, practice-area links",Broad blog migration remains on hold; restore only through controlled lawyer-reviewed batches.
https://chamanlawfirm.com/how-to-file-for-child-custody-in-nigeria-a,How To File For Child Custody In Nigeria A,How to File for Child Custody in Nigeria,"Introduction Child custody disputes can be among the most challenging and emotionally charged aspects of family law. In Nigeria, understanding how to navigate the child custody process is crucial for parents seeking to",family law,blog,redirect configured to /resources/blog/how-to-file-for-child-custody-in-nigeria-a,61,3472,9.14,not available locally,not available locally,not available locally,/resources/blog/how-to-file-for-child-custody-in-nigeria-a,approved public,none detected,image and alt present in Sanity,exact redirect to existing live equivalent,/resources/blog/how-to-file-for-child-custody-in-nigeria-a,https://chamanlawfirm.com/resources/blog/how-to-file-for-child-custody-in-nigeria-a,included,image and alt present in Sanity,high - lawyer review required before publication,low - already public,340,"answer block, FAQs, lawyer CTA, practice-area links",Broad blog migration remains on hold; restore only through controlled lawyer-reviewed batches.
https://chamanlawfirm.com/how-to-start-oil-and-gas-company-in-nigeria,How To Start Oil And Gas Company In Nigeria,How To Start Oil And Gas Company In Nigeria,"HOW TO START OIL AND GAS COMPANY IN NIGERIA, Starting an oil and gas company in Nigeria involves several steps and considerations...",corporate/commercial,service,hidden Sanity draft; do not redirect,14,4028,31.95,not available locally,not available locally,not available locally,,not public,hidden/unapproved,image recovery needed,merge into existing stronger live page,/practice-areas/corporate-commercial-law,https://chamanlawfirm.com/practice-areas/corporate-commercial-law,included,image recovery needed,low/medium - editorial and legal review still required,medium - confirm old topic should merge into existing practice/service page,340,"service answer block, process steps, FAQs, consultation CTA",source body not present in Phase 5C prepared drafts; SEO title requires RankMath/source preservation or rewrite; meta description requires RankMath/source preservation or rewrite; image recovery/fallback required
https://chamanlawfirm.com/guardianship-and-custody-rights-of-minors,Guardianship And Custody Rights Of Minors,Guardianship And Custody Rights Of Minors; Powerful Insights into Guardianship and Custody Rights of Minors in Nigeria: What Every Parent Must Know,"Guardianship And Custody Rights Of Minors Guardianship and custody rights of minors are fundamental aspects of family law in Nigeria, designed to protect...",family law,blog,hidden Sanity draft; do not redirect,46,4831,17.11,not available locally,not available locally,not available locally,,not public,hidden/unapproved,image recovery needed,keep hidden pending legal review,/resources/blog/guardianship-and-custody-rights-of-minors,https://chamanlawfirm.com/resources/blog/guardianship-and-custody-rights-of-minors,not checked,image recovery needed,high - lawyer review required before publication,medium - compare hidden draft against public practice/page before approval,338,"answer block, FAQs, lawyer CTA, practice-area links",Broad blog migration remains on hold; restore only through controlled lawyer-reviewed batches.
https://chamanlawfirm.com/legal-process-for-tenant-eviction-in-lagos,Legal Process For Tenant Eviction In Lagos,Powerful Steps: Legal Process for Tenant Eviction in Lagos,"Legal Process for Tenant Eviction in Lagos - Understand notices, court procedures, and avoid unlawful eviction / protect your rights as a landlord.",property/title,blog,hidden Sanity draft; do not redirect,34,4781,7.05,not available locally,not available locally,not available locally,,not public,hidden/unapproved,image recovery needed,keep hidden pending legal review,/resources/blog/legal-process-for-tenant-eviction-in-lagos,https://chamanlawfirm.com/resources/blog/legal-process-for-tenant-eviction-in-lagos,not checked,image recovery needed,high - lawyer review required before publication,medium - compare hidden draft against public practice/page before approval,338,"answer block, FAQs, lawyer CTA, practice-area links",Broad blog migration remains on hold; restore only through controlled lawyer-reviewed batches.
https://chamanlawfirm.com/bordersecurityin-nigerian-immigration-policy,Bordersecurityin Nigerian Immigration Policy,Bordersecurityin Nigerian Immigration Policy,"Introduction Border security is crucial in determining how countries manage migration, ensure security, and foster economic stability. In Nigeria, with its extensive borders and diverse demographics, border security is",immigration,service,hidden Sanity draft; do not redirect,18,1622,21.69,not available locally,not available locally,not available locally,,not public,hidden/unapproved,image recovery needed,merge into existing stronger live page,/practice-areas/immigration-services,https://chamanlawfirm.com/practice-areas/immigration-services,included,image recovery needed,medium - verify current law and facts before publication,medium - confirm old topic should merge into existing practice/service page,336,"service answer block, process steps, FAQs, consultation CTA",source body not present in Phase 5C prepared drafts; SEO title requires RankMath/source preservation or rewrite; meta description requires RankMath/source preservation or rewrite; image recovery/fallback required
https://chamanlawfirm.com/how-do-i-resolve-landlord-tenant-disputes,How Do I Resolve Landlord Tenant Disputes,,,property/title,blog,not confirmed,38,5460,5.63,not available locally,not available locally,not available locally,,not public,none detected,image recovery needed,restore as blog post,/resources/blog/how-do-i-resolve-landlord-tenant-disputes,https://chamanlawfirm.com/resources/blog/how-do-i-resolve-landlord-tenant-disputes,not checked,image recovery needed,medium - verify current law and facts before publication,low/medium - compare against existing live content before publication,335,"answer block, FAQs, lawyer CTA, practice-area links",Broad blog migration remains on hold; restore only through controlled lawyer-reviewed batches.
https://chamanlawfirm.com/the-nigerian-tax-administration,The Nigerian Tax Administration,Powerful Ways: The Nigerian Tax Administration,"The Nigerian Tax Administration, Tax administration in Nigeria is vested in the three tiers of government....",corporate/commercial,service,hidden Sanity draft; do not redirect,15,3049,32.26,not available locally,not available locally,not available locally,,not public,hidden/unapproved,image recovery needed,merge into existing stronger live page,/practice-areas/probate-estate-administration,https://chamanlawfirm.com/practice-areas/probate-estate-administration,included,image recovery needed,medium - verify current law and facts before publication,medium - confirm old topic should merge into existing practice/service page,335,"service answer block, process steps, FAQs, consultation CTA",source body not present in Phase 5C prepared drafts; SEO title requires RankMath/source preservation or rewrite; meta description requires RankMath/source preservation or rewrite; image recovery/fallback required
https://chamanlawfirm.com/difference-between-a-parent-company-and-a-subsidiary,Difference Between A Parent Company And A Subsidiary,Difference Between a Parent Company and a Subsidiary,"DIFFERENCE BETWEEN A PARENT COMPANY AND A SUBSIDIARY, Parent companies own and control up to 51% of a company's stocks and...",property/title,blog,approved Sanity post; missing old-url redirect,56,8293,22.34,not available locally,not available locally,not available locally,,approved public,none detected,image and alt present in Sanity,exact redirect to existing live equivalent,/resources/blog/difference-between-a-parent-company-and-a-subsidiary,https://chamanlawfirm.com/resources/blog/difference-between-a-parent-company-and-a-subsidiary,included,image and alt present in Sanity,low/medium - editorial and legal review still required,low - already public,333,"answer block, FAQs, lawyer CTA, practice-area links",Broad blog migration remains on hold; restore only through controlled lawyer-reviewed batches.
https://chamanlawfirm.com/how-to-obtain-building-in-lagos-state,How To Obtain Building In Lagos State,,,general legal education,blog,not confirmed,48,6285,14.48,not available locally,not available locally,not available locally,,not public,none detected,image recovery needed,restore as blog post,/resources/blog/how-to-obtain-building-in-lagos-state,https://chamanlawfirm.com/resources/blog/how-to-obtain-building-in-lagos-state,not checked,image recovery needed,low/medium - editorial and legal review still required,low/medium - compare against existing live content before publication,333,"answer block, FAQs, lawyer CTA, practice-area links",Broad blog migration remains on hold; restore only through controlled lawyer-reviewed batches.
https://chamanlawfirm.com/safest-estates-in-ogun-for-diaspora-investors,Safest Estates In Ogun For Diaspora Investors,,,probate/estate,blog,not confirmed,29,3823,4.91,not available locally,not available locally,not available locally,,not public,none detected,image recovery needed,restore as blog post,/resources/blog/safest-estates-in-ogun-for-diaspora-investors,https://chamanlawfirm.com/resources/blog/safest-estates-in-ogun-for-diaspora-investors,not checked,image recovery needed,low/medium - editorial and legal review still required,low/medium - compare against existing live content before publication,333,"answer block, FAQs, lawyer CTA, practice-area links",Broad blog migration remains on hold; restore only through controlled lawyer-reviewed batches.
https://chamanlawfirm.com/what-are-the-tax-disputes-in-nigeria,What Are The Tax Disputes In Nigeria,What Are The Tax Disputes In Nigeria,WHAT ARE THE TAX DISPUTES IN NIGERIA AND HOW CAN IT BE RESOLVED Tax disputes in Nigeria are primarily resolved by the courts and,corporate/commercial,blog,hidden Sanity draft; do not redirect,34,1207,14.76,not available locally,not available locally,not available locally,,not public,hidden/unapproved,image recovery needed,keep hidden pending image/source repair,/resources/blog/what-are-the-tax-disputes-in-nigeria,https://chamanlawfirm.com/resources/blog/what-are-the-tax-disputes-in-nigeria,not checked,image recovery needed,medium - verify current law and facts before publication,medium - compare hidden draft against public practice/page before approval,332,"answer block, FAQs, lawyer CTA, practice-area links",Broad blog migration remains on hold; restore only through controlled lawyer-reviewed batches.
https://chamanlawfirm.com/obtain-letter-of-administration,Obtain Letter Of Administration,,,probate/estate,service,not confirmed,27,2667,12.72,not available locally,not available locally,not available locally,/practice-areas/probate-estate-administration,not public,none detected,image recovery needed,exact redirect to existing live equivalent,/practice-areas/probate-estate-administration,https://chamanlawfirm.com/practice-areas/probate-estate-administration,included,image recovery needed,low/medium - editorial and legal review still required,medium - confirm old topic should merge into existing practice/service page,332,"service answer block, process steps, FAQs, consultation CTA",Sprint 11E urgent non-blog rescue candidate; target is existing public service/practice page.
https://chamanlawfirm.com/how-to-fix-mistakes-in-your-property-documents,How To Fix Mistakes In Your Property Documents,Powerful Steps: How to Fix Mistakes - Property Documents,How to Fix Mistakes in Your Property Documents - Learn how to walk through the legal process for correcting such errors in Lagos / Chaman Law,property/title,blog,hidden Sanity draft; do not redirect,22,1205,5.74,not available locally,not available locally,not available locally,,not public,hidden/unapproved,image recovery needed,keep hidden pending image/source repair,/resources/blog/how-to-fix-mistakes-in-your-property-documents,https://chamanlawfirm.com/resources/blog/how-to-fix-mistakes-in-your-property-documents,not checked,image recovery needed,medium - verify current law and facts before publication,medium - compare hidden draft against public practice/page before approval,332,"answer block, FAQs, lawyer CTA, practice-area links",Broad blog migration remains on hold; restore only through controlled lawyer-reviewed batches.
https://chamanlawfirm.com/hidden-costs-of-buying-property-in-ogun-state,Hidden Costs Of Buying Property In Ogun State,Powerful Steps: Hidden Costs of Buying Property / Chaman Law,"Hidden Costs of Buying Property - From legal fees and agency commissions to survey plans, stamp duty, and development levies - Learn about it.",property/title,blog,hidden Sanity draft; do not redirect,20,2201,6.58,not available locally,not available locally,not available locally,,not public,hidden/unapproved,image recovery needed,keep hidden pending image/source repair,/resources/blog/hidden-costs-of-buying-property-in-ogun-state,https://chamanlawfirm.com/resources/blog/hidden-costs-of-buying-property-in-ogun-state,not checked,image recovery needed,medium - verify current law and facts before publication,medium - compare hidden draft against public practice/page before approval,332,"answer block, FAQs, lawyer CTA, practice-area links",Broad blog migration remains on hold; restore only through controlled lawyer-reviewed batches.
https://chamanlawfirm.com/how-to-conduct-due-diligence-in-nigeria,How To Conduct Due Diligence In Nigeria,How To Conduct Due Diligence In Nigeria; Essential Guide to Avoiding Costly Mistakes: How to Conduct Due Diligence Before Buying Property in Nigeria,"How To Conduct Due Diligence In Nigeria Due Diligence: Investing in real estate is often seen as a pathway to financial stability and growth, especially in a dynamic...",general legal education,blog,hidden Sanity draft; do not redirect,31,2640,11.63,not available locally,not available locally,not available locally,,not public,hidden/unapproved,image recovery needed,keep hidden pending image/source repair,/resources/blog/how-to-conduct-due-diligence-in-nigeria,https://chamanlawfirm.com/resources/blog/how-to-conduct-due-diligence-in-nigeria,not checked,image recovery needed,low/medium - editorial and legal review still required,medium - compare hidden draft against public practice/page before approval,331,"answer block, FAQs, lawyer CTA, practice-area links",Broad blog migration remains on hold; restore only through controlled lawyer-reviewed batches.
https://chamanlawfirm.com/debt-recovery-and-consumer-protection-laws,Debt Recovery And Consumer Protection Laws,Debt Recovery and Consumer Protection Laws in Nigeria,"Learn the legal framework for debt recovery and consumer protection in Nigeria, including FCCPC regulations, debtor rights, and creditor remedies.",debt recovery,service,hidden Sanity draft; do not redirect,4,2128,11.6,not available locally,not available locally,not available locally,,not public,hidden/unapproved,image and alt present in hidden Sanity draft,merge into existing stronger live page,/practice-areas/debt-recovery,https://chamanlawfirm.com/practice-areas/debt-recovery,included,image and alt present in hidden Sanity draft,medium - verify current law and facts before publication,medium - confirm old topic should merge into existing practice/service page,331,"service answer block, process steps, FAQs, consultation CTA",source body not present in Phase 5C prepared drafts; SEO title requires RankMath/source preservation or rewrite; meta description requires RankMath/source preservation or rewrite; image recovery/fallback required
https://chamanlawfirm.com/strategies-for-preventing-corporate-collapse,Strategies For Preventing Corporate Collapse,Strategies For Preventing Corporate Collapse; Unbreakable Success: Proven Tactics to Prevent Corporate Collapse and Thrive,"Strategies For Preventing Corporate Collapse Corporate collapse is a significant risk that businesses, regardless of size or industry, must always be vigilant about...",corporate/commercial,service,hidden Sanity draft; do not redirect,5,1380,16.21,not available locally,not available locally,not available locally,,not public,hidden/unapproved,image recovery needed,merge into existing stronger live page,/practice-areas/corporate-commercial-law,https://chamanlawfirm.com/practice-areas/corporate-commercial-law,included,image recovery needed,low/medium - editorial and legal review still required,medium - confirm old topic should merge into existing practice/service page,329,"service answer block, process steps, FAQs, consultation CTA",source body not present in Phase 5C prepared drafts; SEO title requires RankMath/source preservation or rewrite; meta description requires RankMath/source preservation or rewrite; image recovery/fallback required
https://chamanlawfirm.com/obtaining-a-c-of-o-in-ogun-state,Obtaining A C Of O In Ogun State,Proven Steps: Obtaining a C of O in Ogun State,Obtaining a C of O in Ogun State with this comprehensive guide. Chaman Law Firm provides expert legal guidance.,property/title,blog,redirect configured to /resources/blog/obtaining-a-c-of-o-in-ogun-state,44,1661,7.47,not available locally,not available locally,not available locally,/resources/blog/obtaining-a-c-of-o-in-ogun-state,not public,hidden/unapproved,image recovery needed,exact redirect to existing live equivalent,/resources/blog/obtaining-a-c-of-o-in-ogun-state,https://chamanlawfirm.com/resources/blog/obtaining-a-c-of-o-in-ogun-state,not checked,image recovery needed,medium - verify current law and facts before publication,medium - compare hidden draft against public practice/page before approval,327,"answer block, FAQs, lawyer CTA, practice-area links",Broad blog migration remains on hold; restore only through controlled lawyer-reviewed batches.
https://chamanlawfirm.com/nigerian-shipping-contracts,Nigerian Shipping Contracts,Nigerian Shipping Contracts; Avoid These Costly Mistakes; Common Legal Pitfalls In Nigerian Shipping Contracts Uncovered,"Nigerian Shipping Contracts The shipping industry plays a crucial role in Nigeria’s economy, serving as a conduit for international trade and commerce. However, navigating the legal terrain of shipping contracts can be c",corporate/commercial,service,hidden Sanity draft; do not redirect,6,654,15.52,not available locally,not available locally,not available locally,,not public,hidden/unapproved,image and alt present in hidden Sanity draft,merge into existing stronger live page,/practice-areas/corporate-commercial-law,https://chamanlawfirm.com/practice-areas/corporate-commercial-law,included,image and alt present in hidden Sanity draft,medium - verify current law and facts before publication,medium - confirm old topic should merge into existing practice/service page,327,"service answer block, process steps, FAQs, consultation CTA",source body not present in Phase 5C prepared drafts; SEO title requires RankMath/source preservation or rewrite; meta description requires RankMath/source preservation or rewrite; image recovery/fallback required
https://chamanlawfirm.com/5-reasonsthe-importance-of-pleading,5 Reasonsthe Importance Of Pleading,,,general legal education,blog,not confirmed,42,2504,6.94,not available locally,not available locally,not available locally,,not public,none detected,image recovery needed,restore as blog post,/resources/blog/5-reasonsthe-importance-of-pleading,https://chamanlawfirm.com/resources/blog/5-reasonsthe-importance-of-pleading,not checked,image recovery needed,low/medium - editorial and legal review still required,low/medium - compare against existing live content before publication,325,"answer block, FAQs, lawyer CTA, practice-area links",Broad blog migration remains on hold; restore only through controlled lawyer-reviewed batches.
https://chamanlawfirm.com/unveiling-5-proven-vital-role-of-evidence,Unveiling 5 Proven Vital Role Of Evidence,,,general legal education,blog,not confirmed,49,4871,16.53,not available locally,not available locally,not available locally,,not public,none detected,image recovery needed,restore as blog post,/resources/blog/unveiling-5-proven-vital-role-of-evidence,https://chamanlawfirm.com/resources/blog/unveiling-5-proven-vital-role-of-evidence,not checked,image recovery needed,low/medium - editorial and legal review still required,low/medium - compare against existing live content before publication,324,"answer block, FAQs, lawyer CTA, practice-area links",Broad blog migration remains on hold; restore only through controlled lawyer-reviewed batches.
https://chamanlawfirm.com/how-do-i-draft-tenancy-agreement-in-lagos,How Do I Draft Tenancy Agreement In Lagos,Powerful Steps: Tenancy Agreement in Lagos/ Chaman Law Firm,"How do I draft Tenancy Agreement / Lagos - Learn the key clauses, legal requirements, and expert tips for landlords and tenants. /Chaman Law Firm",general legal education,blog,approved Sanity post; missing old-url redirect,42,2419,7.94,not available locally,not available locally,not available locally,,approved public,none detected,image and alt present in Sanity,exact redirect to existing live equivalent,/resources/blog/how-do-i-draft-tenancy-agreement-in-lagos,https://chamanlawfirm.com/resources/blog/how-do-i-draft-tenancy-agreement-in-lagos,included,image and alt present in Sanity,low/medium - editorial and legal review still required,low - already public,324,"answer block, FAQs, lawyer CTA, practice-area links",Broad blog migration remains on hold; restore only through controlled lawyer-reviewed batches.
https://chamanlawfirm.com/how-do-i-process-probate-for-an-estate,How Do I Process Probate For An Estate,Powerful Step: How Do I Process Probate for an Estate,How Do I Process Probate for an Estate in Lagos. Chaman Law Firm provides expert legal help with estate administration and wills.,probate/estate,service,hidden Sanity draft; do not redirect,8,2397,5.12,not available locally,not available locally,not available locally,,not public,hidden/unapproved,image recovery needed,keep hidden pending legal review,/practice-areas/probate-estate-administration,https://chamanlawfirm.com/practice-areas/probate-estate-administration,included,image recovery needed,high - lawyer review required before publication,medium - confirm old topic should merge into existing practice/service page,324,"service answer block, process steps, FAQs, consultation CTA",source body not present in Phase 5C prepared drafts; SEO title requires RankMath/source preservation or rewrite; meta description requires RankMath/source preservation or rewrite; image recovery/fallback required
https://chamanlawfirm.com/obtaining-a-certificate-of-occupancy,Obtaining A Certificate Of Occupancy,The best way to obtain Certificate of Occupancy in Nigeria,"Certificate of Occupancy In Nigeria, for a person to successfully establish ownership or acquisition of land or landed property,",property/title,blog,hidden Sanity draft; do not redirect,28,3256,11.75,not available locally,not available locally,not available locally,,not public,hidden/unapproved,image recovery needed,keep hidden pending image/source repair,/resources/blog/obtaining-a-certificate-of-occupancy,https://chamanlawfirm.com/resources/blog/obtaining-a-certificate-of-occupancy,not checked,image recovery needed,low/medium - editorial and legal review still required,medium - compare hidden draft against public practice/page before approval,323,"answer block, FAQs, lawyer CTA, practice-area links",Broad blog migration remains on hold; restore only through controlled lawyer-reviewed batches.
https://chamanlawfirm.com/fast-track-your-probate-process-in-nigeria,Fast Track Your Probate Process In Nigeria,Powerful Steps: Fast-Track Your Probate Process in Nigeria,"Fast-track your probate process in Nigeria with trusted legal support—handling estate documentation, and administration efficiently.",probate/estate,service,hidden Sanity draft; do not redirect,9,1763,8.73,not available locally,not available locally,not available locally,,not public,hidden/unapproved,image recovery needed,keep hidden pending legal review,/practice-areas/probate-estate-administration,https://chamanlawfirm.com/practice-areas/probate-estate-administration,included,image recovery needed,high - lawyer review required before publication,medium - confirm old topic should merge into existing practice/service page,323,"service answer block, process steps, FAQs, consultation CTA",source body not present in Phase 5C prepared drafts; SEO title requires RankMath/source preservation or rewrite; meta description requires RankMath/source preservation or rewrite; image recovery/fallback required
https://chamanlawfirm.com/trade-associations-and-chambers-of-commerce,Trade Associations And Chambers Of Commerce,,,general legal education,blog,not confirmed,46,6238,15.02,not available locally,not available locally,not available locally,,not public,none detected,image recovery needed,restore as blog post,/resources/blog/trade-associations-and-chambers-of-commerce,https://chamanlawfirm.com/resources/blog/trade-associations-and-chambers-of-commerce,not checked,image recovery needed,low/medium - editorial and legal review still required,low/medium - compare against existing live content before publication,322,"answer block, FAQs, lawyer CTA, practice-area links",Broad blog migration remains on hold; restore only through controlled lawyer-reviewed batches.
https://chamanlawfirm.com/land-use-act-and-its-role-in-land-allocation,Land Use Act And Its Role In Land Allocation,Powerful Steps: Land Use Act and Its Role in Land Allocation,"the Land Use Act and Its Role in Land Allocation for public-private partnership projects, focusing on legal frameworks and development goals.",property/title,blog,approved Sanity post; missing old-url redirect,42,8050,15.39,not available locally,not available locally,not available locally,,approved public,none detected,image and alt present in Sanity,exact redirect to existing live equivalent,/resources/blog/land-use-act-and-its-role-in-land-allocation,https://chamanlawfirm.com/resources/blog/land-use-act-and-its-role-in-land-allocation,included,image and alt present in Sanity,medium - verify current law and facts before publication,low - already public,321,"answer block, FAQs, lawyer CTA, practice-area links",Broad blog migration remains on hold; restore only through controlled lawyer-reviewed batches.
https://chamanlawfirm.com/process-of-making-law-in-nigeria,Process Of Making Law In Nigeria,,,general legal education,blog,not confirmed,37,10444,18.01,not available locally,not available locally,not available locally,,not public,none detected,image recovery needed,restore as blog post,/resources/blog/process-of-making-law-in-nigeria,https://chamanlawfirm.com/resources/blog/process-of-making-law-in-nigeria,not checked,image recovery needed,low/medium - editorial and legal review still required,low/medium - compare against existing live content before publication,319,"answer block, FAQs, lawyer CTA, practice-area links",Broad blog migration remains on hold; restore only through controlled lawyer-reviewed batches.
https://chamanlawfirm.com/how-to-register-a-business-name-in-nigeria-2024,How To Register A Business Name In Nigeria 2024,,,corporate/commercial,service,not confirmed,14,13923,36.94,not available locally,not available locally,not available locally,/practice-areas/corporate-commercial-law,not public,none detected,image recovery needed,exact redirect to existing live equivalent,/practice-areas/corporate-commercial-law,https://chamanlawfirm.com/practice-areas/corporate-commercial-law,included,image recovery needed,low/medium - editorial and legal review still required,medium - confirm old topic should merge into existing practice/service page,319,"service answer block, process steps, FAQs, consultation CTA",source body not present in Phase 5C prepared drafts; SEO title requires RankMath/source preservation or rewrite; meta description requires RankMath/source preservation or rewrite; image recovery/fallback required
https://chamanlawfirm.com/learn-how-to-draft-tenancy-agreement-in-ogun,Learn How To Draft Tenancy Agreement In Ogun,Powerful Steps: Tenancy Agreement in Ogun State / Chaman,"Tenancy Agreement - Learn the essential elements, legal requirements, and practical tips to help you create a valid tenancy agreement in Ogun",general legal education,blog,hidden Sanity draft; do not redirect,18,1601,9.35,not available locally,not available locally,not available locally,,not public,hidden/unapproved,image recovery needed,keep hidden pending image/source repair,/resources/blog/learn-how-to-draft-tenancy-agreement-in-ogun,https://chamanlawfirm.com/resources/blog/learn-how-to-draft-tenancy-agreement-in-ogun,not checked,image recovery needed,low/medium - editorial and legal review still required,medium - compare hidden draft against public practice/page before approval,316,"answer block, FAQs, lawyer CTA, practice-area links",Broad blog migration remains on hold; restore only through controlled lawyer-reviewed batches.
https://chamanlawfirm.com/financial-contracts-and-agreement-in-nigeria,Financial Contracts And Agreement In Nigeria,Financial Contracts and Agreement in Nigeria; The Ultimate Blueprint to Understanding Financial Contracts and Securing Your Future,"Financial Contracts And Agreement In Nigeria Parties sign a wide range of contracts and other agreements throughout their daily lives, including rental agreements...",corporate/commercial,service,hidden Sanity draft; do not redirect,16,534,26.81,not available locally,not available locally,not available locally,,not public,hidden/unapproved,image recovery needed,merge into existing stronger live page,/practice-areas/corporate-commercial-law,https://chamanlawfirm.com/practice-areas/corporate-commercial-law,included,image recovery needed,medium - verify current law and facts before publication,medium - confirm old topic should merge into existing practice/service page,315,"service answer block, process steps, FAQs, consultation CTA",source body not present in Phase 5C prepared drafts; SEO title requires RankMath/source preservation or rewrite; meta description requires RankMath/source preservation or rewrite; image recovery/fallback required
https://chamanlawfirm.com/why-is-governors-consent-compulsory,Why Is Governors Consent Compulsory,,,property/title,service,redirect configured to /practice-areas/property-real-estate-law/governors-consent,14,1469,6.89,not available locally,not available locally,not available locally,/practice-areas/property-real-estate-law/governors-consent,not public,none detected,image recovery needed,exact redirect to existing live equivalent,/practice-areas/property-real-estate-law/governors-consent,https://chamanlawfirm.com/practice-areas/property-real-estate-law/governors-consent,included,image recovery needed,medium - verify current law and facts before publication,medium - confirm old topic should merge into existing practice/service page,315,"service answer block, process steps, FAQs, consultation CTA",Legacy informational Governor's Consent URL maps to the live Governor's Consent service page.
https://chamanlawfirm.com/overview-of-statutory-marriage-in-nigeria,Overview Of Statutory Marriage In Nigeria,Proven Steps on Overview of Statutory Marriage in Nigeria,"Overview of Statutory Marriage in Nigeria, Marriage can be defined as a legally and socially sanctioned union between a man",family law,blog,redirect configured to /resources/blog/overview-of-statutory-marriage-in-nigeria,57,8889,11.97,not available locally,not available locally,not available locally,/resources/blog/overview-of-statutory-marriage-in-nigeria,approved public,none detected,image and alt present in Sanity,exact redirect to existing live equivalent,/resources/blog/overview-of-statutory-marriage-in-nigeria,https://chamanlawfirm.com/resources/blog/overview-of-statutory-marriage-in-nigeria,included,image and alt present in Sanity,high - lawyer review required before publication,low - already public,314,"answer block, FAQs, lawyer CTA, practice-area links",Broad blog migration remains on hold; restore only through controlled lawyer-reviewed batches.
https://chamanlawfirm.com/government-acquired-lands-in-nigeria,Government Acquired Lands In Nigeria,Government-Acquired Lands in Nigeria,"Discover your legal rights on government-acquired lands in Nigeria. Learn how to protect your property, claim compensation, and challenge unlawful acquisitions with expert insights from CHAMAN Law Firm.",property/title,blog,redirect configured to /resources/blog/government-acquired-lands-in-nigeria,51,2679,10.42,not available locally,not available locally,not available locally,/resources/blog/government-acquired-lands-in-nigeria,approved public,none detected,image and alt present in Sanity,exact redirect to existing live equivalent,/resources/blog/government-acquired-lands-in-nigeria,https://chamanlawfirm.com/resources/blog/government-acquired-lands-in-nigeria,included,image and alt present in Sanity,medium - verify current law and facts before publication,low - already public,312,"answer block, FAQs, lawyer CTA, practice-area links",Broad blog migration remains on hold; restore only through controlled lawyer-reviewed batches.
https://chamanlawfirm.com/capital-gains-tax-calculated-on-property,Capital Gains Tax Calculated On Property,Powerful Step: Capital Gains Tax Calculated on Property,Learn how capital Gains Tax Calculated on Property sales in Lekki. Chaman Law Firm offers expert legal advice for real estate investors.,property/title,blog,hidden Sanity draft; do not redirect,14,3224,9.67,not available locally,not available locally,not available locally,,not public,hidden/unapproved,image recovery needed,keep hidden pending image/source repair,/resources/blog/capital-gains-tax-calculated-on-property,https://chamanlawfirm.com/resources/blog/capital-gains-tax-calculated-on-property,not checked,image recovery needed,medium - verify current law and facts before publication,medium - compare hidden draft against public practice/page before approval,312,"answer block, FAQs, lawyer CTA, practice-area links",Broad blog migration remains on hold; restore only through controlled lawyer-reviewed batches.
https://chamanlawfirm.com/corporate-finance-laws-in-nigeria,Corporate Finance Laws In Nigeria,corporate finance laws in Nigeria; 10 Powerful Insights into Corporate Finance Laws in Nigeria,Corporate Finance Laws In Nigeria; 10 Powerful Insights into Corporate Finance Laws in Nigeria...,corporate/commercial,service,hidden Sanity draft; do not redirect,14,1092,23.86,not available locally,not available locally,not available locally,,not public,hidden/unapproved,image recovery needed,merge into existing stronger live page,/practice-areas/corporate-commercial-law,https://chamanlawfirm.com/practice-areas/corporate-commercial-law,included,image recovery needed,low/medium - editorial and legal review still required,medium - confirm old topic should merge into existing practice/service page,311,"service answer block, process steps, FAQs, consultation CTA",source body not present in Phase 5C prepared drafts; SEO title requires RankMath/source preservation or rewrite; meta description requires RankMath/source preservation or rewrite; image recovery/fallback required
https://chamanlawfirm.com/nigeria-visa-on-arrival-policy-eligibility,Nigeria Visa On Arrival Policy Eligibility,Nigeria Visa On Arrival Policy Eligibility; Effortless Access or Hidden Hurdles? Understanding Nigeria’s Visa-on-Arrival Policy,Nigeria Visa On Arrival Policy Eligibility The Nigerian Visa-on-Arrival (VoA) policy is a convenient immigration measure that allows eligible travelers to obtain...,immigration,service,hidden Sanity draft; do not redirect,9,3607,27.73,not available locally,not available locally,not available locally,,not public,hidden/unapproved,image recovery needed,merge into existing stronger live page,/practice-areas/immigration-services,https://chamanlawfirm.com/practice-areas/immigration-services,included,image recovery needed,low/medium - editorial and legal review still required,medium - confirm old topic should merge into existing practice/service page,311,"service answer block, process steps, FAQs, consultation CTA",source body not present in Phase 5C prepared drafts; SEO title requires RankMath/source preservation or rewrite; meta description requires RankMath/source preservation or rewrite; image recovery/fallback required
https://chamanlawfirm.com/process-probate-in-ogun-state-chaman-law-firm,Process Probate In Ogun State Chaman Law Firm,Powerful Steps: process probate in Ogun /Chaman Law Firm,"process probate in - Learn the process for obtaining probate in Ogun State, Nigeria, legal requirements, steps, timelines, and professional support.",probate/estate,service,hidden Sanity draft; do not redirect,9,643,7.9,not available locally,not available locally,not available locally,,not public,hidden/unapproved,image recovery needed,keep hidden pending legal review,/practice-areas/probate-estate-administration,https://chamanlawfirm.com/practice-areas/probate-estate-administration,included,image recovery needed,high - lawyer review required before publication,medium - confirm old topic should merge into existing practice/service page,311,"service answer block, process steps, FAQs, consultation CTA",source body not present in Phase 5C prepared drafts; SEO title requires RankMath/source preservation or rewrite; meta description requires RankMath/source preservation or rewrite; image recovery/fallback required
https://chamanlawfirm.com/legalimplicationsof-co-ownership-of-property,Legalimplicationsof Co Ownership Of Property,Legal Implications of Co-Ownership of Property in Nigeria,"Co-owning property is an increasingly common arrangement in Nigeria, especially among families, business partners, and investors. While this approach can be an excellent way to share financial responsibilities and mana",property/title,blog,approved Sanity post; missing old-url redirect,38,3026,7.47,not available locally,not available locally,not available locally,,approved public,none detected,image and alt present in Sanity,exact redirect to existing live equivalent,/resources/blog/legalimplicationsof-co-ownership-of-property,https://chamanlawfirm.com/resources/blog/legalimplicationsof-co-ownership-of-property,included,image and alt present in Sanity,medium - verify current law and facts before publication,low - already public,310,"answer block, FAQs, lawyer CTA, practice-area links",Broad blog migration remains on hold; restore only through controlled lawyer-reviewed batches.
https://chamanlawfirm.com/who-are-the-type-of-people-that-can-write-a-will,Who Are The Type Of People That Can Write A Will,Who Are The Type Of People That Can Write A Will,"WHO ARE THE TYPE OF PEOPLE THAT CAN WRITE A WILL, In writing a valid will, the testator (the person making the will) must.....",probate/estate,service,hidden Sanity draft; do not redirect,18,1992,17.98,not available locally,not available locally,not available locally,,not public,hidden/unapproved,image recovery needed,keep hidden pending legal review,/practice-areas/probate-estate-administration,https://chamanlawfirm.com/practice-areas/probate-estate-administration,included,image recovery needed,high - lawyer review required before publication,medium - confirm old topic should merge into existing practice/service page,310,"service answer block, process steps, FAQs, consultation CTA",source body not present in Phase 5C prepared drafts; SEO title requires RankMath/source preservation or rewrite; meta description requires RankMath/source preservation or rewrite; image recovery/fallback required
https://chamanlawfirm.com/challenge-double-allocation-of-land,Challenge Double Allocation Of Land,Powerful Steps: double allocation of land / Chaman Law Frim,"challenge double allocation of land - Learn your rights, the necessary documents, and where to report land disputes to protect your property",property/title,blog,hidden Sanity draft; do not redirect,16,2038,5.01,not available locally,not available locally,not available locally,,not public,hidden/unapproved,image recovery needed,keep hidden pending image/source repair,/resources/blog/challenge-double-allocation-of-land,https://chamanlawfirm.com/resources/blog/challenge-double-allocation-of-land,not checked,image recovery needed,medium - verify current law and facts before publication,medium - compare hidden draft against public practice/page before approval,310,"answer block, FAQs, lawyer CTA, practice-area links",Broad blog migration remains on hold; restore only through controlled lawyer-reviewed batches.
https://chamanlawfirm.com/obtaining-consent-for-land-transactions,Obtaining Consent For Land Transactions,Proven Steps on Obtaining Consent for Land Transactions,"What is the Process of Obtaining Consent for Land Transactions in Nigeria? In Nigeria, land transactions often require the consent of relevant ..",property/title,blog,hidden Sanity draft; do not redirect,15,2292,8.91,not available locally,not available locally,not available locally,,not public,hidden/unapproved,image recovery needed,keep hidden pending image/source repair,/resources/blog/obtaining-consent-for-land-transactions,https://chamanlawfirm.com/resources/blog/obtaining-consent-for-land-transactions,not checked,image recovery needed,medium - verify current law and facts before publication,medium - compare hidden draft against public practice/page before approval,308,"answer block, FAQs, lawyer CTA, practice-area links",Broad blog migration remains on hold; restore only through controlled lawyer-reviewed batches.
https://chamanlawfirm.com/where-is-the-proper-custody-of-a-will,Where Is The Proper Custody Of A Will,Where Is The Proper Custody Of A Will,"WHERE IS THE PROPER CUSTODY OF A WILL? After writing a will, there is a need to make sure is kept in a safe place where your executors (and no-one else) can find it, because the executor will need the original will to",probate/estate,service,hidden Sanity draft; do not redirect,20,493,16.41,not available locally,not available locally,not available locally,,not public,hidden/unapproved,image recovery needed,keep hidden pending legal review,/practice-areas/probate-estate-administration,https://chamanlawfirm.com/practice-areas/probate-estate-administration,included,image recovery needed,high - lawyer review required before publication,medium - confirm old topic should merge into existing practice/service page,305,"service answer block, process steps, FAQs, consultation CTA",source body not present in Phase 5C prepared drafts; SEO title requires RankMath/source preservation or rewrite; meta description requires RankMath/source preservation or rewrite; image recovery/fallback required
https://chamanlawfirm.com/attestation-of-certificate-in-nigeria,Attestation Of Certificate In Nigeria,,,general legal education,blog,not confirmed,41,6857,17.12,not available locally,not available locally,not available locally,,not public,none detected,image recovery needed,restore as blog post,/resources/blog/attestation-of-certificate-in-nigeria,https://chamanlawfirm.com/resources/blog/attestation-of-certificate-in-nigeria,not checked,image recovery needed,low/medium - editorial and legal review still required,low/medium - compare against existing live content before publication,304,"answer block, FAQs, lawyer CTA, practice-area links",Broad blog migration remains on hold; restore only through controlled lawyer-reviewed batches.
https://chamanlawfirm.com/rules-and-regulations-of-doing-business-in-niger,Rules And Regulations Of Doing Business In Niger,,,corporate/commercial,service,not confirmed,30,4380,26.26,not available locally,not available locally,not available locally,/practice-areas/corporate-commercial-law,not public,none detected,image recovery needed,exact redirect to existing live equivalent,/practice-areas/corporate-commercial-law,https://chamanlawfirm.com/practice-areas/corporate-commercial-law,included,image recovery needed,low/medium - editorial and legal review still required,medium - confirm old topic should merge into existing practice/service page,304,"service answer block, process steps, FAQs, consultation CTA",Sprint 11E urgent non-blog rescue candidate; target is existing public service/practice page.
https://chamanlawfirm.com/obtaining-a-certificate-of-occupancy-in-lagos,Obtaining A Certificate Of Occupancy In Lagos,Powerful Steps: Obtaining Certificate of Occupancy in Lagos,"Obtaining a Certificate of Occupancy (C of O) in Lagos? Learn the detailed process of securing it including requirements, fees and timelines.",property/title,blog,hidden Sanity draft; do not redirect,15,1899,8.35,not available locally,not available locally,not available locally,,not public,hidden/unapproved,image recovery needed,keep hidden pending image/source repair,/resources/blog/obtaining-a-certificate-of-occupancy-in-lagos,https://chamanlawfirm.com/resources/blog/obtaining-a-certificate-of-occupancy-in-lagos,not checked,image recovery needed,low/medium - editorial and legal review still required,medium - compare hidden draft against public practice/page before approval,304,"answer block, FAQs, lawyer CTA, practice-area links",Broad blog migration remains on hold; restore only through controlled lawyer-reviewed batches.
https://chamanlawfirm.com/family-courts-and-specialized-tribunals,Family Courts And Specialized Tribunals,Family Courts And Specialized Tribunals; Transformative Justice: How Family Courts and Specialized Tribunals Are Revolutionizing Dispute Resolution in Nigeria,Family Courts And Specialized Tribunals One of the principal motivations behind the establishment of both Family Courts and Specialized Tribunals is the realization...,litigation/ADR,blog,hidden Sanity draft; do not redirect,24,3295,14.84,not available locally,not available locally,not available locally,,not public,hidden/unapproved,image recovery needed,keep hidden pending image/source repair,/resources/blog/family-courts-and-specialized-tribunals,https://chamanlawfirm.com/resources/blog/family-courts-and-specialized-tribunals,not checked,image recovery needed,low/medium - editorial and legal review still required,medium - compare hidden draft against public practice/page before approval,303,"answer block, FAQs, lawyer CTA, practice-area links",Broad blog migration remains on hold; restore only through controlled lawyer-reviewed batches.
https://chamanlawfirm.com/top-10-questions-about-probate-in-nigeria,Top 10 Questions About Probate In Nigeria,Powerful Steps: Top 10 Questions About Probate in Nigeria,"Discover Top 10 Questions About Probate in Nigeria. Learn about process, cost, and legal guidance with Chaman Law Firm experts.",probate/estate,service,hidden Sanity draft; do not redirect,7,767,5.86,not available locally,not available locally,not available locally,,not public,hidden/unapproved,image recovery needed,keep hidden pending legal review,/practice-areas/probate-estate-administration,https://chamanlawfirm.com/practice-areas/probate-estate-administration,included,image recovery needed,high - lawyer review required before publication,medium - confirm old topic should merge into existing practice/service page,303,"service answer block, process steps, FAQs, consultation CTA",source body not present in Phase 5C prepared drafts; SEO title requires RankMath/source preservation or rewrite; meta description requires RankMath/source preservation or rewrite; image recovery/fallback required
https://chamanlawfirm.com/domestic-violence-ground-for-dissolution-of-marriage-and-its-criminal-implications,Domestic Violence Ground For Dissolution Of Marriage And Its Criminal Implications,Domestic Violence as a Ground for Dissolution of Marriage in Nigeria,DOMESTIC VIOLENCE: GROUND FOR DISSOLUTION OF MARRIAGE AND ITS CRIMINAL IMPLICATIONS INTRODUCTION: The divorce laws and the process of divorce in Nigeria are topical issues for any person contemplating a divorce in Nige,family law,blog,redirect configured to /resources/blog/domestic-violence-ground-for-dissolution-of-marriage-and-its-criminal-implications,70,1177,17.81,not available locally,not available locally,not available locally,/resources/blog/domestic-violence-ground-for-dissolution-of-marriage-and-its-criminal-implications,approved public,none detected,image and alt present in Sanity,exact redirect to existing live equivalent,/resources/blog/domestic-violence-ground-for-dissolution-of-marriage-and-its-criminal-implications,https://chamanlawfirm.com/resources/blog/domestic-violence-ground-for-dissolution-of-marriage-and-its-criminal-implications,included,image and alt present in Sanity,high - lawyer review required before publication,low - already public,302,"answer block, FAQs, lawyer CTA, practice-area links",Broad blog migration remains on hold; restore only through controlled lawyer-reviewed batches.
https://chamanlawfirm.com/protect-your-properties-from-family-disputes,Protect Your Properties From Family Disputes,Powerful Steps: Protect Your Properties from Family Disputes,Discover effective ways to protect your properties from family disputes in Ogun State - Protect your inheritance with legal tips and smart planning.,litigation/ADR,blog,hidden Sanity draft; do not redirect,5,620,4.81,not available locally,not available locally,not available locally,,not public,hidden/unapproved,image recovery needed,keep hidden pending image/source repair,/resources/blog/protect-your-properties-from-family-disputes,https://chamanlawfirm.com/resources/blog/protect-your-properties-from-family-disputes,not checked,image recovery needed,medium - verify current law and facts before publication,medium - compare hidden draft against public practice/page before approval,301,"answer block, FAQs, lawyer CTA, practice-area links",Broad blog migration remains on hold; restore only through controlled lawyer-reviewed batches.
https://chamanlawfirm.com/remedies-for-wrongful-dismissal-in-nigeria,Remedies For Wrongful Dismissal In Nigeria,,,general legal education,blog,not confirmed,49,2492,15.38,not available locally,not available locally,not available locally,,not public,none detected,image recovery needed,restore as blog post,/resources/blog/remedies-for-wrongful-dismissal-in-nigeria,https://chamanlawfirm.com/resources/blog/remedies-for-wrongful-dismissal-in-nigeria,not checked,image recovery needed,low/medium - editorial and legal review still required,low/medium - compare against existing live content before publication,300,"answer block, FAQs, lawyer CTA, practice-area links",Broad blog migration remains on hold; restore only through controlled lawyer-reviewed batches.
https://chamanlawfirm.com/nigerian-courts-handle-class-action-lawsuits,Nigerian Courts Handle Class Action Lawsuits,Nigerian Courts Handle Class Action Lawsuits,"Introduction Class action lawsuits and representative actions are relatively recent developments in Nigerian litigation. While not as prevalent as in some other jurisdictions, these forms of collective redress are gain",litigation/ADR,blog,hidden Sanity draft; do not redirect,15,1549,9.57,not available locally,not available locally,not available locally,,not public,hidden/unapproved,image recovery needed,keep hidden pending image/source repair,/resources/blog/nigerian-courts-handle-class-action-lawsuits,https://chamanlawfirm.com/resources/blog/nigerian-courts-handle-class-action-lawsuits,not checked,image recovery needed,low/medium - editorial and legal review still required,medium - compare hidden draft against public practice/page before approval,300,"answer block, FAQs, lawyer CTA, practice-area links",Broad blog migration remains on hold; restore only through controlled lawyer-reviewed batches.
https://chamanlawfirm.com/procedure-for-company-registration-in-nigeria,Procedure For Company Registration In Nigeria,Proven Steps: Procedure for Company Registration in Nigeria,"the Procedure for Company Registration in Nigeria, including required documents, CAC steps, and legal guidelines for setting up a business.",corporate/commercial,blog,approved Sanity post; missing old-url redirect,33,16443,31.34,not available locally,not available locally,not available locally,,approved public,none detected,image and alt present in Sanity,exact redirect to existing live equivalent,/resources/blog/procedure-for-company-registration-in-nigeria,https://chamanlawfirm.com/resources/blog/procedure-for-company-registration-in-nigeria,included,image and alt present in Sanity,low/medium - editorial and legal review still required,low - already public,299,"answer block, FAQs, lawyer CTA, practice-area links",Broad blog migration remains on hold; restore only through controlled lawyer-reviewed batches.
https://chamanlawfirm.com/hidden-costs-when-buying-land-in-lagos,Hidden Costs When Buying Land In Lagos,Powerful Steps: Hidden Costs - When Buying Land in Lagos,Hidden Costs - When Buying Land in Lagos - from survey fees to documentation charges — and avoid unexpected expenses / Chaman Law Firm,property/title,blog,hidden Sanity draft; do not redirect,12,2820,6.11,not available locally,not available locally,not available locally,,not public,hidden/unapproved,image recovery needed,keep hidden pending image/source repair,/resources/blog/hidden-costs-when-buying-land-in-lagos,https://chamanlawfirm.com/resources/blog/hidden-costs-when-buying-land-in-lagos,not checked,image recovery needed,medium - verify current law and facts before publication,medium - compare hidden draft against public practice/page before approval,298,"answer block, FAQs, lawyer CTA, practice-area links",Broad blog migration remains on hold; restore only through controlled lawyer-reviewed batches.
https://chamanlawfirm.com/family-disputes-with-international-dimension,Family Disputes With International Dimension,Family Disputes With International Dimension; Essential Guide to Resolving Complex International Family Disputes under Nigerian Law,"Family Disputes With International Dimension Another critical area for improvement lies in public education and legal awareness. Many Nigerian citizens, both at home and...",litigation/ADR,blog,hidden Sanity draft; do not redirect,26,1524,14.06,not available locally,not available locally,not available locally,,not public,hidden/unapproved,image recovery needed,keep hidden pending image/source repair,/resources/blog/family-disputes-with-international-dimension,https://chamanlawfirm.com/resources/blog/family-disputes-with-international-dimension,not checked,image recovery needed,medium - verify current law and facts before publication,medium - compare hidden draft against public practice/page before approval,295,"answer block, FAQs, lawyer CTA, practice-area links",Broad blog migration remains on hold; restore only through controlled lawyer-reviewed batches.
https://chamanlawfirm.com/where-do-i-verify-land-documents-in-ogun-state,Where Do I Verify Land Documents In Ogun State,Powerful Steps: Where do i Verify land documents in Ogun,Learn how and where to verify land documents in Ogun State to ensure property legitimacy. Chaman Law Firm guides you through the processes,property/title,blog,hidden Sanity draft; do not redirect,14,1491,8.68,not available locally,not available locally,not available locally,,not public,hidden/unapproved,image recovery needed,keep hidden pending image/source repair,/resources/blog/where-do-i-verify-land-documents-in-ogun-state,https://chamanlawfirm.com/resources/blog/where-do-i-verify-land-documents-in-ogun-state,not checked,image recovery needed,medium - verify current law and facts before publication,medium - compare hidden draft against public practice/page before approval,295,"answer block, FAQs, lawyer CTA, practice-area links",Broad blog migration remains on hold; restore only through controlled lawyer-reviewed batches.
https://chamanlawfirm.com/how-does-the-land-use-act-involve-the-surveyor-generals-office,How Does The Land Use Act Involve The Surveyor Generals Office,How Does The Land Use Act Involve The Surveyor Generals Office,"The Land Use Act of 1978 is a significant piece of legislation in Nigeria, governing land ownership, allocation, and use. It outlines a comprehensive framework for land administration and provides for the establishment",property/title,blog,hidden Sanity draft; do not redirect,25,1776,12.98,not available locally,not available locally,not available locally,,not public,hidden/unapproved,image recovery needed,keep hidden pending image/source repair,/resources/blog/how-does-the-land-use-act-involve-the-surveyor-generals-office,https://chamanlawfirm.com/resources/blog/how-does-the-land-use-act-involve-the-surveyor-generals-office,not checked,image recovery needed,medium - verify current law and facts before publication,medium - compare hidden draft against public practice/page before approval,293,"answer block, FAQs, lawyer CTA, practice-area links",Broad blog migration remains on hold; restore only through controlled lawyer-reviewed batches.
https://chamanlawfirm.com/governors-consent-how-long-does-it-take,Governors Consent How Long Does It Take,,,property/title,service,redirect configured to /practice-areas/property-real-estate-law/governors-consent,10,1104,7.94,not available locally,not available locally,not available locally,/practice-areas/property-real-estate-law/governors-consent,not public,none detected,image recovery needed,exact redirect to existing live equivalent,/practice-areas/property-real-estate-law/governors-consent,https://chamanlawfirm.com/practice-areas/property-real-estate-law/governors-consent,included,image recovery needed,medium - verify current law and facts before publication,medium - confirm old topic should merge into existing practice/service page,291,"service answer block, process steps, FAQs, consultation CTA",Legacy timing-intent URL maps to the live Governor's Consent service page.
https://chamanlawfirm.com/legal-advice-for-joint-ventures-in-nigeria-a-comprehensive-guide,Legal Advice For Joint Ventures In Nigeria A Comprehensive Guide,,,general legal education,blog,not confirmed,47,2470,15.17,not available locally,not available locally,not available locally,,not public,none detected,image recovery needed,restore as blog post,/resources/blog/legal-advice-for-joint-ventures-in-nigeria-a-comprehensive-guide,https://chamanlawfirm.com/resources/blog/legal-advice-for-joint-ventures-in-nigeria-a-comprehensive-guide,not checked,image recovery needed,low/medium - editorial and legal review still required,low/medium - compare against existing live content before publication,290,"answer block, FAQs, lawyer CTA, practice-area links",Broad blog migration remains on hold; restore only through controlled lawyer-reviewed batches.
https://chamanlawfirm.com/best-probate-lawyers-in-ogun-state,Best Probate Lawyers In Ogun State,Powerful Step: Best Probate Lawyers in Ogun State,"Best probate lawyers in Ogun State with Chaman Law Firm, offering guidance on grant of probate, estate management, and administration",probate/estate,service,hidden Sanity draft; do not redirect,16,1018,13.23,not available locally,not available locally,not available locally,,not public,hidden/unapproved,image recovery needed,keep hidden pending legal review,/practice-areas/probate-estate-administration,https://chamanlawfirm.com/practice-areas/probate-estate-administration,included,image recovery needed,high - lawyer review required before publication,medium - confirm old topic should merge into existing practice/service page,290,"service answer block, process steps, FAQs, consultation CTA",source body not present in Phase 5C prepared drafts; SEO title requires RankMath/source preservation or rewrite; meta description requires RankMath/source preservation or rewrite; image recovery/fallback required
https://chamanlawfirm.com/consumer-contracts-and-guarantee,Consumer Contracts And Guarantee,Consumer Contracts And Guarantee: Empowering Consumers: Understanding the Powerful Legal Strength Behind Contracts and Guarantees,Consumer Contracts And Guarantee Explore the legal aspects of consumer contracts and guarantees that protect businesses and consumers in their transactions...,corporate/commercial,service,hidden Sanity draft; do not redirect,9,1464,20.8,not available locally,not available locally,not available locally,,not public,hidden/unapproved,image recovery needed,merge into existing stronger live page,/practice-areas/corporate-commercial-law,https://chamanlawfirm.com/practice-areas/corporate-commercial-law,included,image recovery needed,medium - verify current law and facts before publication,medium - confirm old topic should merge into existing practice/service page,290,"service answer block, process steps, FAQs, consultation CTA",source body not present in Phase 5C prepared drafts; SEO title requires RankMath/source preservation or rewrite; meta description requires RankMath/source preservation or rewrite; image recovery/fallback required
https://chamanlawfirm.com/formation-of-joint-ventures-in-nigeria,Formation Of Joint Ventures In Nigeria,,,general legal education,blog,not confirmed,46,2897,12.57,not available locally,not available locally,not available locally,,not public,none detected,image recovery needed,restore as blog post,/resources/blog/formation-of-joint-ventures-in-nigeria,https://chamanlawfirm.com/resources/blog/formation-of-joint-ventures-in-nigeria,not checked,image recovery needed,low/medium - editorial and legal review still required,low/medium - compare against existing live content before publication,289,"answer block, FAQs, lawyer CTA, practice-area links",Broad blog migration remains on hold; restore only through controlled lawyer-reviewed batches.
https://chamanlawfirm.com/understanding-the-certificate-of-occupancy-c,Understanding The Certificate Of Occupancy C,Understanding The Certificate Of Occupancy C,Understanding the Certificate of Occupancy (C of O) in Nigeria: 6 Steps Legal Perspective,property/title,blog,hidden Sanity draft; do not redirect,22,2912,16.36,not available locally,not available locally,not available locally,,not public,hidden/unapproved,image recovery needed,keep hidden pending image/source repair,/resources/blog/understanding-the-certificate-of-occupancy-c,https://chamanlawfirm.com/resources/blog/understanding-the-certificate-of-occupancy-c,not checked,image recovery needed,low/medium - editorial and legal review still required,medium - compare hidden draft against public practice/page before approval,289,"answer block, FAQs, lawyer CTA, practice-area links",Broad blog migration remains on hold; restore only through controlled lawyer-reviewed batches.
https://chamanlawfirm.com/termination-of-construction-contracts,Termination Of Construction Contracts,Termination Of Construction Contracts; Navigating the Termination of Construction Contracts: Understanding the Process and Its Implications-A Critical Overview,Termination Of Construction Contracts Navigating the Termination of Construction Contracts: Understanding the Process and Its Implications...,corporate/commercial,service,hidden Sanity draft; do not redirect,8,1882,42.92,not available locally,not available locally,not available locally,,not public,hidden/unapproved,image recovery needed,merge into existing stronger live page,/practice-areas/corporate-commercial-law,https://chamanlawfirm.com/practice-areas/corporate-commercial-law,included,image recovery needed,medium - verify current law and facts before publication,medium - confirm old topic should merge into existing practice/service page,289,"service answer block, process steps, FAQs, consultation CTA",source body not present in Phase 5C prepared drafts; SEO title requires RankMath/source preservation or rewrite; meta description requires RankMath/source preservation or rewrite; image recovery/fallback required
https://chamanlawfirm.com/proven-steps-on-land-allocation-and-ownership,Proven Steps On Land Allocation And Ownership,Proven Steps on Land Allocation and Ownership,Traditional institutions in Nigeria play a pivotal role in land allocation and ownership. This comprehensive guide explores the significance of these,property/title,blog,approved Sanity post; missing old-url redirect,43,4282,10.76,not available locally,not available locally,not available locally,,approved public,none detected,image and alt present in Sanity,exact redirect to existing live equivalent,/resources/blog/proven-steps-on-land-allocation-and-ownership,https://chamanlawfirm.com/resources/blog/proven-steps-on-land-allocation-and-ownership,included,image and alt present in Sanity,medium - verify current law and facts before publication,low - already public,288,"answer block, FAQs, lawyer CTA, practice-area links",Broad blog migration remains on hold; restore only through controlled lawyer-reviewed batches.
https://chamanlawfirm.com/steps-on-how-to-company-in-nigeria,Steps On How To Company In Nigeria,Steps On How To Company In Nigeria,Introduction Incorporating a company in Nigeria is a crucial step for entrepreneurs looking to establish a legal business entity. This process not only provides legal protection and credibility but also enables busines,corporate/commercial,service,hidden Sanity draft; do not redirect,8,1835,23.98,not available locally,not available locally,not available locally,,not public,hidden/unapproved,image recovery needed,merge into existing stronger live page,/practice-areas/corporate-commercial-law,https://chamanlawfirm.com/practice-areas/corporate-commercial-law,included,image recovery needed,low/medium - editorial and legal review still required,medium - confirm old topic should merge into existing practice/service page,288,"service answer block, process steps, FAQs, consultation CTA",source body not present in Phase 5C prepared drafts; SEO title requires RankMath/source preservation or rewrite; meta description requires RankMath/source preservation or rewrite; image recovery/fallback required
https://chamanlawfirm.com/real-estate-title-frauds-in-nigeria,Real Estate Title Frauds In Nigeria,Real Estate Title Frauds In Nigeria,HOW TO AVOID TITLE FRAUDS IN NIGERIA'S REAL ESTATE SECTOR,property/title,blog,hidden Sanity draft; do not redirect,24,1716,14.75,not available locally,not available locally,not available locally,,not public,hidden/unapproved,image recovery needed,keep hidden pending image/source repair,/resources/blog/real-estate-title-frauds-in-nigeria,https://chamanlawfirm.com/resources/blog/real-estate-title-frauds-in-nigeria,not checked,image recovery needed,low/medium - editorial and legal review still required,medium - compare hidden draft against public practice/page before approval,287,"answer block, FAQs, lawyer CTA, practice-area links",Broad blog migration remains on hold; restore only through controlled lawyer-reviewed batches.
https://chamanlawfirm.com/dealing-with-abadtenantinlagos-for-landlords,Dealing With Abadtenantinlagos For Landlords,Dealing With Abadtenantinlagos For Landlords,"Introduction As a landlord in Lagos State, there’s no doubt that renting out property can come with its fair share of challenges. Among the most frustrating experiences is dealing with bad tenants—those who refuse to p",property/title,blog,hidden Sanity draft; do not redirect,24,1647,14.24,not available locally,not available locally,not available locally,,not public,hidden/unapproved,image recovery needed,keep hidden pending image/source repair,/resources/blog/dealing-with-abadtenantinlagos-for-landlords,https://chamanlawfirm.com/resources/blog/dealing-with-abadtenantinlagos-for-landlords,not checked,image recovery needed,medium - verify current law and facts before publication,medium - compare hidden draft against public practice/page before approval,286,"answer block, FAQs, lawyer CTA, practice-area links",Broad blog migration remains on hold; restore only through controlled lawyer-reviewed batches.
https://chamanlawfirm.com/capital-gains-tax-a-step-by-step-guide,Capital Gains Tax A Step By Step Guide,Powerful Steps: Capital Gains Tax: A Step-by-Step Guide,"Capital Gains Tax: A Step-by-Step Guide - Learn how to calculate capital gains tax when selling property in Lagos - rates, deductions",corporate/commercial,blog,hidden Sanity draft; do not redirect,10,2573,6.62,not available locally,not available locally,not available locally,,not public,hidden/unapproved,image recovery needed,keep hidden pending image/source repair,/resources/blog/capital-gains-tax-a-step-by-step-guide,https://chamanlawfirm.com/resources/blog/capital-gains-tax-a-step-by-step-guide,not checked,image recovery needed,medium - verify current law and facts before publication,medium - compare hidden draft against public practice/page before approval,286,"answer block, FAQs, lawyer CTA, practice-area links",Broad blog migration remains on hold; restore only through controlled lawyer-reviewed batches.
https://chamanlawfirm.com/how-tohandle-land-disputes-withfamilymembers,How Tohandle Land Disputes Withfamilymembers,How to Handle Land Disputes With Family Members,"Introduction Family land disputes are a common challenge in Nigeria, especially in situations involving inheritance, unclear ownership, or lack of proper documentation. These disputes can escalate quickly, leading to s",property/title,blog,approved Sanity post; missing old-url redirect,36,1452,7.44,not available locally,not available locally,not available locally,,approved public,none detected,image and alt present in Sanity,exact redirect to existing live equivalent,/resources/blog/how-tohandle-land-disputes-withfamilymembers,https://chamanlawfirm.com/resources/blog/how-tohandle-land-disputes-withfamilymembers,included,image and alt present in Sanity,medium - verify current law and facts before publication,low - already public,285,"answer block, FAQs, lawyer CTA, practice-area links",Broad blog migration remains on hold; restore only through controlled lawyer-reviewed batches.
https://chamanlawfirm.com/how-to-create-legal-mortgages-in-nigeria,How To Create Legal Mortgages In Nigeria,,,general legal education,blog,not confirmed,45,2924,14.51,not available locally,not available locally,not available locally,,not public,none detected,image recovery needed,restore as blog post,/resources/blog/how-to-create-legal-mortgages-in-nigeria,https://chamanlawfirm.com/resources/blog/how-to-create-legal-mortgages-in-nigeria,not checked,image recovery needed,low/medium - editorial and legal review still required,low/medium - compare against existing live content before publication,284,"answer block, FAQs, lawyer CTA, practice-area links",Broad blog migration remains on hold; restore only through controlled lawyer-reviewed batches.
https://chamanlawfirm.com/title-search-and-land-ownership-in-nigeria,Title Search And Land Ownership In Nigeria,,,property/title,blog,not confirmed,36,7407,10.3,not available locally,not available locally,not available locally,,not public,none detected,image recovery needed,restore as blog post,/resources/blog/title-search-and-land-ownership-in-nigeria,https://chamanlawfirm.com/resources/blog/title-search-and-land-ownership-in-nigeria,not checked,image recovery needed,medium - verify current law and facts before publication,low/medium - compare against existing live content before publication,284,"answer block, FAQs, lawyer CTA, practice-area links",Broad blog migration remains on hold; restore only through controlled lawyer-reviewed batches.
https://chamanlawfirm.com/letters-of-administration-in-lagos-state,Letters Of Administration In Lagos State,Powerful Steps: Letters of Administration in Lagos,"Procedure for Letters of Administration in Lagos State - Understand the process, required documents, and probate court procedures.",probate/estate,blog,approved Sanity post; missing old-url redirect,34,2300,6.22,not available locally,not available locally,not available locally,,approved public,none detected,image and alt present in Sanity,exact redirect to existing live equivalent,/resources/blog/letters-of-administration-in-lagos-state,https://chamanlawfirm.com/resources/blog/letters-of-administration-in-lagos-state,included,image and alt present in Sanity,low/medium - editorial and legal review still required,low - already public,283,"answer block, FAQs, lawyer CTA, practice-area links",Broad blog migration remains on hold; restore only through controlled lawyer-reviewed batches.
https://chamanlawfirm.com/what-step-should-i-take-if-someone-encroaches,What Step Should I Take If Someone Encroaches,,,general legal education,blog,not confirmed,18,4188,2.5,not available locally,possible high-ranking candidate; no local featured-snippet export,not available locally,,not public,none detected,image recovery needed,restore as blog post,/resources/blog/what-step-should-i-take-if-someone-encroaches,https://chamanlawfirm.com/resources/blog/what-step-should-i-take-if-someone-encroaches,not checked,image recovery needed,low/medium - editorial and legal review still required,low/medium - compare against existing live content before publication,282,"answer block, FAQs, lawyer CTA, practice-area links",Broad blog migration remains on hold; restore only through controlled lawyer-reviewed batches.
https://chamanlawfirm.com/dealing-with-land-encroachment-in-ogun-state,Dealing With Land Encroachment In Ogun State,Powerful Steps: Dealing with Land Encroachment in Ogun State,"Dealing with Land Encroachment in Ogun State -Learn how to identify land encroachment, know your rights / take the right steps to resolve the issue",property/title,blog,hidden Sanity draft; do not redirect,13,656,7.57,not available locally,not available locally,not available locally,,not public,hidden/unapproved,image recovery needed,keep hidden pending image/source repair,/resources/blog/dealing-with-land-encroachment-in-ogun-state,https://chamanlawfirm.com/resources/blog/dealing-with-land-encroachment-in-ogun-state,not checked,image recovery needed,medium - verify current law and facts before publication,medium - compare hidden draft against public practice/page before approval,282,"answer block, FAQs, lawyer CTA, practice-area links",Broad blog migration remains on hold; restore only through controlled lawyer-reviewed batches.
https://chamanlawfirm.com/essential-requir-trust-the-three-creation,Essential Requir Trust The Three Creation,,,general legal education,blog,not confirmed,45,2564,11.87,not available locally,not available locally,not available locally,,not public,none detected,image recovery needed,restore as blog post,/resources/blog/essential-requir-trust-the-three-creation,https://chamanlawfirm.com/resources/blog/essential-requir-trust-the-three-creation,not checked,image recovery needed,low/medium - editorial and legal review still required,low/medium - compare against existing live content before publication,281,"answer block, FAQs, lawyer CTA, practice-area links",Broad blog migration remains on hold; restore only through controlled lawyer-reviewed batches.
https://chamanlawfirm.com/land-acquisition-in-nigeria-2,Land Acquisition In Nigeria 2,,,property/title,blog,not confirmed,43,3600,14.96,not available locally,not available locally,not available locally,,not public,none detected,image recovery needed,restore as blog post,/resources/blog/land-acquisition-in-nigeria-2,https://chamanlawfirm.com/resources/blog/land-acquisition-in-nigeria-2,not checked,image recovery needed,medium - verify current law and facts before publication,low/medium - compare against existing live content before publication,281,"answer block, FAQs, lawyer CTA, practice-area links",Broad blog migration remains on hold; restore only through controlled lawyer-reviewed batches.
https://chamanlawfirm.com/diff-between-testate-and-intestate-succession,Diff Between Testate And Intestate Succession,,,probate/estate,blog,not confirmed,41,4631,18.82,not available locally,not available locally,not available locally,,not public,none detected,image recovery needed,restore as blog post,/resources/blog/diff-between-testate-and-intestate-succession,https://chamanlawfirm.com/resources/blog/diff-between-testate-and-intestate-succession,not checked,image recovery needed,low/medium - editorial and legal review still required,low/medium - compare against existing live content before publication,281,"answer block, FAQs, lawyer CTA, practice-area links",Broad blog migration remains on hold; restore only through controlled lawyer-reviewed batches.
https://chamanlawfirm.com/understanding-the-land-use-act-6-proven,Understanding The Land Use Act 6 Proven,Understanding The Land Use Act 6 Proven,"Introduction The Land Use Act of 1978 is a cornerstone of property ownership and land transactions in Nigeria. For property investors, understanding this vital legislation is not just important—it’s essential for succe",property/title,blog,hidden Sanity draft; do not redirect,18,4066,10.27,not available locally,not available locally,not available locally,,not public,hidden/unapproved,image recovery needed,keep hidden pending image/source repair,/resources/blog/understanding-the-land-use-act-6-proven,https://chamanlawfirm.com/resources/blog/understanding-the-land-use-act-6-proven,not checked,image recovery needed,medium - verify current law and facts before publication,medium - compare hidden draft against public practice/page before approval,281,"answer block, FAQs, lawyer CTA, practice-area links",Broad blog migration remains on hold; restore only through controlled lawyer-reviewed batches.
https://chamanlawfirm.com/environmental-law-and-corporate,Environmental Law And Corporate,Environmental Law And Corporate,Environmental Law and Corporate Liability: Legal Implications for Industrial Pollution in Nigeria,corporate/commercial,service,hidden Sanity draft; do not redirect,8,960,27.33,not available locally,not available locally,not available locally,,not public,hidden/unapproved,image recovery needed,merge into existing stronger live page,/practice-areas/corporate-commercial-law,https://chamanlawfirm.com/practice-areas/corporate-commercial-law,included,image recovery needed,low/medium - editorial and legal review still required,medium - confirm old topic should merge into existing practice/service page,280,"service answer block, process steps, FAQs, consultation CTA",source body not present in Phase 5C prepared drafts; SEO title requires RankMath/source preservation or rewrite; meta description requires RankMath/source preservation or rewrite; image recovery/fallback required
https://chamanlawfirm.com/consequences-of-intestacy-on-business,Consequences Of Intestacy On Business,,,corporate/commercial,service,not confirmed,20,884,10.86,not available locally,not available locally,not available locally,,not public,none detected,image recovery needed,merge into existing stronger live page,/practice-areas/corporate-commercial-law,https://chamanlawfirm.com/practice-areas/corporate-commercial-law,included,image recovery needed,low/medium - editorial and legal review still required,medium - confirm old topic should merge into existing practice/service page,279,"service answer block, process steps, FAQs, consultation CTA",source body not present in Phase 5C prepared drafts; SEO title requires RankMath/source preservation or rewrite; meta description requires RankMath/source preservation or rewrite; image recovery/fallback required; redirect planning only; do not publish as article without equivalent content
https://chamanlawfirm.com/corporate-governance-failures-on-debt,Corporate Governance Failures On Debt,Corporate Governance Failures On Debt: Devastating Effects of Corporate Governance Failures on Debt Collection in Nigeria,Corporate Governance Failures On Debt,corporate/commercial,service,hidden Sanity draft; do not redirect,8,942,38.4,not available locally,not available locally,not available locally,,not public,hidden/unapproved,image recovery needed,merge into existing stronger live page,/practice-areas/corporate-commercial-law,https://chamanlawfirm.com/practice-areas/corporate-commercial-law,included,image recovery needed,medium - verify current law and facts before publication,medium - confirm old topic should merge into existing practice/service page,279,"service answer block, process steps, FAQs, consultation CTA",source body not present in Phase 5C prepared drafts; SEO title requires RankMath/source preservation or rewrite; meta description requires RankMath/source preservation or rewrite; image recovery/fallback required
https://chamanlawfirm.com/verify-land-titles-before-buying-property,Verify Land Titles Before Buying Property,Powerful Steps: Verify Land Titles Before Buying Property,Verify land titles before buying property in Lekki. Chaman Law Firm offers expert legal guidance to ensure safe and secure real estate transactions.,property/title,blog,approved Sanity post; missing old-url redirect,24,6800,7.39,not available locally,not available locally,not available locally,,approved public,none detected,image and alt present in Sanity,exact redirect to existing live equivalent,/resources/blog/verify-land-titles-before-buying-property,https://chamanlawfirm.com/resources/blog/verify-land-titles-before-buying-property,included,image and alt present in Sanity,medium - verify current law and facts before publication,low - already public,278,"answer block, FAQs, lawyer CTA, practice-area links",Broad blog migration remains on hold; restore only through controlled lawyer-reviewed batches.
https://chamanlawfirm.com/what-is-the-cost-of-perfecting-land-title,What Is The Cost Of Perfecting Land Title,Powerful Steps: What Is the Cost of Perfecting Land Title,"What Is the Cost of Perfecting Land Title in Ogun State, Nigeria, including fees, requirements, and legal process explained by Chaman Law Firm.",property/title,blog,approved Sanity post; missing old-url redirect,35,1152,7.79,not available locally,not available locally,not available locally,,approved public,none detected,image and alt present in Sanity,exact redirect to existing live equivalent,/resources/blog/what-is-the-cost-of-perfecting-land-title,https://chamanlawfirm.com/resources/blog/what-is-the-cost-of-perfecting-land-title,included,image and alt present in Sanity,medium - verify current law and facts before publication,low - already public,277,"answer block, FAQs, lawyer CTA, practice-area links",Broad blog migration remains on hold; restore only through controlled lawyer-reviewed batches.
https://chamanlawfirm.com/how-to-start-a-private-lending-company,How To Start A Private Lending Company,How To Start A Private Lending Company,HOW TO START A PRIVATE LENDING COMPANY IN NIGERIA Starting a private lending company in Nigeria involves several steps and considerations. Here is a general guide to help you get started: 1. Understand the Legal Framew,corporate/commercial,service,hidden Sanity draft; do not redirect,7,1185,47.05,not available locally,not available locally,not available locally,,not public,hidden/unapproved,image recovery needed,merge into existing stronger live page,/practice-areas/corporate-commercial-law,https://chamanlawfirm.com/practice-areas/corporate-commercial-law,included,image recovery needed,low/medium - editorial and legal review still required,medium - confirm old topic should merge into existing practice/service page,277,"service answer block, process steps, FAQs, consultation CTA",source body not present in Phase 5C prepared drafts; SEO title requires RankMath/source preservation or rewrite; meta description requires RankMath/source preservation or rewrite; image recovery/fallback required
https://chamanlawfirm.com/right-of-membership-limited-by-shares,Right Of Membership Limited By Shares,,,corporate/commercial,blog,not confirmed,43,3121,18.45,not available locally,not available locally,not available locally,,not public,none detected,image recovery needed,restore as blog post,/resources/blog/right-of-membership-limited-by-shares,https://chamanlawfirm.com/resources/blog/right-of-membership-limited-by-shares,not checked,image recovery needed,low/medium - editorial and legal review still required,low/medium - compare against existing live content before publication,276,"answer block, FAQs, lawyer CTA, practice-area links",Broad blog migration remains on hold; restore only through controlled lawyer-reviewed batches.
https://chamanlawfirm.com/secure-governors-consent-in-ikoyi,Secure Governors Consent In Ikoyi,,,property/title,service,not confirmed,7,1060,6.82,not available locally,not available locally,not available locally,/practice-areas/property-real-estate-law/governors-consent,not public,none detected,image recovery needed,exact redirect to existing live equivalent,/practice-areas/property-real-estate-law/governors-consent,https://chamanlawfirm.com/practice-areas/property-real-estate-law/governors-consent,included,image recovery needed,medium - verify current law and facts before publication,medium - confirm old topic should merge into existing practice/service page,276,"service answer block, process steps, FAQs, consultation CTA",Sprint 11E urgent non-blog rescue candidate; target is existing public service/practice page.
https://chamanlawfirm.com/what-to-know-about-warranties-and-conditions,What To Know About Warranties And Conditions,,,general legal education,blog,not confirmed,42,3392,18.68,not available locally,not available locally,not available locally,,not public,none detected,image recovery needed,restore as blog post,/resources/blog/what-to-know-about-warranties-and-conditions,https://chamanlawfirm.com/resources/blog/what-to-know-about-warranties-and-conditions,not checked,image recovery needed,low/medium - editorial and legal review still required,low/medium - compare against existing live content before publication,274,"answer block, FAQs, lawyer CTA, practice-area links",Broad blog migration remains on hold; restore only through controlled lawyer-reviewed batches.
https://chamanlawfirm.com/stamp-duty-what-buyers-and-sellers-must-know,Stamp Duty What Buyers And Sellers Must Know,,,general legal education,blog,not confirmed,27,4804,8.46,not available locally,not available locally,not available locally,,not public,none detected,image recovery needed,restore as blog post,/resources/blog/stamp-duty-what-buyers-and-sellers-must-know,https://chamanlawfirm.com/resources/blog/stamp-duty-what-buyers-and-sellers-must-know,not checked,image recovery needed,low/medium - editorial and legal review still required,low/medium - compare against existing live content before publication,273,"answer block, FAQs, lawyer CTA, practice-area links",Broad blog migration remains on hold; restore only through controlled lawyer-reviewed batches.
https://chamanlawfirm.com/legal-aspects-of-employment-contracts,Legal Aspects Of Employment Contracts,Legal Aspects Of Employment Contracts; Legal Aspects of Employment Contracts and Agreements: A Comprehensive Guide,Legal Aspects Of Employment Contracts Employment contracts and agreements are fundamental elements of the employer-employee relationship...,corporate/commercial,blog,redirect configured to /resources/blog/legal-aspects-of-employment-contracts,42,3156,16.94,not available locally,not available locally,not available locally,/resources/blog/legal-aspects-of-employment-contracts,not public,hidden/unapproved,image recovery needed,exact redirect to existing live equivalent,/resources/blog/legal-aspects-of-employment-contracts,https://chamanlawfirm.com/resources/blog/legal-aspects-of-employment-contracts,not checked,image recovery needed,medium - verify current law and facts before publication,medium - compare hidden draft against public practice/page before approval,272,"answer block, FAQs, lawyer CTA, practice-area links",Broad blog migration remains on hold; restore only through controlled lawyer-reviewed batches.
https://chamanlawfirm.com/how-to-handle-land-encroachment-in-lagos,How To Handle Land Encroachment In Lagos,Powerful Steps: How to Handle Land Encroachment in Lagos,How to Handle Land Encroachment in Lagos -,property/title,blog,hidden Sanity draft; do not redirect,11,721,6.19,not available locally,not available locally,not available locally,,not public,hidden/unapproved,image recovery needed,keep hidden pending image/source repair,/resources/blog/how-to-handle-land-encroachment-in-lagos,https://chamanlawfirm.com/resources/blog/how-to-handle-land-encroachment-in-lagos,not checked,image recovery needed,medium - verify current law and facts before publication,medium - compare hidden draft against public practice/page before approval,272,"answer block, FAQs, lawyer CTA, practice-area links",Broad blog migration remains on hold; restore only through controlled lawyer-reviewed batches.
https://chamanlawfirm.com/setting-up-a-fintech-company-in-nigeria,Setting Up A Fintech Company In Nigeria,Setting Up A Fintech Company In Nigeria,"Ultimate Guide: Setting Up A Fintech Company in Nigeria Without Hassles The term ""fintech,"" which refers to financial technology, has been increasingly popular in recent years. It is a word that is used to characterize",corporate/commercial,service,hidden Sanity draft; do not redirect,6,1217,39,not available locally,not available locally,not available locally,,not public,hidden/unapproved,image recovery needed,merge into existing stronger live page,/practice-areas/corporate-commercial-law,https://chamanlawfirm.com/practice-areas/corporate-commercial-law,included,image recovery needed,low/medium - editorial and legal review still required,medium - confirm old topic should merge into existing practice/service page,272,"service answer block, process steps, FAQs, consultation CTA",source body not present in Phase 5C prepared drafts; SEO title requires RankMath/source preservation or rewrite; meta description requires RankMath/source preservation or rewrite; image recovery/fallback required
https://chamanlawfirm.com/how-to-verify-property-titles-in-nigeria,How To Verify Property Titles In Nigeria,How to Verify Property Titles in Nigeria,Learn how to verify property titles in Nigeria before buying land or property. Avoid scams and secure your investment with this legal step-by-step. . .,property/title,blog,approved Sanity post; missing old-url redirect,25,5629,9.77,not available locally,not available locally,not available locally,,approved public,none detected,image and alt present in Sanity,exact redirect to existing live equivalent,/resources/blog/how-to-verify-property-titles-in-nigeria,https://chamanlawfirm.com/resources/blog/how-to-verify-property-titles-in-nigeria,included,image and alt present in Sanity,medium - verify current law and facts before publication,low - already public,271,"answer block, FAQs, lawyer CTA, practice-area links",Broad blog migration remains on hold; restore only through controlled lawyer-reviewed batches.
https://chamanlawfirm.com/index.php,Index.Php,,,general legal education,blog,not confirmed,24,109,2.89,not available locally,possible high-ranking candidate; no local featured-snippet export,not available locally,,not public,none detected,image recovery needed,restore as blog post,/resources/blog/index.php,https://chamanlawfirm.com/resources/blog/index.php,not checked,image recovery needed,low/medium - editorial and legal review still required,low/medium - compare against existing live content before publication,271,"answer block, FAQs, lawyer CTA, practice-area links",Broad blog migration remains on hold; restore only through controlled lawyer-reviewed batches.
https://chamanlawfirm.com/how-to-alter-a-will,How To Alter A Will,How To Alter A Will,"HOW TO ALTER A WILL, As changes happen to your family and circumstances it is essential that your will should be revised....",probate/estate,service,hidden Sanity draft; do not redirect,21,2482,39.4,not available locally,not available locally,not available locally,,not public,hidden/unapproved,image recovery needed,keep hidden pending legal review,/practice-areas/probate-estate-administration,https://chamanlawfirm.com/practice-areas/probate-estate-administration,included,image recovery needed,high - lawyer review required before publication,medium - confirm old topic should merge into existing practice/service page,270,"service answer block, process steps, FAQs, consultation CTA",source body not present in Phase 5C prepared drafts; SEO title requires RankMath/source preservation or rewrite; meta description requires RankMath/source preservation or rewrite; image recovery/fallback required
https://chamanlawfirm.com/land-encumbrances-and-burdens-be-addressed,Land Encumbrances And Burdens Be Addressed,Land Encumbrances And Burdens Be Addressed,How Can Issues of Land Encumbrances and Burdens be Addressed in Nigeria? Addressing issues of land encumbrances and burdens is crucial in Nigeria to ensure clear and unencumbered property ownership. Encumbrances refer,property/title,blog,hidden Sanity draft; do not redirect,11,516,7.48,not available locally,not available locally,not available locally,,not public,hidden/unapproved,image recovery needed,keep hidden pending image/source repair,/resources/blog/land-encumbrances-and-burdens-be-addressed,https://chamanlawfirm.com/resources/blog/land-encumbrances-and-burdens-be-addressed,not checked,image recovery needed,medium - verify current law and facts before publication,medium - compare hidden draft against public practice/page before approval,270,"answer block, FAQs, lawyer CTA, practice-area links",Broad blog migration remains on hold; restore only through controlled lawyer-reviewed batches.
https://chamanlawfirm.com/what-are-the-property-taxes-in-ogun-state,What Are The Property Taxes In Ogun State,Powerful Steps: What Are the Property Taxes in Ogun State,"What Are the Property Taxes in Ogun State? Learn the key property taxes and understand what’s payable, when, and by whom - Chaman Law Firm",property/title,blog,hidden Sanity draft; do not redirect,10,924,9.22,not available locally,not available locally,not available locally,,not public,hidden/unapproved,image recovery needed,keep hidden pending image/source repair,/resources/blog/what-are-the-property-taxes-in-ogun-state,https://chamanlawfirm.com/resources/blog/what-are-the-property-taxes-in-ogun-state,not checked,image recovery needed,medium - verify current law and facts before publication,medium - compare hidden draft against public practice/page before approval,269,"answer block, FAQs, lawyer CTA, practice-area links",Broad blog migration remains on hold; restore only through controlled lawyer-reviewed batches.
https://chamanlawfirm.com/legally-terminate-shipping-contract-in-nigeria,Legally Terminate Shipping Contract In Nigeria,Legally Terminate Shipping Contract In Nigeria; Avoid Costly Legal Battles: The Ultimate Guide To Legally Terminating Shipping Contracts In Nigeria,"Legally Terminate Shipping Contract In Nigeria Shipping contracts are essential for facilitating the movement of goods across international waters, ensuring that cargo is delivered...",corporate/commercial,service,hidden Sanity draft; do not redirect,7,410,21.64,not available locally,not available locally,not available locally,,not public,hidden/unapproved,image and alt present in hidden Sanity draft,merge into existing stronger live page,/practice-areas/corporate-commercial-law,https://chamanlawfirm.com/practice-areas/corporate-commercial-law,included,image and alt present in hidden Sanity draft,medium - verify current law and facts before publication,medium - confirm old topic should merge into existing practice/service page,269,"service answer block, process steps, FAQs, consultation CTA",source body not present in Phase 5C prepared drafts; SEO title requires RankMath/source preservation or rewrite; meta description requires RankMath/source preservation or rewrite; image recovery/fallback required
https://chamanlawfirm.com/lawyers-help-you-access-inherited-property,Lawyers Help You Access Inherited Property,Powerful Steps: Lawyers Help You Access Inherited Property,"Discover how probate lawyers Help You Access Inherited Property in Nigeria, handling documentation, procedures, and administration efficiently.",property/title,blog,approved Sanity post; missing old-url redirect,6,893,7.5,not available locally,not available locally,not available locally,,approved public,none detected,image and alt present in Sanity,exact redirect to existing live equivalent,/resources/blog/lawyers-help-you-access-inherited-property,https://chamanlawfirm.com/resources/blog/lawyers-help-you-access-inherited-property,included,image and alt present in Sanity,medium - verify current law and facts before publication,low - already public,269,"answer block, FAQs, lawyer CTA, practice-area links",Broad blog migration remains on hold; restore only through controlled lawyer-reviewed batches.
https://chamanlawfirm.com/role-of-community-leaders-in-land-allocation,Role Of Community Leaders In Land Allocation,Role of Community Leaders in Land Allocation,"Role of community leaders is a fundamental resource for sustenance and development, holds immense significance in every society. In Nigeria, the Land Use Act of 1978 serves as the cornerstone of land administration, aimi",property/title,blog,hidden Sanity draft; do not redirect,20,1777,15.17,not available locally,not available locally,not available locally,,not public,hidden/unapproved,image recovery needed,keep hidden pending image/source repair,/resources/blog/role-of-community-leaders-in-land-allocation,https://chamanlawfirm.com/resources/blog/role-of-community-leaders-in-land-allocation,not checked,image recovery needed,medium - verify current law and facts before publication,medium - compare hidden draft against public practice/page before approval,268,"answer block, FAQs, lawyer CTA, practice-area links",Broad blog migration remains on hold; restore only through controlled lawyer-reviewed batches.
https://chamanlawfirm.com/requirements-for-starting-a-business-in-nigeria,Requirements For Starting A Business In Nigeria,,,corporate/commercial,service,not confirmed,19,6343,33.78,not available locally,not available locally,not available locally,/practice-areas/corporate-commercial-law,not public,none detected,image recovery needed,exact redirect to existing live equivalent,/practice-areas/corporate-commercial-law,https://chamanlawfirm.com/practice-areas/corporate-commercial-law,included,image recovery needed,low/medium - editorial and legal review still required,medium - confirm old topic should merge into existing practice/service page,268,"service answer block, process steps, FAQs, consultation CTA",source body not present in Phase 5C prepared drafts; SEO title requires RankMath/source preservation or rewrite; meta description requires RankMath/source preservation or rewrite; image recovery/fallback required
https://chamanlawfirm.com/trademark-classes-in-nigeria-a-strategic-legal-guide-for-businesses,Trademark Classes In Nigeria A Strategic Legal Guide For Businesses,,,corporate/commercial,service,not confirmed,7,318,8.91,not available locally,not available locally,not available locally,/practice-areas/corporate-commercial-law,not public,none detected,image recovery needed,exact redirect to existing live equivalent,/practice-areas/corporate-commercial-law,https://chamanlawfirm.com/practice-areas/corporate-commercial-law,included,image recovery needed,low/medium - editorial and legal review still required,medium - confirm old topic should merge into existing practice/service page,268,"service answer block, process steps, FAQs, consultation CTA",source body not present in Phase 5C prepared drafts; SEO title requires RankMath/source preservation or rewrite; meta description requires RankMath/source preservation or rewrite; image recovery/fallback required
https://chamanlawfirm.com/of-immigration-compliance-lawyers,Of Immigration Compliance Lawyers,Immigration Compliance Lawyers in Nigeria | Chaman Law Firm,"Learn how immigration compliance lawyers help Nigerian businesses and foreign nationals manage documentation, workforce, and regulatory obligations.",immigration,blog,approved Sanity post; missing old-url redirect,5,1295,6.25,not available locally,not available locally,not available locally,,approved public,none detected,image and alt present in Sanity,exact redirect to existing live equivalent,/resources/blog/of-immigration-compliance-lawyers,https://chamanlawfirm.com/resources/blog/of-immigration-compliance-lawyers,included,image and alt present in Sanity,medium - verify current law and facts before publication,low - already public,268,"answer block, FAQs, lawyer CTA, practice-area links",Broad blog migration remains on hold; restore only through controlled lawyer-reviewed batches.
https://chamanlawfirm.com/defenses-and-bars-to-a-petition-for-divorce,Defenses And Bars To A Petition For Divorce,Proven Steps: Defenses and Bars to a Petition for Divorce,"Defenses and Bars to a Petition for Divorce, the court has discretion whether or not to dissolve the marriage if one of the defenses....",family law,blog,hidden Sanity draft; do not redirect,27,1113,7.33,not available locally,not available locally,not available locally,,not public,hidden/unapproved,image recovery needed,keep hidden pending legal review,/resources/blog/defenses-and-bars-to-a-petition-for-divorce,https://chamanlawfirm.com/resources/blog/defenses-and-bars-to-a-petition-for-divorce,not checked,image recovery needed,high - lawyer review required before publication,medium - compare hidden draft against public practice/page before approval,266,"answer block, FAQs, lawyer CTA, practice-area links",Broad blog migration remains on hold; restore only through controlled lawyer-reviewed batches.
https://chamanlawfirm.com/8-steps-on-how-to-file-a-lawsuit-in-nigeria-a-comprehensive-guide-to-the-legal-process,8 Steps On How To File A Lawsuit In Nigeria A Comprehensive Guide To The Legal Process,,,general legal education,blog,not confirmed,31,1991,6.21,not available locally,not available locally,not available locally,,not public,none detected,image recovery needed,restore as blog post,/resources/blog/8-steps-on-how-to-file-a-lawsuit-in-nigeria-a-comprehensive-guide-to-the-legal-process,https://chamanlawfirm.com/resources/blog/8-steps-on-how-to-file-a-lawsuit-in-nigeria-a-comprehensive-guide-to-the-legal-process,not checked,image recovery needed,low/medium - editorial and legal review still required,low/medium - compare against existing live content before publication,265,"answer block, FAQs, lawyer CTA, practice-area links",Broad blog migration remains on hold; restore only through controlled lawyer-reviewed batches.
https://chamanlawfirm.com/employment-law-7-compliance-for-nigerian,Employment Law 7 Compliance For Nigerian,,,employment law,service,not confirmed,18,6451,34.67,not available locally,not available locally,not available locally,/practice-areas/employment-law,not public,none detected,image recovery needed,exact redirect to existing live equivalent,/practice-areas/employment-law,https://chamanlawfirm.com/practice-areas/employment-law,included,image recovery needed,medium - verify current law and facts before publication,medium - confirm old topic should merge into existing practice/service page,265,"service answer block, process steps, FAQs, consultation CTA",source body not present in Phase 5C prepared drafts; SEO title requires RankMath/source preservation or rewrite; meta description requires RankMath/source preservation or rewrite; image recovery/fallback required
https://chamanlawfirm.com/key-differences-explained-deeds-chaman-law-firm,Key Differences Explained Deeds Chaman Law Firm,Powerful Steps: Key Differences Explained -Deeds / Chaman,"Key Differences Explained - types of property agreements - what each document means, when it's used, and how they impact property rights.",property/title,blog,hidden Sanity draft; do not redirect,8,1513,8.25,not available locally,not available locally,not available locally,,not public,hidden/unapproved,image recovery needed,keep hidden pending image/source repair,/resources/blog/key-differences-explained-deeds-chaman-law-firm,https://chamanlawfirm.com/resources/blog/key-differences-explained-deeds-chaman-law-firm,not checked,image recovery needed,low/medium - editorial and legal review still required,medium - compare hidden draft against public practice/page before approval,265,"answer block, FAQs, lawyer CTA, practice-area links",Broad blog migration remains on hold; restore only through controlled lawyer-reviewed batches.
https://chamanlawfirm.com/powerful-step-buying-family-land-in-lagos,Powerful Step Buying Family Land In Lagos,Powerful Step: Buying Family Land in Lagos | Chaman Law Firm,Learn common challenges and risks of buying family land in Lagos. Chaman Law Firm offers expert legal advice for safe land transactions.,property/title,blog,hidden Sanity draft; do not redirect,8,1479,6.27,not available locally,not available locally,not available locally,,not public,hidden/unapproved,image recovery needed,keep hidden pending image/source repair,/resources/blog/powerful-step-buying-family-land-in-lagos,https://chamanlawfirm.com/resources/blog/powerful-step-buying-family-land-in-lagos,not checked,image recovery needed,medium - verify current law and facts before publication,medium - compare hidden draft against public practice/page before approval,265,"answer block, FAQs, lawyer CTA, practice-area links",Broad blog migration remains on hold; restore only through controlled lawyer-reviewed batches.
https://chamanlawfirm.com/gallery,Gallery,,,general legal education,static,redirect configured to /media,6,529,5.75,not available locally,not available locally,not available locally,/media,not public,none detected,image recovery needed,exact redirect to existing live equivalent,/media,https://chamanlawfirm.com/media,included,image recovery needed,low/medium - editorial and legal review still required,low/medium - compare against existing live content before publication,265,"service answer block, process steps, FAQs, consultation CTA",Legacy gallery/media URL maps to live Media page.
https://chamanlawfirm.com/powerful-steps-land-surveyors-contribute,Powerful Steps Land Surveyors Contribute,Powerful Steps: Land Surveyors Contribute | Chaman Law Firm,Discover how land surveyors contribute to determining land boundaries in Nigeria. outlines their role in ensuring accuracy and legal clarity.,property/title,blog,hidden Sanity draft; do not redirect,15,3895,19.55,not available locally,not available locally,not available locally,,not public,hidden/unapproved,image recovery needed,keep hidden pending image/source repair,/resources/blog/powerful-steps-land-surveyors-contribute,https://chamanlawfirm.com/resources/blog/powerful-steps-land-surveyors-contribute,not checked,image recovery needed,medium - verify current law and facts before publication,medium - compare hidden draft against public practice/page before approval,264,"answer block, FAQs, lawyer CTA, practice-area links",Broad blog migration remains on hold; restore only through controlled lawyer-reviewed batches.
https://chamanlawfirm.com/how-to-claim-third-party-insurance-in-nigeria,How To Claim Third Party Insurance In Nigeria,,,general legal education,blog,not confirmed,47,5783,34.39,not available locally,not available locally,not available locally,,not public,none detected,image recovery needed,restore as blog post,/resources/blog/how-to-claim-third-party-insurance-in-nigeria,https://chamanlawfirm.com/resources/blog/how-to-claim-third-party-insurance-in-nigeria,not checked,image recovery needed,low/medium - editorial and legal review still required,low/medium - compare against existing live content before publication,263,"answer block, FAQs, lawyer CTA, practice-area links",Broad blog migration remains on hold; restore only through controlled lawyer-reviewed batches.
https://chamanlawfirm.com/how-to-appoint-a-company-secretary-in-nigeria,How To Appoint A Company Secretary In Nigeria,How to Appoint a Company Secretary in Nigeria,"HOW TO APPOINT A COMPANY SECRETARY IN NIGERIA, According to the terms of Section 293 of the Companies and Allied Matters Act",corporate/commercial,blog,redirect configured to /resources/blog/how-to-appoint-a-company-secretary-in-nigeria,41,2758,17.81,not available locally,not available locally,not available locally,/resources/blog/how-to-appoint-a-company-secretary-in-nigeria,not public,hidden/unapproved,image recovery needed,exact redirect to existing live equivalent,/resources/blog/how-to-appoint-a-company-secretary-in-nigeria,https://chamanlawfirm.com/resources/blog/how-to-appoint-a-company-secretary-in-nigeria,not checked,image recovery needed,low/medium - editorial and legal review still required,medium - compare hidden draft against public practice/page before approval,263,"answer block, FAQs, lawyer CTA, practice-area links",Broad blog migration remains on hold; restore only through controlled lawyer-reviewed batches.
https://chamanlawfirm.com/registation-for-branch-or-subisidiary-of-a-c,Registation For Branch Or Subisidiary Of A C,,,general legal education,blog,not confirmed,49,4691,20.69,not available locally,not available locally,not available locally,,not public,none detected,image recovery needed,restore as blog post,/resources/blog/registation-for-branch-or-subisidiary-of-a-c,https://chamanlawfirm.com/resources/blog/registation-for-branch-or-subisidiary-of-a-c,not checked,image recovery needed,low/medium - editorial and legal review still required,low/medium - compare against existing live content before publication,262,"answer block, FAQs, lawyer CTA, practice-area links",Broad blog migration remains on hold; restore only through controlled lawyer-reviewed batches.
https://chamanlawfirm.com/business-name-and-a-company-limited-by-shares,Business Name And A Company Limited By Shares,Powerful: Business Name and a Company Limited by Shares,"the differences between a Business Name and a Company Limited by Shares in Nigeria, including liability, structure, and registration process.",corporate/commercial,blog,redirect configured to /resources/blog/business-name-and-a-company-limited-by-shares,38,4129,19.26,not available locally,not available locally,not available locally,/resources/blog/business-name-and-a-company-limited-by-shares,not public,hidden/unapproved,image recovery needed,exact redirect to existing live equivalent,/resources/blog/business-name-and-a-company-limited-by-shares,https://chamanlawfirm.com/resources/blog/business-name-and-a-company-limited-by-shares,not checked,image recovery needed,low/medium - editorial and legal review still required,medium - compare hidden draft against public practice/page before approval,261,"answer block, FAQs, lawyer CTA, practice-area links",Broad blog migration remains on hold; restore only through controlled lawyer-reviewed batches.
https://chamanlawfirm.com/land-documentation-excision-vs-gazette,Land Documentation Excision Vs Gazette,Powerful Steps: Land Documentation- Excision vs. Gazette,"Understand key land documentation terms in Nigeria, including excision, gazette, title review, due diligence, and why legal verification matters.",property/title,blog,hidden Sanity draft; do not redirect,6,2063,6.74,not available locally,not available locally,not available locally,,not public,hidden/unapproved,image and alt present in hidden Sanity draft,keep hidden pending image/source repair,/resources/blog/land-documentation-excision-vs-gazette,https://chamanlawfirm.com/resources/blog/land-documentation-excision-vs-gazette,not checked,image and alt present in hidden Sanity draft,medium - verify current law and facts before publication,medium - compare hidden draft against public practice/page before approval,261,"answer block, FAQs, lawyer CTA, practice-area links",Broad blog migration remains on hold; restore only through controlled lawyer-reviewed batches.
https://chamanlawfirm.com/when-you-can-legally-define-the-tort-of-negligence,When You Can Legally Define The Tort Of Negligence,,,general legal education,blog,not confirmed,38,3963,11.38,not available locally,not available locally,not available locally,,not public,none detected,image recovery needed,restore as blog post,/resources/blog/when-you-can-legally-define-the-tort-of-negligence,https://chamanlawfirm.com/resources/blog/when-you-can-legally-define-the-tort-of-negligence,not checked,image recovery needed,low/medium - editorial and legal review still required,low/medium - compare against existing live content before publication,260,"answer block, FAQs, lawyer CTA, practice-area links",Broad blog migration remains on hold; restore only through controlled lawyer-reviewed batches.
https://chamanlawfirm.com/what-makes-up-a-valid-employment-contract,What Makes Up A Valid Employment Contract,Understanding a valid employment contract in nigeria,Understanding the elements that make a valid employment contract is crucial for both employers and employees to protect their rights and interests.,corporate/commercial,blog,redirect configured to /resources/blog/what-makes-up-a-valid-employment-contract,34,6037,11.21,not available locally,not available locally,not available locally,/resources/blog/what-makes-up-a-valid-employment-contract,not public,hidden/unapproved,image recovery needed,exact redirect to existing live equivalent,/resources/blog/what-makes-up-a-valid-employment-contract,https://chamanlawfirm.com/resources/blog/what-makes-up-a-valid-employment-contract,not checked,image recovery needed,medium - verify current law and facts before publication,medium - compare hidden draft against public practice/page before approval,260,"answer block, FAQs, lawyer CTA, practice-area links",Broad blog migration remains on hold; restore only through controlled lawyer-reviewed batches.
https://chamanlawfirm.com/how-to-obtain-licence-for-seeds-importation,How To Obtain Licence For Seeds Importation,,,general legal education,blog,not confirmed,31,1520,8.75,not available locally,not available locally,not available locally,,not public,none detected,image recovery needed,restore as blog post,/resources/blog/how-to-obtain-licence-for-seeds-importation,https://chamanlawfirm.com/resources/blog/how-to-obtain-licence-for-seeds-importation,not checked,image recovery needed,low/medium - editorial and legal review still required,low/medium - compare against existing live content before publication,260,"answer block, FAQs, lawyer CTA, practice-area links",Broad blog migration remains on hold; restore only through controlled lawyer-reviewed batches.
https://chamanlawfirm.com/how-does-the-land-use-act-address-the-issue-of-abandoned-properties-in-nigeria,How Does The Land Use Act Address The Issue Of Abandoned Properties In Nigeria,How Does The Land Use Act Address The Issue Of Abandoned Properties In Nigeria,"Introduction Abandoned properties have long been a challenge in Nigeria, with numerous urban areas dotted with neglected structures. This article delves into how the Land Use Act addresses the issue of abandoned proper",property/title,blog,hidden Sanity draft; do not redirect,20,1044,12.52,not available locally,not available locally,not available locally,,not public,hidden/unapproved,image recovery needed,keep hidden pending image/source repair,/resources/blog/how-does-the-land-use-act-address-the-issue-of-abandoned-properties-in-nigeria,https://chamanlawfirm.com/resources/blog/how-does-the-land-use-act-address-the-issue-of-abandoned-properties-in-nigeria,not checked,image recovery needed,medium - verify current law and facts before publication,medium - compare hidden draft against public practice/page before approval,260,"answer block, FAQs, lawyer CTA, practice-area links",Broad blog migration remains on hold; restore only through controlled lawyer-reviewed batches.
https://chamanlawfirm.com/analyzing-the-growth-of-real-estate-investment,Analyzing The Growth Of Real Estate Investment,Proven Steps Analyzing the Growth of Real Estate Investment,"Analyzing the Growth of Real Estate Investment in Port Harcourt, Real estate investment has become a popular avenue for individuals and..",property/title,blog,hidden Sanity draft; do not redirect,16,2907,13.92,not available locally,not available locally,not available locally,,not public,hidden/unapproved,image recovery needed,keep hidden pending image/source repair,/resources/blog/analyzing-the-growth-of-real-estate-investment,https://chamanlawfirm.com/resources/blog/analyzing-the-growth-of-real-estate-investment,not checked,image recovery needed,low/medium - editorial and legal review still required,medium - compare hidden draft against public practice/page before approval,259,"answer block, FAQs, lawyer CTA, practice-area links",Broad blog migration remains on hold; restore only through controlled lawyer-reviewed batches.
https://chamanlawfirm.com/how-long-does-a-title-search-take-in-nigeria,How Long Does A Title Search Take In Nigeria,How Long Does A Title Search Take In Nigeria,"HOW LONG DOES A TITLE SEARCH TAKE IN NIGERIA When buying a property in Nigeria, “Land Title” is one of the terms you will come across during the home buying process. In this post we are going to talk about “Land Title”",property/title,blog,hidden Sanity draft; do not redirect,9,435,6.87,not available locally,not available locally,not available locally,,not public,hidden/unapproved,image recovery needed,keep hidden pending image/source repair,/resources/blog/how-long-does-a-title-search-take-in-nigeria,https://chamanlawfirm.com/resources/blog/how-long-does-a-title-search-take-in-nigeria,not checked,image recovery needed,low/medium - editorial and legal review still required,medium - compare hidden draft against public practice/page before approval,259,"answer block, FAQs, lawyer CTA, practice-area links",Broad blog migration remains on hold; restore only through controlled lawyer-reviewed batches.
https://chamanlawfirm.com/nigerian-citizens-in-government-surveillance,Nigerian Citizens In Government Surveillance,Nigerian Citizens In Government Surveillance; Shocking Truth Unveiled: Know Your Legal Rights Against Government Surveillance in Nigeria,"Nigerian Citizens In Government Surveillance Government surveillance programs are established to enhance national security, prevent crime, and maintain public order...",general legal education,blog,hidden Sanity draft; do not redirect,28,2801,24.69,not available locally,not available locally,not available locally,,not public,hidden/unapproved,image recovery needed,keep hidden pending image/source repair,/resources/blog/nigerian-citizens-in-government-surveillance,https://chamanlawfirm.com/resources/blog/nigerian-citizens-in-government-surveillance,not checked,image recovery needed,low/medium - editorial and legal review still required,medium - compare hidden draft against public practice/page before approval,258,"answer block, FAQs, lawyer CTA, practice-area links",Broad blog migration remains on hold; restore only through controlled lawyer-reviewed batches.
https://chamanlawfirm.com/deed-of-assignment-from-a-property,Deed Of Assignment From A Property,Property; Essential Guide to Getting A Deed of Assignment from a Lawyer in Nigeria,Essential Guide to Getting A Deed of Assignment from a Lawyer in Nigeria property,property/title,blog,hidden Sanity draft; do not redirect,17,2265,14.31,not available locally,not available locally,not available locally,,not public,hidden/unapproved,image recovery needed,keep hidden pending image/source repair,/resources/blog/deed-of-assignment-from-a-property,https://chamanlawfirm.com/resources/blog/deed-of-assignment-from-a-property,not checked,image recovery needed,medium - verify current law and facts before publication,medium - compare hidden draft against public practice/page before approval,258,"answer block, FAQs, lawyer CTA, practice-area links",Broad blog migration remains on hold; restore only through controlled lawyer-reviewed batches.
https://chamanlawfirm.com/difference-between-assault-and-battery,Difference Between Assault And Battery,,,general legal education,blog,not confirmed,46,5689,24.05,not available locally,not available locally,not available locally,,not public,none detected,image recovery needed,restore as blog post,/resources/blog/difference-between-assault-and-battery,https://chamanlawfirm.com/resources/blog/difference-between-assault-and-battery,not checked,image recovery needed,low/medium - editorial and legal review still required,low/medium - compare against existing live content before publication,257,"answer block, FAQs, lawyer CTA, practice-area links",Broad blog migration remains on hold; restore only through controlled lawyer-reviewed batches.
https://chamanlawfirm.com/nigerian-court-system-challenges,Nigerian Court System Challenges,,,litigation/ADR,blog,not confirmed,48,4647,22.01,not available locally,not available locally,not available locally,,not public,none detected,image recovery needed,restore as blog post,/resources/blog/nigerian-court-system-challenges,https://chamanlawfirm.com/resources/blog/nigerian-court-system-challenges,not checked,image recovery needed,low/medium - editorial and legal review still required,low/medium - compare against existing live content before publication,256,"answer block, FAQs, lawyer CTA, practice-area links",Broad blog migration remains on hold; restore only through controlled lawyer-reviewed batches.
https://chamanlawfirm.com/defense-of-fair-dealing-in-nigeria-copyright,Defense Of Fair Dealing In Nigeria Copyright,Defense Of Fair Dealing In Nigeria Copyright,"DEFENSE OF FAIR DEALING IN NIGERIA COPYRIGHT In Nigeria, fair dealing is not defined under the Nigerian Copyright Act, but is mentioned under the Second Schedule to the Act. In Hubbard v. Vosper, Lord Denning enthused:",general legal education,blog,hidden Sanity draft; do not redirect,31,1078,21.23,not available locally,not available locally,not available locally,,not public,hidden/unapproved,image recovery needed,keep hidden pending image/source repair,/resources/blog/defense-of-fair-dealing-in-nigeria-copyright,https://chamanlawfirm.com/resources/blog/defense-of-fair-dealing-in-nigeria-copyright,not checked,image recovery needed,low/medium - editorial and legal review still required,medium - compare hidden draft against public practice/page before approval,256,"answer block, FAQs, lawyer CTA, practice-area links",Broad blog migration remains on hold; restore only through controlled lawyer-reviewed batches.
https://chamanlawfirm.com/how-has-the-land-use-act-in-nigeria-e,How Has The Land Use Act In Nigeria E,How Has The Land Use Act In Nigeria E,"How Has the Land Use Act in Nigeria Evolved Over Time? The Land Use Act, which fundamentally transformed land ownership..",property/title,blog,hidden Sanity draft; do not redirect,14,3606,18.29,not available locally,not available locally,not available locally,,not public,hidden/unapproved,image recovery needed,keep hidden pending image/source repair,/resources/blog/how-has-the-land-use-act-in-nigeria-e,https://chamanlawfirm.com/resources/blog/how-has-the-land-use-act-in-nigeria-e,not checked,image recovery needed,medium - verify current law and facts before publication,medium - compare hidden draft against public practice/page before approval,256,"answer block, FAQs, lawyer CTA, practice-area links",Broad blog migration remains on hold; restore only through controlled lawyer-reviewed batches.
https://chamanlawfirm.com/property-developers-guide-to-tax-compliance,Property Developers Guide To Tax Compliance,Powerful Steps: Property Developers- Guide to Tax Compliance,Property Developers- Guide to Tax Compliance -from VAT and income tax to land use charges and compliance steps / Chaman Law Firm,property/title,blog,hidden Sanity draft; do not redirect,7,1111,5.59,not available locally,not available locally,not available locally,,not public,hidden/unapproved,image and alt present in hidden Sanity draft,keep hidden pending image/source repair,/resources/blog/property-developers-guide-to-tax-compliance,https://chamanlawfirm.com/resources/blog/property-developers-guide-to-tax-compliance,not checked,image and alt present in hidden Sanity draft,medium - verify current law and facts before publication,medium - compare hidden draft against public practice/page before approval,256,"answer block, FAQs, lawyer CTA, practice-area links",Broad blog migration remains on hold; restore only through controlled lawyer-reviewed batches.
https://chamanlawfirm.com/transfer-property-ownership-to-my-children,Transfer Property Ownership To My Children,,,property/title,blog,not confirmed,45,3040,6.61,not available locally,not available locally,not available locally,,not public,none detected,image recovery needed,restore as blog post,/resources/blog/transfer-property-ownership-to-my-children,https://chamanlawfirm.com/resources/blog/transfer-property-ownership-to-my-children,not checked,image recovery needed,high - lawyer review required before publication,low/medium - compare against existing live content before publication,255,"answer block, FAQs, lawyer CTA, practice-area links",Broad blog migration remains on hold; restore only through controlled lawyer-reviewed batches.
https://chamanlawfirm.com/minimum-wage-and-the-regulatory-laws,Minimum Wage And The Regulatory Laws,,,general legal education,blog,not confirmed,20,12515,17.15,not available locally,not available locally,not available locally,,not public,none detected,image recovery needed,restore as blog post,/resources/blog/minimum-wage-and-the-regulatory-laws,https://chamanlawfirm.com/resources/blog/minimum-wage-and-the-regulatory-laws,not checked,image recovery needed,low/medium - editorial and legal review still required,low/medium - compare against existing live content before publication,255,"answer block, FAQs, lawyer CTA, practice-area links",Broad blog migration remains on hold; restore only through controlled lawyer-reviewed batches.
https://chamanlawfirm.com/how-long-can-a-law-enforcement-validly-detain-you-in-nigeria,How Long Can A Law Enforcement Validly Detain You In Nigeria,,,general legal education,blog,not confirmed,37,3932,11.18,not available locally,not available locally,not available locally,,not public,none detected,image recovery needed,restore as blog post,/resources/blog/how-long-can-a-law-enforcement-validly-detain-you-in-nigeria,https://chamanlawfirm.com/resources/blog/how-long-can-a-law-enforcement-validly-detain-you-in-nigeria,not checked,image recovery needed,low/medium - editorial and legal review still required,low/medium - compare against existing live content before publication,254,"answer block, FAQs, lawyer CTA, practice-area links",Broad blog migration remains on hold; restore only through controlled lawyer-reviewed batches.
https://chamanlawfirm.com/what-is-the-statutory-right-of-occupancy-in-nigeria,What Is The Statutory Right Of Occupancy In Nigeria,,,general legal education,blog,not confirmed,30,1360,5.96,not available locally,not available locally,not available locally,,not public,none detected,image recovery needed,restore as blog post,/resources/blog/what-is-the-statutory-right-of-occupancy-in-nigeria,https://chamanlawfirm.com/resources/blog/what-is-the-statutory-right-of-occupancy-in-nigeria,not checked,image recovery needed,low/medium - editorial and legal review still required,low/medium - compare against existing live content before publication,254,"answer block, FAQs, lawyer CTA, practice-area links",Broad blog migration remains on hold; restore only through controlled lawyer-reviewed batches.
https://chamanlawfirm.com/consequences-of-defaulting-on-property-tax,Consequences Of Defaulting On Property Tax,Powerful Steps: Consequences of Defaulting on Property Tax,Consequences of Defaulting on Property Tax in Lagos - from fines and interest to enforcement actions by the state government / Chaman Law Firm,property/title,blog,hidden Sanity draft; do not redirect,6,1431,8.2,not available locally,not available locally,not available locally,,not public,hidden/unapproved,image and alt present in hidden Sanity draft,keep hidden pending image/source repair,/resources/blog/consequences-of-defaulting-on-property-tax,https://chamanlawfirm.com/resources/blog/consequences-of-defaulting-on-property-tax,not checked,image and alt present in hidden Sanity draft,medium - verify current law and facts before publication,medium - compare hidden draft against public practice/page before approval,254,"answer block, FAQs, lawyer CTA, practice-area links",Broad blog migration remains on hold; restore only through controlled lawyer-reviewed batches.
https://chamanlawfirm.com/regulatory-compliance-in-nigerian-construction,Regulatory Compliance In Nigerian Construction,,,general legal education,blog,not confirmed,38,3322,19.22,not available locally,not available locally,not available locally,,not public,none detected,image recovery needed,restore as blog post,/resources/blog/regulatory-compliance-in-nigerian-construction,https://chamanlawfirm.com/resources/blog/regulatory-compliance-in-nigerian-construction,not checked,image recovery needed,low/medium - editorial and legal review still required,low/medium - compare against existing live content before publication,253,"answer block, FAQs, lawyer CTA, practice-area links",Broad blog migration remains on hold; restore only through controlled lawyer-reviewed batches.
https://chamanlawfirm.com/how-to-draft-legal-contract,How To Draft Legal Contract,,,corporate/commercial,service,not confirmed,23,2833,35.95,not available locally,not available locally,not available locally,/practice-areas/corporate-commercial-law,not public,none detected,image recovery needed,exact redirect to existing live equivalent,/practice-areas/corporate-commercial-law,https://chamanlawfirm.com/practice-areas/corporate-commercial-law,included,image recovery needed,medium - verify current law and facts before publication,medium - confirm old topic should merge into existing practice/service page,253,"service answer block, process steps, FAQs, consultation CTA",source body not present in Phase 5C prepared drafts; SEO title requires RankMath/source preservation or rewrite; meta description requires RankMath/source preservation or rewrite; image recovery/fallback required; redirect planning only; do not publish as article without equivalent content
https://chamanlawfirm.com/relationship-between-parent-and-subsidiary,Relationship Between Parent And Subsidiary,,,property/title,blog,not confirmed,37,3668,13.07,not available locally,not available locally,not available locally,,not public,none detected,image recovery needed,restore as blog post,/resources/blog/relationship-between-parent-and-subsidiary,https://chamanlawfirm.com/resources/blog/relationship-between-parent-and-subsidiary,not checked,image recovery needed,low/medium - editorial and legal review still required,low/medium - compare against existing live content before publication,252,"answer block, FAQs, lawyer CTA, practice-area links",Broad blog migration remains on hold; restore only through controlled lawyer-reviewed batches.
https://chamanlawfirm.com/how-to-be-a-good-property-lawyer,How To Be A Good Property Lawyer,What Makes a Good Property Lawyer in Nigeria?,"How to be a Good Property Lawyer; Becoming a good property lawyer requires more than just academic knowledge and legal qualifications. Property law, also known as real estate law, involves a wide array of complex legal i",property/title,blog,approved Sanity post; missing old-url redirect,53,1644,20.33,not available locally,not available locally,not available locally,,approved public,none detected,image and alt present in Sanity,exact redirect to existing live equivalent,/resources/blog/how-to-be-a-good-property-lawyer,https://chamanlawfirm.com/resources/blog/how-to-be-a-good-property-lawyer,included,image and alt present in Sanity,medium - verify current law and facts before publication,low - already public,251,"answer block, FAQs, lawyer CTA, practice-area links",Broad blog migration remains on hold; restore only through controlled lawyer-reviewed batches.
https://chamanlawfirm.com/taxation-of-retail-sector,Taxation Of Retail Sector,Taxation of Retail Sector,"TAXATION OF RETAIL SECTOR, According to Wikipedia, Retail is the sale of goods and services to consumers......",corporate/commercial,blog,hidden Sanity draft; do not redirect,17,1611,18.08,not available locally,not available locally,not available locally,,not public,hidden/unapproved,image recovery needed,keep hidden pending image/source repair,/resources/blog/taxation-of-retail-sector,https://chamanlawfirm.com/resources/blog/taxation-of-retail-sector,not checked,image recovery needed,medium - verify current law and facts before publication,medium - compare hidden draft against public practice/page before approval,251,"answer block, FAQs, lawyer CTA, practice-area links",Broad blog migration remains on hold; restore only through controlled lawyer-reviewed batches.
https://chamanlawfirm.com/application-of-ignorance-of-the-law,Application Of Ignorance Of The Law,,,general legal education,blog,not confirmed,37,3494,13.69,not available locally,not available locally,not available locally,,not public,none detected,image recovery needed,restore as blog post,/resources/blog/application-of-ignorance-of-the-law,https://chamanlawfirm.com/resources/blog/application-of-ignorance-of-the-law,not checked,image recovery needed,low/medium - editorial and legal review still required,low/medium - compare against existing live content before publication,250,"answer block, FAQs, lawyer CTA, practice-area links",Broad blog migration remains on hold; restore only through controlled lawyer-reviewed batches.
https://chamanlawfirm.com/cyber-crime-awareness-campaigns-10-powerful,Cyber Crime Awareness Campaigns 10 Powerful,Cyber Crime Awareness Campaigns 10 Powerful,"Introduction In an age where our lives are increasingly intertwined with the digital realm, the threat of cyber crime looms large. Cyber criminals exploit vulnerabilities in technology to perpetrate a range of illegal",general legal education,blog,hidden Sanity draft; do not redirect,27,2356,27.58,not available locally,not available locally,not available locally,,not public,hidden/unapproved,image recovery needed,keep hidden pending image/source repair,/resources/blog/cyber-crime-awareness-campaigns-10-powerful,https://chamanlawfirm.com/resources/blog/cyber-crime-awareness-campaigns-10-powerful,not checked,image recovery needed,low/medium - editorial and legal review still required,medium - compare hidden draft against public practice/page before approval,249,"answer block, FAQs, lawyer CTA, practice-area links",Broad blog migration remains on hold; restore only through controlled lawyer-reviewed batches.
https://chamanlawfirm.com/what-is-the-lagos-state-tenancy-law,What Is The Lagos State Tenancy Law,What Is The Lagos State Tenancy Law,Learn What Is the Lagos State Tenancy Lawand how it applies in Lekki. Chaman Law Firm provides expert legal advice for landlords and tenants.,general legal education,blog,hidden Sanity draft; do not redirect,16,1877,11.9,not available locally,not available locally,not available locally,,not public,hidden/unapproved,image recovery needed,keep hidden pending image/source repair,/resources/blog/what-is-the-lagos-state-tenancy-law,https://chamanlawfirm.com/resources/blog/what-is-the-lagos-state-tenancy-law,not checked,image recovery needed,low/medium - editorial and legal review still required,medium - compare hidden draft against public practice/page before approval,249,"answer block, FAQs, lawyer CTA, practice-area links",Broad blog migration remains on hold; restore only through controlled lawyer-reviewed batches.
https://chamanlawfirm.com/difference-between-excision-gazette-c-of-o,Difference Between Excision Gazette C Of O,"Powerful Steps: Difference Between Excision, Gazette, C of O","Learn difference between Excision, Gazette, C of O and Governor’s Consent in Lekki properties. Chaman Law Firm provides expert legal guidance.",property/title,blog,approved Sanity post; missing old-url redirect,24,3822,6.41,not available locally,not available locally,not available locally,,approved public,none detected,image and alt present in Sanity,exact redirect to existing live equivalent,/resources/blog/difference-between-excision-gazette-c-of-o,https://chamanlawfirm.com/resources/blog/difference-between-excision-gazette-c-of-o,included,image and alt present in Sanity,medium - verify current law and facts before publication,low - already public,248,"answer block, FAQs, lawyer CTA, practice-area links",Broad blog migration remains on hold; restore only through controlled lawyer-reviewed batches.
https://chamanlawfirm.com/who-are-the-people-entitled-to-pro-b-service,Who Are The People Entitled To Pro B Service,Who Are The People Entitled To Pro B Service,"Introduction WHO ARE THE PEOPLE ENTITLED TO PRO BONO SERVICE Pro bono in legal practice means, lawyers voluntarily contributing part of their time without charge or at a substantially reduced rate, to establish or pres",property/title,blog,hidden Sanity draft; do not redirect,16,1826,14.11,not available locally,not available locally,not available locally,,not public,hidden/unapproved,image recovery needed,keep hidden pending image/source repair,/resources/blog/who-are-the-people-entitled-to-pro-b-service,https://chamanlawfirm.com/resources/blog/who-are-the-people-entitled-to-pro-b-service,not checked,image recovery needed,low/medium - editorial and legal review still required,medium - compare hidden draft against public practice/page before approval,248,"answer block, FAQs, lawyer CTA, practice-area links",Broad blog migration remains on hold; restore only through controlled lawyer-reviewed batches.
https://chamanlawfirm.com/guide-to-resolvingproperty-boundary-disputes,Guide To Resolvingproperty Boundary Disputes,Guide To Resolvingproperty Boundary Disputes,"Introduction Property boundary disputes are a common and often contentious issue in Nigeria, arising when neighbors or property owners disagree over the exact lines that define their land. These disputes can escalate i",property/title,blog,hidden Sanity draft; do not redirect,16,1724,13.74,not available locally,not available locally,not available locally,,not public,hidden/unapproved,image recovery needed,keep hidden pending image/source repair,/resources/blog/guide-to-resolvingproperty-boundary-disputes,https://chamanlawfirm.com/resources/blog/guide-to-resolvingproperty-boundary-disputes,not checked,image recovery needed,medium - verify current law and facts before publication,medium - compare hidden draft against public practice/page before approval,247,"answer block, FAQs, lawyer CTA, practice-area links",Broad blog migration remains on hold; restore only through controlled lawyer-reviewed batches.
https://chamanlawfirm.com/retention-money-in-construction-contracts,Retention Money In Construction Contracts,,,corporate/commercial,service,not confirmed,20,3476,21.08,not available locally,not available locally,not available locally,,not public,none detected,image recovery needed,merge into existing stronger live page,/practice-areas/corporate-commercial-law,https://chamanlawfirm.com/practice-areas/corporate-commercial-law,included,image recovery needed,medium - verify current law and facts before publication,medium - confirm old topic should merge into existing practice/service page,245,"service answer block, process steps, FAQs, consultation CTA",source body not present in Phase 5C prepared drafts; SEO title requires RankMath/source preservation or rewrite; meta description requires RankMath/source preservation or rewrite; image recovery/fallback required; redirect planning only; do not publish as article without equivalent content
https://chamanlawfirm.com/land-allocation-for-coastal-and-marine-areas,Land Allocation For Coastal And Marine Areas,Land Allocation for Coastal and Marine Areas; 7 Powerful Ways the Land Use Act Shapes Land Allocation for Coastal and Marine Areas in Nigeria,Land Allocation for Coastal and Marine Areas- 7 Powerful Ways the Land Use Act Shapes Land Allocation for Coastal and Marine Areas in Nigeria,property/title,blog,hidden Sanity draft; do not redirect,16,1487,11.14,not available locally,not available locally,not available locally,,not public,hidden/unapproved,image recovery needed,keep hidden pending image/source repair,/resources/blog/land-allocation-for-coastal-and-marine-areas,https://chamanlawfirm.com/resources/blog/land-allocation-for-coastal-and-marine-areas,not checked,image recovery needed,medium - verify current law and facts before publication,medium - compare hidden draft against public practice/page before approval,245,"answer block, FAQs, lawyer CTA, practice-area links",Broad blog migration remains on hold; restore only through controlled lawyer-reviewed batches.
https://chamanlawfirm.com/the-rights-and-responsibilities-of-landowners,The Rights And Responsibilities Of Landowners,Powerful Steps: he Rights and Responsibilities of Landowners,"Explore the Rights and Responsibilities of Landowners in Nigeria, including ownership limits, development obligations, and legal protections.",property/title,blog,hidden Sanity draft; do not redirect,15,1956,10.2,not available locally,not available locally,not available locally,,not public,hidden/unapproved,image recovery needed,keep hidden pending image/source repair,/resources/blog/the-rights-and-responsibilities-of-landowners,https://chamanlawfirm.com/resources/blog/the-rights-and-responsibilities-of-landowners,not checked,image recovery needed,medium - verify current law and facts before publication,medium - compare hidden draft against public practice/page before approval,245,"answer block, FAQs, lawyer CTA, practice-area links",Broad blog migration remains on hold; restore only through controlled lawyer-reviewed batches.
https://chamanlawfirm.com/handling-tax-disputes-and-audits-in-nigeria,Handling Tax Disputes And Audits In Nigeria,Tax Disputes and Audits; Proven Ways Of Handling Tax Disputes and Audits in Nigeria; Unlocking Success,"Tax Disputes and Audits In Nigeria, tax disputes are common, just like in other sectors. A tax dispute arises when there is a disagreement..",corporate/commercial,blog,hidden Sanity draft; do not redirect,14,2412,14.23,not available locally,not available locally,not available locally,,not public,hidden/unapproved,image recovery needed,keep hidden pending image/source repair,/resources/blog/handling-tax-disputes-and-audits-in-nigeria,https://chamanlawfirm.com/resources/blog/handling-tax-disputes-and-audits-in-nigeria,not checked,image recovery needed,medium - verify current law and facts before publication,medium - compare hidden draft against public practice/page before approval,244,"answer block, FAQs, lawyer CTA, practice-area links",Broad blog migration remains on hold; restore only through controlled lawyer-reviewed batches.
https://chamanlawfirm.com/first-aid-certificate-in-nigeria,First Aid Certificate In Nigeria,First Aid Certificate In Nigeria,"HOW TO APPLY FOR FIRST AID CERTIFICATE IN NIGERIA, To apply for a first aid certificate in Nigeria, you can follow these general steps....",general legal education,blog,hidden Sanity draft; do not redirect,13,2866,19.44,not available locally,not available locally,not available locally,,not public,hidden/unapproved,image recovery needed,keep hidden pending image/source repair,/resources/blog/first-aid-certificate-in-nigeria,https://chamanlawfirm.com/resources/blog/first-aid-certificate-in-nigeria,not checked,image recovery needed,low/medium - editorial and legal review still required,medium - compare hidden draft against public practice/page before approval,244,"answer block, FAQs, lawyer CTA, practice-area links",Broad blog migration remains on hold; restore only through controlled lawyer-reviewed batches.
https://chamanlawfirm.com/guide-to-hire-lawyers-and-law-firms-in-nigeria,Guide To Hire Lawyers And Law Firms In Nigeria,,,general legal education,blog,not confirmed,17,4782,24.73,not available locally,not available locally,not available locally,,not public,none detected,image recovery needed,restore as blog post,/resources/blog/guide-to-hire-lawyers-and-law-firms-in-nigeria,https://chamanlawfirm.com/resources/blog/guide-to-hire-lawyers-and-law-firms-in-nigeria,not checked,image recovery needed,low/medium - editorial and legal review still required,low/medium - compare against existing live content before publication,243,"answer block, FAQs, lawyer CTA, practice-area links",Broad blog migration remains on hold; restore only through controlled lawyer-reviewed batches.
https://chamanlawfirm.com/how-does-the-land-ucapital-territory-federal,How Does The Land Ucapital Territory Federal,How Does The Land Ucapital Territory Federal,Introduction The Federal Capital Territory (FCT) holds a unique position as Nigeria's political and administrative nucleus. This article unravels the complexities of how the Land Use Act intertwines with land governanc,property/title,blog,hidden Sanity draft; do not redirect,17,785,13.59,not available locally,not available locally,not available locally,,not public,hidden/unapproved,image recovery needed,keep hidden pending image/source repair,/resources/blog/how-does-the-land-ucapital-territory-federal,https://chamanlawfirm.com/resources/blog/how-does-the-land-ucapital-territory-federal,not checked,image recovery needed,medium - verify current law and facts before publication,medium - compare hidden draft against public practice/page before approval,243,"answer block, FAQs, lawyer CTA, practice-area links",Broad blog migration remains on hold; restore only through controlled lawyer-reviewed batches.
https://chamanlawfirm.com/legal-development-scheme-and-labour-city,Legal Development Scheme And Labour City,,,employment law,service,not confirmed,13,661,15.5,not available locally,not available locally,not available locally,,not public,none detected,image recovery needed,merge into existing stronger live page,/practice-areas/employment-law,https://chamanlawfirm.com/practice-areas/employment-law,included,image recovery needed,low/medium - editorial and legal review still required,medium - confirm old topic should merge into existing practice/service page,242,"service answer block, process steps, FAQs, consultation CTA",source body not present in Phase 5C prepared drafts; SEO title requires RankMath/source preservation or rewrite; meta description requires RankMath/source preservation or rewrite; image recovery/fallback required
https://chamanlawfirm.com/how-to-obtain-letter-of-administration-in-nigeria,How To Obtain Letter Of Administration In Nigeria,,,probate/estate,service,not confirmed,12,1157,16.74,not available locally,not available locally,not available locally,/practice-areas/probate-estate-administration,not public,none detected,image recovery needed,exact redirect to existing live equivalent,/practice-areas/probate-estate-administration,https://chamanlawfirm.com/practice-areas/probate-estate-administration,included,image recovery needed,low/medium - editorial and legal review still required,medium - confirm old topic should merge into existing practice/service page,242,"service answer block, process steps, FAQs, consultation CTA",source body not present in Phase 5C prepared drafts; SEO title requires RankMath/source preservation or rewrite; meta description requires RankMath/source preservation or rewrite; image recovery/fallback required
https://chamanlawfirm.com/acquire-land-for-real-estate-development,Acquire Land For Real Estate Development,Powerful Steps: Acquire Land for Real Estate Development,"Acquire Land for Real Estate Development - know the necessary steps, documentation, and regulatory requirements / Chaman Law Firm",property/title,blog,hidden Sanity draft; do not redirect,6,219,7.35,not available locally,not available locally,not available locally,,not public,hidden/unapproved,image recovery needed,keep hidden pending image/source repair,/resources/blog/acquire-land-for-real-estate-development,https://chamanlawfirm.com/resources/blog/acquire-land-for-real-estate-development,not checked,image recovery needed,medium - verify current law and facts before publication,medium - compare hidden draft against public practice/page before approval,242,"answer block, FAQs, lawyer CTA, practice-area links",Broad blog migration remains on hold; restore only through controlled lawyer-reviewed batches.
https://chamanlawfirm.com/procedures-for-private-placement-in-nigeria,Procedures For Private Placement In Nigeria,,,general legal education,blog,not confirmed,40,1142,10.77,not available locally,not available locally,not available locally,,not public,none detected,image recovery needed,restore as blog post,/resources/blog/procedures-for-private-placement-in-nigeria,https://chamanlawfirm.com/resources/blog/procedures-for-private-placement-in-nigeria,not checked,image recovery needed,low/medium - editorial and legal review still required,low/medium - compare against existing live content before publication,241,"answer block, FAQs, lawyer CTA, practice-area links",Broad blog migration remains on hold; restore only through controlled lawyer-reviewed batches.
https://chamanlawfirm.com/enforcement-of-arbitral-award,Enforcement Of Arbitral Award,,,litigation/ADR,service,not confirmed,21,2590,54.82,not available locally,not available locally,not available locally,/practice-areas/adr-mediation,not public,none detected,image recovery needed,exact redirect to existing live equivalent,/practice-areas/adr-mediation,https://chamanlawfirm.com/practice-areas/adr-mediation,included,image recovery needed,low/medium - editorial and legal review still required,medium - confirm old topic should merge into existing practice/service page,241,"service answer block, process steps, FAQs, consultation CTA",source body not present in Phase 5C prepared drafts; SEO title requires RankMath/source preservation or rewrite; meta description requires RankMath/source preservation or rewrite; image recovery/fallback required; redirect planning only; do not publish as article without equivalent content
https://chamanlawfirm.com/book-consultation,Book Consultation,,,general legal education,blog,not confirmed,25,530,30.18,not available locally,not available locally,not available locally,,not public,none detected,image recovery needed,restore as blog post,/resources/blog/book-consultation,https://chamanlawfirm.com/resources/blog/book-consultation,not checked,image recovery needed,low/medium - editorial and legal review still required,low/medium - compare against existing live content before publication,240,"answer block, FAQs, lawyer CTA, practice-area links",Broad blog migration remains on hold; restore only through controlled lawyer-reviewed batches.
https://chamanlawfirm.com/roles-of-a-property-lawyer-in-real-estate,Roles Of A Property Lawyer In Real Estate,Roles of a Property Lawyer in Real Estate Transactions,"Introduction When engaging in real estate transactions, whether buying, selling, or leasing property, the complexity of the process can be overwhelming. Legalities surrounding land titles, contracts, and property right",property/title,blog,approved Sanity post; missing old-url redirect,37,2277,16.91,not available locally,not available locally,not available locally,,approved public,none detected,image and alt present in Sanity,exact redirect to existing live equivalent,/resources/blog/roles-of-a-property-lawyer-in-real-estate,https://chamanlawfirm.com/resources/blog/roles-of-a-property-lawyer-in-real-estate,included,image and alt present in Sanity,medium - verify current law and facts before publication,low - already public,238,"answer block, FAQs, lawyer CTA, practice-area links",Broad blog migration remains on hold; restore only through controlled lawyer-reviewed batches.
https://chamanlawfirm.com/verify-a-property-title-in-lagos,Verify A Property Title In Lagos,Powerful Ways of Verify a Property Title in Lagos,"Chaman Law Firm can Verify a Property Title in Lagos, ensuring secure transactions, legal compliance, and peace of mind for your investment",property/title,blog,redirect configured to /resources/blog/verify-a-property-title-in-lagos,36,2766,10.92,not available locally,not available locally,not available locally,/resources/blog/verify-a-property-title-in-lagos,not public,hidden/unapproved,image recovery needed,exact redirect to existing live equivalent,/resources/blog/verify-a-property-title-in-lagos,https://chamanlawfirm.com/resources/blog/verify-a-property-title-in-lagos,not checked,image recovery needed,medium - verify current law and facts before publication,medium - compare hidden draft against public practice/page before approval,238,"answer block, FAQs, lawyer CTA, practice-area links",Broad blog migration remains on hold; restore only through controlled lawyer-reviewed batches.
https://chamanlawfirm.com/police-clearance-certificate-pcc-in-nigeria,Police Clearance Certificate Pcc In Nigeria,Police Clearance Certificate Pcc In Nigeria,"Police clearance certificate (PCC), also known as Police Certificate, Police Report, good conduct certificate or good citizen certificate....",litigation/ADR,blog,hidden Sanity draft; do not redirect,34,6801,25.19,not available locally,not available locally,not available locally,,not public,hidden/unapproved,image recovery needed,keep hidden pending legal review,/resources/blog/police-clearance-certificate-pcc-in-nigeria,https://chamanlawfirm.com/resources/blog/police-clearance-certificate-pcc-in-nigeria,not checked,image recovery needed,high - lawyer review required before publication,medium - compare hidden draft against public practice/page before approval,238,"answer block, FAQs, lawyer CTA, practice-area links",Broad blog migration remains on hold; restore only through controlled lawyer-reviewed batches.
https://chamanlawfirm.com/financing-real-estate-investments-in-nigeria,Financing Real Estate Investments In Nigeria,Financing Real Estate Investments In Nigeria: Powerful Strategies to Successfully Finance Real Estate Investments in Nigeria,"Financing Real Estate Investments In Nigeria Navigating in the real estate market in Nigeria offers numerous opportunities for investors, whether they are first-time buyers...",property/title,blog,hidden Sanity draft; do not redirect,22,3817,33.86,not available locally,not available locally,not available locally,,not public,hidden/unapproved,image recovery needed,keep hidden pending image/source repair,/resources/blog/financing-real-estate-investments-in-nigeria,https://chamanlawfirm.com/resources/blog/financing-real-estate-investments-in-nigeria,not checked,image recovery needed,low/medium - editorial and legal review still required,medium - compare hidden draft against public practice/page before approval,238,"answer block, FAQs, lawyer CTA, practice-area links",Broad blog migration remains on hold; restore only through controlled lawyer-reviewed batches.
https://chamanlawfirm.com/accountability-in-corporate-governance,Accountability In Corporate Governance,Role of Transparency and accountability in corporate governance,"Accountability in Corporate governance refers to the systems, principles, and processes by which a corporation is directed and controlled.",corporate/commercial,blog,redirect configured to /resources/blog/accountability-in-corporate-governance,38,7713,22.49,not available locally,not available locally,not available locally,/resources/blog/accountability-in-corporate-governance,not public,hidden/unapproved,image recovery needed,exact redirect to existing live equivalent,/resources/blog/accountability-in-corporate-governance,https://chamanlawfirm.com/resources/blog/accountability-in-corporate-governance,not checked,image recovery needed,low/medium - editorial and legal review still required,medium - compare hidden draft against public practice/page before approval,237,"answer block, FAQs, lawyer CTA, practice-area links",Broad blog migration remains on hold; restore only through controlled lawyer-reviewed batches.
https://chamanlawfirm.com/what-are-the-penalties-for-fake-land-documents,What Are The Penalties For Fake Land Documents,Powerful Steps: the penalties for fake land documents,Legal consequences of using fake land documents in Ogun State. Learn the applicable penalties and how to protect yourself from real estate fraud.,property/title,blog,approved Sanity post; missing old-url redirect,23,3227,6.64,not available locally,not available locally,not available locally,,approved public,none detected,image and alt present in Sanity,exact redirect to existing live equivalent,/resources/blog/what-are-the-penalties-for-fake-land-documents,https://chamanlawfirm.com/resources/blog/what-are-the-penalties-for-fake-land-documents,included,image and alt present in Sanity,medium - verify current law and facts before publication,low - already public,237,"answer block, FAQs, lawyer CTA, practice-area links",Broad blog migration remains on hold; restore only through controlled lawyer-reviewed batches.
https://chamanlawfirm.com/blockchain-technology-and-land-title-security,Blockchain Technology And Land Title Security,Blockchain Technology and Land Title Security in Nigeria; 5 Revolutionary Ways Blockchain Technology Can Secure Land Titles in Nigeria,"Blockchain Technology And Land Title Security-Discover how blockchain technology can revolutionize land title security in Nigeria by eliminating fraud, delays, and disputes through transparent systems.",property/title,blog,hidden Sanity draft; do not redirect,14,1522,11.84,not available locally,not available locally,not available locally,,not public,hidden/unapproved,image recovery needed,keep hidden pending image/source repair,/resources/blog/blockchain-technology-and-land-title-security,https://chamanlawfirm.com/resources/blog/blockchain-technology-and-land-title-security,not checked,image recovery needed,medium - verify current law and facts before publication,medium - compare hidden draft against public practice/page before approval,235,"answer block, FAQs, lawyer CTA, practice-area links",Broad blog migration remains on hold; restore only through controlled lawyer-reviewed batches.
https://chamanlawfirm.com/calculate-land-use-charge-chaman-law-firm,Calculate Land Use Charge Chaman Law Firm,Powerful Steps: Calculate Land Use Charge / Chaman Law Firm,Learn how to calculate Land Use Charge in Ogun State- the key components of the charge and applicable rates from Chaman Law Firm,property/title,blog,approved Sanity post; missing old-url redirect,25,1874,7.31,not available locally,not available locally,not available locally,,approved public,none detected,image and alt present in Sanity,exact redirect to existing live equivalent,/resources/blog/calculate-land-use-charge-chaman-law-firm,https://chamanlawfirm.com/resources/blog/calculate-land-use-charge-chaman-law-firm,included,image and alt present in Sanity,medium - verify current law and facts before publication,low - already public,234,"answer block, FAQs, lawyer CTA, practice-area links",Broad blog migration remains on hold; restore only through controlled lawyer-reviewed batches.
https://chamanlawfirm.com/what-is-land-excision-in-ogun-state,What Is Land Excision In Ogun State,Powerful Steps: What is land excision in Ogun State,"what is land excision in Ogun State means and why it is important for property ownership, rights, and documentation. Chaman Law Firm explains",property/title,blog,hidden Sanity draft; do not redirect,15,900,10.33,not available locally,not available locally,not available locally,,not public,hidden/unapproved,image recovery needed,keep hidden pending image/source repair,/resources/blog/what-is-land-excision-in-ogun-state,https://chamanlawfirm.com/resources/blog/what-is-land-excision-in-ogun-state,not checked,image recovery needed,medium - verify current law and facts before publication,medium - compare hidden draft against public practice/page before approval,234,"answer block, FAQs, lawyer CTA, practice-area links",Broad blog migration remains on hold; restore only through controlled lawyer-reviewed batches.
https://chamanlawfirm.com/heritage-conservation-law-in-nigeria,Heritage Conservation Law In Nigeria,,,general legal education,blog,not confirmed,43,4669,24.51,not available locally,not available locally,not available locally,,not public,none detected,image recovery needed,restore as blog post,/resources/blog/heritage-conservation-law-in-nigeria,https://chamanlawfirm.com/resources/blog/heritage-conservation-law-in-nigeria,not checked,image recovery needed,low/medium - editorial and legal review still required,low/medium - compare against existing live content before publication,232,"answer block, FAQs, lawyer CTA, practice-area links",Broad blog migration remains on hold; restore only through controlled lawyer-reviewed batches.
https://chamanlawfirm.com/what-needs-to-be-in-your-lease,What Needs To Be In Your Lease,,,general legal education,blog,not confirmed,34,3152,16.27,not available locally,not available locally,not available locally,,not public,none detected,image recovery needed,restore as blog post,/resources/blog/what-needs-to-be-in-your-lease,https://chamanlawfirm.com/resources/blog/what-needs-to-be-in-your-lease,not checked,image recovery needed,low/medium - editorial and legal review still required,low/medium - compare against existing live content before publication,232,"answer block, FAQs, lawyer CTA, practice-area links",Broad blog migration remains on hold; restore only through controlled lawyer-reviewed batches.
https://chamanlawfirm.com/transfer-land-ownership-and-land-document,Transfer Land Ownership And Land Document,Proven Steps: Transfer Land Ownership and Land Document,"how to Transfer Land Ownership and Land Documents in Nigeria, covering legal procedures, required paperwork, and important registration steps.",property/title,blog,approved Sanity post; missing old-url redirect,31,4725,11.2,not available locally,not available locally,not available locally,,approved public,none detected,image and alt present in Sanity,exact redirect to existing live equivalent,/resources/blog/transfer-land-ownership-and-land-document,https://chamanlawfirm.com/resources/blog/transfer-land-ownership-and-land-document,included,image and alt present in Sanity,medium - verify current law and facts before publication,low - already public,232,"answer block, FAQs, lawyer CTA, practice-area links",Broad blog migration remains on hold; restore only through controlled lawyer-reviewed batches.
https://chamanlawfirm.com/rights-of-citizens-in-government-surveillance,Rights Of Citizens In Government Surveillance,Rights Of Citizens In Government Surveillance; Exposed or Protected? The Shocking Truth About Your Legal Rights in Nigeria’s Surveillance Programs,"Rights Of Citizens In Government Surveillance Government surveillance has become an increasingly significant issue in the digital age, with governments worldwide...",general legal education,blog,hidden Sanity draft; do not redirect,14,1204,14.25,not available locally,not available locally,not available locally,,not public,hidden/unapproved,image recovery needed,keep hidden pending image/source repair,/resources/blog/rights-of-citizens-in-government-surveillance,https://chamanlawfirm.com/resources/blog/rights-of-citizens-in-government-surveillance,not checked,image recovery needed,low/medium - editorial and legal review still required,medium - compare hidden draft against public practice/page before approval,232,"answer block, FAQs, lawyer CTA, practice-area links",Broad blog migration remains on hold; restore only through controlled lawyer-reviewed batches.
https://chamanlawfirm.com/strategies-to-handle-a-bad-tenant-legally,Strategies To Handle A Bad Tenant Legally,Legal Strategies for Handling Difficult Tenants in Nigeria,"Introduction As a landlord in Lagos, one of the most challenging scenarios you may encounter is dealing with a bad tenant. From unpaid rent to property damage or even illegal activities on the premises, troublesome ten",property/title,blog,approved Sanity post; missing old-url redirect,25,1608,6.84,not available locally,not available locally,not available locally,,approved public,none detected,image and alt present in Sanity,exact redirect to existing live equivalent,/resources/blog/strategies-to-handle-a-bad-tenant-legally,https://chamanlawfirm.com/resources/blog/strategies-to-handle-a-bad-tenant-legally,included,image and alt present in Sanity,medium - verify current law and facts before publication,low - already public,231,"answer block, FAQs, lawyer CTA, practice-area links",Broad blog migration remains on hold; restore only through controlled lawyer-reviewed batches.
https://chamanlawfirm.com/impact-of-regulatory-changes-on-business,Impact Of Regulatory Changes On Business,,,corporate/commercial,service,not confirmed,14,5003,33.14,not available locally,not available locally,not available locally,/practice-areas/corporate-commercial-law,not public,none detected,image recovery needed,exact redirect to existing live equivalent,/practice-areas/corporate-commercial-law,https://chamanlawfirm.com/practice-areas/corporate-commercial-law,included,image recovery needed,low/medium - editorial and legal review still required,medium - confirm old topic should merge into existing practice/service page,230,"service answer block, process steps, FAQs, consultation CTA",source body not present in Phase 5C prepared drafts; SEO title requires RankMath/source preservation or rewrite; meta description requires RankMath/source preservation or rewrite; image recovery/fallback required
https://chamanlawfirm.com/how-to-apmanufacturer-certificate-in-nigeria,How To Apmanufacturer Certificate In Nigeria,,,general legal education,blog,not confirmed,24,1915,5.1,not available locally,not available locally,not available locally,,not public,none detected,image recovery needed,restore as blog post,/resources/blog/how-to-apmanufacturer-certificate-in-nigeria,https://chamanlawfirm.com/resources/blog/how-to-apmanufacturer-certificate-in-nigeria,not checked,image recovery needed,low/medium - editorial and legal review still required,low/medium - compare against existing live content before publication,229,"answer block, FAQs, lawyer CTA, practice-area links",Broad blog migration remains on hold; restore only through controlled lawyer-reviewed batches.
https://chamanlawfirm.com/joint-venture-real-estate-projects-in-lagos,Joint Venture Real Estate Projects In Lagos,,,property/title,blog,not confirmed,23,2409,6.24,not available locally,not available locally,not available locally,,not public,none detected,image recovery needed,restore as blog post,/resources/blog/joint-venture-real-estate-projects-in-lagos,https://chamanlawfirm.com/resources/blog/joint-venture-real-estate-projects-in-lagos,not checked,image recovery needed,low/medium - editorial and legal review still required,low/medium - compare against existing live content before publication,229,"answer block, FAQs, lawyer CTA, practice-area links",Broad blog migration remains on hold; restore only through controlled lawyer-reviewed batches.
https://chamanlawfirm.com/understanding-spousal-maintenance-in-nigeria,Understanding Spousal Maintenance In Nigeria,,,general legal education,blog,not confirmed,21,3392,6.45,not available locally,not available locally,not available locally,,not public,none detected,image recovery needed,restore as blog post,/resources/blog/understanding-spousal-maintenance-in-nigeria,https://chamanlawfirm.com/resources/blog/understanding-spousal-maintenance-in-nigeria,not checked,image recovery needed,low/medium - editorial and legal review still required,low/medium - compare against existing live content before publication,229,"answer block, FAQs, lawyer CTA, practice-area links",Broad blog migration remains on hold; restore only through controlled lawyer-reviewed batches.
https://chamanlawfirm.com/family-law-disputes-and-child-abduction,Family Law Disputes And Child Abduction,Family Law Disputes And Child Abduction; Effective Solutions for Navigating Cross-Border Family Law Disputes and International Child Abduction in Nigeria,Family Law Disputes And Child Abduction Navigating cross-border family law disputes and international child abduction in Nigeria is a challenging and emotionally charged...,litigation/ADR,blog,redirect configured to /resources/blog/family-law-disputes-and-child-abduction,52,2815,12.65,not available locally,not available locally,not available locally,/resources/blog/family-law-disputes-and-child-abduction,approved public,none detected,image and alt present in Sanity,exact redirect to existing live equivalent,/resources/blog/family-law-disputes-and-child-abduction,https://chamanlawfirm.com/resources/blog/family-law-disputes-and-child-abduction,included,image and alt present in Sanity,high - lawyer review required before publication,low - already public,228,"answer block, FAQs, lawyer CTA, practice-area links",Broad blog migration remains on hold; restore only through controlled lawyer-reviewed batches.
https://chamanlawfirm.com/how-to-perfect-a-property-title-in-nigeria,How To Perfect A Property Title In Nigeria,How to Perfect a Property Title in Nigeria,"Introduction Property ownership in Nigeria is a valuable investment, but the journey doesn’t end with the purchase. To secure your ownership rights and ensure your property remains free from disputes or claims, you mus",property/title,blog,approved Sanity post; missing old-url redirect,24,1513,9.81,not available locally,not available locally,not available locally,,approved public,none detected,image and alt present in Sanity,exact redirect to existing live equivalent,/resources/blog/how-to-perfect-a-property-title-in-nigeria,https://chamanlawfirm.com/resources/blog/how-to-perfect-a-property-title-in-nigeria,included,image and alt present in Sanity,medium - verify current law and facts before publication,low - already public,225,"answer block, FAQs, lawyer CTA, practice-area links",Broad blog migration remains on hold; restore only through controlled lawyer-reviewed batches.
https://chamanlawfirm.com/corporate-governance-and-ethical-responsibility,Corporate Governance And Ethical Responsibility,,,corporate/commercial,service,not confirmed,18,2523,44.14,not available locally,not available locally,not available locally,/practice-areas/corporate-commercial-law,not public,none detected,image recovery needed,exact redirect to existing live equivalent,/practice-areas/corporate-commercial-law,https://chamanlawfirm.com/practice-areas/corporate-commercial-law,included,image recovery needed,low/medium - editorial and legal review still required,medium - confirm old topic should merge into existing practice/service page,225,"service answer block, process steps, FAQs, consultation CTA",source body not present in Phase 5C prepared drafts; SEO title requires RankMath/source preservation or rewrite; meta description requires RankMath/source preservation or rewrite; image recovery/fallback required; redirect planning only; do not publish as article without equivalent content
https://chamanlawfirm.com/tax-clearance-in-lagos-for-property-sales,Tax Clearance In Lagos For Property Sales,Powerful Steps: Tax Clearance in Lagos for Property Sales,"Tax Clearance in Lagos for Property Sales - Know the requirements, process steps, and where to apply / your Lagos property tax clearance guide.",property/title,blog,hidden Sanity draft; do not redirect,10,5547,5.54,not available locally,not available locally,not available locally,,not public,hidden/unapproved,image recovery needed,reject/archive,/resources/blog/tax-clearance-in-lagos-for-property-sales,https://chamanlawfirm.com/resources/blog/tax-clearance-in-lagos-for-property-sales,not checked,image recovery needed,blocked - off-brand/spam/luxury signal,medium - compare hidden draft against public practice/page before approval,225,"answer block, FAQs, lawyer CTA, practice-area links",Broad blog migration remains on hold; restore only through controlled lawyer-reviewed batches.
https://chamanlawfirm.com/the-impact-of-the-land-use-act-on-land-allocation-for-public-marketplaces-in-nigeria,The Impact Of The Land Use Act On Land Allocation For Public Marketplaces In Nigeria,The Impact Of The Land Use Act On Land Allocation For Public Marketplaces In Nigeria,"The Land Use Act of 1978 is a significant legislation that has had a profound impact on land allocation for public marketplaces in Nigeria. This act, which is applicable to all states in the country, has brought about",property/title,blog,hidden Sanity draft; do not redirect,13,783,13.53,not available locally,not available locally,not available locally,,not public,hidden/unapproved,image recovery needed,keep hidden pending image/source repair,/resources/blog/the-impact-of-the-land-use-act-on-land-allocation-for-public-marketplaces-in-nigeria,https://chamanlawfirm.com/resources/blog/the-impact-of-the-land-use-act-on-land-allocation-for-public-marketplaces-in-nigeria,not checked,image recovery needed,medium - verify current law and facts before publication,medium - compare hidden draft against public practice/page before approval,223,"answer block, FAQs, lawyer CTA, practice-area links",Broad blog migration remains on hold; restore only through controlled lawyer-reviewed batches.
https://chamanlawfirm.com/discover-real-estate-hotspots-in-ogun-state,Discover Real Estate Hotspots In Ogun State,,,property/title,blog,not confirmed,20,3155,8.56,not available locally,not available locally,not available locally,,not public,none detected,image recovery needed,restore as blog post,/resources/blog/discover-real-estate-hotspots-in-ogun-state,https://chamanlawfirm.com/resources/blog/discover-real-estate-hotspots-in-ogun-state,not checked,image recovery needed,low/medium - editorial and legal review still required,low/medium - compare against existing live content before publication,222,"answer block, FAQs, lawyer CTA, practice-area links",Broad blog migration remains on hold; restore only through controlled lawyer-reviewed batches.
https://chamanlawfirm.com/impact-of-trade-policies-on-nigerian-business,Impact Of Trade Policies On Nigerian Business,,,corporate/commercial,service,not confirmed,17,2569,33.34,not available locally,not available locally,not available locally,/practice-areas/corporate-commercial-law,not public,none detected,image recovery needed,exact redirect to existing live equivalent,/practice-areas/corporate-commercial-law,https://chamanlawfirm.com/practice-areas/corporate-commercial-law,included,image recovery needed,low/medium - editorial and legal review still required,medium - confirm old topic should merge into existing practice/service page,221,"service answer block, process steps, FAQs, consultation CTA",source body not present in Phase 5C prepared drafts; SEO title requires RankMath/source preservation or rewrite; meta description requires RankMath/source preservation or rewrite; image recovery/fallback required; redirect planning only; do not publish as article without equivalent content
https://chamanlawfirm.com/newblogpost-zjg4hvhow-to-obtain-a-business-permit-in-nigeria,Newblogpost Zjg4hvhow To Obtain A Business Permit In Nigeria,,,corporate/commercial,service,not confirmed,9,557,13.5,not available locally,not available locally,not available locally,,not public,none detected,image recovery needed,merge into existing stronger live page,/practice-areas/corporate-commercial-law,https://chamanlawfirm.com/practice-areas/corporate-commercial-law,included,image recovery needed,low/medium - editorial and legal review still required,medium - confirm old topic should merge into existing practice/service page,221,"service answer block, process steps, FAQs, consultation CTA",source body not present in Phase 5C prepared drafts; SEO title requires RankMath/source preservation or rewrite; meta description requires RankMath/source preservation or rewrite; image recovery/fallback required
https://chamanlawfirm.com/lagos-inheritance-law-explained-family-rights,Lagos Inheritance Law Explained Family Rights,Powerful Steps:Lagos Inheritance Law Explained,"Lagos Inheritance Law Explained: Family Inheritance Rights - Learn how property is shared, who is entitled, and what families should know",probate/estate,blog,approved Sanity post; missing old-url redirect,37,3481,6.73,not available locally,not available locally,not available locally,,approved public,none detected,image and alt present in Sanity,exact redirect to existing live equivalent,/resources/blog/lagos-inheritance-law-explained-family-rights,https://chamanlawfirm.com/resources/blog/lagos-inheritance-law-explained-family-rights,included,image and alt present in Sanity,high - lawyer review required before publication,low - already public,220,"answer block, FAQs, lawyer CTA, practice-area links",Broad blog migration remains on hold; restore only through controlled lawyer-reviewed batches.
https://chamanlawfirm.com/how-to-apply-for-certificate-of-occupancy-in-lagos-state-nigeria,How To Apply For Certificate Of Occupancy In Lagos State Nigeria,How to Apply for Certificate of Occupancy in Lagos State,A Certificate of Occupancy (C of O) is a legal document that proves ownership of a property and is issued by the Lagos State government in Nigeria. It is a crucial document for any property owner as it serves as proof,property/title,blog,approved Sanity post; missing old-url redirect,33,2513,11.35,not available locally,not available locally,not available locally,,approved public,none detected,image and alt present in Sanity,exact redirect to existing live equivalent,/resources/blog/how-to-apply-for-certificate-of-occupancy-in-lagos-state-nigeria,https://chamanlawfirm.com/resources/blog/how-to-apply-for-certificate-of-occupancy-in-lagos-state-nigeria,included,image and alt present in Sanity,low/medium - editorial and legal review still required,low - already public,220,"answer block, FAQs, lawyer CTA, practice-area links",Broad blog migration remains on hold; restore only through controlled lawyer-reviewed batches.
https://chamanlawfirm.com/unapproved-buildings-step-by-step-guide,Unapproved Buildings Step By Step Guide,,,general legal education,blog,not confirmed,23,1541,6.7,not available locally,not available locally,not available locally,,not public,none detected,image recovery needed,restore as blog post,/resources/blog/unapproved-buildings-step-by-step-guide,https://chamanlawfirm.com/resources/blog/unapproved-buildings-step-by-step-guide,not checked,image recovery needed,low/medium - editorial and legal review still required,low/medium - compare against existing live content before publication,220,"answer block, FAQs, lawyer CTA, practice-area links",Broad blog migration remains on hold; restore only through controlled lawyer-reviewed batches.
https://chamanlawfirm.com/nigeria-leading-immigration-lawyers,Nigeria Leading Immigration Lawyers,,,immigration,service,not confirmed,18,2020,27.03,not available locally,not available locally,not available locally,,not public,none detected,image recovery needed,merge into existing stronger live page,/practice-areas/immigration-services,https://chamanlawfirm.com/practice-areas/immigration-services,included,image recovery needed,medium - verify current law and facts before publication,medium - confirm old topic should merge into existing practice/service page,220,"service answer block, process steps, FAQs, consultation CTA",source body not present in Phase 5C prepared drafts; SEO title requires RankMath/source preservation or rewrite; meta description requires RankMath/source preservation or rewrite; image recovery/fallback required; redirect planning only; do not publish as article without equivalent content
https://chamanlawfirm.com/testate-and-intestate-succession-in-nigeria,Testate And Intestate Succession In Nigeria,,,probate/estate,blog,not confirmed,34,1922,16.53,not available locally,not available locally,not available locally,,not public,none detected,image recovery needed,restore as blog post,/resources/blog/testate-and-intestate-succession-in-nigeria,https://chamanlawfirm.com/resources/blog/testate-and-intestate-succession-in-nigeria,not checked,image recovery needed,low/medium - editorial and legal review still required,low/medium - compare against existing live content before publication,219,"answer block, FAQs, lawyer CTA, practice-area links",Broad blog migration remains on hold; restore only through controlled lawyer-reviewed batches.
https://chamanlawfirm.com/examination-of-power-of-attorney,Examination Of Power Of Attorney,,,general legal education,blog,not confirmed,29,4294,10.7,not available locally,not available locally,not available locally,,not public,none detected,image recovery needed,restore as blog post,/resources/blog/examination-of-power-of-attorney,https://chamanlawfirm.com/resources/blog/examination-of-power-of-attorney,not checked,image recovery needed,low/medium - editorial and legal review still required,low/medium - compare against existing live content before publication,218,"answer block, FAQs, lawyer CTA, practice-area links",Broad blog migration remains on hold; restore only through controlled lawyer-reviewed batches.
https://chamanlawfirm.com/an-overview-onder-the-nigerian-customary-law,An Overview Onder The Nigerian Customary Law,,,general legal education,blog,not confirmed,21,2345,9.22,not available locally,not available locally,not available locally,,not public,none detected,image recovery needed,restore as blog post,/resources/blog/an-overview-onder-the-nigerian-customary-law,https://chamanlawfirm.com/resources/blog/an-overview-onder-the-nigerian-customary-law,not checked,image recovery needed,low/medium - editorial and legal review still required,low/medium - compare against existing live content before publication,218,"answer block, FAQs, lawyer CTA, practice-area links",Broad blog migration remains on hold; restore only through controlled lawyer-reviewed batches.
https://chamanlawfirm.com/basic-procedure-for-dissolution-of-marriage,Basic Procedure For Dissolution Of Marriage,Powerful Steps: Basic Procedure for Dissolution of Marriage,"Learn the Basic Procedure for Dissolution of Marriage in Nigeria, including legal grounds, court process, required documents, and settlement steps.",family law,blog,redirect configured to /resources/blog/basic-procedure-for-dissolution-of-marriage,47,4208,15.45,not available locally,not available locally,not available locally,/resources/blog/basic-procedure-for-dissolution-of-marriage,approved public,none detected,image and alt present in Sanity,exact redirect to existing live equivalent,/resources/blog/basic-procedure-for-dissolution-of-marriage,https://chamanlawfirm.com/resources/blog/basic-procedure-for-dissolution-of-marriage,included,image and alt present in Sanity,high - lawyer review required before publication,low - already public,217,"answer block, FAQs, lawyer CTA, practice-area links",Broad blog migration remains on hold; restore only through controlled lawyer-reviewed batches.
https://chamanlawfirm.com/urban-redevelopment-challenges-in-nigeria,Urban Redevelopment Challenges In Nigeria,,,general legal education,blog,not confirmed,28,4700,18.46,not available locally,not available locally,not available locally,,not public,none detected,image recovery needed,restore as blog post,/resources/blog/urban-redevelopment-challenges-in-nigeria,https://chamanlawfirm.com/resources/blog/urban-redevelopment-challenges-in-nigeria,not checked,image recovery needed,low/medium - editorial and legal review still required,low/medium - compare against existing live content before publication,217,"answer block, FAQs, lawyer CTA, practice-area links",Broad blog migration remains on hold; restore only through controlled lawyer-reviewed batches.
https://chamanlawfirm.com/drafting-company-bylaws-in-nigeria-a-compre,Drafting Company Bylaws In Nigeria A Compre,Drafting Company Bylaws in Nigeria: A Comprehensive Guide to,"Introduction Company bylaws serve as the internal operating manual for a corporation, detailing the rules and regulations governing its operations and the rights and responsibilities of its shareholders, directors, and",corporate/commercial,blog,approved Sanity post; missing old-url redirect,23,988,8.76,not available locally,not available locally,not available locally,,approved public,none detected,image and alt present in Sanity,exact redirect to existing live equivalent,/resources/blog/drafting-company-bylaws-in-nigeria-a-compre,https://chamanlawfirm.com/resources/blog/drafting-company-bylaws-in-nigeria-a-compre,included,image and alt present in Sanity,low/medium - editorial and legal review still required,low - already public,215,"answer block, FAQs, lawyer CTA, practice-area links",Broad blog migration remains on hold; restore only through controlled lawyer-reviewed batches.
https://chamanlawfirm.com/strategies-for-effective-conservation,Strategies For Effective Conservation,,,general legal education,blog,not confirmed,35,6868,31.27,not available locally,not available locally,not available locally,,not public,none detected,image recovery needed,restore as blog post,/resources/blog/strategies-for-effective-conservation,https://chamanlawfirm.com/resources/blog/strategies-for-effective-conservation,not checked,image recovery needed,low/medium - editorial and legal review still required,low/medium - compare against existing live content before publication,214,"answer block, FAQs, lawyer CTA, practice-area links",Broad blog migration remains on hold; restore only through controlled lawyer-reviewed batches.
https://chamanlawfirm.com/property-acquisition-in-nigeria,Property Acquisition In Nigeria,,,property/title,blog,not confirmed,30,3384,18.64,not available locally,not available locally,not available locally,,not public,none detected,image recovery needed,restore as blog post,/resources/blog/property-acquisition-in-nigeria,https://chamanlawfirm.com/resources/blog/property-acquisition-in-nigeria,not checked,image recovery needed,medium - verify current law and facts before publication,low/medium - compare against existing live content before publication,214,"answer block, FAQs, lawyer CTA, practice-area links",Broad blog migration remains on hold; restore only through controlled lawyer-reviewed batches.
https://chamanlawfirm.com/business-registration-process-in-lagosa-com,Business Registration Process In Lagosa Com,Business Registration Process in Lagos,"Introduction Starting a business in Lagos, Nigeria's economic hub, offers immense opportunities but also requires adherence to specific regulatory processes. Registering your business is a crucial step that legitimizes",corporate/commercial,blog,approved Sanity post; missing old-url redirect,24,6371,18.29,not available locally,not available locally,not available locally,,approved public,none detected,image and alt present in Sanity,exact redirect to existing live equivalent,/resources/blog/business-registration-process-in-lagosa-com,https://chamanlawfirm.com/resources/blog/business-registration-process-in-lagosa-com,included,image and alt present in Sanity,low/medium - editorial and legal review still required,low - already public,214,"answer block, FAQs, lawyer CTA, practice-area links",Broad blog migration remains on hold; restore only through controlled lawyer-reviewed batches.
https://chamanlawfirm.com/what-are-arbitrable-matters,What Are Arbitrable Matters,,,litigation/ADR,service,not confirmed,18,1406,32.12,not available locally,not available locally,not available locally,,not public,none detected,image recovery needed,merge into existing stronger live page,/practice-areas/adr-mediation,https://chamanlawfirm.com/practice-areas/adr-mediation,included,image recovery needed,low/medium - editorial and legal review still required,medium - confirm old topic should merge into existing practice/service page,214,"service answer block, process steps, FAQs, consultation CTA",source body not present in Phase 5C prepared drafts; SEO title requires RankMath/source preservation or rewrite; meta description requires RankMath/source preservation or rewrite; image recovery/fallback required
https://chamanlawfirm.com/what-is-ancillary-reliefs,What Is Ancillary Reliefs,,,general legal education,blog,not confirmed,41,3782,28.84,not available locally,not available locally,not available locally,,not public,none detected,image recovery needed,restore as blog post,/resources/blog/what-is-ancillary-reliefs,https://chamanlawfirm.com/resources/blog/what-is-ancillary-reliefs,not checked,image recovery needed,low/medium - editorial and legal review still required,low/medium - compare against existing live content before publication,213,"answer block, FAQs, lawyer CTA, practice-area links",Broad blog migration remains on hold; restore only through controlled lawyer-reviewed batches.
https://chamanlawfirm.com/startup-legal-services-in-nigeria,Startup Legal Services In Nigeria,,,corporate/commercial,service,redirect configured to /practice-areas/corporate-commercial-law,5,1819,12.65,not available locally,not available locally,not available locally,/practice-areas/corporate-commercial-law,not public,none detected,image recovery needed,exact redirect to existing live equivalent,/practice-areas/corporate-commercial-law,https://chamanlawfirm.com/practice-areas/corporate-commercial-law,included,image recovery needed,low/medium - editorial and legal review still required,medium - confirm old topic should merge into existing practice/service page,213,"service answer block, process steps, FAQs, consultation CTA",Legacy startup legal-services URL maps to live Corporate & Commercial Law page.
https://chamanlawfirm.com/what-is-the-relationship-between-mining-activities-and-the-land-use-act,What Is The Relationship Between Mining Activities And The Land Use Act,What Is The Relationship Between Mining Activities And The Land Use Act,"Introduction: Nigeria's Land Use Act, enacted in 1978, holds significant implications for mining activities in the country. This article explores the intricate relationship between the Land Use Act and mining operation",property/title,blog,hidden Sanity draft; do not redirect,12,225,19.64,not available locally,not available locally,not available locally,,not public,hidden/unapproved,image recovery needed,keep hidden pending image/source repair,/resources/blog/what-is-the-relationship-between-mining-activities-and-the-land-use-act,https://chamanlawfirm.com/resources/blog/what-is-the-relationship-between-mining-activities-and-the-land-use-act,not checked,image recovery needed,medium - verify current law and facts before publication,medium - compare hidden draft against public practice/page before approval,212,"answer block, FAQs, lawyer CTA, practice-area links",Broad blog migration remains on hold; restore only through controlled lawyer-reviewed batches.
https://chamanlawfirm.com/are-verbal-agreement-binding-legally,Are Verbal Agreement Binding Legally,,,general legal education,blog,not confirmed,40,3995,31,not available locally,not available locally,not available locally,,not public,none detected,image recovery needed,restore as blog post,/resources/blog/are-verbal-agreement-binding-legally,https://chamanlawfirm.com/resources/blog/are-verbal-agreement-binding-legally,not checked,image recovery needed,low/medium - editorial and legal review still required,low/medium - compare against existing live content before publication,210,"answer block, FAQs, lawyer CTA, practice-area links",Broad blog migration remains on hold; restore only through controlled lawyer-reviewed batches.
https://chamanlawfirm.com/how-to-file-a-complaint-with-commission,How To File A Complaint With Commission,,,general legal education,blog,not confirmed,20,1826,7.71,not available locally,not available locally,not available locally,,not public,none detected,image recovery needed,restore as blog post,/resources/blog/how-to-file-a-complaint-with-commission,https://chamanlawfirm.com/resources/blog/how-to-file-a-complaint-with-commission,not checked,image recovery needed,low/medium - editorial and legal review still required,low/medium - compare against existing live content before publication,208,"answer block, FAQs, lawyer CTA, practice-area links",Broad blog migration remains on hold; restore only through controlled lawyer-reviewed batches.
https://chamanlawfirm.com/regarding-the-custody-of-a-child,Regarding The Custody Of A Child,Powerful Steps: Regarding the Custody of a Child,"the discretionary powers of the court Regarding the Custody of a Child, including factors considered and legal framework under Nigerian law",family law,blog,hidden Sanity draft; do not redirect,24,2591,14.5,not available locally,not available locally,not available locally,,not public,hidden/unapproved,image recovery needed,keep hidden pending legal review,/resources/blog/regarding-the-custody-of-a-child,https://chamanlawfirm.com/resources/blog/regarding-the-custody-of-a-child,not checked,image recovery needed,high - lawyer review required before publication,medium - compare hidden draft against public practice/page before approval,206,"answer block, FAQs, lawyer CTA, practice-area links",Broad blog migration remains on hold; restore only through controlled lawyer-reviewed batches.
https://chamanlawfirm.com/understanding-intestate-succession-in-nigeria,Understanding Intestate Succession In Nigeria,,,probate/estate,blog,not confirmed,18,2585,7.75,not available locally,not available locally,not available locally,,not public,none detected,image recovery needed,restore as blog post,/resources/blog/understanding-intestate-succession-in-nigeria,https://chamanlawfirm.com/resources/blog/understanding-intestate-succession-in-nigeria,not checked,image recovery needed,low/medium - editorial and legal review still required,low/medium - compare against existing live content before publication,206,"answer block, FAQs, lawyer CTA, practice-area links",Broad blog migration remains on hold; restore only through controlled lawyer-reviewed batches.
https://chamanlawfirm.com/effective-legal-framework-for-loan-recovery,Effective Legal Framework For Loan Recovery,Effective Legal Framework For Loan Recovery,LEGAL FRAMEWORK FOR LOAN RECOVERY IN NIGERIA: CHALLENGES AND SOLUTIONS,debt recovery,blog,hidden Sanity draft; do not redirect,9,963,18.62,not available locally,not available locally,not available locally,,not public,hidden/unapproved,image recovery needed,keep hidden pending image/source repair,/resources/blog/effective-legal-framework-for-loan-recovery,https://chamanlawfirm.com/resources/blog/effective-legal-framework-for-loan-recovery,not checked,image recovery needed,low/medium - editorial and legal review still required,medium - compare hidden draft against public practice/page before approval,205,"answer block, FAQs, lawyer CTA, practice-area links",Broad blog migration remains on hold; restore only through controlled lawyer-reviewed batches.
https://chamanlawfirm.com/ultimate-guide-how-to-apply-and-obtain-letter-of-administration-in-lagos-state-2025-update-authored-by-charles-chukwuma-nkwoka-esq-ksm-llb-bl-llm-cmc-fimc-aicmc-aciarb-managing-partner,Ultimate Guide How To Apply And Obtain Letter Of Administration In Lagos State 2025 Update Authored By Charles Chukwuma Nkwoka Esq Ksm Llb Bl Llm Cmc Fimc Aicmc Aciarb Managing Partner,,,probate/estate,lawyer profile,not confirmed,6,474,18.55,not available locally,not available locally,not available locally,,not public,none detected,image recovery needed,merge into existing stronger live page,/lawyers/charles-chukwuma-nkwoka,https://chamanlawfirm.com/lawyers/charles-chukwuma-nkwoka,included,image recovery needed,low/medium - editorial and legal review still required,low/medium - compare against existing live content before publication,205,"service answer block, process steps, FAQs, consultation CTA",source body not present in Phase 5C prepared drafts; SEO title requires RankMath/source preservation or rewrite; meta description requires RankMath/source preservation or rewrite; image recovery/fallback required
https://chamanlawfirm.com/registering-property-titles-in-nigeria,Registering Property Titles In Nigeria,Registering Property Titles In Nigeria; Avoid Costly Mistakes: Proven Steps to Securely Register Your Property Titles in Nigeria Today!,Registering Property Titles In Nigeria Registering property titles in Nigeria is a crucial step for landowners and real estate investors. This process not only provides...,property/title,blog,hidden Sanity draft; do not redirect,6,2326,10.25,not available locally,not available locally,not available locally,,not public,hidden/unapproved,image and alt present in hidden Sanity draft,keep hidden pending image/source repair,/resources/blog/registering-property-titles-in-nigeria,https://chamanlawfirm.com/resources/blog/registering-property-titles-in-nigeria,not checked,image and alt present in hidden Sanity draft,medium - verify current law and facts before publication,medium - compare hidden draft against public practice/page before approval,203,"answer block, FAQs, lawyer CTA, practice-area links",Broad blog migration remains on hold; restore only through controlled lawyer-reviewed batches.
https://chamanlawfirm.com/corporate-affairs-commission-and-its-functions-in-nigeria,Corporate Affairs Commission And Its Functions In Nigeria,,,corporate/commercial,service,not confirmed,4,1281,15.9,not available locally,not available locally,not available locally,/practice-areas/corporate-commercial-law,not public,none detected,image recovery needed,exact redirect to existing live equivalent,/practice-areas/corporate-commercial-law,https://chamanlawfirm.com/practice-areas/corporate-commercial-law,included,image recovery needed,low/medium - editorial and legal review still required,medium - confirm old topic should merge into existing practice/service page,203,"service answer block, process steps, FAQs, consultation CTA",source body not present in Phase 5C prepared drafts; SEO title requires RankMath/source preservation or rewrite; meta description requires RankMath/source preservation or rewrite; image recovery/fallback required
https://chamanlawfirm.com/child-custody-and-visitation-during-holidays,Child Custody And Visitation During Holidays,Child Custody And Visitation During Holidays; Navigating Child Custody and Visitation Schedules During Holidays in Nigeria: A Comprehensive Guide to Resolving Disputes,Child Custody And Visitation During Holidays,family law,blog,hidden Sanity draft; do not redirect,15,710,7.38,not available locally,not available locally,not available locally,,not public,hidden/unapproved,image recovery needed,keep hidden pending legal review,/resources/blog/child-custody-and-visitation-during-holidays,https://chamanlawfirm.com/resources/blog/child-custody-and-visitation-during-holidays,not checked,image recovery needed,high - lawyer review required before publication,medium - compare hidden draft against public practice/page before approval,202,"answer block, FAQs, lawyer CTA, practice-area links",Broad blog migration remains on hold; restore only through controlled lawyer-reviewed batches.
https://chamanlawfirm.com/a-complete-guide-on-how-to-register-a-company-in-nigeria,A Complete Guide On How To Register A Company In Nigeria,Complete Guide to Registering a Company in Nigeria,A COMPLETE GUIDE ON HOW TO REGISTER A COMPANY IN NIGERIA The Corporate Affairs Commission is given the responsibility of registering companies in Nigeria. This body was setup by the Companies and Allied Matters Act (CA,corporate/commercial,blog,approved Sanity post; missing old-url redirect,33,6603,34.82,not available locally,not available locally,not available locally,,approved public,none detected,image and alt present in Sanity,exact redirect to existing live equivalent,/resources/blog/a-complete-guide-on-how-to-register-a-company-in-nigeria,https://chamanlawfirm.com/resources/blog/a-complete-guide-on-how-to-register-a-company-in-nigeria,included,image and alt present in Sanity,low/medium - editorial and legal review still required,low - already public,201,"answer block, FAQs, lawyer CTA, practice-area links",Broad blog migration remains on hold; restore only through controlled lawyer-reviewed batches.
https://chamanlawfirm.com/how-do-i-draft-a-tenancy-agreement,How Do I Draft A Tenancy Agreement,,,general legal education,blog,not confirmed,18,2147,7.19,not available locally,not available locally,not available locally,,not public,none detected,image recovery needed,restore as blog post,/resources/blog/how-do-i-draft-a-tenancy-agreement,https://chamanlawfirm.com/resources/blog/how-do-i-draft-a-tenancy-agreement,not checked,image recovery needed,low/medium - editorial and legal review still required,low/medium - compare against existing live content before publication,201,"answer block, FAQs, lawyer CTA, practice-area links",Broad blog migration remains on hold; restore only through controlled lawyer-reviewed batches.
https://chamanlawfirm.com/notary-services-chaman-law-firm,Notary Services Chaman Law Firm,Notary Services | Chaman Law Firm,notary services at Chaman Law Firm. Ensure your legal documents are certified and secure with our professional and reliable notary experts.,notary/documentation,service,redirect configured to /practice-areas/notary-public-services,5,615,15.44,not available locally,not available locally,not available locally,/practice-areas/notary-public-services,not public,hidden/unapproved,image recovery needed,exact redirect to existing live equivalent,/practice-areas/notary-public-services,https://chamanlawfirm.com/practice-areas/notary-public-services,included,image recovery needed,low/medium - editorial and legal review still required,medium - confirm old topic should merge into existing practice/service page,201,"service answer block, process steps, FAQs, consultation CTA",Legacy notary-services URL maps to live Notary Public Services page.
https://chamanlawfirm.com/enforcement-of-arbitral-awards,Enforcement Of Arbitral Awards,,,litigation/ADR,service,redirect configured to /practice-areas/adr-mediation,5,603,16,not available locally,not available locally,not available locally,/practice-areas/adr-mediation,not public,none detected,image recovery needed,exact redirect to existing live equivalent,/practice-areas/adr-mediation,https://chamanlawfirm.com/practice-areas/adr-mediation,included,image recovery needed,low/medium - editorial and legal review still required,medium - confirm old topic should merge into existing practice/service page,201,"service answer block, process steps, FAQs, consultation CTA",Legacy arbitral-awards URL maps to live ADR / Mediation practice page pending exact article recovery.
https://chamanlawfirm.com/the-legal-implications-of-breach-of-contract,The Legal Implications Of Breach Of Contract,Legal Implications of Breach of Contract in Nigeria,"THE LEGAL IMPLICATIONS OF BREACH OF CONTRACT, Business agreements would be made in a perfect world where all parties would....",corporate/commercial,blog,approved Sanity post; missing old-url redirect,17,2515,9.9,not available locally,not available locally,not available locally,,approved public,none detected,image and alt present in Sanity,exact redirect to existing live equivalent,/resources/blog/the-legal-implications-of-breach-of-contract,https://chamanlawfirm.com/resources/blog/the-legal-implications-of-breach-of-contract,included,image and alt present in Sanity,medium - verify current law and facts before publication,low - already public,200,"answer block, FAQs, lawyer CTA, practice-area links",Broad blog migration remains on hold; restore only through controlled lawyer-reviewed batches.
https://chamanlawfirm.com/available-remedies-in-civil-litigation,Available Remedies In Civil Litigation,Available Remedies In Civil Litigation; Empowering Consumers: Must-Know Legal Remedies That Protect Nigerians from Exploitation,"Available Remedies In Civil Litigation Civil litigation in Nigeria encompasses a range of disputes between individuals, businesses, or government entities...",litigation/ADR,blog,hidden Sanity draft; do not redirect,8,907,15.75,not available locally,not available locally,not available locally,,not public,hidden/unapproved,image recovery needed,keep hidden pending image/source repair,/resources/blog/available-remedies-in-civil-litigation,https://chamanlawfirm.com/resources/blog/available-remedies-in-civil-litigation,not checked,image recovery needed,low/medium - editorial and legal review still required,medium - compare hidden draft against public practice/page before approval,199,"answer block, FAQs, lawyer CTA, practice-area links",Broad blog migration remains on hold; restore only through controlled lawyer-reviewed batches.
https://chamanlawfirm.com/employment-disputes-and-grievances,Employment Disputes And Grievances,,,litigation/ADR,service,redirect configured to /practice-areas/employment-law,5,352,11.8,not available locally,not available locally,not available locally,/practice-areas/employment-law,not public,none detected,image recovery needed,exact redirect to existing live equivalent,/practice-areas/employment-law,https://chamanlawfirm.com/practice-areas/employment-law,included,image recovery needed,medium - verify current law and facts before publication,medium - confirm old topic should merge into existing practice/service page,199,"service answer block, process steps, FAQs, consultation CTA",Legacy employment-dispute URL maps to live Employment Law practice page.
https://chamanlawfirm.com/newblogpost-znqwc8what-are-the-la-in-nigeria,Newblogpost Znqwc8what Are The La In Nigeria,,,general legal education,blog,not confirmed,39,3332,20.53,not available locally,not available locally,not available locally,,not public,none detected,image recovery needed,restore as blog post,/resources/blog/newblogpost-znqwc8what-are-the-la-in-nigeria,https://chamanlawfirm.com/resources/blog/newblogpost-znqwc8what-are-the-la-in-nigeria,not checked,image recovery needed,low/medium - editorial and legal review still required,low/medium - compare against existing live content before publication,198,"answer block, FAQs, lawyer CTA, practice-area links",Broad blog migration remains on hold; restore only through controlled lawyer-reviewed batches.
https://chamanlawfirm.com/letter-of-administration-vs-grant-of-probate,Letter Of Administration Vs Grant Of Probate,Letter Of Administration Vs Grant Of Probate,Letter of Administration vs Grant of Probate Choosing the Right Legal Process Explained,probate/estate,service,hidden Sanity draft; do not redirect,9,1329,57.53,not available locally,not available locally,not available locally,,not public,hidden/unapproved,image recovery needed,keep hidden pending legal review,/practice-areas/probate-estate-administration,https://chamanlawfirm.com/practice-areas/probate-estate-administration,included,image recovery needed,high - lawyer review required before publication,medium - confirm old topic should merge into existing practice/service page,198,"service answer block, process steps, FAQs, consultation CTA",source body not present in Phase 5C prepared drafts; SEO title requires RankMath/source preservation or rewrite; meta description requires RankMath/source preservation or rewrite; image recovery/fallback required
https://chamanlawfirm.com/the-procedure-and-documents-for-perfecting-t,The Procedure And Documents For Perfecting T,,,notary/documentation,blog,not confirmed,29,2206,10.62,not available locally,not available locally,not available locally,,not public,none detected,image recovery needed,restore as blog post,/resources/blog/the-procedure-and-documents-for-perfecting-t,https://chamanlawfirm.com/resources/blog/the-procedure-and-documents-for-perfecting-t,not checked,image recovery needed,low/medium - editorial and legal review still required,low/medium - compare against existing live content before publication,197,"answer block, FAQs, lawyer CTA, practice-area links",Broad blog migration remains on hold; restore only through controlled lawyer-reviewed batches.
https://chamanlawfirm.com/filing-for-divorce-in-nigeria-a-comprehen,Filing For Divorce In Nigeria A Comprehen,Filing For Divorce In Nigeria A Comprehen,"Introduction Divorce is a legal process that involves the dissolution of marriage, a step many consider only after careful thought due to its emotional, financial, and social implications. In Nigeria, divorce cases are",family law,blog,hidden Sanity draft; do not redirect,26,6713,27.51,not available locally,not available locally,not available locally,,not public,hidden/unapproved,image recovery needed,keep hidden pending legal review,/resources/blog/filing-for-divorce-in-nigeria-a-comprehen,https://chamanlawfirm.com/resources/blog/filing-for-divorce-in-nigeria-a-comprehen,not checked,image recovery needed,high - lawyer review required before publication,medium - compare hidden draft against public practice/page before approval,197,"answer block, FAQs, lawyer CTA, practice-area links",Broad blog migration remains on hold; restore only through controlled lawyer-reviewed batches.
https://chamanlawfirm.com/legal-processes-of-transferring-property,Legal Processes Of Transferring Property,Legal Process for Transferring Property in Nigeria,"Introduction In Nigeria, property ownership transfers are a common occurrence, whether due to the sale, inheritance, or gifting of land or property. However, the process can be complex, involving legal paperwork, due d",property/title,blog,approved Sanity post; missing old-url redirect,17,2246,9.28,not available locally,not available locally,not available locally,,approved public,none detected,image and alt present in Sanity,exact redirect to existing live equivalent,/resources/blog/legal-processes-of-transferring-property,https://chamanlawfirm.com/resources/blog/legal-processes-of-transferring-property,included,image and alt present in Sanity,medium - verify current law and facts before publication,low - already public,197,"answer block, FAQs, lawyer CTA, practice-area links",Broad blog migration remains on hold; restore only through controlled lawyer-reviewed batches.
https://chamanlawfirm.com/overview-of-self-incrimination,Overview Of Self Incrimination,,,general legal education,blog,not confirmed,17,2232,9.23,not available locally,not available locally,not available locally,,not public,none detected,image recovery needed,restore as blog post,/resources/blog/overview-of-self-incrimination,https://chamanlawfirm.com/resources/blog/overview-of-self-incrimination,not checked,image recovery needed,low/medium - editorial and legal review still required,low/medium - compare against existing live content before publication,197,"answer block, FAQs, lawyer CTA, practice-area links",Broad blog migration remains on hold; restore only through controlled lawyer-reviewed batches.
https://chamanlawfirm.com/mortgage-vis-a-vis-similar-transactions,Mortgage Vis A Vis Similar Transactions,,,general legal education,blog,not confirmed,29,2126,10.88,not available locally,not available locally,not available locally,,not public,none detected,image recovery needed,restore as blog post,/resources/blog/mortgage-vis-a-vis-similar-transactions,https://chamanlawfirm.com/resources/blog/mortgage-vis-a-vis-similar-transactions,not checked,image recovery needed,low/medium - editorial and legal review still required,low/medium - compare against existing live content before publication,196,"answer block, FAQs, lawyer CTA, practice-area links",Broad blog migration remains on hold; restore only through controlled lawyer-reviewed batches.
https://chamanlawfirm.com/the-lagos-state-building-control-agency,The Lagos State Building Control Agency,,,general legal education,blog,not confirmed,15,3068,8.47,not available locally,not available locally,not available locally,,not public,none detected,image recovery needed,restore as blog post,/resources/blog/the-lagos-state-building-control-agency,https://chamanlawfirm.com/resources/blog/the-lagos-state-building-control-agency,not checked,image recovery needed,low/medium - editorial and legal review still required,low/medium - compare against existing live content before publication,196,"answer block, FAQs, lawyer CTA, practice-area links",Broad blog migration remains on hold; restore only through controlled lawyer-reviewed batches.
https://chamanlawfirm.com/ways-nigerian-lawprotectstherightsofchildren,Ways Nigerian Lawprotectstherightsofchildren,Ways Nigerian Lawprotectstherightsofchildren,"Introduction In Nigeria, children born out of wedlock often face unique challenges, particularly regarding their legal rights and inheritance. Family law in Nigeria provides various protections to ensure these children",family law,blog,hidden Sanity draft; do not redirect,12,1564,7.87,not available locally,not available locally,not available locally,,not public,hidden/unapproved,image recovery needed,keep hidden pending legal review,/resources/blog/ways-nigerian-lawprotectstherightsofchildren,https://chamanlawfirm.com/resources/blog/ways-nigerian-lawprotectstherightsofchildren,not checked,image recovery needed,high - lawyer review required before publication,medium - compare hidden draft against public practice/page before approval,196,"answer block, FAQs, lawyer CTA, practice-area links",Broad blog migration remains on hold; restore only through controlled lawyer-reviewed batches.
https://chamanlawfirm.com/matrimonial-reliefs-in-nigeria,Matrimonial Reliefs In Nigeria,Matrimonial Reliefs In Nigeria,"AN OVERVIEW OF MATRIMONIAL RELIEFS IN NIGERIA, Marriage is a union of either a man with one or many women...",general legal education,blog,hidden Sanity draft; do not redirect,8,644,11.7,not available locally,not available locally,not available locally,,not public,hidden/unapproved,image recovery needed,keep hidden pending image/source repair,/resources/blog/matrimonial-reliefs-in-nigeria,https://chamanlawfirm.com/resources/blog/matrimonial-reliefs-in-nigeria,not checked,image recovery needed,low/medium - editorial and legal review still required,medium - compare hidden draft against public practice/page before approval,196,"answer block, FAQs, lawyer CTA, practice-area links",Broad blog migration remains on hold; restore only through controlled lawyer-reviewed batches.
https://chamanlawfirm.com/disadvantages-of-not-getting-a-business-permit-in-lagos,Disadvantages Of Not Getting A Business Permit In Lagos,,,corporate/commercial,service,not confirmed,5,96,15.88,not available locally,not available locally,not available locally,,not public,none detected,image recovery needed,merge into existing stronger live page,/practice-areas/corporate-commercial-law,https://chamanlawfirm.com/practice-areas/corporate-commercial-law,included,image recovery needed,low/medium - editorial and legal review still required,medium - confirm old topic should merge into existing practice/service page,196,"service answer block, process steps, FAQs, consultation CTA",source body not present in Phase 5C prepared drafts; SEO title requires RankMath/source preservation or rewrite; meta description requires RankMath/source preservation or rewrite; image recovery/fallback required
https://chamanlawfirm.com/company-management-in-nigeria,Company Management In Nigeria,Company Management in Nigeria,"Company Management in Nigeria, with so many problems plaguing the corporate sector of so many economies today",corporate/commercial,blog,approved Sanity post; missing old-url redirect,39,3037,25.55,not available locally,not available locally,not available locally,,approved public,none detected,image and alt present in Sanity,exact redirect to existing live equivalent,/resources/blog/company-management-in-nigeria,https://chamanlawfirm.com/resources/blog/company-management-in-nigeria,included,image and alt present in Sanity,low/medium - editorial and legal review still required,low - already public,195,"answer block, FAQs, lawyer CTA, practice-area links",Broad blog migration remains on hold; restore only through controlled lawyer-reviewed batches.
https://chamanlawfirm.com/verify-land-ownership-with-the-lagos-state,Verify Land Ownership With The Lagos State,Powerful Steps: Verify Land Ownership with the Lagos State,Verify Land Ownership with the Lagos State - ensuring your real estate transactions are secure and legally compliant. / Chaman Law Firm,property/title,blog,approved Sanity post; missing old-url redirect,17,1970,7.95,not available locally,not available locally,not available locally,,approved public,none detected,image and alt present in Sanity,exact redirect to existing live equivalent,/resources/blog/verify-land-ownership-with-the-lagos-state,https://chamanlawfirm.com/resources/blog/verify-land-ownership-with-the-lagos-state,included,image and alt present in Sanity,medium - verify current law and facts before publication,low - already public,195,"answer block, FAQs, lawyer CTA, practice-area links",Broad blog migration remains on hold; restore only through controlled lawyer-reviewed batches.
https://chamanlawfirm.com/obtaining-land-titles-in-rural-areas,Obtaining Land Titles In Rural Areas,Proven Steps on Obtaining Land Titles in Rural Areas,What Challenges are Faced in Obtaining Land Titles in Rural Areas in Nigeria? Land is a precious and finite resource in Nigeria....,property/title,blog,hidden Sanity draft; do not redirect,8,528,13.29,not available locally,not available locally,not available locally,,not public,hidden/unapproved,image recovery needed,keep hidden pending image/source repair,/resources/blog/obtaining-land-titles-in-rural-areas,https://chamanlawfirm.com/resources/blog/obtaining-land-titles-in-rural-areas,not checked,image recovery needed,medium - verify current law and facts before publication,medium - compare hidden draft against public practice/page before approval,195,"answer block, FAQs, lawyer CTA, practice-area links",Broad blog migration remains on hold; restore only through controlled lawyer-reviewed batches.
https://chamanlawfirm.com/discrimination-and-xenophobia-against-immigrants,Discrimination And Xenophobia Against Immigrants,,,general legal education,blog,not confirmed,4,2517,2.44,not available locally,possible high-ranking candidate; no local featured-snippet export,not available locally,,not public,none detected,image recovery needed,restore as blog post,/resources/blog/discrimination-and-xenophobia-against-immigrants,https://chamanlawfirm.com/resources/blog/discrimination-and-xenophobia-against-immigrants,not checked,image recovery needed,low/medium - editorial and legal review still required,low/medium - compare against existing live content before publication,195,"answer block, FAQs, lawyer CTA, practice-area links",Broad blog migration remains on hold; restore only through controlled lawyer-reviewed batches.
https://chamanlawfirm.com/government-ministries-and-parastatals,Government Ministries And Parastatals,,,general legal education,blog,not confirmed,22,5385,15.81,not available locally,not available locally,not available locally,,not public,none detected,image recovery needed,restore as blog post,/resources/blog/government-ministries-and-parastatals,https://chamanlawfirm.com/resources/blog/government-ministries-and-parastatals,not checked,image recovery needed,low/medium - editorial and legal review still required,low/medium - compare against existing live content before publication,194,"answer block, FAQs, lawyer CTA, practice-area links",Broad blog migration remains on hold; restore only through controlled lawyer-reviewed batches.
https://chamanlawfirm.com/proven-steps-qualities-of-good-mediator,Proven Steps Qualities Of Good Mediator,,,litigation/ADR,service,not confirmed,12,2449,27.31,not available locally,not available locally,not available locally,/practice-areas/adr-mediation,not public,none detected,image recovery needed,exact redirect to existing live equivalent,/practice-areas/adr-mediation,https://chamanlawfirm.com/practice-areas/adr-mediation,included,image recovery needed,low/medium - editorial and legal review still required,medium - confirm old topic should merge into existing practice/service page,194,"service answer block, process steps, FAQs, consultation CTA",source body not present in Phase 5C prepared drafts; SEO title requires RankMath/source preservation or rewrite; meta description requires RankMath/source preservation or rewrite; image recovery/fallback required
https://chamanlawfirm.com/how-to-obtain-government-approvals-and-permits,How To Obtain Government Approvals And Permits,,,general legal education,blog,not confirmed,26,3295,14.01,not available locally,not available locally,not available locally,,not public,none detected,image recovery needed,restore as blog post,/resources/blog/how-to-obtain-government-approvals-and-permits,https://chamanlawfirm.com/resources/blog/how-to-obtain-government-approvals-and-permits,not checked,image recovery needed,low/medium - editorial and legal review still required,low/medium - compare against existing live content before publication,193,"answer block, FAQs, lawyer CTA, practice-area links",Broad blog migration remains on hold; restore only through controlled lawyer-reviewed batches.
https://chamanlawfirm.com/the-industrial-incentives-in-nigeria,The Industrial Incentives In Nigeria,,,general legal education,blog,not confirmed,21,5819,13.7,not available locally,not available locally,not available locally,,not public,none detected,image recovery needed,restore as blog post,/resources/blog/the-industrial-incentives-in-nigeria,https://chamanlawfirm.com/resources/blog/the-industrial-incentives-in-nigeria,not checked,image recovery needed,low/medium - editorial and legal review still required,low/medium - compare against existing live content before publication,193,"answer block, FAQs, lawyer CTA, practice-area links",Broad blog migration remains on hold; restore only through controlled lawyer-reviewed batches.
https://chamanlawfirm.com/what-are-the-implications-of-land-use-conversion-on-land-ownership-in-nigeria,What Are The Implications Of Land Use Conversion On Land Ownership In Nigeria,What Are The Implications Of Land Use Conversion On Land Ownership In Nigeria,"Introduction Land use conversion is a process that involves changing the purpose for which land is used. In Nigeria, this transformation can have far-reaching implications for land ownership, property development, and",property/title,blog,hidden Sanity draft; do not redirect,8,340,14.26,not available locally,not available locally,not available locally,,not public,hidden/unapproved,image recovery needed,keep hidden pending image/source repair,/resources/blog/what-are-the-implications-of-land-use-conversion-on-land-ownership-in-nigeria,https://chamanlawfirm.com/resources/blog/what-are-the-implications-of-land-use-conversion-on-land-ownership-in-nigeria,not checked,image recovery needed,medium - verify current law and facts before publication,medium - compare hidden draft against public practice/page before approval,193,"answer block, FAQs, lawyer CTA, practice-area links",Broad blog migration remains on hold; restore only through controlled lawyer-reviewed batches.
https://chamanlawfirm.com/legal-issues-in-binding-settlement-agreements,Legal Issues In Binding Settlement Agreements,,,general legal education,blog,not confirmed,18,1235,8.46,not available locally,not available locally,not available locally,,not public,none detected,image recovery needed,restore as blog post,/resources/blog/legal-issues-in-binding-settlement-agreements,https://chamanlawfirm.com/resources/blog/legal-issues-in-binding-settlement-agreements,not checked,image recovery needed,low/medium - editorial and legal review still required,low/medium - compare against existing live content before publication,192,"answer block, FAQs, lawyer CTA, practice-area links",Broad blog migration remains on hold; restore only through controlled lawyer-reviewed batches.
https://chamanlawfirm.com/how-to-handle-land-grabbers-in-lagos,How To Handle Land Grabbers In Lagos,Powerful Steps: How to Handle Land Grabbers in Lagos,Learn how to handle land grabbers in Lagos. Chaman Law Firm provides expert legal remedies to protect your property and ownership rights.,property/title,blog,approved Sanity post; missing old-url redirect,18,1182,8.65,not available locally,not available locally,not available locally,,approved public,none detected,image and alt present in Sanity,exact redirect to existing live equivalent,/resources/blog/how-to-handle-land-grabbers-in-lagos,https://chamanlawfirm.com/resources/blog/how-to-handle-land-grabbers-in-lagos,included,image and alt present in Sanity,medium - verify current law and facts before publication,low - already public,192,"answer block, FAQs, lawyer CTA, practice-area links",Broad blog migration remains on hold; restore only through controlled lawyer-reviewed batches.
https://chamanlawfirm.com/legally-challenge-forged-land-documents-in-ogun,Legally Challenge Forged Land Documents In Ogun,Powerful Steps: Legally Challenge Forged Land Documents,"Legally Challenge Forged Land Documents in Ogun - identify fake land papers, report document fraud, and take legal action to protect your property",property/title,blog,approved Sanity post; missing old-url redirect,17,1665,5.33,not available locally,not available locally,not available locally,,approved public,none detected,image and alt present in Sanity,exact redirect to existing live equivalent,/resources/blog/legally-challenge-forged-land-documents-in-ogun,https://chamanlawfirm.com/resources/blog/legally-challenge-forged-land-documents-in-ogun,included,image and alt present in Sanity,medium - verify current law and facts before publication,low - already public,192,"answer block, FAQs, lawyer CTA, practice-area links",Broad blog migration remains on hold; restore only through controlled lawyer-reviewed batches.
https://chamanlawfirm.com/building-demolition-key-steps-to-compliance,Building Demolition Key Steps To Compliance,,,general legal education,blog,not confirmed,13,3670,7.23,not available locally,not available locally,not available locally,,not public,none detected,image recovery needed,restore as blog post,/resources/blog/building-demolition-key-steps-to-compliance,https://chamanlawfirm.com/resources/blog/building-demolition-key-steps-to-compliance,not checked,image recovery needed,low/medium - editorial and legal review still required,low/medium - compare against existing live content before publication,192,"answer block, FAQs, lawyer CTA, practice-area links",Broad blog migration remains on hold; restore only through controlled lawyer-reviewed batches.
https://chamanlawfirm.com/real-estate-and-property-law,Real Estate And Property Law,Real Estate and Property Law | Chaman Law Firm,Chaman law firm are experts in real estate and property law and can help you with every legal matters surrounding real estate and property law for you.,property/title,blog,hidden Sanity draft; do not redirect,7,742,15.7,not available locally,not available locally,not available locally,,not public,hidden/unapproved,image and alt present in hidden Sanity draft,keep hidden pending image/source repair,/resources/blog/real-estate-and-property-law,https://chamanlawfirm.com/resources/blog/real-estate-and-property-law,not checked,image and alt present in hidden Sanity draft,medium - verify current law and facts before publication,medium - compare hidden draft against public practice/page before approval,192,"answer block, FAQs, lawyer CTA, practice-area links",Broad blog migration remains on hold; restore only through controlled lawyer-reviewed batches.
https://chamanlawfirm.com/the-ways-trade-union-activities-are-settled,The Ways Trade Union Activities Are Settled,,,general legal education,blog,not confirmed,26,3004,13.15,not available locally,not available locally,not available locally,,not public,none detected,image recovery needed,restore as blog post,/resources/blog/the-ways-trade-union-activities-are-settled,https://chamanlawfirm.com/resources/blog/the-ways-trade-union-activities-are-settled,not checked,image recovery needed,low/medium - editorial and legal review still required,low/medium - compare against existing live content before publication,190,"answer block, FAQs, lawyer CTA, practice-area links",Broad blog migration remains on hold; restore only through controlled lawyer-reviewed batches.
https://chamanlawfirm.com/how-can-nigerians-in-the-diaspora-buy-property,How Can Nigerians In The Diaspora Buy Property,How can Nigerians in the diaspora buy property in Ogun State,How can Nigerians in the diaspora buy property in Ogun State safely? Considering investing in real estate back home? Learn th,property/title,blog,approved Sanity post; missing old-url redirect,17,1538,8.91,not available locally,not available locally,not available locally,,approved public,none detected,image and alt present in Sanity,exact redirect to existing live equivalent,/resources/blog/how-can-nigerians-in-the-diaspora-buy-property,https://chamanlawfirm.com/resources/blog/how-can-nigerians-in-the-diaspora-buy-property,included,image and alt present in Sanity,medium - verify current law and facts before publication,low - already public,190,"answer block, FAQs, lawyer CTA, practice-area links",Broad blog migration remains on hold; restore only through controlled lawyer-reviewed batches.
https://chamanlawfirm.com/lagos-property-succession-how-to-transfer-ownership-after-a-death,Lagos Property Succession How To Transfer Ownership After A Death,Lagos Property Succession: How to Transfer Ownership After Death,"Introduction When a property owner in Lagos passes away, transferring ownership of their real estate is not simply a matter of handing over the keys. It involves a structured legal process under the state’s succession",property/title,blog,approved Sanity post; missing old-url redirect,17,1376,5.9,not available locally,not available locally,not available locally,,approved public,none detected,image and alt present in Sanity,exact redirect to existing live equivalent,/resources/blog/lagos-property-succession-how-to-transfer-ownership-after-a-death,https://chamanlawfirm.com/resources/blog/lagos-property-succession-how-to-transfer-ownership-after-a-death,included,image and alt present in Sanity,medium - verify current law and facts before publication,low - already public,189,"answer block, FAQs, lawyer CTA, practice-area links",Broad blog migration remains on hold; restore only through controlled lawyer-reviewed batches.
https://chamanlawfirm.com/cyber-bullying-laws-in-nigeria,Cyber Bullying Laws In Nigeria,,,general legal education,blog,not confirmed,26,2757,19.75,not available locally,not available locally,not available locally,,not public,none detected,image recovery needed,restore as blog post,/resources/blog/cyber-bullying-laws-in-nigeria,https://chamanlawfirm.com/resources/blog/cyber-bullying-laws-in-nigeria,not checked,image recovery needed,low/medium - editorial and legal review still required,low/medium - compare against existing live content before publication,188,"answer block, FAQs, lawyer CTA, practice-area links",Broad blog migration remains on hold; restore only through controlled lawyer-reviewed batches.
https://chamanlawfirm.com/bridge-and-highway-construction-in-nigeria,Bridge And Highway Construction In Nigeria,,,general legal education,blog,not confirmed,25,3257,19.53,not available locally,not available locally,not available locally,,not public,none detected,image recovery needed,restore as blog post,/resources/blog/bridge-and-highway-construction-in-nigeria,https://chamanlawfirm.com/resources/blog/bridge-and-highway-construction-in-nigeria,not checked,image recovery needed,low/medium - editorial and legal review still required,low/medium - compare against existing live content before publication,188,"answer block, FAQs, lawyer CTA, practice-area links",Broad blog migration remains on hold; restore only through controlled lawyer-reviewed batches.
https://chamanlawfirm.com/what-are-the-duties-of-parties-to-an-agency-agreement-introduction,What Are The Duties Of Parties To An Agency Agreement Introduction,,,general legal education,blog,not confirmed,18,671,8.13,not available locally,not available locally,not available locally,,not public,none detected,image recovery needed,restore as blog post,/resources/blog/what-are-the-duties-of-parties-to-an-agency-agreement-introduction,https://chamanlawfirm.com/resources/blog/what-are-the-duties-of-parties-to-an-agency-agreement-introduction,not checked,image recovery needed,low/medium - editorial and legal review still required,low/medium - compare against existing live content before publication,187,"answer block, FAQs, lawyer CTA, practice-area links",Broad blog migration remains on hold; restore only through controlled lawyer-reviewed batches.
https://chamanlawfirm.com/the-inheritance-rights-of-family-members,The Inheritance Rights Of Family Members,,,probate/estate,service,not confirmed,6,1705,7.41,not available locally,not available locally,not available locally,,not public,none detected,image recovery needed,keep hidden pending legal review,/practice-areas/probate-estate-administration,https://chamanlawfirm.com/practice-areas/probate-estate-administration,included,image recovery needed,high - lawyer review required before publication,medium - confirm old topic should merge into existing practice/service page,187,"service answer block, process steps, FAQs, consultation CTA",source body not present in Phase 5C prepared drafts; SEO title requires RankMath/source preservation or rewrite; meta description requires RankMath/source preservation or rewrite; image recovery/fallback required; redirect planning only; do not publish as article without equivalent content
https://chamanlawfirm.com/labour-and-employment-law-in-nigeria,Labour And Employment Law In Nigeria,,,employment law,service,not confirmed,9,3069,55.73,not available locally,not available locally,not available locally,/practice-areas/employment-law,not public,none detected,image recovery needed,exact redirect to existing live equivalent,/practice-areas/employment-law,https://chamanlawfirm.com/practice-areas/employment-law,included,image recovery needed,medium - verify current law and facts before publication,medium - confirm old topic should merge into existing practice/service page,186,"service answer block, process steps, FAQs, consultation CTA",Sprint 11E urgent non-blog rescue candidate; target is existing public service/practice page.
https://chamanlawfirm.com/role-of-the-lagos-special-task-force,Role Of The Lagos Special Task Force,,,general legal education,blog,not confirmed,16,1495,7.81,not available locally,not available locally,not available locally,,not public,none detected,image recovery needed,restore as blog post,/resources/blog/role-of-the-lagos-special-task-force,https://chamanlawfirm.com/resources/blog/role-of-the-lagos-special-task-force,not checked,image recovery needed,low/medium - editorial and legal review still required,low/medium - compare against existing live content before publication,185,"answer block, FAQs, lawyer CTA, practice-area links",Broad blog migration remains on hold; restore only through controlled lawyer-reviewed batches.
https://chamanlawfirm.com/how-to-legally-void-a-marriage,How To Legally Void A Marriage,,,family law,blog,not confirmed,31,2900,9.03,not available locally,not available locally,not available locally,,not public,none detected,image recovery needed,restore as blog post,/resources/blog/how-to-legally-void-a-marriage,https://chamanlawfirm.com/resources/blog/how-to-legally-void-a-marriage,not checked,image recovery needed,high - lawyer review required before publication,low/medium - compare against existing live content before publication,184,"answer block, FAQs, lawyer CTA, practice-area links",Broad blog migration remains on hold; restore only through controlled lawyer-reviewed batches.
https://chamanlawfirm.com/the-different-types-of-marriage-in-nigeria,The Different Types Of Marriage In Nigeria,,,property/title,blog,not confirmed,29,3892,8.1,not available locally,not available locally,not available locally,,not public,none detected,image recovery needed,restore as blog post,/resources/blog/the-different-types-of-marriage-in-nigeria,https://chamanlawfirm.com/resources/blog/the-different-types-of-marriage-in-nigeria,not checked,image recovery needed,high - lawyer review required before publication,low/medium - compare against existing live content before publication,184,"answer block, FAQs, lawyer CTA, practice-area links",Broad blog migration remains on hold; restore only through controlled lawyer-reviewed batches.
https://chamanlawfirm.com/insurance-fraud-in-nigeria,Insurance Fraud In Nigeria,,,general legal education,blog,not confirmed,29,899,19.44,not available locally,not available locally,not available locally,,not public,none detected,image recovery needed,restore as blog post,/resources/blog/insurance-fraud-in-nigeria,https://chamanlawfirm.com/resources/blog/insurance-fraud-in-nigeria,not checked,image recovery needed,low/medium - editorial and legal review still required,low/medium - compare against existing live content before publication,184,"answer block, FAQs, lawyer CTA, practice-area links",Broad blog migration remains on hold; restore only through controlled lawyer-reviewed batches.
https://chamanlawfirm.com/the-essential-ethics-of-debt-recovery,The Essential Ethics Of Debt Recovery,The Essential Ethics Of Debt Recovery: Crucial Truths: The Ethical Dilemmas in Debt Recovery Every Professional Must Know”,"The Essential Ethics Of Debt Recovery Debt recovery is a vital aspect of business operations and financial stability, ensuring that businesses and individuals are held...",debt recovery,blog,approved Sanity post; missing old-url redirect,22,4362,15.86,not available locally,not available locally,not available locally,,approved public,none detected,image and alt present in Sanity,exact redirect to existing live equivalent,/resources/blog/the-essential-ethics-of-debt-recovery,https://chamanlawfirm.com/resources/blog/the-essential-ethics-of-debt-recovery,included,image and alt present in Sanity,medium - verify current law and facts before publication,low - already public,184,"answer block, FAQs, lawyer CTA, practice-area links",Broad blog migration remains on hold; restore only through controlled lawyer-reviewed batches.
https://chamanlawfirm.com/how-are-conflicts-resolved-under-the-land-use-act,How Are Conflicts Resolved Under The Land Use Act,How Are Conflicts Resolved Under The Land Use Act,"The Land Use Act of 1978 in Nigeria not only governs land allocation and ownership but also recognizes that land-related conflicts can arise. To address these disputes, the Act includes provisions for conflict resoluti",property/title,blog,hidden Sanity draft; do not redirect,16,1436,23.14,not available locally,not available locally,not available locally,,not public,hidden/unapproved,image recovery needed,keep hidden pending image/source repair,/resources/blog/how-are-conflicts-resolved-under-the-land-use-act,https://chamanlawfirm.com/resources/blog/how-are-conflicts-resolved-under-the-land-use-act,not checked,image recovery needed,medium - verify current law and facts before publication,medium - compare hidden draft against public practice/page before approval,184,"answer block, FAQs, lawyer CTA, practice-area links",Broad blog migration remains on hold; restore only through controlled lawyer-reviewed batches.
https://chamanlawfirm.com/legal-news-and-updates,Legal News And Updates,,,general legal education,blog,not confirmed,16,1353,5.91,not available locally,not available locally,not available locally,,not public,none detected,image recovery needed,restore as blog post,/resources/blog/legal-news-and-updates,https://chamanlawfirm.com/resources/blog/legal-news-and-updates,not checked,image recovery needed,low/medium - editorial and legal review still required,low/medium - compare against existing live content before publication,184,"answer block, FAQs, lawyer CTA, practice-area links",Broad blog migration remains on hold; restore only through controlled lawyer-reviewed batches.
https://chamanlawfirm.com/why-is-lekki-the-best-location-for-luxury,Why Is Lekki The Best Location For Luxury,Powerful Steps: Why Is Lekki the Best Location for Luxury,Discover Why Is Lekki the Best Location for Luxury real estate investment. Chaman Law Firm provides expert legal guidance for investors.,general legal education,blog,hidden Sanity draft; do not redirect,7,2923,5.31,not available locally,not available locally,not available locally,,not public,hidden/unapproved,image recovery needed,reject/archive,/resources/blog/why-is-lekki-the-best-location-for-luxury,https://chamanlawfirm.com/resources/blog/why-is-lekki-the-best-location-for-luxury,not checked,image recovery needed,blocked - off-brand/spam/luxury signal,medium - compare hidden draft against public practice/page before approval,184,"answer block, FAQs, lawyer CTA, practice-area links",Broad blog migration remains on hold; restore only through controlled lawyer-reviewed batches.
https://chamanlawfirm.com/land-valuation-under-the-land-use-act,Land Valuation Under The Land Use Act,Land Valuation Under The Land Use Act,How is Land Valuation Carried out Under the Land Use Act? Land valuation under the Land Use Act in Nigeria is a structured and essential process....,property/title,blog,hidden Sanity draft; do not redirect,6,396,12.9,not available locally,not available locally,not available locally,,not public,hidden/unapproved,image recovery needed,keep hidden pending image/source repair,/resources/blog/land-valuation-under-the-land-use-act,https://chamanlawfirm.com/resources/blog/land-valuation-under-the-land-use-act,not checked,image recovery needed,medium - verify current law and facts before publication,medium - compare hidden draft against public practice/page before approval,184,"answer block, FAQs, lawyer CTA, practice-area links",Broad blog migration remains on hold; restore only through controlled lawyer-reviewed batches.
https://chamanlawfirm.com/litigation-lawyers-in-nigeria,Litigation Lawyers In Nigeria,,,litigation/ADR,blog,not confirmed,12,1295,30.13,not available locally,not available locally,not available locally,,not public,none detected,image recovery needed,restore as blog post,/resources/blog/litigation-lawyers-in-nigeria,https://chamanlawfirm.com/resources/blog/litigation-lawyers-in-nigeria,not checked,image recovery needed,low/medium - editorial and legal review still required,low/medium - compare against existing live content before publication,183,"answer block, FAQs, lawyer CTA, practice-area links",Broad blog migration remains on hold; restore only through controlled lawyer-reviewed batches.
https://chamanlawfirm.com/9-cyber-crime-prosecution-breakthrough-ch,9 Cyber Crime Prosecution Breakthrough Ch,Cybercrime Prosecution in Nigeria,"Introduction Cybercrime, a rapidly evolving facet of the global crime landscape, poses significant threats to individuals, businesses, and governments alike. In Nigeria, the rise of cybercrime has been meteoric, with t",general legal education,blog,approved Sanity post; missing old-url redirect,24,2950,12.92,not available locally,not available locally,not available locally,,approved public,none detected,image and alt present in Sanity,exact redirect to existing live equivalent,/resources/blog/9-cyber-crime-prosecution-breakthrough-ch,https://chamanlawfirm.com/resources/blog/9-cyber-crime-prosecution-breakthrough-ch,included,image and alt present in Sanity,low/medium - editorial and legal review still required,low - already public,180,"answer block, FAQs, lawyer CTA, practice-area links",Broad blog migration remains on hold; restore only through controlled lawyer-reviewed batches.
https://chamanlawfirm.com/draft-a-perfect-lease-agreement,Draft A Perfect Lease Agreement,,,general legal education,blog,not confirmed,37,2449,21.97,not available locally,not available locally,not available locally,,not public,none detected,image recovery needed,restore as blog post,/resources/blog/draft-a-perfect-lease-agreement,https://chamanlawfirm.com/resources/blog/draft-a-perfect-lease-agreement,not checked,image recovery needed,low/medium - editorial and legal review still required,low/medium - compare against existing live content before publication,179,"answer block, FAQs, lawyer CTA, practice-area links",Broad blog migration remains on hold; restore only through controlled lawyer-reviewed batches.
https://chamanlawfirm.com/membership-of-trade-unions-in-nigeria,Membership Of Trade Unions In Nigeria,,,general legal education,blog,not confirmed,36,2868,30.16,not available locally,not available locally,not available locally,,not public,none detected,image recovery needed,restore as blog post,/resources/blog/membership-of-trade-unions-in-nigeria,https://chamanlawfirm.com/resources/blog/membership-of-trade-unions-in-nigeria,not checked,image recovery needed,low/medium - editorial and legal review still required,low/medium - compare against existing live content before publication,179,"answer block, FAQs, lawyer CTA, practice-area links",Broad blog migration remains on hold; restore only through controlled lawyer-reviewed batches.
https://chamanlawfirm.com/powerful-ways-on-property-ownership-in-nigeria,Powerful Ways On Property Ownership In Nigeria,Powerful Ways on Property Ownership in Nigeria,"Learn about property ownership in Nigeria, legal rights, acquisition, and regulations under the Land Use Act with insights from Chaman Law Firm.",property/title,blog,hidden Sanity draft; do not redirect,4,916,14.89,not available locally,not available locally,not available locally,,not public,hidden/unapproved,image recovery needed,keep hidden pending image/source repair,/resources/blog/powerful-ways-on-property-ownership-in-nigeria,https://chamanlawfirm.com/resources/blog/powerful-ways-on-property-ownership-in-nigeria,not checked,image recovery needed,medium - verify current law and facts before publication,medium - compare hidden draft against public practice/page before approval,179,"answer block, FAQs, lawyer CTA, practice-area links",Broad blog migration remains on hold; restore only through controlled lawyer-reviewed batches.
https://chamanlawfirm.com/probate-vs-letter-of-administration-in-nigeria-key-differences-you-must-know,Probate Vs Letter Of Administration In Nigeria Key Differences You Must Know,Probate vs Letters of Administration in Nigeria,"Explore the key differences between probate vs letter of administration in Nigeria, covering procedures, documents, timelines, and guidance.",probate/estate,blog,redirect configured to /resources/blog/probate-vs-letter-of-administration-in-nigeria-key-differences-you-must-know,41,3348,10.03,not available locally,not available locally,not available locally,/resources/blog/probate-vs-letter-of-administration-in-nigeria-key-differences-you-must-know,not public,hidden/unapproved,image recovery needed,exact redirect to existing live equivalent,/resources/blog/probate-vs-letter-of-administration-in-nigeria-key-differences-you-must-know,https://chamanlawfirm.com/resources/blog/probate-vs-letter-of-administration-in-nigeria-key-differences-you-must-know,not checked,image recovery needed,high - lawyer review required before publication,medium - compare hidden draft against public practice/page before approval,178,"answer block, FAQs, lawyer CTA, practice-area links",Broad blog migration remains on hold; restore only through controlled lawyer-reviewed batches.
https://chamanlawfirm.com/real-estate-law-in-nigeria,Real Estate Law In Nigeria,,,property/title,blog,not confirmed,33,4324,20.17,not available locally,not available locally,not available locally,,not public,none detected,image recovery needed,restore as blog post,/resources/blog/real-estate-law-in-nigeria,https://chamanlawfirm.com/resources/blog/real-estate-law-in-nigeria,not checked,image recovery needed,low/medium - editorial and legal review still required,low/medium - compare against existing live content before publication,178,"answer block, FAQs, lawyer CTA, practice-area links",Broad blog migration remains on hold; restore only through controlled lawyer-reviewed batches.
https://chamanlawfirm.com/international-business-legal-considerations,International Business Legal Considerations,,,corporate/commercial,service,not confirmed,8,2843,51.52,not available locally,not available locally,not available locally,,not public,none detected,image recovery needed,merge into existing stronger live page,/practice-areas/corporate-commercial-law,https://chamanlawfirm.com/practice-areas/corporate-commercial-law,included,image recovery needed,low/medium - editorial and legal review still required,medium - confirm old topic should merge into existing practice/service page,178,"service answer block, process steps, FAQs, consultation CTA",source body not present in Phase 5C prepared drafts; SEO title requires RankMath/source preservation or rewrite; meta description requires RankMath/source preservation or rewrite; image recovery/fallback required
https://chamanlawfirm.com/impact-of-labor-laws-on-business-operations,Impact Of Labor Laws On Business Operations,,,corporate/commercial,service,not confirmed,11,1230,21.52,not available locally,not available locally,not available locally,,not public,none detected,image recovery needed,merge into existing stronger live page,/practice-areas/corporate-commercial-law,https://chamanlawfirm.com/practice-areas/corporate-commercial-law,included,image recovery needed,low/medium - editorial and legal review still required,medium - confirm old topic should merge into existing practice/service page,177,"service answer block, process steps, FAQs, consultation CTA",source body not present in Phase 5C prepared drafts; SEO title requires RankMath/source preservation or rewrite; meta description requires RankMath/source preservation or rewrite; image recovery/fallback required; redirect planning only; do not publish as article without equivalent content
https://chamanlawfirm.com/poven-steps-on-what-are-the-stages-of-mediation,Poven Steps On What Are The Stages Of Mediation,,,litigation/ADR,service,not confirmed,11,1197,35.17,not available locally,not available locally,not available locally,/practice-areas/adr-mediation,not public,none detected,image recovery needed,exact redirect to existing live equivalent,/practice-areas/adr-mediation,https://chamanlawfirm.com/practice-areas/adr-mediation,included,image recovery needed,low/medium - editorial and legal review still required,medium - confirm old topic should merge into existing practice/service page,177,"service answer block, process steps, FAQs, consultation CTA",Sprint 11E urgent non-blog rescue candidate; target is existing public service/practice page.
https://chamanlawfirm.com/taxation-vat-and-other-indirect-taxes-in-nigeria,Taxation Vat And Other Indirect Taxes In Nigeria,VAT and other indirect taxes in Nigeria; 7 Shocking Reality: Taxation—VAT and Other Indirect Taxes in Nigeria,VAT and other indirect taxes in Nigeria; 7 Shocking Reality: Taxation—VAT and Other Indirect Taxes in Nigeria,corporate/commercial,blog,approved Sanity post; missing old-url redirect,31,5149,26.04,not available locally,not available locally,not available locally,,approved public,none detected,image and alt present in Sanity,exact redirect to existing live equivalent,/resources/blog/taxation-vat-and-other-indirect-taxes-in-nigeria,https://chamanlawfirm.com/resources/blog/taxation-vat-and-other-indirect-taxes-in-nigeria,included,image and alt present in Sanity,medium - verify current law and facts before publication,low - already public,176,"answer block, FAQs, lawyer CTA, practice-area links",Broad blog migration remains on hold; restore only through controlled lawyer-reviewed batches.
https://chamanlawfirm.com/labour-relations-in-nigerian-construction,Labour Relations In Nigerian Construction,,,employment law,service,redirect configured to /practice-areas/employment-law,11,1129,23.63,not available locally,not available locally,not available locally,/practice-areas/employment-law,not public,none detected,image recovery needed,exact redirect to existing live equivalent,/practice-areas/employment-law,https://chamanlawfirm.com/practice-areas/employment-law,included,image recovery needed,low/medium - editorial and legal review still required,medium - confirm old topic should merge into existing practice/service page,176,"service answer block, process steps, FAQs, consultation CTA",Legacy labour-relations URL maps safely to live Employment Law practice page pending article recovery.
https://chamanlawfirm.com/how-to-know-the-nature-of-lease-agreement,How To Know The Nature Of Lease Agreement,,,general legal education,blog,not confirmed,25,1784,13.09,not available locally,not available locally,not available locally,,not public,none detected,image recovery needed,restore as blog post,/resources/blog/how-to-know-the-nature-of-lease-agreement,https://chamanlawfirm.com/resources/blog/how-to-know-the-nature-of-lease-agreement,not checked,image recovery needed,low/medium - editorial and legal review still required,low/medium - compare against existing live content before publication,173,"answer block, FAQs, lawyer CTA, practice-area links",Broad blog migration remains on hold; restore only through controlled lawyer-reviewed batches.
https://chamanlawfirm.com/stadium-and-sports-facility-construction,Stadium And Sports Facility Construction,,,general legal education,blog,not confirmed,32,4173,20.72,not available locally,not available locally,not available locally,,not public,none detected,image recovery needed,restore as blog post,/resources/blog/stadium-and-sports-facility-construction,https://chamanlawfirm.com/resources/blog/stadium-and-sports-facility-construction,not checked,image recovery needed,low/medium - editorial and legal review still required,low/medium - compare against existing live content before publication,172,"answer block, FAQs, lawyer CTA, practice-area links",Broad blog migration remains on hold; restore only through controlled lawyer-reviewed batches.
https://chamanlawfirm.com/priority-in-entitlement,Priority In Entitlement,Proven Steps on Priority in Entitlement,"Chaman Law Firm explains priority in entitlement, ensuring legal clarity and guiding clients on their rights in Nigeria.",property/title,blog,approved Sanity post; missing old-url redirect,22,3223,13.36,not available locally,not available locally,not available locally,,approved public,none detected,image and alt present in Sanity,exact redirect to existing live equivalent,/resources/blog/priority-in-entitlement,https://chamanlawfirm.com/resources/blog/priority-in-entitlement,included,image and alt present in Sanity,low/medium - editorial and legal review still required,low - already public,172,"answer block, FAQs, lawyer CTA, practice-area links",Broad blog migration remains on hold; restore only through controlled lawyer-reviewed batches.
https://chamanlawfirm.com/how-to-get-a-nigerian-ip-address-using-vpn,How To Get A Nigerian Ip Address Using Vpn,,,general legal education,blog,not confirmed,20,10160,29.51,not available locally,not available locally,not available locally,,not public,none detected,image recovery needed,restore as blog post,/resources/blog/how-to-get-a-nigerian-ip-address-using-vpn,https://chamanlawfirm.com/resources/blog/how-to-get-a-nigerian-ip-address-using-vpn,not checked,image recovery needed,low/medium - editorial and legal review still required,low/medium - compare against existing live content before publication,172,"answer block, FAQs, lawyer CTA, practice-area links",Broad blog migration remains on hold; restore only through controlled lawyer-reviewed batches.
https://chamanlawfirm.com/floodplain-management-under-the-land-use-act,Floodplain Management Under The Land Use Act,Powerful Steps: Floodplain Management under the Land Use Act,"Explore Floodplain Management under the Land Use Act, highlighting legal frameworks, land allocation, and environmental protection measures.",property/title,blog,approved Sanity post; missing old-url redirect,12,2094,5.75,not available locally,not available locally,not available locally,,approved public,none detected,image and alt present in Sanity,exact redirect to existing live equivalent,/resources/blog/floodplain-management-under-the-land-use-act,https://chamanlawfirm.com/resources/blog/floodplain-management-under-the-land-use-act,included,image and alt present in Sanity,medium - verify current law and facts before publication,low - already public,171,"answer block, FAQs, lawyer CTA, practice-area links",Broad blog migration remains on hold; restore only through controlled lawyer-reviewed batches.
https://chamanlawfirm.com/when-is-summary-dismissal-appropriate-in-nigeria-labour-law,When Is Summary Dismissal Appropriate In Nigeria Labour Law,,,employment law,service,not confirmed,10,955,25.99,not available locally,not available locally,not available locally,/practice-areas/employment-law,not public,none detected,image recovery needed,exact redirect to existing live equivalent,/practice-areas/employment-law,https://chamanlawfirm.com/practice-areas/employment-law,included,image recovery needed,low/medium - editorial and legal review still required,medium - confirm old topic should merge into existing practice/service page,170,"service answer block, process steps, FAQs, consultation CTA",Sprint 11E urgent non-blog rescue candidate; target is existing public service/practice page.
https://chamanlawfirm.com/who-are-personal-representatives,Who Are Personal Representatives,,,general legal education,blog,not confirmed,35,2416,28.73,not available locally,not available locally,not available locally,,not public,none detected,image recovery needed,restore as blog post,/resources/blog/who-are-personal-representatives,https://chamanlawfirm.com/resources/blog/who-are-personal-representatives,not checked,image recovery needed,low/medium - editorial and legal review still required,low/medium - compare against existing live content before publication,169,"answer block, FAQs, lawyer CTA, practice-area links",Broad blog migration remains on hold; restore only through controlled lawyer-reviewed batches.
https://chamanlawfirm.com/environmental-permits-and-approvals-in-lagos,Environmental Permits And Approvals In Lagos,,,general legal education,blog,not confirmed,10,2880,7.34,not available locally,not available locally,not available locally,,not public,none detected,image recovery needed,restore as blog post,/resources/blog/environmental-permits-and-approvals-in-lagos,https://chamanlawfirm.com/resources/blog/environmental-permits-and-approvals-in-lagos,not checked,image recovery needed,low/medium - editorial and legal review still required,low/medium - compare against existing live content before publication,169,"answer block, FAQs, lawyer CTA, practice-area links",Broad blog migration remains on hold; restore only through controlled lawyer-reviewed batches.
https://chamanlawfirm.com/the-requirements-for-fencing-approval,The Requirements For Fencing Approval,,,general legal education,blog,not confirmed,15,274,6.53,not available locally,not available locally,not available locally,,not public,none detected,image recovery needed,restore as blog post,/resources/blog/the-requirements-for-fencing-approval,https://chamanlawfirm.com/resources/blog/the-requirements-for-fencing-approval,not checked,image recovery needed,low/medium - editorial and legal review still required,low/medium - compare against existing live content before publication,168,"answer block, FAQs, lawyer CTA, practice-area links",Broad blog migration remains on hold; restore only through controlled lawyer-reviewed batches.
https://chamanlawfirm.com/acquire-and-secure-industrial-land-in-ogun,Acquire And Secure Industrial Land In Ogun,Powerful Steps: Acquire and Secure Industrial Land in Ogun,"Acquire and Secure Industrial Land in Ogun - Explore the legal steps, documentation, government approvals, and key factors to consider",property/title,blog,approved Sanity post; missing old-url redirect,13,1168,8.51,not available locally,not available locally,not available locally,,approved public,none detected,image and alt present in Sanity,exact redirect to existing live equivalent,/resources/blog/acquire-and-secure-industrial-land-in-ogun,https://chamanlawfirm.com/resources/blog/acquire-and-secure-industrial-land-in-ogun,included,image and alt present in Sanity,medium - verify current law and facts before publication,low - already public,167,"answer block, FAQs, lawyer CTA, practice-area links",Broad blog migration remains on hold; restore only through controlled lawyer-reviewed batches.
https://chamanlawfirm.com/the-role-of-lawyers-in-debt-recovery-5-keys,The Role Of Lawyers In Debt Recovery 5 Keys,THE ROLE OF LAWYERS IN DEBT RECOVERY: 5 KEY COMPREHENSIVE GU,"Debt recovery is a critical aspect of maintaining the financial health of any business. When clients or customers fail to pay their debts, it can lead to signif",debt recovery,blog,approved Sanity post; missing old-url redirect,8,1510,28.22,not available locally,not available locally,not available locally,,approved public,none detected,image and alt present in Sanity,exact redirect to existing live equivalent,/resources/blog/the-role-of-lawyers-in-debt-recovery-5-keys,https://chamanlawfirm.com/resources/blog/the-role-of-lawyers-in-debt-recovery-5-keys,included,image and alt present in Sanity,medium - verify current law and facts before publication,low - already public,165,"answer block, FAQs, lawyer CTA, practice-area links",Broad blog migration remains on hold; restore only through controlled lawyer-reviewed batches.
https://chamanlawfirm.com/8-steps-to-enforce-court-judgments-innigeria,8 Steps To Enforce Court Judgments Innigeria,Steps to Enforce Court Judgments in Nigeria,"Introduction Obtaining a court judgment is only the first step in the legal process; ensuring that the judgment is enforced is equally crucial. In Nigeria, enforcing court judgments can be complex, requiring a thorough",litigation/ADR,blog,approved Sanity post; missing old-url redirect,13,869,7.08,not available locally,not available locally,not available locally,,approved public,none detected,image and alt present in Sanity,exact redirect to existing live equivalent,/resources/blog/8-steps-to-enforce-court-judgments-innigeria,https://chamanlawfirm.com/resources/blog/8-steps-to-enforce-court-judgments-innigeria,included,image and alt present in Sanity,low/medium - editorial and legal review still required,low - already public,164,"answer block, FAQs, lawyer CTA, practice-area links",Broad blog migration remains on hold; restore only through controlled lawyer-reviewed batches.
https://chamanlawfirm.com/how-do-i-appoint-a-lawyer-to-represent-me,How Do I Appoint A Lawyer To Represent Me,,,general legal education,blog,not confirmed,12,1428,8.87,not available locally,not available locally,not available locally,,not public,none detected,image recovery needed,restore as blog post,/resources/blog/how-do-i-appoint-a-lawyer-to-represent-me,https://chamanlawfirm.com/resources/blog/how-do-i-appoint-a-lawyer-to-represent-me,not checked,image recovery needed,low/medium - editorial and legal review still required,low/medium - compare against existing live content before publication,164,"answer block, FAQs, lawyer CTA, practice-area links",Broad blog migration remains on hold; restore only through controlled lawyer-reviewed batches.
https://chamanlawfirm.com/how-to-convert-a-sole-proprietorship,How To Convert A Sole Proprietorship,,,general legal education,blog,not confirmed,12,1422,7.55,not available locally,not available locally,not available locally,,not public,none detected,image recovery needed,restore as blog post,/resources/blog/how-to-convert-a-sole-proprietorship,https://chamanlawfirm.com/resources/blog/how-to-convert-a-sole-proprietorship,not checked,image recovery needed,low/medium - editorial and legal review still required,low/medium - compare against existing live content before publication,164,"answer block, FAQs, lawyer CTA, practice-area links",Broad blog migration remains on hold; restore only through controlled lawyer-reviewed batches.
https://chamanlawfirm.com/what-is-the-cost-of-perfecting-land-titles-2,What Is The Cost Of Perfecting Land Titles 2,Powerful Steps: What is the cost of perfecting land titles,What is the cost of perfecting land titles in Ikoyi. Chaman Law Firm provides expert legal support for property documentation and registration.,property/title,blog,approved Sanity post; missing old-url redirect,12,1369,7.09,not available locally,not available locally,not available locally,,approved public,none detected,image and alt present in Sanity,exact redirect to existing live equivalent,/resources/blog/what-is-the-cost-of-perfecting-land-titles-2,https://chamanlawfirm.com/resources/blog/what-is-the-cost-of-perfecting-land-titles-2,included,image and alt present in Sanity,medium - verify current law and facts before publication,low - already public,164,"answer block, FAQs, lawyer CTA, practice-area links",Broad blog migration remains on hold; restore only through controlled lawyer-reviewed batches.
https://chamanlawfirm.com/estate-administration-in-lagos-state,Estate Administration In Lagos State,Powerful Steps: Estate Administration in Lagos State,"Estate administration in Lagos State, covering probate process, asset distribution, and compliance with support from Chaman Law Firm",probate/estate,blog,approved Sanity post; missing old-url redirect,23,1837,11.91,not available locally,not available locally,not available locally,,approved public,none detected,image and alt present in Sanity,exact redirect to existing live equivalent,/resources/blog/estate-administration-in-lagos-state,https://chamanlawfirm.com/resources/blog/estate-administration-in-lagos-state,included,image and alt present in Sanity,low/medium - editorial and legal review still required,low - already public,163,"answer block, FAQs, lawyer CTA, practice-area links",Broad blog migration remains on hold; restore only through controlled lawyer-reviewed batches.
https://chamanlawfirm.com/is-a-woman-a-property-to-be-inherited,Is A Woman A Property To Be Inherited,Powerful Steps: Is a Woman a property to be Inherited,"Is a Woman a property to be Inherited and her rights under customary succession laws in Nigeria, focusing on gender equality and legal reforms.",property/title,blog,approved Sanity post; missing old-url redirect,21,2817,18.8,not available locally,not available locally,not available locally,,approved public,none detected,image and alt present in Sanity,exact redirect to existing live equivalent,/resources/blog/is-a-woman-a-property-to-be-inherited,https://chamanlawfirm.com/resources/blog/is-a-woman-a-property-to-be-inherited,included,image and alt present in Sanity,medium - verify current law and facts before publication,low - already public,163,"answer block, FAQs, lawyer CTA, practice-area links",Broad blog migration remains on hold; restore only through controlled lawyer-reviewed batches.
https://chamanlawfirm.com/fire-safety-regulations-in-nigeria,Fire Safety Regulations In Nigeria,,,general legal education,blog,not confirmed,21,2754,17.34,not available locally,not available locally,not available locally,,not public,none detected,image recovery needed,restore as blog post,/resources/blog/fire-safety-regulations-in-nigeria,https://chamanlawfirm.com/resources/blog/fire-safety-regulations-in-nigeria,not checked,image recovery needed,low/medium - editorial and legal review still required,low/medium - compare against existing live content before publication,163,"answer block, FAQs, lawyer CTA, practice-area links",Broad blog migration remains on hold; restore only through controlled lawyer-reviewed batches.
https://chamanlawfirm.com/what-challenges-are-associated-with-resolving-boundary-disputes-in-nigeria,What Challenges Are Associated With Resolving Boundary Disputes In Nigeria,,,litigation/ADR,blog,not confirmed,14,347,5.95,not available locally,not available locally,not available locally,,not public,none detected,image recovery needed,restore as blog post,/resources/blog/what-challenges-are-associated-with-resolving-boundary-disputes-in-nigeria,https://chamanlawfirm.com/resources/blog/what-challenges-are-associated-with-resolving-boundary-disputes-in-nigeria,not checked,image recovery needed,medium - verify current law and facts before publication,low/medium - compare against existing live content before publication,163,"answer block, FAQs, lawyer CTA, practice-area links",Broad blog migration remains on hold; restore only through controlled lawyer-reviewed batches.
https://chamanlawfirm.com/a-will-made-abroad-cover-property-in-ogun,A Will Made Abroad Cover Property In Ogun,Powerful Steps: a Will Made Abroad Cover Property in Ogun,Wondering if a will made abroad cover property in Ogun State? Learn the legal requirements for foreign wills and inheritance in Nigeria,property/title,blog,hidden Sanity draft; do not redirect,8,260,6.49,not available locally,not available locally,not available locally,,not public,hidden/unapproved,image recovery needed,keep hidden pending legal review,/resources/blog/a-will-made-abroad-cover-property-in-ogun,https://chamanlawfirm.com/resources/blog/a-will-made-abroad-cover-property-in-ogun,not checked,image recovery needed,high - lawyer review required before publication,medium - compare hidden draft against public practice/page before approval,163,"answer block, FAQs, lawyer CTA, practice-area links",Broad blog migration remains on hold; restore only through controlled lawyer-reviewed batches.
https://chamanlawfirm.com/the-role-of-ethics-in-commercial-law,The Role Of Ethics In Commercial Law,,,general legal education,blog,not confirmed,24,1216,14.38,not available locally,not available locally,not available locally,,not public,none detected,image recovery needed,restore as blog post,/resources/blog/the-role-of-ethics-in-commercial-law,https://chamanlawfirm.com/resources/blog/the-role-of-ethics-in-commercial-law,not checked,image recovery needed,low/medium - editorial and legal review still required,low/medium - compare against existing live content before publication,162,"answer block, FAQs, lawyer CTA, practice-area links",Broad blog migration remains on hold; restore only through controlled lawyer-reviewed batches.
https://chamanlawfirm.com/how-to-seek-redress-in-human-rights-violatio,How To Seek Redress In Human Rights Violatio,,,general legal education,blog,not confirmed,21,2675,12.1,not available locally,not available locally,not available locally,,not public,none detected,image recovery needed,restore as blog post,/resources/blog/how-to-seek-redress-in-human-rights-violatio,https://chamanlawfirm.com/resources/blog/how-to-seek-redress-in-human-rights-violatio,not checked,image recovery needed,low/medium - editorial and legal review still required,low/medium - compare against existing live content before publication,162,"answer block, FAQs, lawyer CTA, practice-area links",Broad blog migration remains on hold; restore only through controlled lawyer-reviewed batches.
https://chamanlawfirm.com/intellectual-property-rights,Intellectual Property Rights,5 Intellectual Property Battle; Who truly Owns AI-Generated Content?,5 Intellectual Property Battle; Who truly Owns AI-Generated Content?,property/title,blog,hidden Sanity draft; do not redirect,13,728,22.88,not available locally,not available locally,not available locally,,not public,hidden/unapproved,image recovery needed,keep hidden pending image/source repair,/resources/blog/intellectual-property-rights,https://chamanlawfirm.com/resources/blog/intellectual-property-rights,not checked,image recovery needed,medium - verify current law and facts before publication,medium - compare hidden draft against public practice/page before approval,162,"answer block, FAQs, lawyer CTA, practice-area links",Broad blog migration remains on hold; restore only through controlled lawyer-reviewed batches.
https://chamanlawfirm.com/project-management-in-nigerian-construction,Project Management In Nigerian Construction,,,general legal education,blog,not confirmed,31,3550,24.89,not available locally,not available locally,not available locally,,not public,none detected,image recovery needed,restore as blog post,/resources/blog/project-management-in-nigerian-construction,https://chamanlawfirm.com/resources/blog/project-management-in-nigerian-construction,not checked,image recovery needed,low/medium - editorial and legal review still required,low/medium - compare against existing live content before publication,161,"answer block, FAQs, lawyer CTA, practice-area links",Broad blog migration remains on hold; restore only through controlled lawyer-reviewed batches.
https://chamanlawfirm.com/legal-steps-in-nigeria,Legal Steps In Nigeria,,,general legal education,blog,not confirmed,21,2623,19.54,not available locally,not available locally,not available locally,,not public,none detected,image recovery needed,restore as blog post,/resources/blog/legal-steps-in-nigeria,https://chamanlawfirm.com/resources/blog/legal-steps-in-nigeria,not checked,image recovery needed,low/medium - editorial and legal review still required,low/medium - compare against existing live content before publication,161,"answer block, FAQs, lawyer CTA, practice-area links",Broad blog migration remains on hold; restore only through controlled lawyer-reviewed batches.
https://chamanlawfirm.com/non-disclosure-agreement-nda-lawyer-5-effic,Non Disclosure Agreement Nda Lawyer 5 Effic,,,general legal education,blog,not confirmed,21,2518,10.43,not available locally,not available locally,not available locally,,not public,none detected,image recovery needed,restore as blog post,/resources/blog/non-disclosure-agreement-nda-lawyer-5-effic,https://chamanlawfirm.com/resources/blog/non-disclosure-agreement-nda-lawyer-5-effic,not checked,image recovery needed,low/medium - editorial and legal review still required,low/medium - compare against existing live content before publication,160,"answer block, FAQs, lawyer CTA, practice-area links",Broad blog migration remains on hold; restore only through controlled lawyer-reviewed batches.
https://chamanlawfirm.com/what-is-the-process-of-obtaining-a-c-of-o,What Is The Process Of Obtaining A C Of O,Powerful Steps: What is the process of obtaining a C of O,What is the process of obtaining a C of O in Ikoyi. Chaman Law Firm provides expert legal help for property title registration and transfer.,property/title,blog,approved Sanity post; missing old-url redirect,11,1474,7.73,not available locally,not available locally,not available locally,,approved public,none detected,image and alt present in Sanity,exact redirect to existing live equivalent,/resources/blog/what-is-the-process-of-obtaining-a-c-of-o,https://chamanlawfirm.com/resources/blog/what-is-the-process-of-obtaining-a-c-of-o,included,image and alt present in Sanity,medium - verify current law and facts before publication,low - already public,160,"answer block, FAQs, lawyer CTA, practice-area links",Broad blog migration remains on hold; restore only through controlled lawyer-reviewed batches.
https://chamanlawfirm.com/what-is-unfair-competition-in-business,What Is Unfair Competition In Business,,,corporate/commercial,service,not confirmed,8,1018,33.6,not available locally,not available locally,not available locally,,not public,none detected,image recovery needed,merge into existing stronger live page,/practice-areas/corporate-commercial-law,https://chamanlawfirm.com/practice-areas/corporate-commercial-law,included,image recovery needed,low/medium - editorial and legal review still required,medium - confirm old topic should merge into existing practice/service page,160,"service answer block, process steps, FAQs, consultation CTA",source body not present in Phase 5C prepared drafts; SEO title requires RankMath/source preservation or rewrite; meta description requires RankMath/source preservation or rewrite; image recovery/fallback required
https://chamanlawfirm.com/why-a-certificate-of-occupancy-c-of-o-is,Why A Certificate Of Occupancy C Of O Is,Why a Certificate of Occupancy Matters in Nigeria,"Introduction At Chaman Law Firm, we are experts in helping individuals, businesses, and property investors secure their Certificate of Occupancy (C of O) in Lagos, Nigeria. With extensive experience in real estate law",property/title,blog,approved Sanity post; missing old-url redirect,21,2433,13.43,not available locally,not available locally,not available locally,,approved public,none detected,image and alt present in Sanity,exact redirect to existing live equivalent,/resources/blog/why-a-certificate-of-occupancy-c-of-o-is,https://chamanlawfirm.com/resources/blog/why-a-certificate-of-occupancy-c-of-o-is,included,image and alt present in Sanity,medium - verify current law and facts before publication,low - already public,159,"answer block, FAQs, lawyer CTA, practice-area links",Broad blog migration remains on hold; restore only through controlled lawyer-reviewed batches.
https://chamanlawfirm.com/how-to-lodge-complaint-against-banks-in-nigeria,How To Lodge Complaint Against Banks In Nigeria,,,general legal education,blog,not confirmed,20,2918,14.53,not available locally,not available locally,not available locally,,not public,none detected,image recovery needed,restore as blog post,/resources/blog/how-to-lodge-complaint-against-banks-in-nigeria,https://chamanlawfirm.com/resources/blog/how-to-lodge-complaint-against-banks-in-nigeria,not checked,image recovery needed,low/medium - editorial and legal review still required,low/medium - compare against existing live content before publication,159,"answer block, FAQs, lawyer CTA, practice-area links",Broad blog migration remains on hold; restore only through controlled lawyer-reviewed batches.
https://chamanlawfirm.com/understanding-the-lagos-state-amnesty-progra,Understanding The Lagos State Amnesty Progra,,,general legal education,blog,not confirmed,12,901,9.86,not available locally,not available locally,not available locally,,not public,none detected,image recovery needed,restore as blog post,/resources/blog/understanding-the-lagos-state-amnesty-progra,https://chamanlawfirm.com/resources/blog/understanding-the-lagos-state-amnesty-progra,not checked,image recovery needed,low/medium - editorial and legal review still required,low/medium - compare against existing live content before publication,159,"answer block, FAQs, lawyer CTA, practice-area links",Broad blog migration remains on hold; restore only through controlled lawyer-reviewed batches.
https://chamanlawfirm.com/difference-between-c-of-o-and-governors-consent,Difference Between C Of O And Governors Consent,Powerful Steps: difference - C of O and Governor’s Consent,Differences between a Certificate of Occupancy (C of O) and Governor’s Consent in Ogun State. Understand their legal and practical implications,property/title,blog,approved Sanity post; missing old-url redirect,11,1379,6.57,not available locally,not available locally,not available locally,,approved public,none detected,image and alt present in Sanity,exact redirect to existing live equivalent,/resources/blog/difference-between-c-of-o-and-governors-consent,https://chamanlawfirm.com/resources/blog/difference-between-c-of-o-and-governors-consent,included,image and alt present in Sanity,medium - verify current law and facts before publication,low - already public,159,"answer block, FAQs, lawyer CTA, practice-area links",Broad blog migration remains on hold; restore only through controlled lawyer-reviewed batches.
https://chamanlawfirm.com/legal-pitfalls-in-debt-recovery,Legal Pitfalls In Debt Recovery,Legal Pitfalls In Debt Recovery: Smart Strategies to Successfully Avoid Legal Pitfalls in Debt Recovery,"Legal Pitfalls In Debt Recovery Debt recovery is an essential aspect of managing a business’s financial health, especially for lenders, creditors, and financial...",debt recovery,blog,approved Sanity post; missing old-url redirect,10,1908,9.8,not available locally,not available locally,not available locally,,approved public,none detected,image and alt present in Sanity,exact redirect to existing live equivalent,/resources/blog/legal-pitfalls-in-debt-recovery,https://chamanlawfirm.com/resources/blog/legal-pitfalls-in-debt-recovery,included,image and alt present in Sanity,medium - verify current law and facts before publication,low - already public,159,"answer block, FAQs, lawyer CTA, practice-area links",Broad blog migration remains on hold; restore only through controlled lawyer-reviewed batches.
https://chamanlawfirm.com/powerful-steps-tips-to-prevent-identity-fraud,Powerful Steps Tips To Prevent Identity Fraud,,,general legal education,blog,not confirmed,7,3380,7.26,not available locally,not available locally,not available locally,,not public,none detected,image recovery needed,restore as blog post,/resources/blog/powerful-steps-tips-to-prevent-identity-fraud,https://chamanlawfirm.com/resources/blog/powerful-steps-tips-to-prevent-identity-fraud,not checked,image recovery needed,low/medium - editorial and legal review still required,low/medium - compare against existing live content before publication,159,"answer block, FAQs, lawyer CTA, practice-area links",Broad blog migration remains on hold; restore only through controlled lawyer-reviewed batches.
https://chamanlawfirm.com/how-is-land-registry-practice-in-nigeria,How Is Land Registry Practice In Nigeria,How is land registry practiced in Nigeria?,"HOW IS LAND REGISTRY PRACTICED IN NIGERIA? INTRODUCTION: Land Registration is simply the system by which all matters concerning possession, ownership",property/title,blog,approved Sanity post; missing old-url redirect,20,2784,12.14,not available locally,not available locally,not available locally,,approved public,none detected,image and alt present in Sanity,exact redirect to existing live equivalent,/resources/blog/how-is-land-registry-practice-in-nigeria,https://chamanlawfirm.com/resources/blog/how-is-land-registry-practice-in-nigeria,included,image and alt present in Sanity,medium - verify current law and facts before publication,low - already public,158,"answer block, FAQs, lawyer CTA, practice-area links",Broad blog migration remains on hold; restore only through controlled lawyer-reviewed batches.
https://chamanlawfirm.com/what-are-the-best-mechanism-in-recovery-of-debt,What Are The Best Mechanism In Recovery Of Debt,What Are The Best Mechanism In Recovery Of Debt,WHAT ARE THE BEST MECHANISM IN RECOVERY OF DEBT? Here are some of the practical ways debt can be...,debt recovery,blog,hidden Sanity draft; do not redirect,12,752,21.42,not available locally,not available locally,not available locally,,not public,hidden/unapproved,image recovery needed,keep hidden pending image/source repair,/resources/blog/what-are-the-best-mechanism-in-recovery-of-debt,https://chamanlawfirm.com/resources/blog/what-are-the-best-mechanism-in-recovery-of-debt,not checked,image recovery needed,medium - verify current law and facts before publication,medium - compare hidden draft against public practice/page before approval,158,"answer block, FAQs, lawyer CTA, practice-area links",Broad blog migration remains on hold; restore only through controlled lawyer-reviewed batches.
https://chamanlawfirm.com/challenges-of-real-estate-development-in-nigeria,Challenges Of Real Estate Development In Nigeria,,,property/title,blog,not confirmed,33,2150,20.5,not available locally,not available locally,not available locally,,not public,none detected,image recovery needed,restore as blog post,/resources/blog/challenges-of-real-estate-development-in-nigeria,https://chamanlawfirm.com/resources/blog/challenges-of-real-estate-development-in-nigeria,not checked,image recovery needed,low/medium - editorial and legal review still required,low/medium - compare against existing live content before publication,157,"answer block, FAQs, lawyer CTA, practice-area links",Broad blog migration remains on hold; restore only through controlled lawyer-reviewed batches.
https://chamanlawfirm.com/draft-and-negotiation-in-lease-agreement,Draft And Negotiation In Lease Agreement,,,general legal education,blog,not confirmed,17,4085,17.57,not available locally,not available locally,not available locally,,not public,none detected,image recovery needed,restore as blog post,/resources/blog/draft-and-negotiation-in-lease-agreement,https://chamanlawfirm.com/resources/blog/draft-and-negotiation-in-lease-agreement,not checked,image recovery needed,low/medium - editorial and legal review still required,low/medium - compare against existing live content before publication,156,"answer block, FAQs, lawyer CTA, practice-area links",Broad blog migration remains on hold; restore only through controlled lawyer-reviewed batches.
https://chamanlawfirm.com/the-crucial-impact-of-ageofconsentprotection,The Crucial Impact Of Ageofconsentprotection,,,general legal education,blog,not confirmed,12,6562,19.95,not available locally,not available locally,not available locally,,not public,none detected,image recovery needed,restore as blog post,/resources/blog/the-crucial-impact-of-ageofconsentprotection,https://chamanlawfirm.com/resources/blog/the-crucial-impact-of-ageofconsentprotection,not checked,image recovery needed,low/medium - editorial and legal review still required,low/medium - compare against existing live content before publication,156,"answer block, FAQs, lawyer CTA, practice-area links",Broad blog migration remains on hold; restore only through controlled lawyer-reviewed batches.
https://chamanlawfirm.com/statute-of-limitations-on-debt-in-nigeria-2,Statute Of Limitations On Debt In Nigeria 2,,,debt recovery,blog,not confirmed,10,1587,9.17,not available locally,not available locally,not available locally,,not public,none detected,image recovery needed,restore as blog post,/resources/blog/statute-of-limitations-on-debt-in-nigeria-2,https://chamanlawfirm.com/resources/blog/statute-of-limitations-on-debt-in-nigeria-2,not checked,image recovery needed,medium - verify current law and facts before publication,low/medium - compare against existing live content before publication,156,"answer block, FAQs, lawyer CTA, practice-area links",Broad blog migration remains on hold; restore only through controlled lawyer-reviewed batches.
https://chamanlawfirm.com/what-is-the-documentation-and-registration,What Is The Documentation And Registration,,,notary/documentation,blog,not confirmed,10,1565,9.16,not available locally,not available locally,not available locally,,not public,none detected,image recovery needed,restore as blog post,/resources/blog/what-is-the-documentation-and-registration,https://chamanlawfirm.com/resources/blog/what-is-the-documentation-and-registration,not checked,image recovery needed,low/medium - editorial and legal review still required,low/medium - compare against existing live content before publication,156,"answer block, FAQs, lawyer CTA, practice-area links",Broad blog migration remains on hold; restore only through controlled lawyer-reviewed batches.
https://chamanlawfirm.com/labour-relations-and-employment-law,Labour Relations And Employment Law,,,employment law,service,redirect configured to /practice-areas/employment-law,6,1620,40.96,not available locally,not available locally,not available locally,/practice-areas/employment-law,not public,none detected,image recovery needed,exact redirect to existing live equivalent,/practice-areas/employment-law,https://chamanlawfirm.com/practice-areas/employment-law,included,image recovery needed,medium - verify current law and facts before publication,medium - confirm old topic should merge into existing practice/service page,156,"service answer block, process steps, FAQs, consultation CTA",Legacy employment-law authority URL maps to live Employment Law practice page.
https://chamanlawfirm.com/effect-of-witness-as-beneficiary-in-will,Effect Of Witness As Beneficiary In Will,Effect of a Witness as Beneficiary in a Will in Nigeria,"Introduction Quality, not quantity We have made quality our habit. It’s not something that we just strive for – we live by this principle every day. EFFECT OF WITNESS AS BENEFICIARY IN A WILL WHO CAN BE A WITNESS? As p",probate/estate,blog,redirect configured to /resources/blog/effect-of-witness-as-beneficiary-in-will,47,3968,24.77,not available locally,not available locally,not available locally,/resources/blog/effect-of-witness-as-beneficiary-in-will,approved public,none detected,image and alt present in Sanity,exact redirect to existing live equivalent,/resources/blog/effect-of-witness-as-beneficiary-in-will,https://chamanlawfirm.com/resources/blog/effect-of-witness-as-beneficiary-in-will,included,image and alt present in Sanity,high - lawyer review required before publication,low - already public,155,"answer block, FAQs, lawyer CTA, practice-area links",Broad blog migration remains on hold; restore only through controlled lawyer-reviewed batches.
https://chamanlawfirm.com/newblogpost-zlsyg1admisibility-of-computer-g,Newblogpost Zlsyg1admisibility Of Computer G,,,general legal education,blog,not confirmed,21,2049,16.16,not available locally,not available locally,not available locally,,not public,none detected,image recovery needed,restore as blog post,/resources/blog/newblogpost-zlsyg1admisibility-of-computer-g,https://chamanlawfirm.com/resources/blog/newblogpost-zlsyg1admisibility-of-computer-g,not checked,image recovery needed,low/medium - editorial and legal review still required,low/medium - compare against existing live content before publication,155,"answer block, FAQs, lawyer CTA, practice-area links",Broad blog migration remains on hold; restore only through controlled lawyer-reviewed batches.
https://chamanlawfirm.com/legal-proven-expertise-joint-ownership,Legal Proven Expertise Joint Ownership,,,general legal education,blog,not confirmed,11,1004,7.75,not available locally,not available locally,not available locally,,not public,none detected,image recovery needed,restore as blog post,/resources/blog/legal-proven-expertise-joint-ownership,https://chamanlawfirm.com/resources/blog/legal-proven-expertise-joint-ownership,not checked,image recovery needed,low/medium - editorial and legal review still required,low/medium - compare against existing live content before publication,155,"answer block, FAQs, lawyer CTA, practice-area links",Broad blog migration remains on hold; restore only through controlled lawyer-reviewed batches.
https://chamanlawfirm.com/real-estate-business-plan,Real Estate Business Plan,,,property/title,service,not confirmed,8,528,38.27,not available locally,not available locally,not available locally,,not public,none detected,image recovery needed,merge into existing stronger live page,/practice-areas/corporate-commercial-law,https://chamanlawfirm.com/practice-areas/corporate-commercial-law,included,image recovery needed,low/medium - editorial and legal review still required,medium - confirm old topic should merge into existing practice/service page,155,"service answer block, process steps, FAQs, consultation CTA",source body not present in Phase 5C prepared drafts; SEO title requires RankMath/source preservation or rewrite; meta description requires RankMath/source preservation or rewrite; image recovery/fallback required
https://chamanlawfirm.com/our-legal-team,Our Legal Team,,,general legal education,blog,not confirmed,11,941,6.94,not available locally,not available locally,not available locally,,not public,none detected,image recovery needed,restore as blog post,/resources/blog/our-legal-team,https://chamanlawfirm.com/resources/blog/our-legal-team,not checked,image recovery needed,low/medium - editorial and legal review still required,low/medium - compare against existing live content before publication,154,"answer block, FAQs, lawyer CTA, practice-area links",Broad blog migration remains on hold; restore only through controlled lawyer-reviewed batches.
https://chamanlawfirm.com/mixed-use-residential-projects-in-nigeria,Mixed Use Residential Projects In Nigeria,,,general legal education,blog,not confirmed,10,1391,9.61,not available locally,not available locally,not available locally,,not public,none detected,image recovery needed,restore as blog post,/resources/blog/mixed-use-residential-projects-in-nigeria,https://chamanlawfirm.com/resources/blog/mixed-use-residential-projects-in-nigeria,not checked,image recovery needed,low/medium - editorial and legal review still required,low/medium - compare against existing live content before publication,154,"answer block, FAQs, lawyer CTA, practice-area links",Broad blog migration remains on hold; restore only through controlled lawyer-reviewed batches.
https://chamanlawfirm.com/real-estate-agents-and-brokers-in-nigeria,Real Estate Agents And Brokers In Nigeria,,,property/title,blog,not confirmed,25,5826,28.5,not available locally,not available locally,not available locally,,not public,none detected,image recovery needed,restore as blog post,/resources/blog/real-estate-agents-and-brokers-in-nigeria,https://chamanlawfirm.com/resources/blog/real-estate-agents-and-brokers-in-nigeria,not checked,image recovery needed,low/medium - editorial and legal review still required,low/medium - compare against existing live content before publication,153,"answer block, FAQs, lawyer CTA, practice-area links",Broad blog migration remains on hold; restore only through controlled lawyer-reviewed batches.
https://chamanlawfirm.com/construction-standard-and-regulations-in-nigeria,Construction Standard And Regulations In Nigeria,,,general legal education,blog,not confirmed,23,795,19.33,not available locally,not available locally,not available locally,,not public,none detected,image recovery needed,restore as blog post,/resources/blog/construction-standard-and-regulations-in-nigeria,https://chamanlawfirm.com/resources/blog/construction-standard-and-regulations-in-nigeria,not checked,image recovery needed,low/medium - editorial and legal review still required,low/medium - compare against existing live content before publication,153,"answer block, FAQs, lawyer CTA, practice-area links",Broad blog migration remains on hold; restore only through controlled lawyer-reviewed batches.
https://chamanlawfirm.com/why-do-i-need-a-family-lawyer-in-nigeria,Why Do I Need A Family Lawyer In Nigeria,Why Do I Need A Family Lawyer In Nigeria,WHY DO I NEED A FAMILY LAWYER IN NIGERIA? A Family Lawyer in Nigeria can provide valuable assistance and guidance...,family law,blog,hidden Sanity draft; do not redirect,9,1756,30.91,not available locally,not available locally,not available locally,,not public,hidden/unapproved,image recovery needed,keep hidden pending image/source repair,/resources/blog/why-do-i-need-a-family-lawyer-in-nigeria,https://chamanlawfirm.com/resources/blog/why-do-i-need-a-family-lawyer-in-nigeria,not checked,image recovery needed,low/medium - editorial and legal review still required,medium - compare hidden draft against public practice/page before approval,153,"answer block, FAQs, lawyer CTA, practice-area links",Broad blog migration remains on hold; restore only through controlled lawyer-reviewed batches.
https://chamanlawfirm.com/regulations-understanding-of-nigerian-employment,Regulations Understanding Of Nigerian Employment,,,employment law,service,not confirmed,4,2317,42.39,not available locally,not available locally,not available locally,/practice-areas/employment-law,not public,none detected,image recovery needed,exact redirect to existing live equivalent,/practice-areas/employment-law,https://chamanlawfirm.com/practice-areas/employment-law,included,image recovery needed,medium - verify current law and facts before publication,medium - confirm old topic should merge into existing practice/service page,153,"service answer block, process steps, FAQs, consultation CTA",source body not present in Phase 5C prepared drafts; SEO title requires RankMath/source preservation or rewrite; meta description requires RankMath/source preservation or rewrite; image recovery/fallback required; redirect planning only; do not publish as article without equivalent content
https://chamanlawfirm.com/the-role-of-town-planners-in-land-allocation-under-the-land-use-act,The Role Of Town Planners In Land Allocation Under The Land Use Act,Role of Town Planners in Land Allocation Under the Land Use Act,"The Land Use Act of 1978 is a crucial piece of legislation in Nigeria that governs the allocation and management of land in the country. Under this act, the role of town planners becomes vital in ensuring effective lan",property/title,blog,approved Sanity post; missing old-url redirect,11,706,6.19,not available locally,not available locally,not available locally,,approved public,none detected,image and alt present in Sanity,exact redirect to existing live equivalent,/resources/blog/the-role-of-town-planners-in-land-allocation-under-the-land-use-act,https://chamanlawfirm.com/resources/blog/the-role-of-town-planners-in-land-allocation-under-the-land-use-act,included,image and alt present in Sanity,medium - verify current law and facts before publication,low - already public,152,"answer block, FAQs, lawyer CTA, practice-area links",Broad blog migration remains on hold; restore only through controlled lawyer-reviewed batches.
https://chamanlawfirm.com/legal-research-for-nigerian-litigation-cases,Legal Research For Nigerian Litigation Cases,Effective Legal Research for Nigerian Litigation Cases,Master legal research techniques to bolster your Nigerian litigation cases and enhance your legal strategy. Legal Research for Nigerian Litigation Cases,litigation/ADR,blog,approved Sanity post; missing old-url redirect,21,1618,16.8,not available locally,not available locally,not available locally,,approved public,none detected,image and alt present in Sanity,exact redirect to existing live equivalent,/resources/blog/legal-research-for-nigerian-litigation-cases,https://chamanlawfirm.com/resources/blog/legal-research-for-nigerian-litigation-cases,included,image and alt present in Sanity,low/medium - editorial and legal review still required,low - already public,151,"answer block, FAQs, lawyer CTA, practice-area links",Broad blog migration remains on hold; restore only through controlled lawyer-reviewed batches.
https://chamanlawfirm.com/bank-disputes-in-nigeria-modes-of-resolution,Bank Disputes In Nigeria Modes Of Resolution,,,litigation/ADR,blog,not confirmed,17,3636,12.1,not available locally,not available locally,not available locally,,not public,none detected,image recovery needed,restore as blog post,/resources/blog/bank-disputes-in-nigeria-modes-of-resolution,https://chamanlawfirm.com/resources/blog/bank-disputes-in-nigeria-modes-of-resolution,not checked,image recovery needed,medium - verify current law and facts before publication,low/medium - compare against existing live content before publication,151,"answer block, FAQs, lawyer CTA, practice-area links",Broad blog migration remains on hold; restore only through controlled lawyer-reviewed batches.
https://chamanlawfirm.com/powerful-steps-who-may-adopt,Powerful Steps Who May Adopt,,,general legal education,blog,not confirmed,17,3581,19.78,not available locally,not available locally,not available locally,,not public,none detected,image recovery needed,restore as blog post,/resources/blog/powerful-steps-who-may-adopt,https://chamanlawfirm.com/resources/blog/powerful-steps-who-may-adopt,not checked,image recovery needed,low/medium - editorial and legal review still required,low/medium - compare against existing live content before publication,151,"answer block, FAQs, lawyer CTA, practice-area links",Broad blog migration remains on hold; restore only through controlled lawyer-reviewed batches.
https://chamanlawfirm.com/powerful-steps-probate-lawyer-in-nigeria,Powerful Steps Probate Lawyer In Nigeria,,,probate/estate,service,not confirmed,12,1108,15.42,not available locally,not available locally,not available locally,,not public,none detected,image recovery needed,keep hidden pending legal review,/practice-areas/probate-estate-administration,https://chamanlawfirm.com/practice-areas/probate-estate-administration,included,image recovery needed,high - lawyer review required before publication,medium - confirm old topic should merge into existing practice/service page,151,"service answer block, process steps, FAQs, consultation CTA",source body not present in Phase 5C prepared drafts; SEO title requires RankMath/source preservation or rewrite; meta description requires RankMath/source preservation or rewrite; image recovery/fallback required; redirect planning only; do not publish as article without equivalent content
https://chamanlawfirm.com/10-proven-insights-into-tenancy-law-in-lago,10 Proven Insights Into Tenancy Law In Lago,10 Proven Insights Into Tenancy Law In Lago,10 Proven Insights into Tenancy Law in Lagos State: Empowering Rights of Tenants and Landlords,general legal education,blog,hidden Sanity draft; do not redirect,8,2058,32.09,not available locally,not available locally,not available locally,,not public,hidden/unapproved,image recovery needed,keep hidden pending image/source repair,/resources/blog/10-proven-insights-into-tenancy-law-in-lago,https://chamanlawfirm.com/resources/blog/10-proven-insights-into-tenancy-law-in-lago,not checked,image recovery needed,low/medium - editorial and legal review still required,medium - compare hidden draft against public practice/page before approval,151,"answer block, FAQs, lawyer CTA, practice-area links",Broad blog migration remains on hold; restore only through controlled lawyer-reviewed batches.
https://chamanlawfirm.com/banking-and-finance-law-in-lagos,Banking And Finance Law In Lagos,,,corporate/commercial,service,redirect configured to /practice-areas/corporate-commercial-law,4,2115,22.25,not available locally,not available locally,not available locally,/practice-areas/corporate-commercial-law,not public,none detected,image recovery needed,exact redirect to existing live equivalent,/practice-areas/corporate-commercial-law,https://chamanlawfirm.com/practice-areas/corporate-commercial-law,included,image recovery needed,low/medium - editorial and legal review still required,medium - confirm old topic should merge into existing practice/service page,151,"service answer block, process steps, FAQs, consultation CTA",Legacy banking and finance legal URL maps to live Corporate & Commercial Law page.
https://chamanlawfirm.com/guardian-ad-litem-in-child-custody,Guardian Ad Litem In Child Custody,Guardian Ad Litem In Child Custody,"THE ROLE OF GUARDIAN AD LITEM IN CHILD CUSTODY, Divorce cases have unfortunately been at a higher percentage in the world....",family law,blog,hidden Sanity draft; do not redirect,16,1023,10.72,not available locally,not available locally,not available locally,,not public,hidden/unapproved,image recovery needed,keep hidden pending legal review,/resources/blog/guardian-ad-litem-in-child-custody,https://chamanlawfirm.com/resources/blog/guardian-ad-litem-in-child-custody,not checked,image recovery needed,high - lawyer review required before publication,medium - compare hidden draft against public practice/page before approval,150,"answer block, FAQs, lawyer CTA, practice-area links",Broad blog migration remains on hold; restore only through controlled lawyer-reviewed batches.
https://chamanlawfirm.com/ways-to-resolve-property-disputes-in-ogun,Ways To Resolve Property Disputes In Ogun,Powerful Steps: Ways to Resolve Property Disputes in Ogun,"Ways to Resolve Property Disputes in Ogun - Learn about mediation, arbitration, community-based dispute resolution to save time / money",property/title,blog,approved Sanity post; missing old-url redirect,11,532,9.35,not available locally,not available locally,not available locally,,approved public,none detected,image and alt present in Sanity,exact redirect to existing live equivalent,/resources/blog/ways-to-resolve-property-disputes-in-ogun,https://chamanlawfirm.com/resources/blog/ways-to-resolve-property-disputes-in-ogun,included,image and alt present in Sanity,medium - verify current law and facts before publication,low - already public,150,"answer block, FAQs, lawyer CTA, practice-area links",Broad blog migration remains on hold; restore only through controlled lawyer-reviewed batches.
https://chamanlawfirm.com/steps-on-how-to-prepare-for-and-conduct-oral,Steps On How To Prepare For And Conduct Oral,,,general legal education,blog,not confirmed,11,455,8.86,not available locally,not available locally,not available locally,,not public,none detected,image recovery needed,restore as blog post,/resources/blog/steps-on-how-to-prepare-for-and-conduct-oral,https://chamanlawfirm.com/resources/blog/steps-on-how-to-prepare-for-and-conduct-oral,not checked,image recovery needed,low/medium - editorial and legal review still required,low/medium - compare against existing live content before publication,150,"answer block, FAQs, lawyer CTA, practice-area links",Broad blog migration remains on hold; restore only through controlled lawyer-reviewed batches.
https://chamanlawfirm.com/4-proven-features-of-customary-marriage-and-the-bill-of-rights-conflicting-interests,4 Proven Features Of Customary Marriage And The Bill Of Rights Conflicting Interests,Customary Marriage and Constitutional Rights in Nigeria,"Introduction Customary marriage, deeply rooted in the traditions and practices of various ethnic groups, plays a significant role in many African countries, including Nigeria. These marriages are governed by the custom",family law,blog,approved Sanity post; missing old-url redirect,22,3851,8.72,not available locally,not available locally,not available locally,,approved public,none detected,image and alt present in Sanity,exact redirect to existing live equivalent,/resources/blog/4-proven-features-of-customary-marriage-and-the-bill-of-rights-conflicting-interests,https://chamanlawfirm.com/resources/blog/4-proven-features-of-customary-marriage-and-the-bill-of-rights-conflicting-interests,included,image and alt present in Sanity,high - lawyer review required before publication,low - already public,149,"answer block, FAQs, lawyer CTA, practice-area links",Broad blog migration remains on hold; restore only through controlled lawyer-reviewed batches.
https://chamanlawfirm.com/nuisance-and-trespass,Nuisance And Trespass,,,general legal education,blog,not confirmed,19,2416,10.18,not available locally,not available locally,not available locally,,not public,none detected,image recovery needed,restore as blog post,/resources/blog/nuisance-and-trespass,https://chamanlawfirm.com/resources/blog/nuisance-and-trespass,not checked,image recovery needed,low/medium - editorial and legal review still required,low/medium - compare against existing live content before publication,149,"answer block, FAQs, lawyer CTA, practice-area links",Broad blog migration remains on hold; restore only through controlled lawyer-reviewed batches.
https://chamanlawfirm.com/top-gated-estates-in-ogun-state-chaman-law,Top Gated Estates In Ogun State Chaman Law,,,probate/estate,blog,not confirmed,27,1323,8.48,not available locally,not available locally,not available locally,,not public,none detected,image recovery needed,reject/archive,/resources/blog/top-gated-estates-in-ogun-state-chaman-law,https://chamanlawfirm.com/resources/blog/top-gated-estates-in-ogun-state-chaman-law,not checked,image recovery needed,blocked - off-brand/spam/luxury signal,low/medium - compare against existing live content before publication,148,"answer block, FAQs, lawyer CTA, practice-area links",Broad blog migration remains on hold; restore only through controlled lawyer-reviewed batches.
https://chamanlawfirm.com/pro-bono-legal-service,Pro Bono Legal Service,,,general legal education,blog,not confirmed,29,3163,21.49,not available locally,not available locally,not available locally,,not public,none detected,image recovery needed,restore as blog post,/resources/blog/pro-bono-legal-service,https://chamanlawfirm.com/resources/blog/pro-bono-legal-service,not checked,image recovery needed,low/medium - editorial and legal review still required,low/medium - compare against existing live content before publication,147,"answer block, FAQs, lawyer CTA, practice-area links",Broad blog migration remains on hold; restore only through controlled lawyer-reviewed batches.
https://chamanlawfirm.com/how-does-the-land-use-act-interact-with-the-petroleum-industry,How Does The Land Use Act Interact With The Petroleum Industry,How the Land Use Act Interacts With the Petroleum Industry,"Nigeria's Land Use Act of 1978 has significant implications for the country's petroleum industry, one of its economic pillars. This article delves into the intricate relationship between the Land Use Act and the petrol",property/title,blog,approved Sanity post; missing old-url redirect,22,732,12.49,not available locally,not available locally,not available locally,,approved public,none detected,image and alt present in Sanity,exact redirect to existing live equivalent,/resources/blog/how-does-the-land-use-act-interact-with-the-petroleum-industry,https://chamanlawfirm.com/resources/blog/how-does-the-land-use-act-interact-with-the-petroleum-industry,included,image and alt present in Sanity,medium - verify current law and facts before publication,low - already public,147,"answer block, FAQs, lawyer CTA, practice-area links",Broad blog migration remains on hold; restore only through controlled lawyer-reviewed batches.
https://chamanlawfirm.com/roles-of-a-mediator,Roles Of A Mediator,,,litigation/ADR,service,redirect configured to /practice-areas/adr-mediation,4,1584,39.9,not available locally,not available locally,not available locally,/practice-areas/adr-mediation,not public,none detected,image recovery needed,exact redirect to existing live equivalent,/practice-areas/adr-mediation,https://chamanlawfirm.com/practice-areas/adr-mediation,included,image recovery needed,low/medium - editorial and legal review still required,medium - confirm old topic should merge into existing practice/service page,146,"service answer block, process steps, FAQs, consultation CTA",Legacy mediator-role URL maps to live ADR / Mediation practice page.
https://chamanlawfirm.com/understanding-the-nigerian-tax-law,Understanding The Nigerian Tax Law,,,corporate/commercial,blog,not confirmed,18,2449,19.12,not available locally,not available locally,not available locally,,not public,none detected,image recovery needed,restore as blog post,/resources/blog/understanding-the-nigerian-tax-law,https://chamanlawfirm.com/resources/blog/understanding-the-nigerian-tax-law,not checked,image recovery needed,medium - verify current law and facts before publication,low/medium - compare against existing live content before publication,144,"answer block, FAQs, lawyer CTA, practice-area links",Broad blog migration remains on hold; restore only through controlled lawyer-reviewed batches.
https://chamanlawfirm.com/the-role-of-real-estate-investment-trusts,The Role Of Real Estate Investment Trusts,The Role Of Real Estate Investment Trusts:,The Role Of Real Estate Investment Trusts,property/title,blog,hidden Sanity draft; do not redirect,8,1392,36.29,not available locally,not available locally,not available locally,,not public,hidden/unapproved,image recovery needed,keep hidden pending image/source repair,/resources/blog/the-role-of-real-estate-investment-trusts,https://chamanlawfirm.com/resources/blog/the-role-of-real-estate-investment-trusts,not checked,image recovery needed,low/medium - editorial and legal review still required,medium - compare hidden draft against public practice/page before approval,144,"answer block, FAQs, lawyer CTA, practice-area links",Broad blog migration remains on hold; restore only through controlled lawyer-reviewed batches.
https://chamanlawfirm.com/what-are-the-legal-rights-of-private-property-owners,What Are The Legal Rights Of Private Property Owners,Legal Rights of Private Property Owners in Nigeria,"WHAT ARE THE LEGAL RIGHTS OF PRIVATE PROPERTY OWNERS, Everyone who buys a house or owns a Property expect to control access",property/title,blog,approved Sanity post; missing old-url redirect,19,1829,15.77,not available locally,not available locally,not available locally,,approved public,none detected,image and alt present in Sanity,exact redirect to existing live equivalent,/resources/blog/what-are-the-legal-rights-of-private-property-owners,https://chamanlawfirm.com/resources/blog/what-are-the-legal-rights-of-private-property-owners,included,image and alt present in Sanity,medium - verify current law and facts before publication,low - already public,143,"answer block, FAQs, lawyer CTA, practice-area links",Broad blog migration remains on hold; restore only through controlled lawyer-reviewed batches.
https://chamanlawfirm.com/fccpc-requirements-for-money-lending-companies,Fccpc Requirements For Money Lending Companies,,,general legal education,blog,not confirmed,16,3262,15.6,not available locally,not available locally,not available locally,,not public,none detected,image recovery needed,restore as blog post,/resources/blog/fccpc-requirements-for-money-lending-companies,https://chamanlawfirm.com/resources/blog/fccpc-requirements-for-money-lending-companies,not checked,image recovery needed,low/medium - editorial and legal review still required,low/medium - compare against existing live content before publication,143,"answer block, FAQs, lawyer CTA, practice-area links",Broad blog migration remains on hold; restore only through controlled lawyer-reviewed batches.
https://chamanlawfirm.com/5-ways-to-avoid-property-scam-in-nigeria,5 Ways To Avoid Property Scam In Nigeria,5 Ways To Avoid Property Scam In Nigeria,Understanding Property Scams,property/title,blog,hidden Sanity draft; do not redirect,8,1325,21.79,not available locally,not available locally,not available locally,,not public,hidden/unapproved,image recovery needed,keep hidden pending image/source repair,/resources/blog/5-ways-to-avoid-property-scam-in-nigeria,https://chamanlawfirm.com/resources/blog/5-ways-to-avoid-property-scam-in-nigeria,not checked,image recovery needed,medium - verify current law and facts before publication,medium - compare hidden draft against public practice/page before approval,143,"answer block, FAQs, lawyer CTA, practice-area links",Broad blog migration remains on hold; restore only through controlled lawyer-reviewed batches.
https://chamanlawfirm.com/immigration-policy-in-attracting-foreign-talent,Immigration Policy In Attracting Foreign Talent,,,immigration,service,not confirmed,5,810,28.04,not available locally,not available locally,not available locally,,not public,none detected,image recovery needed,merge into existing stronger live page,/practice-areas/immigration-services,https://chamanlawfirm.com/practice-areas/immigration-services,included,image recovery needed,medium - verify current law and facts before publication,medium - confirm old topic should merge into existing practice/service page,143,"service answer block, process steps, FAQs, consultation CTA",source body not present in Phase 5C prepared drafts; SEO title requires RankMath/source preservation or rewrite; meta description requires RankMath/source preservation or rewrite; image recovery/fallback required; redirect planning only; do not publish as article without equivalent content
https://chamanlawfirm.com/challenging-forged-property-documents-in-lagos,Challenging Forged Property Documents In Lagos,Powerful Steps: Challenging Forged Property Documents/ Lagos,"Challenging Forged Property Documents in Lagos - This guide explains how to detect, and challenge forged property documents in Lagos State.",property/title,blog,approved Sanity post; missing old-url redirect,9,725,6.39,not available locally,not available locally,not available locally,,approved public,none detected,image and alt present in Sanity,exact redirect to existing live equivalent,/resources/blog/challenging-forged-property-documents-in-lagos,https://chamanlawfirm.com/resources/blog/challenging-forged-property-documents-in-lagos,included,image and alt present in Sanity,medium - verify current law and facts before publication,low - already public,142,"answer block, FAQs, lawyer CTA, practice-area links",Broad blog migration remains on hold; restore only through controlled lawyer-reviewed batches.
https://chamanlawfirm.com/proven-benefits-of-international-arbitration,Proven Benefits Of International Arbitration,,,litigation/ADR,service,not confirmed,5,697,64.84,not available locally,not available locally,not available locally,,not public,none detected,image recovery needed,merge into existing stronger live page,/practice-areas/adr-mediation,https://chamanlawfirm.com/practice-areas/adr-mediation,included,image recovery needed,low/medium - editorial and legal review still required,medium - confirm old topic should merge into existing practice/service page,142,"service answer block, process steps, FAQs, consultation CTA",source body not present in Phase 5C prepared drafts; SEO title requires RankMath/source preservation or rewrite; meta description requires RankMath/source preservation or rewrite; image recovery/fallback required
https://chamanlawfirm.com/disputes-arising-from-property-ownership,Disputes Arising From Property Ownership,Disputes Arising From Property Ownership in Nigeria,"Introduction Property ownership and inheritance are significant issues within families, often leading to disputes that can strain relationships. In Nigeria, family disputes over property and inheritance are common due",property/title,blog,approved Sanity post; missing old-url redirect,8,1108,6.14,not available locally,not available locally,not available locally,,approved public,none detected,image and alt present in Sanity,exact redirect to existing live equivalent,/resources/blog/disputes-arising-from-property-ownership,https://chamanlawfirm.com/resources/blog/disputes-arising-from-property-ownership,included,image and alt present in Sanity,medium - verify current law and facts before publication,low - already public,141,"answer block, FAQs, lawyer CTA, practice-area links",Broad blog migration remains on hold; restore only through controlled lawyer-reviewed batches.
https://chamanlawfirm.com/understanding-the-nigerian-tax-law-a-comprehensive-guide-for-individuals-and-businesses,Understanding The Nigerian Tax Law A Comprehensive Guide For Individuals And Businesses,,,corporate/commercial,service,not confirmed,4,1094,58.33,not available locally,not available locally,not available locally,,not public,none detected,image recovery needed,merge into existing stronger live page,/practice-areas/corporate-commercial-law,https://chamanlawfirm.com/practice-areas/corporate-commercial-law,included,image recovery needed,medium - verify current law and facts before publication,medium - confirm old topic should merge into existing practice/service page,141,"service answer block, process steps, FAQs, consultation CTA",source body not present in Phase 5C prepared drafts; SEO title requires RankMath/source preservation or rewrite; meta description requires RankMath/source preservation or rewrite; image recovery/fallback required
https://chamanlawfirm.com/what-property-taxes-must-i-pay-when-buying,What Property Taxes Must I Pay When Buying,Property Taxes When Buying Real Estate in Nigeria,Review common property tax and transaction cost issues buyers should consider in Nigeria before completing a real estate purchase.,property/title,blog,approved Sanity post; missing old-url redirect,7,1534,8.07,not available locally,not available locally,not available locally,,approved public,none detected,image and alt present in Sanity,exact redirect to existing live equivalent,/resources/blog/what-property-taxes-must-i-pay-when-buying,https://chamanlawfirm.com/resources/blog/what-property-taxes-must-i-pay-when-buying,included,image and alt present in Sanity,medium - verify current law and facts before publication,low - already public,140,"answer block, FAQs, lawyer CTA, practice-area links",Broad blog migration remains on hold; restore only through controlled lawyer-reviewed batches.
https://chamanlawfirm.com/what-is-the-legal-process-for-land-dispute,What Is The Legal Process For Land Dispute,Powerful Steps: What Is the Legal Process for Land Dispute,What Is the Legal Process for Land Dispute resolution in Lagos. Chaman Law Firm offers expert guidance to help property owners resolve disputes.,property/title,blog,approved Sanity post; missing old-url redirect,6,1981,5.86,not available locally,not available locally,not available locally,,approved public,none detected,image and alt present in Sanity,exact redirect to existing live equivalent,/resources/blog/what-is-the-legal-process-for-land-dispute,https://chamanlawfirm.com/resources/blog/what-is-the-legal-process-for-land-dispute,included,image and alt present in Sanity,medium - verify current law and facts before publication,low - already public,140,"answer block, FAQs, lawyer CTA, practice-area links",Broad blog migration remains on hold; restore only through controlled lawyer-reviewed batches.
https://chamanlawfirm.com/what-is-trespass-to-land2,What Is Trespass To Land2,What Is Trespass to Land in Nigeria?,"OUR STORY Quality, not quantity We have made quality our habit. It’s not something that we just strive for – we live by this principle every day. Ultimate Guide: What is Trespass to Land? Avoid Legal Pitfalls! Trespass",property/title,blog,approved Sanity post; missing old-url redirect,18,1885,18.37,not available locally,not available locally,not available locally,,approved public,none detected,image and alt present in Sanity,exact redirect to existing live equivalent,/resources/blog/what-is-trespass-to-land2,https://chamanlawfirm.com/resources/blog/what-is-trespass-to-land2,included,image and alt present in Sanity,medium - verify current law and facts before publication,low - already public,139,"answer block, FAQs, lawyer CTA, practice-area links",Broad blog migration remains on hold; restore only through controlled lawyer-reviewed batches.
https://chamanlawfirm.com/navigating-the-probate-registry-in-ogun-state,Navigating The Probate Registry In Ogun State,Powerful Step: Navigating the Probate Registry in Ogun State,"Navigating the Probate Registry in Ogun State with expert legal support. Chaman Law Firm assists with probate, wills, and estate documentation.",probate/estate,blog,approved Sanity post; missing old-url redirect,26,769,7.17,not available locally,not available locally,not available locally,,approved public,none detected,image and alt present in Sanity,exact redirect to existing live equivalent,/resources/blog/navigating-the-probate-registry-in-ogun-state,https://chamanlawfirm.com/resources/blog/navigating-the-probate-registry-in-ogun-state,included,image and alt present in Sanity,high - lawyer review required before publication,low - already public,138,"answer block, FAQs, lawyer CTA, practice-area links",Broad blog migration remains on hold; restore only through controlled lawyer-reviewed batches.
https://chamanlawfirm.com/legal-requirements-for-land-purchase,Legal Requirements For Land Purchase,Powerful Way on Legal Requirements for Land Purchase,"Chaman Law Firm offers guidance on legal requirements for land purchase in Nigeria, ensuring secure transactions and regulatory compliance.",property/title,blog,approved Sanity post; missing old-url redirect,16,2558,18.52,not available locally,not available locally,not available locally,,approved public,none detected,image and alt present in Sanity,exact redirect to existing live equivalent,/resources/blog/legal-requirements-for-land-purchase,https://chamanlawfirm.com/resources/blog/legal-requirements-for-land-purchase,included,image and alt present in Sanity,medium - verify current law and facts before publication,low - already public,136,"answer block, FAQs, lawyer CTA, practice-area links",Broad blog migration remains on hold; restore only through controlled lawyer-reviewed batches.
https://chamanlawfirm.com/understandingof4typesofinvestmentagreements,Understandingof4typesofinvestmentagreements,,,general legal education,blog,not confirmed,25,4047,38.61,not available locally,not available locally,not available locally,,not public,none detected,image recovery needed,restore as blog post,/resources/blog/understandingof4typesofinvestmentagreements,https://chamanlawfirm.com/resources/blog/understandingof4typesofinvestmentagreements,not checked,image recovery needed,low/medium - editorial and legal review still required,low/medium - compare against existing live content before publication,135,"answer block, FAQs, lawyer CTA, practice-area links",Broad blog migration remains on hold; restore only through controlled lawyer-reviewed batches.
https://chamanlawfirm.com/all-you-need-to-know-about-the-e-manifest,All You Need To Know About The E Manifest,,,general legal education,blog,not confirmed,17,1971,11.77,not available locally,not available locally,not available locally,,not public,none detected,image recovery needed,restore as blog post,/resources/blog/all-you-need-to-know-about-the-e-manifest,https://chamanlawfirm.com/resources/blog/all-you-need-to-know-about-the-e-manifest,not checked,image recovery needed,low/medium - editorial and legal review still required,low/medium - compare against existing live content before publication,135,"answer block, FAQs, lawyer CTA, practice-area links",Broad blog migration remains on hold; restore only through controlled lawyer-reviewed batches.
https://chamanlawfirm.com/resolving-disputes-over-properties,Resolving Disputes Over Properties,,,litigation/ADR,blog,not confirmed,17,1962,12.79,not available locally,not available locally,not available locally,,not public,none detected,image recovery needed,restore as blog post,/resources/blog/resolving-disputes-over-properties,https://chamanlawfirm.com/resources/blog/resolving-disputes-over-properties,not checked,image recovery needed,medium - verify current law and facts before publication,low/medium - compare against existing live content before publication,135,"answer block, FAQs, lawyer CTA, practice-area links",Broad blog migration remains on hold; restore only through controlled lawyer-reviewed batches.
https://chamanlawfirm.com/how-to-check-if-a-property-title-is-genuine,How To Check If A Property Title Is Genuine,How to Check if a Property Title Is Genuine in Nigeria,"Introduction When buying property in Nigeria, ensuring the title is genuine is essential for safeguarding your investment. Many property buyers in Nigeria have fallen victim to fraudulent land deals, often because they",property/title,blog,approved Sanity post; missing old-url redirect,7,1045,7.58,not available locally,not available locally,not available locally,,approved public,none detected,image and alt present in Sanity,exact redirect to existing live equivalent,/resources/blog/how-to-check-if-a-property-title-is-genuine,https://chamanlawfirm.com/resources/blog/how-to-check-if-a-property-title-is-genuine,included,image and alt present in Sanity,medium - verify current law and facts before publication,low - already public,135,"answer block, FAQs, lawyer CTA, practice-area links",Broad blog migration remains on hold; restore only through controlled lawyer-reviewed batches.
https://chamanlawfirm.com/how-to-licence-a-trademark-in-nigeria,How To Licence A Trademark In Nigeria,Avoid These Costly Mistakes: How to Licence a Trademark in Nigeria the Right Way,Don’t fall into legal traps! Learn how to licence a trademark in Nigeria the right way and avoid the costly mistakes many businesses make.,general legal education,blog,hidden Sanity draft; do not redirect,7,985,28.79,not available locally,not available locally,not available locally,,not public,hidden/unapproved,image recovery needed,keep hidden pending image/source repair,/resources/blog/how-to-licence-a-trademark-in-nigeria,https://chamanlawfirm.com/resources/blog/how-to-licence-a-trademark-in-nigeria,not checked,image recovery needed,low/medium - editorial and legal review still required,medium - compare hidden draft against public practice/page before approval,135,"answer block, FAQs, lawyer CTA, practice-area links",Broad blog migration remains on hold; restore only through controlled lawyer-reviewed batches.
https://chamanlawfirm.com/remedies-for-breach-of-property-contracts-in-lagos-a-legal-guide,Remedies For Breach Of Property Contracts In Lagos A Legal Guide,Powerful Steps: Breach of Property Contracts in Lagos/ Guide,Breach of Property Contracts in Lagos -Learn how the laws protect you when a property contract is breached / the legal steps you can take,property/title,blog,approved Sanity post; missing old-url redirect,7,928,7.62,not available locally,not available locally,not available locally,,approved public,none detected,image and alt present in Sanity,exact redirect to existing live equivalent,/resources/blog/remedies-for-breach-of-property-contracts-in-lagos-a-legal-guide,https://chamanlawfirm.com/resources/blog/remedies-for-breach-of-property-contracts-in-lagos-a-legal-guide,included,image and alt present in Sanity,medium - verify current law and facts before publication,low - already public,134,"answer block, FAQs, lawyer CTA, practice-area links",Broad blog migration remains on hold; restore only through controlled lawyer-reviewed batches.
https://chamanlawfirm.com/step-by-step-guide-to-buying-properties,Step By Step Guide To Buying Properties,,,general legal education,blog,not confirmed,23,4828,26.84,not available locally,not available locally,not available locally,,not public,none detected,image recovery needed,restore as blog post,/resources/blog/step-by-step-guide-to-buying-properties,https://chamanlawfirm.com/resources/blog/step-by-step-guide-to-buying-properties,not checked,image recovery needed,low/medium - editorial and legal review still required,low/medium - compare against existing live content before publication,133,"answer block, FAQs, lawyer CTA, practice-area links",Broad blog migration remains on hold; restore only through controlled lawyer-reviewed batches.
https://chamanlawfirm.com/lawful-methods-to-recover-debt-in-nigeria,Lawful Methods To Recover Debt In Nigeria,Lawful Methods to Recover Debt in Nigeria,"LAWFUL METHODS TO RECOVER DEBT IN NIGERIA, Debt is a state of being under an obligation to pay or repay someone or something in..",debt recovery,blog,approved Sanity post; missing old-url redirect,18,1309,16.37,not available locally,not available locally,not available locally,,approved public,none detected,image and alt present in Sanity,exact redirect to existing live equivalent,/resources/blog/lawful-methods-to-recover-debt-in-nigeria,https://chamanlawfirm.com/resources/blog/lawful-methods-to-recover-debt-in-nigeria,included,image and alt present in Sanity,medium - verify current law and facts before publication,low - already public,133,"answer block, FAQs, lawyer CTA, practice-area links",Broad blog migration remains on hold; restore only through controlled lawyer-reviewed batches.
https://chamanlawfirm.com/newblogpost-ztnezvare-non-resident-companies-liable-to-tax-in-nigeria,Newblogpost Ztnezvare Non Resident Companies Liable To Tax In Nigeria,Newblogpost Ztnezvare Non Resident Companies Liable To Tax In Nigeria,"OUR STORY Quality, not quantity We have made quality our habit. It’s not something that we just strive for – we live by this principle every day. ARE NON-RESIDENT COMPANIES LIABLE TO TAX IN NIGERIA? A company is define",corporate/commercial,blog,hidden Sanity draft; do not redirect,8,306,31.23,not available locally,not available locally,not available locally,,not public,hidden/unapproved,image recovery needed,keep hidden pending image/source repair,/resources/blog/newblogpost-ztnezvare-non-resident-companies-liable-to-tax-in-nigeria,https://chamanlawfirm.com/resources/blog/newblogpost-ztnezvare-non-resident-companies-liable-to-tax-in-nigeria,not checked,image recovery needed,medium - verify current law and facts before publication,medium - compare hidden draft against public practice/page before approval,133,"answer block, FAQs, lawyer CTA, practice-area links",Broad blog migration remains on hold; restore only through controlled lawyer-reviewed batches.
https://chamanlawfirm.com/what-is-the-significan-and-titles-in-nigeria,What Is The Significan And Titles In Nigeria,What Is the Significance of Land Titles in Nigeria?,"Introduction Land surveys are the unsung heroes of property ownership and land titles, providing the foundation for accurate documentation and secure land transactions. In Nigeria, a country known for its diverse land",property/title,blog,approved Sanity post; missing old-url redirect,7,746,9.73,not available locally,not available locally,not available locally,,approved public,none detected,image and alt present in Sanity,exact redirect to existing live equivalent,/resources/blog/what-is-the-significan-and-titles-in-nigeria,https://chamanlawfirm.com/resources/blog/what-is-the-significan-and-titles-in-nigeria,included,image and alt present in Sanity,low/medium - editorial and legal review still required,low - already public,132,"answer block, FAQs, lawyer CTA, practice-area links",Broad blog migration remains on hold; restore only through controlled lawyer-reviewed batches.
https://chamanlawfirm.com/legal-aspects-of-product-liability,Legal Aspects Of Product Liability,,,general legal education,blog,not confirmed,17,1630,13.27,not available locally,not available locally,not available locally,,not public,none detected,image recovery needed,restore as blog post,/resources/blog/legal-aspects-of-product-liability,https://chamanlawfirm.com/resources/blog/legal-aspects-of-product-liability,not checked,image recovery needed,low/medium - editorial and legal review still required,low/medium - compare against existing live content before publication,131,"answer block, FAQs, lawyer CTA, practice-area links",Broad blog migration remains on hold; restore only through controlled lawyer-reviewed batches.
https://chamanlawfirm.com/get-a-paymaster-and-escrow-attorney-in-nig-m,Get A Paymaster And Escrow Attorney In Nig M,,,general legal education,blog,not confirmed,16,2094,19.12,not available locally,not available locally,not available locally,,not public,none detected,image recovery needed,restore as blog post,/resources/blog/get-a-paymaster-and-escrow-attorney-in-nig-m,https://chamanlawfirm.com/resources/blog/get-a-paymaster-and-escrow-attorney-in-nig-m,not checked,image recovery needed,low/medium - editorial and legal review still required,low/medium - compare against existing live content before publication,131,"answer block, FAQs, lawyer CTA, practice-area links",Broad blog migration remains on hold; restore only through controlled lawyer-reviewed batches.
https://chamanlawfirm.com/property-titles-in-nigeria,Property Titles In Nigeria,,,property/title,blog,not confirmed,15,2552,13.11,not available locally,not available locally,not available locally,,not public,none detected,image recovery needed,restore as blog post,/resources/blog/property-titles-in-nigeria,https://chamanlawfirm.com/resources/blog/property-titles-in-nigeria,not checked,image recovery needed,medium - verify current law and facts before publication,low/medium - compare against existing live content before publication,131,"answer block, FAQs, lawyer CTA, practice-area links",Broad blog migration remains on hold; restore only through controlled lawyer-reviewed batches.
https://chamanlawfirm.com/use-arbitration-for-property-disputes-lagos,Use Arbitration For Property Disputes Lagos,Powerful Steps: Use Arbitration for Property Disputes: Lagos,Use Arbitration for Property Disputes in Lagos -Discover whether arbitration is a valid and effective method for resolving property disputes in Lagos,property/title,blog,approved Sanity post; missing old-url redirect,19,526,10.38,not available locally,not available locally,not available locally,,approved public,none detected,image and alt present in Sanity,exact redirect to existing live equivalent,/resources/blog/use-arbitration-for-property-disputes-lagos,https://chamanlawfirm.com/resources/blog/use-arbitration-for-property-disputes-lagos,included,image and alt present in Sanity,medium - verify current law and facts before publication,low - already public,130,"answer block, FAQs, lawyer CTA, practice-area links",Broad blog migration remains on hold; restore only through controlled lawyer-reviewed batches.
https://chamanlawfirm.com/land-dispute-resolution-in-nigeria-court-system,Land Dispute Resolution In Nigeria Court System,Land Dispute Resolution in the Nigerian Court System,"Land disputes are a pervasive and deeply rooted issue in Nigeria, frequently erupting into conflicts, violence, and social instability. While the court serves as the primary mechanism for land dispute resolution",property/title,blog,approved Sanity post; missing old-url redirect,18,1028,12.42,not available locally,not available locally,not available locally,,approved public,none detected,image and alt present in Sanity,exact redirect to existing live equivalent,/resources/blog/land-dispute-resolution-in-nigeria-court-system,https://chamanlawfirm.com/resources/blog/land-dispute-resolution-in-nigeria-court-system,included,image and alt present in Sanity,medium - verify current law and facts before publication,low - already public,130,"answer block, FAQs, lawyer CTA, practice-area links",Broad blog migration remains on hold; restore only through controlled lawyer-reviewed batches.
https://chamanlawfirm.com/remedies-for-breach-of-promise-to-marry,Remedies For Breach Of Promise To Marry,,,general legal education,blog,not confirmed,17,1518,17.13,not available locally,not available locally,not available locally,,not public,none detected,image recovery needed,restore as blog post,/resources/blog/remedies-for-breach-of-promise-to-marry,https://chamanlawfirm.com/resources/blog/remedies-for-breach-of-promise-to-marry,not checked,image recovery needed,low/medium - editorial and legal review still required,low/medium - compare against existing live content before publication,130,"answer block, FAQs, lawyer CTA, practice-area links",Broad blog migration remains on hold; restore only through controlled lawyer-reviewed batches.
https://chamanlawfirm.com/how-does-land-title-insurance-protect-property-owners-in-nigeria,How Does Land Title Insurance Protect Property Owners In Nigeria,How Land Title Insurance Protects Property Owners in Nigeria,"Introduction: Land title insurance is an essential tool for property owners in Nigeria, offering protection and peace of mind when it comes to land and property investments. While it may not be as widely recognized as",property/title,blog,approved Sanity post; missing old-url redirect,7,540,8.87,not available locally,not available locally,not available locally,,approved public,none detected,image and alt present in Sanity,exact redirect to existing live equivalent,/resources/blog/how-does-land-title-insurance-protect-property-owners-in-nigeria,https://chamanlawfirm.com/resources/blog/how-does-land-title-insurance-protect-property-owners-in-nigeria,included,image and alt present in Sanity,medium - verify current law and facts before publication,low - already public,130,"answer block, FAQs, lawyer CTA, practice-area links",Broad blog migration remains on hold; restore only through controlled lawyer-reviewed batches.
https://chamanlawfirm.com/nigerian-data-protection-regulation-2019,Nigerian Data Protection Regulation 2019,,,general legal education,blog,not confirmed,13,3446,13.8,not available locally,not available locally,not available locally,,not public,none detected,image recovery needed,restore as blog post,/resources/blog/nigerian-data-protection-regulation-2019,https://chamanlawfirm.com/resources/blog/nigerian-data-protection-regulation-2019,not checked,image recovery needed,low/medium - editorial and legal review still required,low/medium - compare against existing live content before publication,129,"answer block, FAQs, lawyer CTA, practice-area links",Broad blog migration remains on hold; restore only through controlled lawyer-reviewed batches.
https://chamanlawfirm.com/land-record-keeping-ensure-accurate-land-titles,Land Record Keeping Ensure Accurate Land Titles,Proven Step: Land Record Keeping Ensure Accurate Land Titles,"how Land Record Keeping Ensure Accurate Land Titles in Nigeria by promoting transparency, reducing disputes, and supporting legal ownership.",property/title,blog,approved Sanity post; missing old-url redirect,5,1361,9.04,not available locally,not available locally,not available locally,,approved public,none detected,image and alt present in Sanity,exact redirect to existing live equivalent,/resources/blog/land-record-keeping-ensure-accurate-land-titles,https://chamanlawfirm.com/resources/blog/land-record-keeping-ensure-accurate-land-titles,included,image and alt present in Sanity,medium - verify current law and facts before publication,low - already public,129,"answer block, FAQs, lawyer CTA, practice-area links",Broad blog migration remains on hold; restore only through controlled lawyer-reviewed batches.
https://chamanlawfirm.com/how-to-navigate-the-federal-high-court,How To Navigate The Federal High Court,,,litigation/ADR,blog,not confirmed,4,1765,7.86,not available locally,not available locally,not available locally,,not public,none detected,image recovery needed,restore as blog post,/resources/blog/how-to-navigate-the-federal-high-court,https://chamanlawfirm.com/resources/blog/how-to-navigate-the-federal-high-court,not checked,image recovery needed,low/medium - editorial and legal review still required,low/medium - compare against existing live content before publication,128,"answer block, FAQs, lawyer CTA, practice-area links",Broad blog migration remains on hold; restore only through controlled lawyer-reviewed batches.
https://chamanlawfirm.com/what-are-the-legal-rights-of-a-wife-after-divorce-or-separation-in-nigeria,What Are The Legal Rights Of A Wife After Divorce Or Separation In Nigeria,,,family law,blog,not confirmed,35,1207,16.47,not available locally,not available locally,not available locally,,not public,none detected,image recovery needed,restore as blog post,/resources/blog/what-are-the-legal-rights-of-a-wife-after-divorce-or-separation-in-nigeria,https://chamanlawfirm.com/resources/blog/what-are-the-legal-rights-of-a-wife-after-divorce-or-separation-in-nigeria,not checked,image recovery needed,high - lawyer review required before publication,low/medium - compare against existing live content before publication,127,"answer block, FAQs, lawyer CTA, practice-area links",Broad blog migration remains on hold; restore only through controlled lawyer-reviewed batches.
https://chamanlawfirm.com/retail-advertising-and-marketing-law-in-nigeria,Retail Advertising And Marketing Law In Nigeria,,,general legal education,blog,not confirmed,19,6165,22.69,not available locally,not available locally,not available locally,,not public,none detected,image recovery needed,restore as blog post,/resources/blog/retail-advertising-and-marketing-law-in-nigeria,https://chamanlawfirm.com/resources/blog/retail-advertising-and-marketing-law-in-nigeria,not checked,image recovery needed,low/medium - editorial and legal review still required,low/medium - compare against existing live content before publication,127,"answer block, FAQs, lawyer CTA, practice-area links",Broad blog migration remains on hold; restore only through controlled lawyer-reviewed batches.
https://chamanlawfirm.com/what-is-a-gazette-and-excision-in-ogun-state,What Is A Gazette And Excision In Ogun State,,,general legal education,blog,not confirmed,6,736,9.06,not available locally,not available locally,not available locally,,not public,none detected,image recovery needed,restore as blog post,/resources/blog/what-is-a-gazette-and-excision-in-ogun-state,https://chamanlawfirm.com/resources/blog/what-is-a-gazette-and-excision-in-ogun-state,not checked,image recovery needed,low/medium - editorial and legal review still required,low/medium - compare against existing live content before publication,127,"answer block, FAQs, lawyer CTA, practice-area links",Broad blog migration remains on hold; restore only through controlled lawyer-reviewed batches.
https://chamanlawfirm.com/bankruptcy-and-insolvency-in-nigeria,Bankruptcy And Insolvency In Nigeria,,,general legal education,blog,not confirmed,26,2634,20.31,not available locally,not available locally,not available locally,,not public,none detected,image recovery needed,restore as blog post,/resources/blog/bankruptcy-and-insolvency-in-nigeria,https://chamanlawfirm.com/resources/blog/bankruptcy-and-insolvency-in-nigeria,not checked,image recovery needed,low/medium - editorial and legal review still required,low/medium - compare against existing live content before publication,126,"answer block, FAQs, lawyer CTA, practice-area links",Broad blog migration remains on hold; restore only through controlled lawyer-reviewed batches.
https://chamanlawfirm.com/import-and-export-procedures-in-nigeria,Import And Export Procedures In Nigeria,,,general legal education,blog,not confirmed,18,6568,39.8,not available locally,not available locally,not available locally,,not public,none detected,image recovery needed,restore as blog post,/resources/blog/import-and-export-procedures-in-nigeria,https://chamanlawfirm.com/resources/blog/import-and-export-procedures-in-nigeria,not checked,image recovery needed,low/medium - editorial and legal review still required,low/medium - compare against existing live content before publication,126,"answer block, FAQs, lawyer CTA, practice-area links",Broad blog migration remains on hold; restore only through controlled lawyer-reviewed batches.
https://chamanlawfirm.com/how-to-acquire-citizenship-in-nigeria,How To Acquire Citizenship In Nigeria,How to Acquire Citizenship in Nigeria,"OUR STORY Quality, not quantity We have made quality our habit. It’s not something that we just strive for – we live by this principle every day. HOW TO ACQUIRE CITIZENSHIP IN NIGERIA Citizens and Nigerian Nationality",immigration,blog,approved Sanity post; missing old-url redirect,18,6556,27.65,not available locally,not available locally,not available locally,,approved public,none detected,image and alt present in Sanity,exact redirect to existing live equivalent,/resources/blog/how-to-acquire-citizenship-in-nigeria,https://chamanlawfirm.com/resources/blog/how-to-acquire-citizenship-in-nigeria,included,image and alt present in Sanity,low/medium - editorial and legal review still required,low - already public,126,"answer block, FAQs, lawyer CTA, practice-area links",Broad blog migration remains on hold; restore only through controlled lawyer-reviewed batches.
https://chamanlawfirm.com/real-estate-syndication-and-group-investment-in-nigeria-a-comprehensive-guide,Real Estate Syndication And Group Investment In Nigeria A Comprehensive Guide,,,property/title,blog,not confirmed,11,4054,12.65,not available locally,not available locally,not available locally,,not public,none detected,image recovery needed,restore as blog post,/resources/blog/real-estate-syndication-and-group-investment-in-nigeria-a-comprehensive-guide,https://chamanlawfirm.com/resources/blog/real-estate-syndication-and-group-investment-in-nigeria-a-comprehensive-guide,not checked,image recovery needed,low/medium - editorial and legal review still required,low/medium - compare against existing live content before publication,126,"answer block, FAQs, lawyer CTA, practice-area links",Broad blog migration remains on hold; restore only through controlled lawyer-reviewed batches.
https://chamanlawfirm.com/the-land-use-act-protect-the-environment,The Land Use Act Protect The Environment,How the Land Use Act Relates to Environmental Protection,"How Does the Land Use Act Protect the Environment? The Land Use Act of 1978 is a critical piece of legislation in Nigeria that governs land rights,",property/title,blog,approved Sanity post; missing old-url redirect,6,634,8.57,not available locally,not available locally,not available locally,,approved public,none detected,image and alt present in Sanity,exact redirect to existing live equivalent,/resources/blog/the-land-use-act-protect-the-environment,https://chamanlawfirm.com/resources/blog/the-land-use-act-protect-the-environment,included,image and alt present in Sanity,medium - verify current law and facts before publication,low - already public,126,"answer block, FAQs, lawyer CTA, practice-area links",Broad blog migration remains on hold; restore only through controlled lawyer-reviewed batches.
https://chamanlawfirm.com/rights-of-stateless-persons-in-nigeria,Rights Of Stateless Persons In Nigeria,,,general legal education,blog,not confirmed,16,1374,13.11,not available locally,not available locally,not available locally,,not public,none detected,image recovery needed,restore as blog post,/resources/blog/rights-of-stateless-persons-in-nigeria,https://chamanlawfirm.com/resources/blog/rights-of-stateless-persons-in-nigeria,not checked,image recovery needed,low/medium - editorial and legal review still required,low/medium - compare against existing live content before publication,124,"answer block, FAQs, lawyer CTA, practice-area links",Broad blog migration remains on hold; restore only through controlled lawyer-reviewed batches.
https://chamanlawfirm.com/penalties-for-building-without-approval-chaman,Penalties For Building Without Approval Chaman,,,general legal education,blog,not confirmed,6,364,5.32,not available locally,not available locally,not available locally,,not public,none detected,image recovery needed,restore as blog post,/resources/blog/penalties-for-building-without-approval-chaman,https://chamanlawfirm.com/resources/blog/penalties-for-building-without-approval-chaman,not checked,image recovery needed,low/medium - editorial and legal review still required,low/medium - compare against existing live content before publication,124,"answer block, FAQs, lawyer CTA, practice-area links",Broad blog migration remains on hold; restore only through controlled lawyer-reviewed batches.
https://chamanlawfirm.com/companies-purchasing-properties-companies,Companies Purchasing Properties Companies,,,general legal education,blog,not confirmed,17,824,10.47,not available locally,not available locally,not available locally,,not public,none detected,image recovery needed,restore as blog post,/resources/blog/companies-purchasing-properties-companies,https://chamanlawfirm.com/resources/blog/companies-purchasing-properties-companies,not checked,image recovery needed,low/medium - editorial and legal review still required,low/medium - compare against existing live content before publication,123,"answer block, FAQs, lawyer CTA, practice-area links",Broad blog migration remains on hold; restore only through controlled lawyer-reviewed batches.
https://chamanlawfirm.com/investment-in-ogun-state-chaman-law-firm,Investment In Ogun State Chaman Law Firm,,,general legal education,blog,not confirmed,5,651,8.09,not available locally,not available locally,not available locally,,not public,none detected,image recovery needed,restore as blog post,/resources/blog/investment-in-ogun-state-chaman-law-firm,https://chamanlawfirm.com/resources/blog/investment-in-ogun-state-chaman-law-firm,not checked,image recovery needed,low/medium - editorial and legal review still required,low/medium - compare against existing live content before publication,122,"answer block, FAQs, lawyer CTA, practice-area links",Broad blog migration remains on hold; restore only through controlled lawyer-reviewed batches.
https://chamanlawfirm.com/land-use-act-in-nigeria,Land Use Act In Nigeria,Land Use Act in Nigeria; Powerful Insights: How the Land Use Act Shapes Investment Across Sectors in Nigeria,"Land Use Act Nigeria remains one of the most dynamic economies in sub-Saharan Africa, with vast land resources crucial for stimulating economic growth across sectors such as agriculture, real estate, oil and gas, infrast",property/title,blog,hidden Sanity draft; do not redirect,4,1225,23.07,not available locally,not available locally,not available locally,,not public,hidden/unapproved,image recovery needed,keep hidden pending image/source repair,/resources/blog/land-use-act-in-nigeria,https://chamanlawfirm.com/resources/blog/land-use-act-in-nigeria,not checked,image recovery needed,medium - verify current law and facts before publication,medium - compare hidden draft against public practice/page before approval,122,"answer block, FAQs, lawyer CTA, practice-area links",Broad blog migration remains on hold; restore only through controlled lawyer-reviewed batches.
https://chamanlawfirm.com/effect-of-not-paying-child-support,Effect Of Not Paying Child Support,Effect of Not Paying Child Support in Nigeria,"Introduction EFFECT OF NOT PAYING CHILD CUSTODY The phrase ""child support"" is frequently used in divorce and family court matters. It refers to the regular payments that one parent—typically the non-custodial parent—ma",family law,blog,approved Sanity post; missing old-url redirect,20,2094,5.43,not available locally,not available locally,not available locally,,approved public,none detected,image and alt present in Sanity,exact redirect to existing live equivalent,/resources/blog/effect-of-not-paying-child-support,https://chamanlawfirm.com/resources/blog/effect-of-not-paying-child-support,included,image and alt present in Sanity,high - lawyer review required before publication,low - already public,121,"answer block, FAQs, lawyer CTA, practice-area links",Broad blog migration remains on hold; restore only through controlled lawyer-reviewed batches.
https://chamanlawfirm.com/dispute-resolution-in-nigerian-construction,Dispute Resolution In Nigerian Construction,,,litigation/ADR,blog,not confirmed,16,966,16.8,not available locally,not available locally,not available locally,,not public,none detected,image recovery needed,restore as blog post,/resources/blog/dispute-resolution-in-nigerian-construction,https://chamanlawfirm.com/resources/blog/dispute-resolution-in-nigerian-construction,not checked,image recovery needed,medium - verify current law and facts before publication,low/medium - compare against existing live content before publication,120,"answer block, FAQs, lawyer CTA, practice-area links",Broad blog migration remains on hold; restore only through controlled lawyer-reviewed batches.
https://chamanlawfirm.com/5-essential-steps-for-establishing-legal-paternity-and-maternity,5 Essential Steps For Establishing Legal Paternity And Maternity,,,general legal education,blog,not confirmed,14,2013,15.16,not available locally,not available locally,not available locally,,not public,none detected,image recovery needed,restore as blog post,/resources/blog/5-essential-steps-for-establishing-legal-paternity-and-maternity,https://chamanlawfirm.com/resources/blog/5-essential-steps-for-establishing-legal-paternity-and-maternity,not checked,image recovery needed,low/medium - editorial and legal review still required,low/medium - compare against existing live content before publication,120,"answer block, FAQs, lawyer CTA, practice-area links",Broad blog migration remains on hold; restore only through controlled lawyer-reviewed batches.
https://chamanlawfirm.com/real-estate-contracts,Real Estate Contracts,Powerful Ways for Real Estate Contracts | Chaman Law Firm,"Because real estate contracts transactions usually involve significant financial and legal commitments, it is imperative to comprehend",property/title,blog,approved Sanity post; missing old-url redirect,5,487,7.23,not available locally,not available locally,not available locally,,approved public,none detected,image and alt present in Sanity,exact redirect to existing live equivalent,/resources/blog/real-estate-contracts,https://chamanlawfirm.com/resources/blog/real-estate-contracts,included,image and alt present in Sanity,medium - verify current law and facts before publication,low - already public,120,"answer block, FAQs, lawyer CTA, practice-area links",Broad blog migration remains on hold; restore only through controlled lawyer-reviewed batches.
https://chamanlawfirm.com/obtain-a-certificate-of-occupancy-chaman-law,Obtain A Certificate Of Occupancy Chaman Law,Powerful Steps: Obtain a Certificate of Occupancy / Chaman,"Obtain a Certificate of Occupancy for estate development in Ogun State, including necessary documents, fees, and legal requirements - Chaman",property/title,blog,approved Sanity post; missing old-url redirect,4,1043,8.11,not available locally,not available locally,not available locally,,approved public,none detected,image and alt present in Sanity,exact redirect to existing live equivalent,/resources/blog/obtain-a-certificate-of-occupancy-chaman-law,https://chamanlawfirm.com/resources/blog/obtain-a-certificate-of-occupancy-chaman-law,included,image and alt present in Sanity,low/medium - editorial and legal review still required,low - already public,120,"answer block, FAQs, lawyer CTA, practice-area links",Broad blog migration remains on hold; restore only through controlled lawyer-reviewed batches.
https://chamanlawfirm.com/a-complete-guide-on-how-to-legalize-or-attes,A Complete Guide On How To Legalize Or Attes,,,general legal education,blog,not confirmed,13,2398,18.01,not available locally,not available locally,not available locally,,not public,none detected,image recovery needed,restore as blog post,/resources/blog/a-complete-guide-on-how-to-legalize-or-attes,https://chamanlawfirm.com/resources/blog/a-complete-guide-on-how-to-legalize-or-attes,not checked,image recovery needed,low/medium - editorial and legal review still required,low/medium - compare against existing live content before publication,119,"answer block, FAQs, lawyer CTA, practice-area links",Broad blog migration remains on hold; restore only through controlled lawyer-reviewed batches.
https://chamanlawfirm.com/empowering-safe-construction,Empowering Safe Construction,,,general legal education,blog,not confirmed,11,3449,12.11,not available locally,not available locally,not available locally,,not public,none detected,image recovery needed,restore as blog post,/resources/blog/empowering-safe-construction,https://chamanlawfirm.com/resources/blog/empowering-safe-construction,not checked,image recovery needed,low/medium - editorial and legal review still required,low/medium - compare against existing live content before publication,119,"answer block, FAQs, lawyer CTA, practice-area links",Broad blog migration remains on hold; restore only through controlled lawyer-reviewed batches.
https://chamanlawfirm.com/how-does-the-land-use-act-affect-forest-reserves,How Does The Land Use Act Affect Forest Reserves,How Does The Land Use Act Affect Forest Reserves,"How Does the Land Use Act Affect Forest Reserves? Ownership and management under the control of state governments. Under the Act, all land in a state,",property/title,blog,hidden Sanity draft; do not redirect,5,433,22.45,not available locally,not available locally,not available locally,,not public,hidden/unapproved,image recovery needed,keep hidden pending image/source repair,/resources/blog/how-does-the-land-use-act-affect-forest-reserves,https://chamanlawfirm.com/resources/blog/how-does-the-land-use-act-affect-forest-reserves,not checked,image recovery needed,medium - verify current law and facts before publication,medium - compare hidden draft against public practice/page before approval,119,"answer block, FAQs, lawyer CTA, practice-area links",Broad blog migration remains on hold; restore only through controlled lawyer-reviewed batches.
https://chamanlawfirm.com/legal-bonds-of-marriage-in-nigeria,Legal Bonds Of Marriage In Nigeria,UNIFYING LOVE AND COMMITMENT; UNDERSTANDING THE LEGAL BONDS OF MARRIAGE IN NIGERIA,3 LEGAL BONDS OF MARRIAGE IN NIGERIA; UNIFYING LOVE AND COMMITMENT; UNDERSTANDING THE LEGAL BONDS OF MARRIAGE IN NIGERIA,family law,blog,approved Sanity post; missing old-url redirect,21,7301,16.16,not available locally,not available locally,not available locally,,approved public,none detected,image and alt present in Sanity,exact redirect to existing live equivalent,/resources/blog/legal-bonds-of-marriage-in-nigeria,https://chamanlawfirm.com/resources/blog/legal-bonds-of-marriage-in-nigeria,included,image and alt present in Sanity,high - lawyer review required before publication,low - already public,118,"answer block, FAQs, lawyer CTA, practice-area links",Broad blog migration remains on hold; restore only through controlled lawyer-reviewed batches.
https://chamanlawfirm.com/tips-to-conducting-home-inspections-in-nigeria,Tips To Conducting Home Inspections In Nigeria,,,general legal education,blog,not confirmed,15,1285,11.69,not available locally,not available locally,not available locally,,not public,none detected,image recovery needed,restore as blog post,/resources/blog/tips-to-conducting-home-inspections-in-nigeria,https://chamanlawfirm.com/resources/blog/tips-to-conducting-home-inspections-in-nigeria,not checked,image recovery needed,low/medium - editorial and legal review still required,low/medium - compare against existing live content before publication,118,"answer block, FAQs, lawyer CTA, practice-area links",Broad blog migration remains on hold; restore only through controlled lawyer-reviewed batches.
https://chamanlawfirm.com/commercial-mixed-use-projects-in-nigeria,Commercial Mixed Use Projects In Nigeria,,,general legal education,blog,not confirmed,14,1806,15.36,not available locally,not available locally,not available locally,,not public,none detected,image recovery needed,restore as blog post,/resources/blog/commercial-mixed-use-projects-in-nigeria,https://chamanlawfirm.com/resources/blog/commercial-mixed-use-projects-in-nigeria,not checked,image recovery needed,low/medium - editorial and legal review still required,low/medium - compare against existing live content before publication,118,"answer block, FAQs, lawyer CTA, practice-area links",Broad blog migration remains on hold; restore only through controlled lawyer-reviewed batches.
https://chamanlawfirm.com/3-proven-steps-on-how-to-rolve-land-disputes,3 Proven Steps On How To Rolve Land Disputes,How to Resolve Land Disputes in Nigeria,"Learn practical, lawful steps for resolving land disputes in Nigeria, including document review, negotiation, evidence preservation, and legal consultation.",property/title,blog,approved Sanity post; missing old-url redirect,5,251,8.2,not available locally,not available locally,not available locally,,approved public,none detected,image and alt present in Sanity,exact redirect to existing live equivalent,/resources/blog/3-proven-steps-on-how-to-rolve-land-disputes,https://chamanlawfirm.com/resources/blog/3-proven-steps-on-how-to-rolve-land-disputes,included,image and alt present in Sanity,medium - verify current law and facts before publication,low - already public,118,"answer block, FAQs, lawyer CTA, practice-area links",Broad blog migration remains on hold; restore only through controlled lawyer-reviewed batches.
https://chamanlawfirm.com/what-documents-should-i-check-before-purchasing-land-in-ogun-state,What Documents Should I Check Before Purchasing Land In Ogun State,,,property/title,blog,not confirmed,5,199,8.17,not available locally,not available locally,not available locally,,not public,none detected,image recovery needed,restore as blog post,/resources/blog/what-documents-should-i-check-before-purchasing-land-in-ogun-state,https://chamanlawfirm.com/resources/blog/what-documents-should-i-check-before-purchasing-land-in-ogun-state,not checked,image recovery needed,medium - verify current law and facts before publication,low/medium - compare against existing live content before publication,117,"answer block, FAQs, lawyer CTA, practice-area links",Broad blog migration remains on hold; restore only through controlled lawyer-reviewed batches.
https://chamanlawfirm.com/legal-expert-ondrug-offenses,Legal Expert Ondrug Offenses,,,general legal education,blog,not confirmed,15,1057,16.71,not available locally,not available locally,not available locally,,not public,none detected,image recovery needed,restore as blog post,/resources/blog/legal-expert-ondrug-offenses,https://chamanlawfirm.com/resources/blog/legal-expert-ondrug-offenses,not checked,image recovery needed,low/medium - editorial and legal review still required,low/medium - compare against existing live content before publication,116,"answer block, FAQs, lawyer CTA, practice-area links",Broad blog migration remains on hold; restore only through controlled lawyer-reviewed batches.
https://chamanlawfirm.com/legal-steps-to-perfecting-title-documents,Legal Steps To Perfecting Title Documents,Powerful Ways to Perfecting Title Documents,Perfecting title documents is an indispensable process for securing property ownership in Nigeria. It is the legal mechanism through which your......,property/title,blog,approved Sanity post; missing old-url redirect,13,2082,11.48,not available locally,not available locally,not available locally,,approved public,none detected,image and alt present in Sanity,exact redirect to existing live equivalent,/resources/blog/legal-steps-to-perfecting-title-documents,https://chamanlawfirm.com/resources/blog/legal-steps-to-perfecting-title-documents,included,image and alt present in Sanity,low/medium - editorial and legal review still required,low - already public,116,"answer block, FAQs, lawyer CTA, practice-area links",Broad blog migration remains on hold; restore only through controlled lawyer-reviewed batches.
https://chamanlawfirm.com/category/top-law-firm-blog/page/2,2,,,general legal education,blog,not confirmed,5,18,8,not available locally,not available locally,not available locally,,not public,none detected,image recovery needed,restore as blog post,/resources/blog/2,https://chamanlawfirm.com/resources/blog/2,not checked,image recovery needed,low/medium - editorial and legal review still required,low/medium - compare against existing live content before publication,115,"answer block, FAQs, lawyer CTA, practice-area links",Broad blog migration remains on hold; restore only through controlled lawyer-reviewed batches.
https://chamanlawfirm.com/how-to-register-a-tech-company-in-nigeria,How To Register A Tech Company In Nigeria,How to Register a Tech Company in Nigeria,"To register a tech company in Nigeria, you'll need to follow the steps outlined below: 1. Choose a business name: Select a unique and appropriate name for your tech company. Ensure that the name reflects your business",corporate/commercial,blog,approved Sanity post; missing old-url redirect,22,3344,37.02,not available locally,not available locally,not available locally,,approved public,none detected,image and alt present in Sanity,exact redirect to existing live equivalent,/resources/blog/how-to-register-a-tech-company-in-nigeria,https://chamanlawfirm.com/resources/blog/how-to-register-a-tech-company-in-nigeria,included,image and alt present in Sanity,low/medium - editorial and legal review still required,low - already public,113,"answer block, FAQs, lawyer CTA, practice-area links",Broad blog migration remains on hold; restore only through controlled lawyer-reviewed batches.
https://chamanlawfirm.com/understanding-the-land-use-act-in-nigeria,Understanding The Land Use Act In Nigeria,Understanding the Land Use Act in Nigeria,"The Land Use Act of 1978 is a pivotal piece of legislation that shapes property ownership and management in Nigeria. It aims to simplify land transactions, ensure equitable access, and promote economic development. How",property/title,blog,approved Sanity post; missing old-url redirect,22,3271,25.21,not available locally,not available locally,not available locally,,approved public,none detected,image and alt present in Sanity,exact redirect to existing live equivalent,/resources/blog/understanding-the-land-use-act-in-nigeria,https://chamanlawfirm.com/resources/blog/understanding-the-land-use-act-in-nigeria,included,image and alt present in Sanity,medium - verify current law and facts before publication,low - already public,113,"answer block, FAQs, lawyer CTA, practice-area links",Broad blog migration remains on hold; restore only through controlled lawyer-reviewed batches.
https://chamanlawfirm.com/modular-construction-in-nigeria,Modular Construction In Nigeria,,,general legal education,blog,not confirmed,14,1260,18.44,not available locally,not available locally,not available locally,,not public,none detected,image recovery needed,restore as blog post,/resources/blog/modular-construction-in-nigeria,https://chamanlawfirm.com/resources/blog/modular-construction-in-nigeria,not checked,image recovery needed,low/medium - editorial and legal review still required,low/medium - compare against existing live content before publication,113,"answer block, FAQs, lawyer CTA, practice-area links",Broad blog migration remains on hold; restore only through controlled lawyer-reviewed batches.
https://chamanlawfirm.com/how-does-the-land-use-act-affect-land-title,How Does The Land Use Act Affect Land Title,Powerful Steps: How Does the Land Use Act Affect Land Title,How Does the Land Use Act Affect Land Titleregistration for commercial properties. Know key legal insights for securing your property rights,property/title,blog,approved Sanity post; missing old-url redirect,13,1804,13.09,not available locally,not available locally,not available locally,,approved public,none detected,image and alt present in Sanity,exact redirect to existing live equivalent,/resources/blog/how-does-the-land-use-act-affect-land-title,https://chamanlawfirm.com/resources/blog/how-does-the-land-use-act-affect-land-title,included,image and alt present in Sanity,medium - verify current law and facts before publication,low - already public,113,"answer block, FAQs, lawyer CTA, practice-area links",Broad blog migration remains on hold; restore only through controlled lawyer-reviewed batches.
https://chamanlawfirm.com/public-complaint-commission-in-nigeria,Public Complaint Commission In Nigeria,,,general legal education,blog,not confirmed,13,1774,17.54,not available locally,not available locally,not available locally,,not public,none detected,image recovery needed,restore as blog post,/resources/blog/public-complaint-commission-in-nigeria,https://chamanlawfirm.com/resources/blog/public-complaint-commission-in-nigeria,not checked,image recovery needed,low/medium - editorial and legal review still required,low/medium - compare against existing live content before publication,113,"answer block, FAQs, lawyer CTA, practice-area links",Broad blog migration remains on hold; restore only through controlled lawyer-reviewed batches.
https://chamanlawfirm.com/challenges-of-urbanization-in-nigerian,Challenges Of Urbanization In Nigerian,,,general legal education,blog,not confirmed,20,4153,24.15,not available locally,not available locally,not available locally,,not public,none detected,image recovery needed,restore as blog post,/resources/blog/challenges-of-urbanization-in-nigerian,https://chamanlawfirm.com/resources/blog/challenges-of-urbanization-in-nigerian,not checked,image recovery needed,low/medium - editorial and legal review still required,low/medium - compare against existing live content before publication,112,"answer block, FAQs, lawyer CTA, practice-area links",Broad blog migration remains on hold; restore only through controlled lawyer-reviewed batches.
https://chamanlawfirm.com/ejectment-vs-eviction-tenants,Ejectment Vs Eviction Tenants,Ejectment Vs Eviction Tenants,Eviction vs. Ejectment: The Costly Legal Mistakes Landlords and Tenants Must Avoid,property/title,blog,hidden Sanity draft; do not redirect,15,3698,32.97,not available locally,not available locally,not available locally,,not public,hidden/unapproved,image recovery needed,keep hidden pending legal review,/resources/blog/ejectment-vs-eviction-tenants,https://chamanlawfirm.com/resources/blog/ejectment-vs-eviction-tenants,not checked,image recovery needed,high - lawyer review required before publication,medium - compare hidden draft against public practice/page before approval,112,"answer block, FAQs, lawyer CTA, practice-area links",Broad blog migration remains on hold; restore only through controlled lawyer-reviewed batches.
https://chamanlawfirm.com/child-education-and-religious-upbringing,Child Education And Religious Upbringing,Child Education And Religious Upbringing; Crucial Challenge: Proven Ways In Resolving Disputes Over Child Education and Religion in Nigeria,"Child Education And Religious Upbringing The best interests of the child must remain the focal point of any resolution in such cases. This guiding principle, as entrenched...",family law,blog,hidden Sanity draft; do not redirect,9,694,19.27,not available locally,not available locally,not available locally,,not public,hidden/unapproved,image recovery needed,keep hidden pending legal review,/resources/blog/child-education-and-religious-upbringing,https://chamanlawfirm.com/resources/blog/child-education-and-religious-upbringing,not checked,image recovery needed,high - lawyer review required before publication,medium - compare hidden draft against public practice/page before approval,112,"answer block, FAQs, lawyer CTA, practice-area links",Broad blog migration remains on hold; restore only through controlled lawyer-reviewed batches.
https://chamanlawfirm.com/procedure-by-the-nigeria-customs-service,Procedure By The Nigeria Customs Service,,,general legal education,blog,not confirmed,9,3608,15.07,not available locally,not available locally,not available locally,,not public,none detected,image recovery needed,restore as blog post,/resources/blog/procedure-by-the-nigeria-customs-service,https://chamanlawfirm.com/resources/blog/procedure-by-the-nigeria-customs-service,not checked,image recovery needed,low/medium - editorial and legal review still required,low/medium - compare against existing live content before publication,111,"answer block, FAQs, lawyer CTA, practice-area links",Broad blog migration remains on hold; restore only through controlled lawyer-reviewed batches.
https://chamanlawfirm.com/lagos-property-succession-without-a-will,Lagos Property Succession Without A Will,Powerful Steps: Lagos Property Succession Without a Will,"Lagos Property Succession Without a Will - Learn about the inheritance laws, family rights and how laws determine who gets your property",property/title,blog,approved Sanity post; missing old-url redirect,20,989,5.57,not available locally,not available locally,not available locally,,approved public,none detected,image and alt present in Sanity,exact redirect to existing live equivalent,/resources/blog/lagos-property-succession-without-a-will,https://chamanlawfirm.com/resources/blog/lagos-property-succession-without-a-will,included,image and alt present in Sanity,high - lawyer review required before publication,low - already public,110,"answer block, FAQs, lawyer CTA, practice-area links",Broad blog migration remains on hold; restore only through controlled lawyer-reviewed batches.
https://chamanlawfirm.com/renovation-and-restoration-projects-in-nigeria,Renovation And Restoration Projects In Nigeria,,,general legal education,blog,not confirmed,14,1004,17.53,not available locally,not available locally,not available locally,,not public,none detected,image recovery needed,restore as blog post,/resources/blog/renovation-and-restoration-projects-in-nigeria,https://chamanlawfirm.com/resources/blog/renovation-and-restoration-projects-in-nigeria,not checked,image recovery needed,low/medium - editorial and legal review still required,low/medium - compare against existing live content before publication,110,"answer block, FAQs, lawyer CTA, practice-area links",Broad blog migration remains on hold; restore only through controlled lawyer-reviewed batches.
https://chamanlawfirm.com/online-payment-system-legal-aspects,Online Payment System Legal Aspects,,,general legal education,blog,not confirmed,23,2365,25.92,not available locally,not available locally,not available locally,,not public,none detected,image recovery needed,restore as blog post,/resources/blog/online-payment-system-legal-aspects,https://chamanlawfirm.com/resources/blog/online-payment-system-legal-aspects,not checked,image recovery needed,low/medium - editorial and legal review still required,low/medium - compare against existing live content before publication,109,"answer block, FAQs, lawyer CTA, practice-area links",Broad blog migration remains on hold; restore only through controlled lawyer-reviewed batches.
https://chamanlawfirm.com/contract-of-sale-of-land-and-what-it-takes,Contract Of Sale Of Land And What It Takes,Contract of Sale of Land in Nigeria,Introduction CONTRACT OF SALE OF LAND AND WHAT IT TAKES One of the few assets that can bring in money for its owners without the owners needing to do any labor themselves is land. Landed property appreciates on its own,property/title,blog,approved Sanity post; missing old-url redirect,13,1281,15.62,not available locally,not available locally,not available locally,,approved public,none detected,image and alt present in Sanity,exact redirect to existing live equivalent,/resources/blog/contract-of-sale-of-land-and-what-it-takes,https://chamanlawfirm.com/resources/blog/contract-of-sale-of-land-and-what-it-takes,included,image and alt present in Sanity,medium - verify current law and facts before publication,low - already public,108,"answer block, FAQs, lawyer CTA, practice-area links",Broad blog migration remains on hold; restore only through controlled lawyer-reviewed batches.
https://chamanlawfirm.com/peaceful-assembly-and-association,Peaceful Assembly And Association,,,general legal education,blog,not confirmed,18,4662,25.37,not available locally,not available locally,not available locally,,not public,none detected,image recovery needed,restore as blog post,/resources/blog/peaceful-assembly-and-association,https://chamanlawfirm.com/resources/blog/peaceful-assembly-and-association,not checked,image recovery needed,low/medium - editorial and legal review still required,low/medium - compare against existing live content before publication,107,"answer block, FAQs, lawyer CTA, practice-area links",Broad blog migration remains on hold; restore only through controlled lawyer-reviewed batches.
https://chamanlawfirm.com/role-of-the-judiciary-in-nigerian-democracy,Role Of The Judiciary In Nigerian Democracy,,,litigation/ADR,blog,not confirmed,15,235,12.86,not available locally,not available locally,not available locally,,not public,none detected,image recovery needed,restore as blog post,/resources/blog/role-of-the-judiciary-in-nigerian-democracy,https://chamanlawfirm.com/resources/blog/role-of-the-judiciary-in-nigerian-democracy,not checked,image recovery needed,low/medium - editorial and legal review still required,low/medium - compare against existing live content before publication,107,"answer block, FAQs, lawyer CTA, practice-area links",Broad blog migration remains on hold; restore only through controlled lawyer-reviewed batches.
https://chamanlawfirm.com/the-land-use-act-on-real-estate-transactions,The Land Use Act On Real Estate Transactions,,,property/title,blog,not confirmed,11,2235,18.49,not available locally,not available locally,not available locally,,not public,none detected,image recovery needed,restore as blog post,/resources/blog/the-land-use-act-on-real-estate-transactions,https://chamanlawfirm.com/resources/blog/the-land-use-act-on-real-estate-transactions,not checked,image recovery needed,medium - verify current law and facts before publication,low/medium - compare against existing live content before publication,107,"answer block, FAQs, lawyer CTA, practice-area links",Broad blog migration remains on hold; restore only through controlled lawyer-reviewed batches.
https://chamanlawfirm.com/environmental-law-and-climate-change,Environmental Law And Climate Change,,,general legal education,blog,not confirmed,22,2562,44.63,not available locally,not available locally,not available locally,,not public,none detected,image recovery needed,restore as blog post,/resources/blog/environmental-law-and-climate-change,https://chamanlawfirm.com/resources/blog/environmental-law-and-climate-change,not checked,image recovery needed,low/medium - editorial and legal review still required,low/medium - compare against existing live content before publication,106,"answer block, FAQs, lawyer CTA, practice-area links",Broad blog migration remains on hold; restore only through controlled lawyer-reviewed batches.
https://chamanlawfirm.com/performance-bonds-and-guarantees,Performance Bonds And Guarantees,,,general legal education,blog,not confirmed,21,3131,33.54,not available locally,not available locally,not available locally,,not public,none detected,image recovery needed,restore as blog post,/resources/blog/performance-bonds-and-guarantees,https://chamanlawfirm.com/resources/blog/performance-bonds-and-guarantees,not checked,image recovery needed,low/medium - editorial and legal review still required,low/medium - compare against existing live content before publication,106,"answer block, FAQs, lawyer CTA, practice-area links",Broad blog migration remains on hold; restore only through controlled lawyer-reviewed batches.
https://chamanlawfirm.com/foreign-wills-and-lagos-property-what-to-know,Foreign Wills And Lagos Property What To Know,Powerful Steps: Foreign Wills and Lagos Property,"Foreign Wills and Lagos Property - procedures, requirements, the steps beneficiaries must follow to validate / enforce an overseas will in Lagos.",property/title,blog,approved Sanity post; missing old-url redirect,20,648,6.72,not available locally,not available locally,not available locally,,approved public,none detected,image and alt present in Sanity,exact redirect to existing live equivalent,/resources/blog/foreign-wills-and-lagos-property-what-to-know,https://chamanlawfirm.com/resources/blog/foreign-wills-and-lagos-property-what-to-know,included,image and alt present in Sanity,high - lawyer review required before publication,low - already public,106,"answer block, FAQs, lawyer CTA, practice-area links",Broad blog migration remains on hold; restore only through controlled lawyer-reviewed batches.
https://chamanlawfirm.com/lekki-property-when-owner-dies-without-will,Lekki Property When Owner Dies Without Will,Powerful Steps: Lekki Property When Owner Dies Without Will,Learn what happens to Lekki property when owner dies without will. Chaman Law Firm provides expert legal advice on inheritance matters.,property/title,blog,approved Sanity post; missing old-url redirect,7,1121,2.06,not available locally,possible high-ranking candidate; no local featured-snippet export,not available locally,,approved public,none detected,image and alt present in Sanity,exact redirect to existing live equivalent,/resources/blog/lekki-property-when-owner-dies-without-will,https://chamanlawfirm.com/resources/blog/lekki-property-when-owner-dies-without-will,included,image and alt present in Sanity,high - lawyer review required before publication,low - already public,106,"answer block, FAQs, lawyer CTA, practice-area links",Broad blog migration remains on hold; restore only through controlled lawyer-reviewed batches.
https://chamanlawfirm.com/challenge-a-fraudulent-probate-application,Challenge A Fraudulent Probate Application,Challenge a Fraudulent Probate Application | Chaman Law Firm,Learn general legal steps for challenging suspected fraudulent probate applications in Nigeria and protecting estate or inheritance interests.,probate/estate,blog,approved Sanity post; missing old-url redirect,7,1107,4.68,not available locally,not available locally,not available locally,,approved public,none detected,image and alt present in Sanity,exact redirect to existing live equivalent,/resources/blog/challenge-a-fraudulent-probate-application,https://chamanlawfirm.com/resources/blog/challenge-a-fraudulent-probate-application,included,image and alt present in Sanity,high - lawyer review required before publication,low - already public,106,"answer block, FAQs, lawyer CTA, practice-area links",Broad blog migration remains on hold; restore only through controlled lawyer-reviewed batches.
https://chamanlawfirm.com/3-cybersecurity-laws-and-regulations-in-nig,3 Cybersecurity Laws And Regulations In Nig,,,general legal education,blog,not confirmed,22,2546,25.13,not available locally,not available locally,not available locally,,not public,none detected,image recovery needed,restore as blog post,/resources/blog/3-cybersecurity-laws-and-regulations-in-nig,https://chamanlawfirm.com/resources/blog/3-cybersecurity-laws-and-regulations-in-nig,not checked,image recovery needed,low/medium - editorial and legal review still required,low/medium - compare against existing live content before publication,105,"answer block, FAQs, lawyer CTA, practice-area links",Broad blog migration remains on hold; restore only through controlled lawyer-reviewed batches.
https://chamanlawfirm.com/environmental-and-zoning-regulations,Environmental And Zoning Regulations,,,general legal education,blog,not confirmed,10,2471,19,not available locally,not available locally,not available locally,,not public,none detected,image recovery needed,restore as blog post,/resources/blog/environmental-and-zoning-regulations,https://chamanlawfirm.com/resources/blog/environmental-and-zoning-regulations,not checked,image recovery needed,low/medium - editorial and legal review still required,low/medium - compare against existing live content before publication,105,"answer block, FAQs, lawyer CTA, practice-area links",Broad blog migration remains on hold; restore only through controlled lawyer-reviewed batches.
https://chamanlawfirm.com/criteria-for-patent-in-nigeria,Criteria For Patent In Nigeria,Criteria for Patent Protection in Nigeria,"CRITERIA FOR PATENT IN NIGERIA, A patent is a government authority or license transferring an exclusive right or title for an invention for a",general legal education,blog,approved Sanity post; missing old-url redirect,24,1401,25.72,not available locally,not available locally,not available locally,,approved public,none detected,image and alt present in Sanity,exact redirect to existing live equivalent,/resources/blog/criteria-for-patent-in-nigeria,https://chamanlawfirm.com/resources/blog/criteria-for-patent-in-nigeria,included,image and alt present in Sanity,low/medium - editorial and legal review still required,low - already public,104,"answer block, FAQs, lawyer CTA, practice-area links",Broad blog migration remains on hold; restore only through controlled lawyer-reviewed batches.
https://chamanlawfirm.com/railway-and-transit-construction,Railway And Transit Construction,,,general legal education,blog,not confirmed,21,2769,28.28,not available locally,not available locally,not available locally,,not public,none detected,image recovery needed,restore as blog post,/resources/blog/railway-and-transit-construction,https://chamanlawfirm.com/resources/blog/railway-and-transit-construction,not checked,image recovery needed,low/medium - editorial and legal review still required,low/medium - compare against existing live content before publication,103,"answer block, FAQs, lawyer CTA, practice-area links",Broad blog migration remains on hold; restore only through controlled lawyer-reviewed batches.
https://chamanlawfirm.com/mastering-commercial-dispute-resolution,Mastering Commercial Dispute Resolution,,,litigation/ADR,blog,not confirmed,13,763,17.13,not available locally,not available locally,not available locally,,not public,none detected,image recovery needed,restore as blog post,/resources/blog/mastering-commercial-dispute-resolution,https://chamanlawfirm.com/resources/blog/mastering-commercial-dispute-resolution,not checked,image recovery needed,medium - verify current law and facts before publication,low/medium - compare against existing live content before publication,103,"answer block, FAQs, lawyer CTA, practice-area links",Broad blog migration remains on hold; restore only through controlled lawyer-reviewed batches.
https://chamanlawfirm.com/assault-and-battery-chaman-law-firm,Assault And Battery Chaman Law Firm,,,general legal education,blog,not confirmed,11,1700,11.74,not available locally,not available locally,not available locally,,not public,none detected,image recovery needed,restore as blog post,/resources/blog/assault-and-battery-chaman-law-firm,https://chamanlawfirm.com/resources/blog/assault-and-battery-chaman-law-firm,not checked,image recovery needed,low/medium - editorial and legal review still required,low/medium - compare against existing live content before publication,102,"answer block, FAQs, lawyer CTA, practice-area links",Broad blog migration remains on hold; restore only through controlled lawyer-reviewed batches.
https://chamanlawfirm.com/the-concept-of-alimony-law,The Concept Of Alimony Law,,,general legal education,blog,not confirmed,16,5132,21.82,not available locally,not available locally,not available locally,,not public,none detected,image recovery needed,restore as blog post,/resources/blog/the-concept-of-alimony-law,https://chamanlawfirm.com/resources/blog/the-concept-of-alimony-law,not checked,image recovery needed,low/medium - editorial and legal review still required,low/medium - compare against existing live content before publication,101,"answer block, FAQs, lawyer CTA, practice-area links",Broad blog migration remains on hold; restore only through controlled lawyer-reviewed batches.
https://chamanlawfirm.com/necessary-document-to-prepare-upon-relocation,Necessary Document To Prepare Upon Relocation,,,notary/documentation,blog,not confirmed,12,1138,12.14,not available locally,not available locally,not available locally,,not public,none detected,image recovery needed,restore as blog post,/resources/blog/necessary-document-to-prepare-upon-relocation,https://chamanlawfirm.com/resources/blog/necessary-document-to-prepare-upon-relocation,not checked,image recovery needed,low/medium - editorial and legal review still required,low/medium - compare against existing live content before publication,101,"answer block, FAQs, lawyer CTA, practice-area links",Broad blog migration remains on hold; restore only through controlled lawyer-reviewed batches.
https://chamanlawfirm.com/requirements-for-foreign-participation-in,Requirements For Foreign Participation In,,,general legal education,blog,not confirmed,11,1640,17.74,not available locally,not available locally,not available locally,,not public,none detected,image recovery needed,restore as blog post,/resources/blog/requirements-for-foreign-participation-in,https://chamanlawfirm.com/resources/blog/requirements-for-foreign-participation-in,not checked,image recovery needed,low/medium - editorial and legal review still required,low/medium - compare against existing live content before publication,101,"answer block, FAQs, lawyer CTA, practice-area links",Broad blog migration remains on hold; restore only through controlled lawyer-reviewed batches.
https://chamanlawfirm.com/proven-steps-on-student-loan-act-in-nigeria,Proven Steps On Student Loan Act In Nigeria,,,general legal education,blog,not confirmed,10,8093,43.05,not available locally,not available locally,not available locally,,not public,none detected,image recovery needed,restore as blog post,/resources/blog/proven-steps-on-student-loan-act-in-nigeria,https://chamanlawfirm.com/resources/blog/proven-steps-on-student-loan-act-in-nigeria,not checked,image recovery needed,low/medium - editorial and legal review still required,low/medium - compare against existing live content before publication,101,"answer block, FAQs, lawyer CTA, practice-area links",Broad blog migration remains on hold; restore only through controlled lawyer-reviewed batches.
https://chamanlawfirm.com/solution-to-building-collapse-incidences,Solution To Building Collapse Incidences,,,general legal education,blog,not confirmed,10,2143,17.08,not available locally,not available locally,not available locally,,not public,none detected,image recovery needed,restore as blog post,/resources/blog/solution-to-building-collapse-incidences,https://chamanlawfirm.com/resources/blog/solution-to-building-collapse-incidences,not checked,image recovery needed,low/medium - editorial and legal review still required,low/medium - compare against existing live content before publication,101,"answer block, FAQs, lawyer CTA, practice-area links",Broad blog migration remains on hold; restore only through controlled lawyer-reviewed batches.
https://chamanlawfirm.com/division-in-divorce-proceedings,Division In Divorce Proceedings,Division of Property in Divorce Proceedings in Nigeria,"Divorce is a complex process, and one of the most contentious aspects often involves the division of property. In Nigeria, property division during divorce proceedings can be particularly intricate due to varying laws,",family law,blog,approved Sanity post; missing old-url redirect,25,3451,13.04,not available locally,not available locally,not available locally,,approved public,none detected,image and alt present in Sanity,exact redirect to existing live equivalent,/resources/blog/division-in-divorce-proceedings,https://chamanlawfirm.com/resources/blog/division-in-divorce-proceedings,included,image and alt present in Sanity,high - lawyer review required before publication,low - already public,100,"answer block, FAQs, lawyer CTA, practice-area links",Broad blog migration remains on hold; restore only through controlled lawyer-reviewed batches.
https://chamanlawfirm.com/solar-energy-projects,Solar Energy Projects,,,general legal education,blog,not confirmed,23,1524,25.36,not available locally,not available locally,not available locally,,not public,none detected,image recovery needed,restore as blog post,/resources/blog/solar-energy-projects,https://chamanlawfirm.com/resources/blog/solar-energy-projects,not checked,image recovery needed,low/medium - editorial and legal review still required,low/medium - compare against existing live content before publication,100,"answer block, FAQs, lawyer CTA, practice-area links",Broad blog migration remains on hold; restore only through controlled lawyer-reviewed batches.
https://chamanlawfirm.com/telecom-infrastructure-projects-in-nigeria,Telecom Infrastructure Projects In Nigeria,,,general legal education,blog,not confirmed,22,1967,25.65,not available locally,not available locally,not available locally,,not public,none detected,image recovery needed,restore as blog post,/resources/blog/telecom-infrastructure-projects-in-nigeria,https://chamanlawfirm.com/resources/blog/telecom-infrastructure-projects-in-nigeria,not checked,image recovery needed,low/medium - editorial and legal review still required,low/medium - compare against existing live content before publication,100,"answer block, FAQs, lawyer CTA, practice-area links",Broad blog migration remains on hold; restore only through controlled lawyer-reviewed batches.
https://chamanlawfirm.com/strategies-to-protect-your-real-estate,Strategies To Protect Your Real Estate,,,property/title,blog,not confirmed,12,1037,19.36,not available locally,not available locally,not available locally,,not public,none detected,image recovery needed,restore as blog post,/resources/blog/strategies-to-protect-your-real-estate,https://chamanlawfirm.com/resources/blog/strategies-to-protect-your-real-estate,not checked,image recovery needed,low/medium - editorial and legal review still required,low/medium - compare against existing live content before publication,100,"answer block, FAQs, lawyer CTA, practice-area links",Broad blog migration remains on hold; restore only through controlled lawyer-reviewed batches.
https://chamanlawfirm.com/how-do-i-legally-acquire-a-mansion-in-pinnock,How Do I Legally Acquire A Mansion In Pinnock,,,general legal education,blog,not confirmed,6,1042,4.52,not available locally,not available locally,not available locally,,not public,none detected,image recovery needed,reject/archive,/resources/blog/how-do-i-legally-acquire-a-mansion-in-pinnock,https://chamanlawfirm.com/resources/blog/how-do-i-legally-acquire-a-mansion-in-pinnock,not checked,image recovery needed,blocked - off-brand/spam/luxury signal,low/medium - compare against existing live content before publication,100,"answer block, FAQs, lawyer CTA, practice-area links",Broad blog migration remains on hold; restore only through controlled lawyer-reviewed batches.
https://chamanlawfirm.com/what-is-community-land-in-nigeria-and-how-is-it-understood,What Is Community Land In Nigeria And How Is It Understood,,,property/title,blog,not confirmed,13,440,13.64,not available locally,not available locally,not available locally,,not public,none detected,image recovery needed,restore as blog post,/resources/blog/what-is-community-land-in-nigeria-and-how-is-it-understood,https://chamanlawfirm.com/resources/blog/what-is-community-land-in-nigeria-and-how-is-it-understood,not checked,image recovery needed,medium - verify current law and facts before publication,low/medium - compare against existing live content before publication,99,"answer block, FAQs, lawyer CTA, practice-area links",Broad blog migration remains on hold; restore only through controlled lawyer-reviewed batches.
https://chamanlawfirm.com/legal-rights-of-online-consumers,Legal Rights Of Online Consumers,,,general legal education,blog,not confirmed,11,1355,15.59,not available locally,not available locally,not available locally,,not public,none detected,image recovery needed,restore as blog post,/resources/blog/legal-rights-of-online-consumers,https://chamanlawfirm.com/resources/blog/legal-rights-of-online-consumers,not checked,image recovery needed,low/medium - editorial and legal review still required,low/medium - compare against existing live content before publication,99,"answer block, FAQs, lawyer CTA, practice-area links",Broad blog migration remains on hold; restore only through controlled lawyer-reviewed batches.
https://chamanlawfirm.com/child-custody-and-visitations-emergencies,Child Custody And Visitations Emergencies,Child Custody And Visitations Emergencies; Crucial Challenges and Hopeful Solutions in Child Custody During Emergencies in Nigeria,Child Custody And Visitations Emergencies,family law,blog,hidden Sanity draft; do not redirect,5,1442,17.23,not available locally,not available locally,not available locally,,not public,hidden/unapproved,image recovery needed,keep hidden pending legal review,/resources/blog/child-custody-and-visitations-emergencies,https://chamanlawfirm.com/resources/blog/child-custody-and-visitations-emergencies,not checked,image recovery needed,high - lawyer review required before publication,medium - compare hidden draft against public practice/page before approval,99,"answer block, FAQs, lawyer CTA, practice-area links",Broad blog migration remains on hold; restore only through controlled lawyer-reviewed batches.
https://chamanlawfirm.com/of-role-of-alternative-disputes-in-nigeria,Of Role Of Alternative Disputes In Nigeria,,,litigation/ADR,blog,not confirmed,24,804,23.79,not available locally,not available locally,not available locally,,not public,none detected,image recovery needed,restore as blog post,/resources/blog/of-role-of-alternative-disputes-in-nigeria,https://chamanlawfirm.com/resources/blog/of-role-of-alternative-disputes-in-nigeria,not checked,image recovery needed,medium - verify current law and facts before publication,low/medium - compare against existing live content before publication,98,"answer block, FAQs, lawyer CTA, practice-area links",Broad blog migration remains on hold; restore only through controlled lawyer-reviewed batches.
https://chamanlawfirm.com/effects-of-exchange-of-contract,Effects Of Exchange Of Contract,Effects of Exchange of Contract in Property Transactions,"EFFECTS OF EXCHANGE OF CONTRACT, Exchange of Contract is the procedure by which a contract is made binding on the parties...",corporate/commercial,blog,approved Sanity post; missing old-url redirect,13,284,14.08,not available locally,not available locally,not available locally,,approved public,none detected,image and alt present in Sanity,exact redirect to existing live equivalent,/resources/blog/effects-of-exchange-of-contract,https://chamanlawfirm.com/resources/blog/effects-of-exchange-of-contract,included,image and alt present in Sanity,medium - verify current law and facts before publication,low - already public,98,"answer block, FAQs, lawyer CTA, practice-area links",Broad blog migration remains on hold; restore only through controlled lawyer-reviewed batches.
https://chamanlawfirm.com/boundary-disputes-and-encroachments,Boundary Disputes And Encroachments,,,litigation/ADR,blog,not confirmed,10,1773,13.5,not available locally,not available locally,not available locally,,not public,none detected,image recovery needed,restore as blog post,/resources/blog/boundary-disputes-and-encroachments,https://chamanlawfirm.com/resources/blog/boundary-disputes-and-encroachments,not checked,image recovery needed,medium - verify current law and facts before publication,low/medium - compare against existing live content before publication,98,"answer block, FAQs, lawyer CTA, practice-area links",Broad blog migration remains on hold; restore only through controlled lawyer-reviewed batches.
https://chamanlawfirm.com/religious-institutions,Religious Institutions,,,general legal education,blog,not confirmed,10,1688,15.71,not available locally,not available locally,not available locally,,not public,none detected,image recovery needed,restore as blog post,/resources/blog/religious-institutions,https://chamanlawfirm.com/resources/blog/religious-institutions,not checked,image recovery needed,low/medium - editorial and legal review still required,low/medium - compare against existing live content before publication,97,"answer block, FAQs, lawyer CTA, practice-area links",Broad blog migration remains on hold; restore only through controlled lawyer-reviewed batches.
https://chamanlawfirm.com/ip-real-estate-development-the-role-of,Ip Real Estate Development The Role Of,,,property/title,blog,not confirmed,12,558,17.3,not available locally,not available locally,not available locally,,not public,none detected,image recovery needed,restore as blog post,/resources/blog/ip-real-estate-development-the-role-of,https://chamanlawfirm.com/resources/blog/ip-real-estate-development-the-role-of,not checked,image recovery needed,low/medium - editorial and legal review still required,low/medium - compare against existing live content before publication,96,"answer block, FAQs, lawyer CTA, practice-area links",Broad blog migration remains on hold; restore only through controlled lawyer-reviewed batches.
https://chamanlawfirm.com/family-law-issues-for-expatriate-families,Family Law Issues For Expatriate Families,Family Law Issues For Expatriate Families; Powerful Guide: Resolving Complex Family Law Issues for Expatriates in Nigeria,"Family Law Issues For Expatriate Families Expatriate families living in Nigeria face unique challenges when it comes to navigating family law issues. From marriage and...,",family law,blog,approved Sanity post; missing old-url redirect,11,1139,16.52,not available locally,not available locally,not available locally,,approved public,none detected,image and alt present in Sanity,exact redirect to existing live equivalent,/resources/blog/family-law-issues-for-expatriate-families,https://chamanlawfirm.com/resources/blog/family-law-issues-for-expatriate-families,included,image and alt present in Sanity,low/medium - editorial and legal review still required,low - already public,96,"answer block, FAQs, lawyer CTA, practice-area links",Broad blog migration remains on hold; restore only through controlled lawyer-reviewed batches.
https://chamanlawfirm.com/consumer-protection-and-disputes-resolution,Consumer Protection And Disputes Resolution,,,litigation/ADR,blog,not confirmed,21,1932,23.63,not available locally,not available locally,not available locally,,not public,none detected,image recovery needed,restore as blog post,/resources/blog/consumer-protection-and-disputes-resolution,https://chamanlawfirm.com/resources/blog/consumer-protection-and-disputes-resolution,not checked,image recovery needed,medium - verify current law and facts before publication,low/medium - compare against existing live content before publication,94,"answer block, FAQs, lawyer CTA, practice-area links",Broad blog migration remains on hold; restore only through controlled lawyer-reviewed batches.
https://chamanlawfirm.com/safety-and-security-in-nigerian-construction,Safety And Security In Nigerian Construction,,,general legal education,blog,not confirmed,11,931,19.08,not available locally,not available locally,not available locally,,not public,none detected,image recovery needed,restore as blog post,/resources/blog/safety-and-security-in-nigerian-construction,https://chamanlawfirm.com/resources/blog/safety-and-security-in-nigerian-construction,not checked,image recovery needed,low/medium - editorial and legal review still required,low/medium - compare against existing live content before publication,94,"answer block, FAQs, lawyer CTA, practice-area links",Broad blog migration remains on hold; restore only through controlled lawyer-reviewed batches.
https://chamanlawfirm.com/service/human-right-law,Human Right Law,,,general legal education,blog,not confirmed,10,1404,18.53,not available locally,not available locally,not available locally,,not public,none detected,image recovery needed,restore as blog post,/resources/blog/human-right-law,https://chamanlawfirm.com/resources/blog/human-right-law,not checked,image recovery needed,low/medium - editorial and legal review still required,low/medium - compare against existing live content before publication,94,"answer block, FAQs, lawyer CTA, practice-area links",Broad blog migration remains on hold; restore only through controlled lawyer-reviewed batches.
https://chamanlawfirm.com/how-to-register-a-company-in-nigeria-2024,How To Register A Company In Nigeria 2024,How to Register a Company in Nigeria,"Simple Steps to Successfully Register a Company in Nigeria - 2024 Guide Introduction Starting a business is an exciting yet challenging venture, and one of the key steps is to register a company in Nigeria . Whether yo",corporate/commercial,blog,approved Sanity post; missing old-url redirect,8,8378,42.99,not available locally,not available locally,not available locally,,approved public,none detected,image and alt present in Sanity,exact redirect to existing live equivalent,/resources/blog/how-to-register-a-company-in-nigeria-2024,https://chamanlawfirm.com/resources/blog/how-to-register-a-company-in-nigeria-2024,included,image and alt present in Sanity,low/medium - editorial and legal review still required,low - already public,94,"answer block, FAQs, lawyer CTA, practice-area links",Broad blog migration remains on hold; restore only through controlled lawyer-reviewed batches.
https://chamanlawfirm.com/legal-research-in-nigerian-law,Legal Research In Nigerian Law,,,general legal education,blog,not confirmed,10,1282,17.6,not available locally,not available locally,not available locally,,not public,none detected,image recovery needed,restore as blog post,/resources/blog/legal-research-in-nigerian-law,https://chamanlawfirm.com/resources/blog/legal-research-in-nigerian-law,not checked,image recovery needed,low/medium - editorial and legal review still required,low/medium - compare against existing live content before publication,93,"answer block, FAQs, lawyer CTA, practice-area links",Broad blog migration remains on hold; restore only through controlled lawyer-reviewed batches.
https://chamanlawfirm.com/insurance-coverage-for-construction-in-nigeria,Insurance Coverage For Construction In Nigeria,,,general legal education,blog,not confirmed,21,1659,20.72,not available locally,not available locally,not available locally,,not public,none detected,image recovery needed,restore as blog post,/resources/blog/insurance-coverage-for-construction-in-nigeria,https://chamanlawfirm.com/resources/blog/insurance-coverage-for-construction-in-nigeria,not checked,image recovery needed,low/medium - editorial and legal review still required,low/medium - compare against existing live content before publication,92,"answer block, FAQs, lawyer CTA, practice-area links",Broad blog migration remains on hold; restore only through controlled lawyer-reviewed batches.
https://chamanlawfirm.com/establishment-of-resolution-funds-in-nigeria,Establishment Of Resolution Funds In Nigeria,,,general legal education,blog,not confirmed,11,729,18.46,not available locally,not available locally,not available locally,,not public,none detected,image recovery needed,restore as blog post,/resources/blog/establishment-of-resolution-funds-in-nigeria,https://chamanlawfirm.com/resources/blog/establishment-of-resolution-funds-in-nigeria,not checked,image recovery needed,low/medium - editorial and legal review still required,low/medium - compare against existing live content before publication,92,"answer block, FAQs, lawyer CTA, practice-area links",Broad blog migration remains on hold; restore only through controlled lawyer-reviewed batches.
https://chamanlawfirm.com/taxes-exemptions-and-incentives-in-nigeria,Taxes Exemptions And Incentives In Nigeria,Tax Exemptions and Incentives in Nigeria,TAXES EXEMPTIONS AND INCENTIVES IN NIGERIA TAX INCENTIVES is granted by the government in order to encourage industrial investment in Nigeria There are several incentives available in Nigeria to encourage foreign direc,corporate/commercial,blog,approved Sanity post; missing old-url redirect,17,3552,25.28,not available locally,not available locally,not available locally,,approved public,none detected,image and alt present in Sanity,exact redirect to existing live equivalent,/resources/blog/taxes-exemptions-and-incentives-in-nigeria,https://chamanlawfirm.com/resources/blog/taxes-exemptions-and-incentives-in-nigeria,included,image and alt present in Sanity,medium - verify current law and facts before publication,low - already public,91,"answer block, FAQs, lawyer CTA, practice-area links",Broad blog migration remains on hold; restore only through controlled lawyer-reviewed batches.
https://chamanlawfirm.com/overview-of-laws-governing,Overview Of Laws Governing,,,general legal education,blog,not confirmed,8,2123,16.22,not available locally,not available locally,not available locally,,not public,none detected,image recovery needed,restore as blog post,/resources/blog/overview-of-laws-governing,https://chamanlawfirm.com/resources/blog/overview-of-laws-governing,not checked,image recovery needed,low/medium - editorial and legal review still required,low/medium - compare against existing live content before publication,91,"answer block, FAQs, lawyer CTA, practice-area links",Broad blog migration remains on hold; restore only through controlled lawyer-reviewed batches.
https://chamanlawfirm.com/the-land-use-act-relate-to-land-conflicts,The Land Use Act Relate To Land Conflicts,Powerful Steps: the Land Use Act Relate to Land Conflicts,"Learn how the Land Use Act Relate to Land Conflicts in Nigeria, addressing ownership disputes, allocation issues, and legal resolution mechanisms.",property/title,blog,approved Sanity post; missing old-url redirect,9,1514,14.27,not available locally,not available locally,not available locally,,approved public,none detected,image and alt present in Sanity,exact redirect to existing live equivalent,/resources/blog/the-land-use-act-relate-to-land-conflicts,https://chamanlawfirm.com/resources/blog/the-land-use-act-relate-to-land-conflicts,included,image and alt present in Sanity,medium - verify current law and facts before publication,low - already public,90,"answer block, FAQs, lawyer CTA, practice-area links",Broad blog migration remains on hold; restore only through controlled lawyer-reviewed batches.
https://chamanlawfirm.com/stay-casino-no-deposit-bonus-play-online-casino-games-in-english-for-australian-players,Stay Casino No Deposit Bonus Play Online Casino Games In English For Australian Players,,,general legal education,blog,not confirmed,6,9,1.67,not available locally,possible high-ranking candidate; no local featured-snippet export,not available locally,,not public,none detected,image recovery needed,reject/archive,/resources/blog/stay-casino-no-deposit-bonus-play-online-casino-games-in-english-for-australian-players,https://chamanlawfirm.com/resources/blog/stay-casino-no-deposit-bonus-play-online-casino-games-in-english-for-australian-players,not checked,image recovery needed,blocked - off-brand/spam/luxury signal,low/medium - compare against existing live content before publication,90,"answer block, FAQs, lawyer CTA, practice-area links",Broad blog migration remains on hold; restore only through controlled lawyer-reviewed batches.
https://chamanlawfirm.com/multi-national-franchises-in-nigeria,Multi National Franchises In Nigeria,,,general legal education,blog,not confirmed,9,1355,17.94,not available locally,not available locally,not available locally,,not public,none detected,image recovery needed,restore as blog post,/resources/blog/multi-national-franchises-in-nigeria,https://chamanlawfirm.com/resources/blog/multi-national-franchises-in-nigeria,not checked,image recovery needed,low/medium - editorial and legal review still required,low/medium - compare against existing live content before publication,89,"answer block, FAQs, lawyer CTA, practice-area links",Broad blog migration remains on hold; restore only through controlled lawyer-reviewed batches.
https://chamanlawfirm.com/legal-compliance-issues-facing-e-commerce,Legal Compliance Issues Facing E Commerce,,,general legal education,blog,not confirmed,8,1881,18.27,not available locally,not available locally,not available locally,,not public,none detected,image recovery needed,restore as blog post,/resources/blog/legal-compliance-issues-facing-e-commerce,https://chamanlawfirm.com/resources/blog/legal-compliance-issues-facing-e-commerce,not checked,image recovery needed,low/medium - editorial and legal review still required,low/medium - compare against existing live content before publication,89,"answer block, FAQs, lawyer CTA, practice-area links",Broad blog migration remains on hold; restore only through controlled lawyer-reviewed batches.
https://chamanlawfirm.com/how-does-the-land-use-act-influence-real-estate-development,How Does The Land Use Act Influence Real Estate Development,How the Land Use Act Influences Real Estate Development,How Does the Land Use Act Influence Real Estate Development? The Land Use Act of 1978 is a pivotal piece of legislation,property/title,blog,approved Sanity post; missing old-url redirect,9,1310,11.38,not available locally,not available locally,not available locally,,approved public,none detected,image and alt present in Sanity,exact redirect to existing live equivalent,/resources/blog/how-does-the-land-use-act-influence-real-estate-development,https://chamanlawfirm.com/resources/blog/how-does-the-land-use-act-influence-real-estate-development,included,image and alt present in Sanity,medium - verify current law and facts before publication,low - already public,88,"answer block, FAQs, lawyer CTA, practice-area links",Broad blog migration remains on hold; restore only through controlled lawyer-reviewed batches.
https://chamanlawfirm.com/understanding-of-the-rights-of-stakeholders,Understanding Of The Rights Of Stakeholders,,,general legal education,blog,not confirmed,10,721,11.92,not available locally,not available locally,not available locally,,not public,none detected,image recovery needed,restore as blog post,/resources/blog/understanding-of-the-rights-of-stakeholders,https://chamanlawfirm.com/resources/blog/understanding-of-the-rights-of-stakeholders,not checked,image recovery needed,low/medium - editorial and legal review still required,low/medium - compare against existing live content before publication,87,"answer block, FAQs, lawyer CTA, practice-area links",Broad blog migration remains on hold; restore only through controlled lawyer-reviewed batches.
https://chamanlawfirm.com/exclusive-possession-in-a-lease,Exclusive Possession In A Lease,,,general legal education,blog,not confirmed,10,720,15.32,not available locally,not available locally,not available locally,,not public,none detected,image recovery needed,restore as blog post,/resources/blog/exclusive-possession-in-a-lease,https://chamanlawfirm.com/resources/blog/exclusive-possession-in-a-lease,not checked,image recovery needed,low/medium - editorial and legal review still required,low/medium - compare against existing live content before publication,87,"answer block, FAQs, lawyer CTA, practice-area links",Broad blog migration remains on hold; restore only through controlled lawyer-reviewed batches.
https://chamanlawfirm.com/landlord-and-tenant-relationship-on-property,Landlord And Tenant Relationship On Property,Proven Steps on Landlord and Tenant Relationship on Property,"Enhance rental value with a strong landlord and tenant Relationship on property. about legal rights, dispute resolution, property management.",property/title,blog,approved Sanity post; missing old-url redirect,10,684,10.44,not available locally,not available locally,not available locally,,approved public,none detected,image and alt present in Sanity,exact redirect to existing live equivalent,/resources/blog/landlord-and-tenant-relationship-on-property,https://chamanlawfirm.com/resources/blog/landlord-and-tenant-relationship-on-property,included,image and alt present in Sanity,medium - verify current law and facts before publication,low - already public,87,"answer block, FAQs, lawyer CTA, practice-area links",Broad blog migration remains on hold; restore only through controlled lawyer-reviewed batches.
https://chamanlawfirm.com/powerful-ways-on-adoption-services,Powerful Ways On Adoption Services,,,general legal education,blog,not confirmed,20,1637,21.44,not available locally,not available locally,not available locally,,not public,none detected,image recovery needed,restore as blog post,/resources/blog/powerful-ways-on-adoption-services,https://chamanlawfirm.com/resources/blog/powerful-ways-on-adoption-services,not checked,image recovery needed,low/medium - editorial and legal review still required,low/medium - compare against existing live content before publication,86,"answer block, FAQs, lawyer CTA, practice-area links",Broad blog migration remains on hold; restore only through controlled lawyer-reviewed batches.
https://chamanlawfirm.com/the-process-of-transferring-land-in-nigeria,The Process Of Transferring Land In Nigeria,Process of Transferring Land in Nigeria,THE PROCESS OF TRANSFERRING LAND IN NIGERIA The process of transferring land ownership in Nigeria entails the actual transfer of legal rights to land from one individual to the next. While property ownership can be tra,property/title,blog,approved Sanity post; missing old-url redirect,10,628,15.73,not available locally,not available locally,not available locally,,approved public,none detected,image and alt present in Sanity,exact redirect to existing live equivalent,/resources/blog/the-process-of-transferring-land-in-nigeria,https://chamanlawfirm.com/resources/blog/the-process-of-transferring-land-in-nigeria,included,image and alt present in Sanity,medium - verify current law and facts before publication,low - already public,86,"answer block, FAQs, lawyer CTA, practice-area links",Broad blog migration remains on hold; restore only through controlled lawyer-reviewed batches.
https://chamanlawfirm.com/public-infrastructure-projects-in-nigeria,Public Infrastructure Projects In Nigeria,,,general legal education,blog,not confirmed,9,1092,11.78,not available locally,not available locally,not available locally,,not public,none detected,image recovery needed,restore as blog post,/resources/blog/public-infrastructure-projects-in-nigeria,https://chamanlawfirm.com/resources/blog/public-infrastructure-projects-in-nigeria,not checked,image recovery needed,low/medium - editorial and legal review still required,low/medium - compare against existing live content before publication,86,"answer block, FAQs, lawyer CTA, practice-area links",Broad blog migration remains on hold; restore only through controlled lawyer-reviewed batches.
https://chamanlawfirm.com/legally-binding-contracts,Legally Binding Contracts,Legally Binding Contracts; Master the Essentials: Key Elements of a Legally Binding Contract Every Business Must Know,"Legally Binding Contracts In the complex world of law, contracts serve as the cornerstone of agreements between individuals, businesses, and organizations...",corporate/commercial,blog,approved Sanity post; missing old-url redirect,7,8102,70.24,not available locally,not available locally,not available locally,,approved public,none detected,image and alt present in Sanity,exact redirect to existing live equivalent,/resources/blog/legally-binding-contracts,https://chamanlawfirm.com/resources/blog/legally-binding-contracts,included,image and alt present in Sanity,medium - verify current law and facts before publication,low - already public,86,"answer block, FAQs, lawyer CTA, practice-area links",Broad blog migration remains on hold; restore only through controlled lawyer-reviewed batches.
https://chamanlawfirm.com/ultimate-legal-guide-to-buying-land-in-niger,Ultimate Legal Guide To Buying Land In Niger,Ultimate Guide to Buying Land in Nigeria | Chaman Law Firm,"Learn key legal checks before buying land in Nigeria, including title review, due diligence, documentation, and when to speak with a property lawyer.",property/title,blog,approved Sanity post; missing old-url redirect,7,2116,18.69,not available locally,not available locally,not available locally,,approved public,none detected,image and alt present in Sanity,exact redirect to existing live equivalent,/resources/blog/ultimate-legal-guide-to-buying-land-in-niger,https://chamanlawfirm.com/resources/blog/ultimate-legal-guide-to-buying-land-in-niger,included,image and alt present in Sanity,medium - verify current law and facts before publication,low - already public,86,"answer block, FAQs, lawyer CTA, practice-area links",Broad blog migration remains on hold; restore only through controlled lawyer-reviewed batches.
https://chamanlawfirm.com/how-to-get-a-scuml-certificate,How To Get A Scuml Certificate,,,general legal education,blog,not confirmed,14,4494,23.1,not available locally,not available locally,not available locally,,not public,none detected,image recovery needed,restore as blog post,/resources/blog/how-to-get-a-scuml-certificate,https://chamanlawfirm.com/resources/blog/how-to-get-a-scuml-certificate,not checked,image recovery needed,low/medium - editorial and legal review still required,low/medium - compare against existing live content before publication,85,"answer block, FAQs, lawyer CTA, practice-area links",Broad blog migration remains on hold; restore only through controlled lawyer-reviewed batches.
https://chamanlawfirm.com/4-proven-cross-border-cybercrime-issues,4 Proven Cross Border Cybercrime Issues,Cross-Border Cybercrime Issues in Nigeria,"Introduction In today’s interconnected digital world, cross-border cybercrime poses significant challenges to law enforcement, governments, businesses, and individuals globally. This article delves into the complexitie",general legal education,blog,approved Sanity post; missing old-url redirect,10,543,13.47,not available locally,not available locally,not available locally,,approved public,none detected,image and alt present in Sanity,exact redirect to existing live equivalent,/resources/blog/4-proven-cross-border-cybercrime-issues,https://chamanlawfirm.com/resources/blog/4-proven-cross-border-cybercrime-issues,included,image and alt present in Sanity,low/medium - editorial and legal review still required,low - already public,85,"answer block, FAQs, lawyer CTA, practice-area links",Broad blog migration remains on hold; restore only through controlled lawyer-reviewed batches.
https://chamanlawfirm.com/steps-on-how-to-navigate-parental-rights,Steps On How To Navigate Parental Rights,,,property/title,blog,not confirmed,10,513,14.31,not available locally,not available locally,not available locally,,not public,none detected,image recovery needed,restore as blog post,/resources/blog/steps-on-how-to-navigate-parental-rights,https://chamanlawfirm.com/resources/blog/steps-on-how-to-navigate-parental-rights,not checked,image recovery needed,low/medium - editorial and legal review still required,low/medium - compare against existing live content before publication,85,"answer block, FAQs, lawyer CTA, practice-area links",Broad blog migration remains on hold; restore only through controlled lawyer-reviewed batches.
https://chamanlawfirm.com/who-can-liable-when-there-are-defects-in-construction,Who Can Liable When There Are Defects In Construction,,,general legal education,blog,not confirmed,10,453,10.68,not available locally,not available locally,not available locally,,not public,none detected,image recovery needed,restore as blog post,/resources/blog/who-can-liable-when-there-are-defects-in-construction,https://chamanlawfirm.com/resources/blog/who-can-liable-when-there-are-defects-in-construction,not checked,image recovery needed,low/medium - editorial and legal review still required,low/medium - compare against existing live content before publication,85,"answer block, FAQs, lawyer CTA, practice-area links",Broad blog migration remains on hold; restore only through controlled lawyer-reviewed batches.
https://chamanlawfirm.com/land-tenure-systems-coexist-with-statutory-land,Land Tenure Systems Coexist With Statutory Land,Proven Step: Land Tenure Systems Coexist with Statutory Land,"What a customary Land Tenure Systems Coexist with Statutory Landownership in Nigeria, highlighting legal frameworks and reconciliation methods.",property/title,blog,approved Sanity post; missing old-url redirect,9,984,19.24,not available locally,not available locally,not available locally,,approved public,none detected,image and alt present in Sanity,exact redirect to existing live equivalent,/resources/blog/land-tenure-systems-coexist-with-statutory-land,https://chamanlawfirm.com/resources/blog/land-tenure-systems-coexist-with-statutory-land,included,image and alt present in Sanity,medium - verify current law and facts before publication,low - already public,85,"answer block, FAQs, lawyer CTA, practice-area links",Broad blog migration remains on hold; restore only through controlled lawyer-reviewed batches.
https://chamanlawfirm.com/powerful-steps-raising-capital-in-nigeria,Powerful Steps Raising Capital In Nigeria,,,general legal education,blog,not confirmed,18,2449,27.78,not available locally,not available locally,not available locally,,not public,none detected,image recovery needed,restore as blog post,/resources/blog/powerful-steps-raising-capital-in-nigeria,https://chamanlawfirm.com/resources/blog/powerful-steps-raising-capital-in-nigeria,not checked,image recovery needed,low/medium - editorial and legal review still required,low/medium - compare against existing live content before publication,84,"answer block, FAQs, lawyer CTA, practice-area links",Broad blog migration remains on hold; restore only through controlled lawyer-reviewed batches.
https://chamanlawfirm.com/health-and-safety-measures-in-construction,Health And Safety Measures In Construction,,,general legal education,blog,not confirmed,17,2942,23.97,not available locally,not available locally,not available locally,,not public,none detected,image recovery needed,restore as blog post,/resources/blog/health-and-safety-measures-in-construction,https://chamanlawfirm.com/resources/blog/health-and-safety-measures-in-construction,not checked,image recovery needed,low/medium - editorial and legal review still required,low/medium - compare against existing live content before publication,84,"answer block, FAQs, lawyer CTA, practice-area links",Broad blog migration remains on hold; restore only through controlled lawyer-reviewed batches.
https://chamanlawfirm.com/how-do-la-neighboring-communities-in-nigeria,How Do La Neighboring Communities In Nigeria,,,general legal education,blog,not confirmed,9,896,13.5,not available locally,not available locally,not available locally,,not public,none detected,image recovery needed,restore as blog post,/resources/blog/how-do-la-neighboring-communities-in-nigeria,https://chamanlawfirm.com/resources/blog/how-do-la-neighboring-communities-in-nigeria,not checked,image recovery needed,low/medium - editorial and legal review still required,low/medium - compare against existing live content before publication,84,"answer block, FAQs, lawyer CTA, practice-area links",Broad blog migration remains on hold; restore only through controlled lawyer-reviewed batches.
https://chamanlawfirm.com/investigating-title-in-property-transaction,Investigating Title In Property Transaction,THE IMPORTANCE OF INVESTIGATING TITLE IN PROPERTY TRANSACTIONS,"After the vendor has deduced his title, investigation is to be made by the purchaser's solicitor. Ensuring there is good title is the whole aim of investigating title in property transaction",property/title,blog,approved Sanity post; missing old-url redirect,9,832,15.48,not available locally,not available locally,not available locally,,approved public,none detected,image and alt present in Sanity,exact redirect to existing live equivalent,/resources/blog/investigating-title-in-property-transaction,https://chamanlawfirm.com/resources/blog/investigating-title-in-property-transaction,included,image and alt present in Sanity,medium - verify current law and facts before publication,low - already public,83,"answer block, FAQs, lawyer CTA, practice-area links",Broad blog migration remains on hold; restore only through controlled lawyer-reviewed batches.
https://chamanlawfirm.com/requirements-for-a-broker-dealer-in-nigeria,Requirements For A Broker Dealer In Nigeria,,,general legal education,blog,not confirmed,8,1333,11.26,not available locally,not available locally,not available locally,,not public,none detected,image recovery needed,restore as blog post,/resources/blog/requirements-for-a-broker-dealer-in-nigeria,https://chamanlawfirm.com/resources/blog/requirements-for-a-broker-dealer-in-nigeria,not checked,image recovery needed,low/medium - editorial and legal review still required,low/medium - compare against existing live content before publication,83,"answer block, FAQs, lawyer CTA, practice-area links",Broad blog migration remains on hold; restore only through controlled lawyer-reviewed batches.
https://chamanlawfirm.com/robbery-and-theft-chaman-lw-firm,Robbery And Theft Chaman Lw Firm,,,general legal education,blog,not confirmed,7,1823,17.69,not available locally,not available locally,not available locally,,not public,none detected,image recovery needed,restore as blog post,/resources/blog/robbery-and-theft-chaman-lw-firm,https://chamanlawfirm.com/resources/blog/robbery-and-theft-chaman-lw-firm,not checked,image recovery needed,low/medium - editorial and legal review still required,low/medium - compare against existing live content before publication,83,"answer block, FAQs, lawyer CTA, practice-area links",Broad blog migration remains on hold; restore only through controlled lawyer-reviewed batches.
https://chamanlawfirm.com/modernizing-customary-marriage,Modernizing Customary Marriage,Modernizing Customary Marriage; Urgent Reform: Why Customary Marriage Laws Desperately Need Modernization,"Modernizing Customary Marriage Customary marriage laws in Nigeria, like in many other African nations, are deeply rooted in tradition and cultural norms that have...",family law,blog,approved Sanity post; missing old-url redirect,22,3226,16.63,not available locally,not available locally,not available locally,,approved public,none detected,image and alt present in Sanity,exact redirect to existing live equivalent,/resources/blog/modernizing-customary-marriage,https://chamanlawfirm.com/resources/blog/modernizing-customary-marriage,included,image and alt present in Sanity,high - lawyer review required before publication,low - already public,82,"answer block, FAQs, lawyer CTA, practice-area links",Broad blog migration remains on hold; restore only through controlled lawyer-reviewed batches.
https://chamanlawfirm.com/how-to-apply-for-building-permit-in-nigeria,How To Apply For Building Permit In Nigeria,,,general legal education,blog,not confirmed,8,1197,10.91,not available locally,not available locally,not available locally,,not public,none detected,image recovery needed,restore as blog post,/resources/blog/how-to-apply-for-building-permit-in-nigeria,https://chamanlawfirm.com/resources/blog/how-to-apply-for-building-permit-in-nigeria,not checked,image recovery needed,low/medium - editorial and legal review still required,low/medium - compare against existing live content before publication,82,"answer block, FAQs, lawyer CTA, practice-area links",Broad blog migration remains on hold; restore only through controlled lawyer-reviewed batches.
https://chamanlawfirm.com/land-registration-in-lagos,Land Registration In Lagos,Land Registration in Lagos | Chaman Law Firm,"Learn the legal basics of land registration in Lagos, documents to review, perfection steps, and when to get property-law support.",property/title,blog,approved Sanity post; missing old-url redirect,7,1731,15.01,not available locally,not available locally,not available locally,,approved public,none detected,image and alt present in Sanity,exact redirect to existing live equivalent,/resources/blog/land-registration-in-lagos,https://chamanlawfirm.com/resources/blog/land-registration-in-lagos,included,image and alt present in Sanity,medium - verify current law and facts before publication,low - already public,82,"answer block, FAQs, lawyer CTA, practice-area links",Broad blog migration remains on hold; restore only through controlled lawyer-reviewed batches.
https://chamanlawfirm.com/rural-infrastructure-development-in-nigeria,Rural Infrastructure Development In Nigeria,,,general legal education,blog,not confirmed,15,3616,30.17,not available locally,not available locally,not available locally,,not public,none detected,image recovery needed,restore as blog post,/resources/blog/rural-infrastructure-development-in-nigeria,https://chamanlawfirm.com/resources/blog/rural-infrastructure-development-in-nigeria,not checked,image recovery needed,low/medium - editorial and legal review still required,low/medium - compare against existing live content before publication,81,"answer block, FAQs, lawyer CTA, practice-area links",Broad blog migration remains on hold; restore only through controlled lawyer-reviewed batches.
https://chamanlawfirm.com/cross-border-transactions-in-nigeria,Cross Border Transactions In Nigeria,,,general legal education,blog,not confirmed,8,1020,19.9,not available locally,not available locally,not available locally,,not public,none detected,image recovery needed,restore as blog post,/resources/blog/cross-border-transactions-in-nigeria,https://chamanlawfirm.com/resources/blog/cross-border-transactions-in-nigeria,not checked,image recovery needed,low/medium - editorial and legal review still required,low/medium - compare against existing live content before publication,80,"answer block, FAQs, lawyer CTA, practice-area links",Broad blog migration remains on hold; restore only through controlled lawyer-reviewed batches.
https://chamanlawfirm.com/5-cyber-law-and-digital-rights-management,5 Cyber Law And Digital Rights Management,,,general legal education,blog,not confirmed,20,876,20.31,not available locally,not available locally,not available locally,,not public,none detected,image recovery needed,restore as blog post,/resources/blog/5-cyber-law-and-digital-rights-management,https://chamanlawfirm.com/resources/blog/5-cyber-law-and-digital-rights-management,not checked,image recovery needed,low/medium - editorial and legal review still required,low/medium - compare against existing live content before publication,79,"answer block, FAQs, lawyer CTA, practice-area links",Broad blog migration remains on hold; restore only through controlled lawyer-reviewed batches.
https://chamanlawfirm.com/how-to-get-a-judgment-enforced-in-nigeria,How To Get A Judgment Enforced In Nigeria,,,general legal education,blog,not confirmed,9,403,17.77,not available locally,not available locally,not available locally,,not public,none detected,image recovery needed,restore as blog post,/resources/blog/how-to-get-a-judgment-enforced-in-nigeria,https://chamanlawfirm.com/resources/blog/how-to-get-a-judgment-enforced-in-nigeria,not checked,image recovery needed,low/medium - editorial and legal review still required,low/medium - compare against existing live content before publication,79,"answer block, FAQs, lawyer CTA, practice-area links",Broad blog migration remains on hold; restore only through controlled lawyer-reviewed batches.
https://chamanlawfirm.com/protection-of-critical-infrastructure,Protection Of Critical Infrastructure,,,general legal education,blog,not confirmed,7,1441,13.16,not available locally,not available locally,not available locally,,not public,none detected,image recovery needed,restore as blog post,/resources/blog/protection-of-critical-infrastructure,https://chamanlawfirm.com/resources/blog/protection-of-critical-infrastructure,not checked,image recovery needed,low/medium - editorial and legal review still required,low/medium - compare against existing live content before publication,79,"answer block, FAQs, lawyer CTA, practice-area links",Broad blog migration remains on hold; restore only through controlled lawyer-reviewed batches.
https://chamanlawfirm.com/what-is-a-demand-letters,What Is A Demand Letters,,,general legal education,blog,not confirmed,17,2282,40.98,not available locally,not available locally,not available locally,,not public,none detected,image recovery needed,restore as blog post,/resources/blog/what-is-a-demand-letters,https://chamanlawfirm.com/resources/blog/what-is-a-demand-letters,not checked,image recovery needed,low/medium - editorial and legal review still required,low/medium - compare against existing live content before publication,78,"answer block, FAQs, lawyer CTA, practice-area links",Broad blog migration remains on hold; restore only through controlled lawyer-reviewed batches.
https://chamanlawfirm.com/when-a-loved-one-dies-without-a-will,When A Loved One Dies Without A Will,Powerful Steps: When a Loved One Dies Without a Will,"what steps to take when a loved one dies without a will in Nigeria, including applying for letters of administration and managing estate legally",probate/estate,blog,approved Sanity post; missing old-url redirect,13,1337,9.05,not available locally,not available locally,not available locally,,approved public,none detected,image and alt present in Sanity,exact redirect to existing live equivalent,/resources/blog/when-a-loved-one-dies-without-a-will,https://chamanlawfirm.com/resources/blog/when-a-loved-one-dies-without-a-will,included,image and alt present in Sanity,high - lawyer review required before publication,low - already public,78,"answer block, FAQs, lawyer CTA, practice-area links",Broad blog migration remains on hold; restore only through controlled lawyer-reviewed batches.
https://chamanlawfirm.com/how-can-issues-of-land-fraud-and-illegal-land-transactions-be-addressed-in-nigeria,How Can Issues Of Land Fraud And Illegal Land Transactions Be Addressed In Nigeria,Addressing Land Fraud and Illegal Land Transactions in Nigeria,Introduction Land fraud and illegal land transactions pose a significant threat to property ownership and investments in Nigeria. This comprehensive guide explores the complex issue of land fraud and illegal land trans,property/title,blog,approved Sanity post; missing old-url redirect,9,284,16.13,not available locally,not available locally,not available locally,,approved public,none detected,image and alt present in Sanity,exact redirect to existing live equivalent,/resources/blog/how-can-issues-of-land-fraud-and-illegal-land-transactions-be-addressed-in-nigeria,https://chamanlawfirm.com/resources/blog/how-can-issues-of-land-fraud-and-illegal-land-transactions-be-addressed-in-nigeria,included,image and alt present in Sanity,medium - verify current law and facts before publication,low - already public,78,"answer block, FAQs, lawyer CTA, practice-area links",Broad blog migration remains on hold; restore only through controlled lawyer-reviewed batches.
https://chamanlawfirm.com/insurance-in-construction-projects,Insurance In Construction Projects,,,general legal education,blog,not confirmed,8,729,19.9,not available locally,not available locally,not available locally,,not public,none detected,image recovery needed,restore as blog post,/resources/blog/insurance-in-construction-projects,https://chamanlawfirm.com/resources/blog/insurance-in-construction-projects,not checked,image recovery needed,low/medium - editorial and legal review still required,low/medium - compare against existing live content before publication,77,"answer block, FAQs, lawyer CTA, practice-area links",Broad blog migration remains on hold; restore only through controlled lawyer-reviewed batches.
https://chamanlawfirm.com/4-main-guide-to-land-ownership-in-nigeria,4 Main Guide To Land Ownership In Nigeria,Powerful Ways on Land Ownership in Nigeria,"land ownership in Nigeria is a significant milestone, whether for personal use, investment, or development. of the country. Understanding....",property/title,blog,approved Sanity post; missing old-url redirect,7,1215,14.16,not available locally,not available locally,not available locally,,approved public,none detected,image and alt present in Sanity,exact redirect to existing live equivalent,/resources/blog/4-main-guide-to-land-ownership-in-nigeria,https://chamanlawfirm.com/resources/blog/4-main-guide-to-land-ownership-in-nigeria,included,image and alt present in Sanity,medium - verify current law and facts before publication,low - already public,77,"answer block, FAQs, lawyer CTA, practice-area links",Broad blog migration remains on hold; restore only through controlled lawyer-reviewed batches.
https://chamanlawfirm.com/piracy-and-its-burden-on-copyright,Piracy And Its Burden On Copyright,Piracy and Copyright Protection in Nigeria,"PIRACY AND IT'S BURDEN ON COPYRIGHT, The Nigerian Copyright Act empowers the Nigerian Copyright Commission (NCC)...",general legal education,blog,approved Sanity post; missing old-url redirect,7,1154,18,not available locally,not available locally,not available locally,,approved public,none detected,image and alt present in Sanity,exact redirect to existing live equivalent,/resources/blog/piracy-and-its-burden-on-copyright,https://chamanlawfirm.com/resources/blog/piracy-and-its-burden-on-copyright,included,image and alt present in Sanity,low/medium - editorial and legal review still required,low - already public,77,"answer block, FAQs, lawyer CTA, practice-area links",Broad blog migration remains on hold; restore only through controlled lawyer-reviewed batches.
https://chamanlawfirm.com/an-examination-of-the-employees-compensation-act,An Examination Of The Employees Compensation Act,,,employment law,blog,not confirmed,19,1051,27.88,not available locally,not available locally,not available locally,,not public,none detected,image recovery needed,restore as blog post,/resources/blog/an-examination-of-the-employees-compensation-act,https://chamanlawfirm.com/resources/blog/an-examination-of-the-employees-compensation-act,not checked,image recovery needed,low/medium - editorial and legal review still required,low/medium - compare against existing live content before publication,76,"answer block, FAQs, lawyer CTA, practice-area links",Broad blog migration remains on hold; restore only through controlled lawyer-reviewed batches.
https://chamanlawfirm.com/tax-planning-and-avoidance-in-nigeria,Tax Planning And Avoidance In Nigeria,Tax Planning and Avoidance in Nigeria; Shocking Truth; Legal Aspects of Tax Planning and Tax Avoidance,Tax Planning and Avoidance in Nigeria Tax planning is a legal and ethical approach to managing one's financial affairs to minimize tax liabilities by utilizing deductions...,corporate/commercial,blog,approved Sanity post; missing old-url redirect,17,2076,21,not available locally,not available locally,not available locally,,approved public,none detected,image and alt present in Sanity,exact redirect to existing live equivalent,/resources/blog/tax-planning-and-avoidance-in-nigeria,https://chamanlawfirm.com/resources/blog/tax-planning-and-avoidance-in-nigeria,included,image and alt present in Sanity,medium - verify current law and facts before publication,low - already public,76,"answer block, FAQs, lawyer CTA, practice-area links",Broad blog migration remains on hold; restore only through controlled lawyer-reviewed batches.
https://chamanlawfirm.com/the-overview-of-pre-trial-conferencing,The Overview Of Pre Trial Conferencing,,,general legal education,blog,not confirmed,8,507,15.02,not available locally,not available locally,not available locally,,not public,none detected,image recovery needed,restore as blog post,/resources/blog/the-overview-of-pre-trial-conferencing,https://chamanlawfirm.com/resources/blog/the-overview-of-pre-trial-conferencing,not checked,image recovery needed,low/medium - editorial and legal review still required,low/medium - compare against existing live content before publication,75,"answer block, FAQs, lawyer CTA, practice-area links",Broad blog migration remains on hold; restore only through controlled lawyer-reviewed batches.
https://chamanlawfirm.com/challenges-women-face-in-obtaining-land-titles,Challenges Women Face In Obtaining Land Titles,Proven Steps: Challenges Women Face in Obtaining Land Titles,"Understand challenges women face in obtaining land titles in Nigeria, including legal, cultural, and administrative barriers to land ownership",property/title,blog,approved Sanity post; missing old-url redirect,8,468,15.65,not available locally,not available locally,not available locally,,approved public,none detected,image and alt present in Sanity,exact redirect to existing live equivalent,/resources/blog/challenges-women-face-in-obtaining-land-titles,https://chamanlawfirm.com/resources/blog/challenges-women-face-in-obtaining-land-titles,included,image and alt present in Sanity,medium - verify current law and facts before publication,low - already public,75,"answer block, FAQs, lawyer CTA, practice-area links",Broad blog migration remains on hold; restore only through controlled lawyer-reviewed batches.
https://chamanlawfirm.com/dispute-in-nigerian-real-estate-transactions,Dispute In Nigerian Real Estate Transactions,,,property/title,blog,not confirmed,7,1009,10.63,not available locally,not available locally,not available locally,,not public,none detected,image recovery needed,restore as blog post,/resources/blog/dispute-in-nigerian-real-estate-transactions,https://chamanlawfirm.com/resources/blog/dispute-in-nigerian-real-estate-transactions,not checked,image recovery needed,medium - verify current law and facts before publication,low/medium - compare against existing live content before publication,75,"answer block, FAQs, lawyer CTA, practice-area links",Broad blog migration remains on hold; restore only through controlled lawyer-reviewed batches.
https://chamanlawfirm.com/how-to-prepare-a-deed-of-assignment-in-nigeria,How To Prepare A Deed Of Assignment In Nigeria,,,property/title,blog,not confirmed,8,411,10.52,not available locally,not available locally,not available locally,,not public,none detected,image recovery needed,restore as blog post,/resources/blog/how-to-prepare-a-deed-of-assignment-in-nigeria,https://chamanlawfirm.com/resources/blog/how-to-prepare-a-deed-of-assignment-in-nigeria,not checked,image recovery needed,low/medium - editorial and legal review still required,low/medium - compare against existing live content before publication,74,"answer block, FAQs, lawyer CTA, practice-area links",Broad blog migration remains on hold; restore only through controlled lawyer-reviewed batches.
https://chamanlawfirm.com/legal-protection-against-domestic-violence,Legal Protection Against Domestic Violence,,,general legal education,blog,not confirmed,22,2323,18.46,not available locally,not available locally,not available locally,,not public,none detected,image recovery needed,restore as blog post,/resources/blog/legal-protection-against-domestic-violence,https://chamanlawfirm.com/resources/blog/legal-protection-against-domestic-violence,not checked,image recovery needed,high - lawyer review required before publication,low/medium - compare against existing live content before publication,73,"answer block, FAQs, lawyer CTA, practice-area links",Broad blog migration remains on hold; restore only through controlled lawyer-reviewed batches.
https://chamanlawfirm.com/limitations-of-foreign-investments-in-nigeria,Limitations Of Foreign Investments In Nigeria,,,general legal education,blog,not confirmed,19,849,27.33,not available locally,not available locally,not available locally,,not public,none detected,image recovery needed,restore as blog post,/resources/blog/limitations-of-foreign-investments-in-nigeria,https://chamanlawfirm.com/resources/blog/limitations-of-foreign-investments-in-nigeria,not checked,image recovery needed,low/medium - editorial and legal review still required,low/medium - compare against existing live content before publication,73,"answer block, FAQs, lawyer CTA, practice-area links",Broad blog migration remains on hold; restore only through controlled lawyer-reviewed batches.
https://chamanlawfirm.com/cyber-law-in-nigeria,Cyber Law In Nigeria,,,general legal education,blog,not confirmed,12,4318,22.81,not available locally,not available locally,not available locally,,not public,none detected,image recovery needed,restore as blog post,/resources/blog/cyber-law-in-nigeria,https://chamanlawfirm.com/resources/blog/cyber-law-in-nigeria,not checked,image recovery needed,low/medium - editorial and legal review still required,low/medium - compare against existing live content before publication,73,"answer block, FAQs, lawyer CTA, practice-area links",Broad blog migration remains on hold; restore only through controlled lawyer-reviewed batches.
https://chamanlawfirm.com/digitization-impact-land-title-registration,Digitization Impact Land Title Registration,Impact of Digitization on Land Title Registration,"How Does Digitization Impact Land Title Registration in Nigeria? In a world rapidly embracing digital transformation, traditional administrative..",property/title,blog,approved Sanity post; missing old-url redirect,8,326,10.65,not available locally,not available locally,not available locally,,approved public,none detected,image and alt present in Sanity,exact redirect to existing live equivalent,/resources/blog/digitization-impact-land-title-registration,https://chamanlawfirm.com/resources/blog/digitization-impact-land-title-registration,included,image and alt present in Sanity,medium - verify current law and facts before publication,low - already public,73,"answer block, FAQs, lawyer CTA, practice-area links",Broad blog migration remains on hold; restore only through controlled lawyer-reviewed batches.
https://chamanlawfirm.com/insurance-in-construction-contracts,Insurance In Construction Contracts,Powerful Steps: Insurance in Construction Contracts,"Explore the benefits and types of insurance in construction contracts, ensuring risk management, project security, and legal compliance.",corporate/commercial,blog,approved Sanity post; missing old-url redirect,7,840,18.23,not available locally,not available locally,not available locally,,approved public,none detected,image and alt present in Sanity,exact redirect to existing live equivalent,/resources/blog/insurance-in-construction-contracts,https://chamanlawfirm.com/resources/blog/insurance-in-construction-contracts,included,image and alt present in Sanity,medium - verify current law and facts before publication,low - already public,73,"answer block, FAQs, lawyer CTA, practice-area links",Broad blog migration remains on hold; restore only through controlled lawyer-reviewed batches.
https://chamanlawfirm.com/alternative-dispute-resolution-in-real-estate,Alternative Dispute Resolution In Real Estate,,,property/title,blog,not confirmed,17,1657,31.56,not available locally,not available locally,not available locally,,not public,none detected,image recovery needed,restore as blog post,/resources/blog/alternative-dispute-resolution-in-real-estate,https://chamanlawfirm.com/resources/blog/alternative-dispute-resolution-in-real-estate,not checked,image recovery needed,medium - verify current law and facts before publication,low/medium - compare against existing live content before publication,72,"answer block, FAQs, lawyer CTA, practice-area links",Broad blog migration remains on hold; restore only through controlled lawyer-reviewed batches.
https://chamanlawfirm.com/healthcare-facility-construction-in-nigeria,Healthcare Facility Construction In Nigeria,,,general legal education,blog,not confirmed,16,2196,21.79,not available locally,not available locally,not available locally,,not public,none detected,image recovery needed,restore as blog post,/resources/blog/healthcare-facility-construction-in-nigeria,https://chamanlawfirm.com/resources/blog/healthcare-facility-construction-in-nigeria,not checked,image recovery needed,low/medium - editorial and legal review still required,low/medium - compare against existing live content before publication,72,"answer block, FAQs, lawyer CTA, practice-area links",Broad blog migration remains on hold; restore only through controlled lawyer-reviewed batches.
https://chamanlawfirm.com/allocation-for-protected-areas-and-conserva,Allocation For Protected Areas And Conserva,,,general legal education,blog,not confirmed,5,1721,16.48,not available locally,not available locally,not available locally,,not public,none detected,image recovery needed,restore as blog post,/resources/blog/allocation-for-protected-areas-and-conserva,https://chamanlawfirm.com/resources/blog/allocation-for-protected-areas-and-conserva,not checked,image recovery needed,low/medium - editorial and legal review still required,low/medium - compare against existing live content before publication,72,"answer block, FAQs, lawyer CTA, practice-area links",Broad blog migration remains on hold; restore only through controlled lawyer-reviewed batches.
https://chamanlawfirm.com/the-custody-of-a-child-under-nigerian-law,The Custody Of A Child Under Nigerian Law,THE CUSTODY OF A CHILD UNDER NIGERIAN LAW,The child custody after divorce in Nigeria primarily rested on the best interest of a child.,family law,blog,hidden Sanity draft; do not redirect,12,1134,20.77,not available locally,not available locally,not available locally,,not public,hidden/unapproved,image recovery needed,keep hidden pending legal review,/resources/blog/the-custody-of-a-child-under-nigerian-law,https://chamanlawfirm.com/resources/blog/the-custody-of-a-child-under-nigerian-law,not checked,image recovery needed,high - lawyer review required before publication,medium - compare hidden draft against public practice/page before approval,71,"answer block, FAQs, lawyer CTA, practice-area links",Broad blog migration remains on hold; restore only through controlled lawyer-reviewed batches.
https://chamanlawfirm.com/legal-process-for-families-and-executors,Legal Process For Families And Executors,,,general legal education,blog,not confirmed,6,960,10.43,not available locally,not available locally,not available locally,,not public,none detected,image recovery needed,restore as blog post,/resources/blog/legal-process-for-families-and-executors,https://chamanlawfirm.com/resources/blog/legal-process-for-families-and-executors,not checked,image recovery needed,low/medium - editorial and legal review still required,low/medium - compare against existing live content before publication,70,"answer block, FAQs, lawyer CTA, practice-area links",Broad blog migration remains on hold; restore only through controlled lawyer-reviewed batches.
https://chamanlawfirm.com/register-your-company-with-cac-in-nigeria,Register Your Company With CAC In Nigeria,Powerful Way to Register Your Company with CAC in Nigeria,"Chaman Law Firm provides guidance on how to register your company with CAC in Nigeria, ensuring compliance and a seamless registration.",corporate/commercial,blog,approved Sanity post; missing old-url redirect,4,1851,18.81,not available locally,not available locally,not available locally,,approved public,none detected,image and alt present in Sanity,exact redirect to existing live equivalent,/resources/blog/register-your-company-with-cac-in-nigeria,https://chamanlawfirm.com/resources/blog/register-your-company-with-cac-in-nigeria,included,image and alt present in Sanity,low/medium - editorial and legal review still required,low - already public,69,"answer block, FAQs, lawyer CTA, practice-area links",Broad blog migration remains on hold; restore only through controlled lawyer-reviewed batches.
https://chamanlawfirm.com/what-you-need-to-know-when-buying-a-family-g,What You Need To Know When Buying A Family G,What to Know When Buying Family Property in Nigeria,Essential Things You Need to Know When Buying a Family Property in Nigeria: A Comprehensive Guide with 7 Powerful Key Tips for Property Buyers and Investors,family law,blog,approved Sanity post; missing old-url redirect,7,339,11.19,not available locally,not available locally,not available locally,,approved public,none detected,image and alt present in Sanity,exact redirect to existing live equivalent,/resources/blog/what-you-need-to-know-when-buying-a-family-g,https://chamanlawfirm.com/resources/blog/what-you-need-to-know-when-buying-a-family-g,included,image and alt present in Sanity,low/medium - editorial and legal review still required,low - already public,68,"answer block, FAQs, lawyer CTA, practice-area links",Broad blog migration remains on hold; restore only through controlled lawyer-reviewed batches.
https://chamanlawfirm.com/what-challenges-arise-in-mapping-documenting,What Challenges Arise In Mapping Documenting,,,notary/documentation,blog,not confirmed,7,334,16.62,not available locally,not available locally,not available locally,,not public,none detected,image recovery needed,restore as blog post,/resources/blog/what-challenges-arise-in-mapping-documenting,https://chamanlawfirm.com/resources/blog/what-challenges-arise-in-mapping-documenting,not checked,image recovery needed,low/medium - editorial and legal review still required,low/medium - compare against existing live content before publication,68,"answer block, FAQs, lawyer CTA, practice-area links",Broad blog migration remains on hold; restore only through controlled lawyer-reviewed batches.
https://chamanlawfirm.com/cyber-law-and-e-commerce-ensuring-4-safe-online-transactions,Cyber Law And E Commerce Ensuring 4 Safe Online Transactions,,,general legal education,blog,not confirmed,6,813,14.42,not available locally,not available locally,not available locally,,not public,none detected,image recovery needed,restore as blog post,/resources/blog/cyber-law-and-e-commerce-ensuring-4-safe-online-transactions,https://chamanlawfirm.com/resources/blog/cyber-law-and-e-commerce-ensuring-4-safe-online-transactions,not checked,image recovery needed,low/medium - editorial and legal review still required,low/medium - compare against existing live content before publication,68,"answer block, FAQs, lawyer CTA, practice-area links",Broad blog migration remains on hold; restore only through controlled lawyer-reviewed batches.
https://chamanlawfirm.com/law,Law,,,general legal education,blog,not confirmed,5,1313,11.4,not available locally,not available locally,not available locally,,not public,none detected,image recovery needed,restore as blog post,/resources/blog/law,https://chamanlawfirm.com/resources/blog/law,not checked,image recovery needed,low/medium - editorial and legal review still required,low/medium - compare against existing live content before publication,68,"answer block, FAQs, lawyer CTA, practice-area links",Broad blog migration remains on hold; restore only through controlled lawyer-reviewed batches.
https://chamanlawfirm.com/how-does-land-title-regularization-affect-p,How Does Land Title Regularization Affect P,How Land Title Regularization Affects Property Owners,"Introduction Land title regularization, a process that formalizes and validates land ownership, has a significant impact on property values in Nigeria. This article explores how land title regularization affects proper",property/title,blog,approved Sanity post; missing old-url redirect,6,703,13.12,not available locally,not available locally,not available locally,,approved public,none detected,image and alt present in Sanity,exact redirect to existing live equivalent,/resources/blog/how-does-land-title-regularization-affect-p,https://chamanlawfirm.com/resources/blog/how-does-land-title-regularization-affect-p,included,image and alt present in Sanity,medium - verify current law and facts before publication,low - already public,67,"answer block, FAQs, lawyer CTA, practice-area links",Broad blog migration remains on hold; restore only through controlled lawyer-reviewed batches.
https://chamanlawfirm.com/can-a-foreigner-buy-property-chaman-law-firm,Can A Foreigner Buy Property Chaman Law Firm,Powerful Steps: Can a foreigner buy property / Chaman Law,"Can a foreigner buy property in Ogun State? Chaman Law Firm explains the legal process, land rights, and key steps for non-citizens in Ogun",property/title,blog,approved Sanity post; missing old-url redirect,7,128,11.16,not available locally,not available locally,not available locally,,approved public,none detected,image and alt present in Sanity,exact redirect to existing live equivalent,/resources/blog/can-a-foreigner-buy-property-chaman-law-firm,https://chamanlawfirm.com/resources/blog/can-a-foreigner-buy-property-chaman-law-firm,included,image and alt present in Sanity,medium - verify current law and facts before publication,low - already public,66,"answer block, FAQs, lawyer CTA, practice-area links",Broad blog migration remains on hold; restore only through controlled lawyer-reviewed batches.
https://chamanlawfirm.com/insurance-claims-chaman-law-firm,Insurance Claims Chaman Law Firm,,,general legal education,blog,not confirmed,7,88,11.17,not available locally,not available locally,not available locally,,not public,none detected,image recovery needed,restore as blog post,/resources/blog/insurance-claims-chaman-law-firm,https://chamanlawfirm.com/resources/blog/insurance-claims-chaman-law-firm,not checked,image recovery needed,low/medium - editorial and legal review still required,low/medium - compare against existing live content before publication,66,"answer block, FAQs, lawyer CTA, practice-area links",Broad blog migration remains on hold; restore only through controlled lawyer-reviewed batches.
https://chamanlawfirm.com/what-are-the-steps-to-protect-trade-secret-under-the-nigerian-law,What Are The Steps To Protect Trade Secret Under The Nigerian Law,,,general legal education,blog,not confirmed,6,648,13.68,not available locally,not available locally,not available locally,,not public,none detected,image recovery needed,restore as blog post,/resources/blog/what-are-the-steps-to-protect-trade-secret-under-the-nigerian-law,https://chamanlawfirm.com/resources/blog/what-are-the-steps-to-protect-trade-secret-under-the-nigerian-law,not checked,image recovery needed,low/medium - editorial and legal review still required,low/medium - compare against existing live content before publication,66,"answer block, FAQs, lawyer CTA, practice-area links",Broad blog migration remains on hold; restore only through controlled lawyer-reviewed batches.
https://chamanlawfirm.com/nigerian-real-estate-investment-pitfalls,Nigerian Real Estate Investment Pitfalls,,,property/title,blog,not confirmed,5,1123,19.41,not available locally,not available locally,not available locally,,not public,none detected,image recovery needed,restore as blog post,/resources/blog/nigerian-real-estate-investment-pitfalls,https://chamanlawfirm.com/resources/blog/nigerian-real-estate-investment-pitfalls,not checked,image recovery needed,low/medium - editorial and legal review still required,low/medium - compare against existing live content before publication,66,"answer block, FAQs, lawyer CTA, practice-area links",Broad blog migration remains on hold; restore only through controlled lawyer-reviewed batches.
https://chamanlawfirm.com/family-law-issues-in-inter-country-adoption,Family Law Issues In Inter Country Adoption,,,family law,blog,not confirmed,5,1114,10.71,not available locally,not available locally,not available locally,,not public,none detected,image recovery needed,restore as blog post,/resources/blog/family-law-issues-in-inter-country-adoption,https://chamanlawfirm.com/resources/blog/family-law-issues-in-inter-country-adoption,not checked,image recovery needed,low/medium - editorial and legal review still required,low/medium - compare against existing live content before publication,66,"answer block, FAQs, lawyer CTA, practice-area links",Broad blog migration remains on hold; restore only through controlled lawyer-reviewed batches.
https://chamanlawfirm.com/evaluating-real-estate-investment-returns,Evaluating Real Estate Investment Returns,Powerful Steps: Evaluating Real Estate Investment Returns,Evaluating Real Estate Investment Returns and performance metrics to make informed decisions and maximize profitability in the property market.,property/title,blog,approved Sanity post; missing old-url redirect,5,1079,18.82,not available locally,not available locally,not available locally,,approved public,none detected,image and alt present in Sanity,exact redirect to existing live equivalent,/resources/blog/evaluating-real-estate-investment-returns,https://chamanlawfirm.com/resources/blog/evaluating-real-estate-investment-returns,included,image and alt present in Sanity,low/medium - editorial and legal review still required,low - already public,66,"answer block, FAQs, lawyer CTA, practice-area links",Broad blog migration remains on hold; restore only through controlled lawyer-reviewed batches.
https://chamanlawfirm.com/police-prosecution-in-nigerian-courts,Police Prosecution In Nigerian Courts,Proven Steps on Police Prosecution in Nigerian Courts,"Chaman Law Firm provides legal insights on police prosecution in Nigerian courts, ensuring justice, fairness, and legal compliance in criminal cases",litigation/ADR,blog,approved Sanity post; missing old-url redirect,19,3007,10.45,not available locally,not available locally,not available locally,,approved public,none detected,image and alt present in Sanity,exact redirect to existing live equivalent,/resources/blog/police-prosecution-in-nigerian-courts,https://chamanlawfirm.com/resources/blog/police-prosecution-in-nigerian-courts,included,image and alt present in Sanity,high - lawyer review required before publication,low - already public,65,"answer block, FAQs, lawyer CTA, practice-area links",Broad blog migration remains on hold; restore only through controlled lawyer-reviewed batches.
https://chamanlawfirm.com/powerful-steps-rights-of-an-employee-under,Powerful Steps Rights Of An Employee Under,,,employment law,blog,not confirmed,16,1547,22.81,not available locally,not available locally,not available locally,,not public,none detected,image recovery needed,restore as blog post,/resources/blog/powerful-steps-rights-of-an-employee-under,https://chamanlawfirm.com/resources/blog/powerful-steps-rights-of-an-employee-under,not checked,image recovery needed,low/medium - editorial and legal review still required,low/medium - compare against existing live content before publication,65,"answer block, FAQs, lawyer CTA, practice-area links",Broad blog migration remains on hold; restore only through controlled lawyer-reviewed batches.
https://chamanlawfirm.com/nigerias-security-law,Nigerias Security Law,,,general legal education,blog,not confirmed,13,2856,28.76,not available locally,not available locally,not available locally,,not public,none detected,image recovery needed,restore as blog post,/resources/blog/nigerias-security-law,https://chamanlawfirm.com/resources/blog/nigerias-security-law,not checked,image recovery needed,low/medium - editorial and legal review still required,low/medium - compare against existing live content before publication,64,"answer block, FAQs, lawyer CTA, practice-area links",Broad blog migration remains on hold; restore only through controlled lawyer-reviewed batches.
https://chamanlawfirm.com/how-to-get-your-money-back-bank-transfer,How To Get Your Money Back Bank Transfer,,,general legal education,blog,not confirmed,13,2826,20.44,not available locally,not available locally,not available locally,,not public,none detected,image recovery needed,restore as blog post,/resources/blog/how-to-get-your-money-back-bank-transfer,https://chamanlawfirm.com/resources/blog/how-to-get-your-money-back-bank-transfer,not checked,image recovery needed,low/medium - editorial and legal review still required,low/medium - compare against existing live content before publication,63,"answer block, FAQs, lawyer CTA, practice-area links",Broad blog migration remains on hold; restore only through controlled lawyer-reviewed batches.
https://chamanlawfirm.com/what-is-the-process-for-land-allocation-for-agricultural-purposes-under-the-land-use-act,What Is The Process For Land Allocation For Agricultural Purposes Under The Land Use Act,Land Allocation for Agricultural Purposes Under the Land Use Act,"Introduction: This article unveils the nuanced process of land allocation for agricultural purposes as stipulated by the Land Use Act in Nigeria. Dive into the regulatory framework, step-by-step procedures, and the sig",property/title,blog,approved Sanity post; missing old-url redirect,6,274,14.41,not available locally,not available locally,not available locally,,approved public,none detected,image and alt present in Sanity,exact redirect to existing live equivalent,/resources/blog/what-is-the-process-for-land-allocation-for-agricultural-purposes-under-the-land-use-act,https://chamanlawfirm.com/resources/blog/what-is-the-process-for-land-allocation-for-agricultural-purposes-under-the-land-use-act,included,image and alt present in Sanity,medium - verify current law and facts before publication,low - already public,63,"answer block, FAQs, lawyer CTA, practice-area links",Broad blog migration remains on hold; restore only through controlled lawyer-reviewed batches.
https://chamanlawfirm.com/6-proven-steps-to-labor-dispute-resolution,6 Proven Steps To Labor Dispute Resolution,,,litigation/ADR,blog,not confirmed,5,829,19.05,not available locally,not available locally,not available locally,,not public,none detected,image recovery needed,restore as blog post,/resources/blog/6-proven-steps-to-labor-dispute-resolution,https://chamanlawfirm.com/resources/blog/6-proven-steps-to-labor-dispute-resolution,not checked,image recovery needed,medium - verify current law and facts before publication,low/medium - compare against existing live content before publication,63,"answer block, FAQs, lawyer CTA, practice-area links",Broad blog migration remains on hold; restore only through controlled lawyer-reviewed batches.
https://chamanlawfirm.com/ogun-state-locations-for-diaspora-investment,Ogun State Locations For Diaspora Investment,,,general legal education,blog,not confirmed,5,809,10.81,not available locally,not available locally,not available locally,,not public,none detected,image recovery needed,restore as blog post,/resources/blog/ogun-state-locations-for-diaspora-investment,https://chamanlawfirm.com/resources/blog/ogun-state-locations-for-diaspora-investment,not checked,image recovery needed,low/medium - editorial and legal review still required,low/medium - compare against existing live content before publication,63,"answer block, FAQs, lawyer CTA, practice-area links",Broad blog migration remains on hold; restore only through controlled lawyer-reviewed batches.
https://chamanlawfirm.com/navigating-legal-issues-in-online-education,Navigating Legal Issues In Online Education,,,general legal education,blog,not confirmed,5,796,11.89,not available locally,not available locally,not available locally,,not public,none detected,image recovery needed,restore as blog post,/resources/blog/navigating-legal-issues-in-online-education,https://chamanlawfirm.com/resources/blog/navigating-legal-issues-in-online-education,not checked,image recovery needed,low/medium - editorial and legal review still required,low/medium - compare against existing live content before publication,63,"answer block, FAQs, lawyer CTA, practice-area links",Broad blog migration remains on hold; restore only through controlled lawyer-reviewed batches.
https://chamanlawfirm.com/reasons-yourland-title-verification-may-fail,Reasons Yourland Title Verification May Fail,Reasons Land Title Verification May Fail,"Land ownership in Lagos is a prized asset, but verifying a land title can be fraught with challenges. The land title verification process is a crucial step to avoid disputes, financial loss, or even legal battles. Desp",property/title,blog,approved Sanity post; missing old-url redirect,5,766,11.62,not available locally,not available locally,not available locally,,approved public,none detected,image and alt present in Sanity,exact redirect to existing live equivalent,/resources/blog/reasons-yourland-title-verification-may-fail,https://chamanlawfirm.com/resources/blog/reasons-yourland-title-verification-may-fail,included,image and alt present in Sanity,medium - verify current law and facts before publication,low - already public,63,"answer block, FAQs, lawyer CTA, practice-area links",Broad blog migration remains on hold; restore only through controlled lawyer-reviewed batches.
https://chamanlawfirm.com/legal-considerations-in-real-estate-investing,Legal Considerations In Real Estate Investing,,,property/title,blog,not confirmed,16,1187,20.56,not available locally,not available locally,not available locally,,not public,none detected,image recovery needed,restore as blog post,/resources/blog/legal-considerations-in-real-estate-investing,https://chamanlawfirm.com/resources/blog/legal-considerations-in-real-estate-investing,not checked,image recovery needed,low/medium - editorial and legal review still required,low/medium - compare against existing live content before publication,62,"answer block, FAQs, lawyer CTA, practice-area links",Broad blog migration remains on hold; restore only through controlled lawyer-reviewed batches.
https://chamanlawfirm.com/environmental-impact-assessments,Environmental Impact Assessments,,,general legal education,blog,not confirmed,13,2669,21.56,not available locally,not available locally,not available locally,,not public,none detected,image recovery needed,restore as blog post,/resources/blog/environmental-impact-assessments,https://chamanlawfirm.com/resources/blog/environmental-impact-assessments,not checked,image recovery needed,low/medium - editorial and legal review still required,low/medium - compare against existing live content before publication,62,"answer block, FAQs, lawyer CTA, practice-area links",Broad blog migration remains on hold; restore only through controlled lawyer-reviewed batches.
https://chamanlawfirm.com/telecommunication-projects-in-nigeria,Telecommunication Projects In Nigeria,,,general legal education,blog,not confirmed,15,1621,23.84,not available locally,not available locally,not available locally,,not public,none detected,image recovery needed,restore as blog post,/resources/blog/telecommunication-projects-in-nigeria,https://chamanlawfirm.com/resources/blog/telecommunication-projects-in-nigeria,not checked,image recovery needed,low/medium - editorial and legal review still required,low/medium - compare against existing live content before publication,61,"answer block, FAQs, lawyer CTA, practice-area links",Broad blog migration remains on hold; restore only through controlled lawyer-reviewed batches.
https://chamanlawfirm.com/cargo-insurance-policies,Cargo Insurance Policies,,,general legal education,blog,not confirmed,5,631,11.45,not available locally,not available locally,not available locally,,not public,none detected,image recovery needed,restore as blog post,/resources/blog/cargo-insurance-policies,https://chamanlawfirm.com/resources/blog/cargo-insurance-policies,not checked,image recovery needed,low/medium - editorial and legal review still required,low/medium - compare against existing live content before publication,61,"answer block, FAQs, lawyer CTA, practice-area links",Broad blog migration remains on hold; restore only through controlled lawyer-reviewed batches.
https://chamanlawfirm.com/why-you-need-a-certificate-of-occupancy-in-nigeria,Why You Need A Certificate Of Occupancy In Nigeria,Why You Need a Certificate of Occupancy in Nigeria,"OUR STORY Quality, not quantity We have made quality our habit. It’s not something that we just strive for – we live by this principle every day. WHY YOU NEED A CERTIFICATE OF OCCUPANCY IN NIGERIA The C of O serves as",property/title,blog,approved Sanity post; missing old-url redirect,5,623,15.26,not available locally,not available locally,not available locally,,approved public,none detected,image and alt present in Sanity,exact redirect to existing live equivalent,/resources/blog/why-you-need-a-certificate-of-occupancy-in-nigeria,https://chamanlawfirm.com/resources/blog/why-you-need-a-certificate-of-occupancy-in-nigeria,included,image and alt present in Sanity,low/medium - editorial and legal review still required,low - already public,61,"answer block, FAQs, lawyer CTA, practice-area links",Broad blog migration remains on hold; restore only through controlled lawyer-reviewed batches.
https://chamanlawfirm.com/7-legal-advice-for-employee-misconduct-cases,7 Legal Advice For Employee Misconduct Cases,,,employment law,blog,not confirmed,4,1096,13.84,not available locally,not available locally,not available locally,,not public,none detected,image recovery needed,restore as blog post,/resources/blog/7-legal-advice-for-employee-misconduct-cases,https://chamanlawfirm.com/resources/blog/7-legal-advice-for-employee-misconduct-cases,not checked,image recovery needed,low/medium - editorial and legal review still required,low/medium - compare against existing live content before publication,61,"answer block, FAQs, lawyer CTA, practice-area links",Broad blog migration remains on hold; restore only through controlled lawyer-reviewed batches.
https://chamanlawfirm.com/impact-of-technology-on-real-estate,Impact Of Technology On Real Estate,,,property/title,blog,not confirmed,14,2029,37.95,not available locally,not available locally,not available locally,,not public,none detected,image recovery needed,restore as blog post,/resources/blog/impact-of-technology-on-real-estate,https://chamanlawfirm.com/resources/blog/impact-of-technology-on-real-estate,not checked,image recovery needed,low/medium - editorial and legal review still required,low/medium - compare against existing live content before publication,60,"answer block, FAQs, lawyer CTA, practice-area links",Broad blog migration remains on hold; restore only through controlled lawyer-reviewed batches.
https://chamanlawfirm.com/what-is-the-role-of-the-surveyor-general-in-land-allocation-under-the-land-use-act,What Is The Role Of The Surveyor General In Land Allocation Under The Land Use Act,Role of the Surveyor-General in Land Allocation Under the Land Use Act,"Introduction: Embark on a journey through the intricate world of land allocation under the Land Use Act, unraveling the crucial role played by the Surveyor-General. This article explores the responsibilities, expertise",property/title,blog,approved Sanity post; missing old-url redirect,5,401,13.56,not available locally,not available locally,not available locally,,approved public,none detected,image and alt present in Sanity,exact redirect to existing live equivalent,/resources/blog/what-is-the-role-of-the-surveyor-general-in-land-allocation-under-the-land-use-act,https://chamanlawfirm.com/resources/blog/what-is-the-role-of-the-surveyor-general-in-land-allocation-under-the-land-use-act,included,image and alt present in Sanity,medium - verify current law and facts before publication,low - already public,59,"answer block, FAQs, lawyer CTA, practice-area links",Broad blog migration remains on hold; restore only through controlled lawyer-reviewed batches.
https://chamanlawfirm.com/moderationlaw-navigating-the-dynamic-digital,Moderationlaw Navigating The Dynamic Digital,,,general legal education,blog,not confirmed,17,314,39.11,not available locally,not available locally,not available locally,,not public,none detected,image recovery needed,restore as blog post,/resources/blog/moderationlaw-navigating-the-dynamic-digital,https://chamanlawfirm.com/resources/blog/moderationlaw-navigating-the-dynamic-digital,not checked,image recovery needed,low/medium - editorial and legal review still required,low/medium - compare against existing live content before publication,58,"answer block, FAQs, lawyer CTA, practice-area links",Broad blog migration remains on hold; restore only through controlled lawyer-reviewed batches.
https://chamanlawfirm.com/top-10-legal-mistakes-property-buyers-make-i,Top 10 Legal Mistakes Property Buyers Make I,Legal Mistakes Property Buyers Make in Nigeria,"Review common legal mistakes property buyers make in Nigeria, from title checks to documentation gaps, and when to consult a property lawyer.",property/title,blog,approved Sanity post; missing old-url redirect,5,260,14.11,not available locally,not available locally,not available locally,,approved public,none detected,image and alt present in Sanity,exact redirect to existing live equivalent,/resources/blog/top-10-legal-mistakes-property-buyers-make-i,https://chamanlawfirm.com/resources/blog/top-10-legal-mistakes-property-buyers-make-i,included,image and alt present in Sanity,medium - verify current law and facts before publication,low - already public,58,"answer block, FAQs, lawyer CTA, practice-area links",Broad blog migration remains on hold; restore only through controlled lawyer-reviewed batches.
https://chamanlawfirm.com/road-construction-project,Road Construction Project,,,general legal education,blog,not confirmed,13,2184,23.16,not available locally,not available locally,not available locally,,not public,none detected,image recovery needed,restore as blog post,/resources/blog/road-construction-project,https://chamanlawfirm.com/resources/blog/road-construction-project,not checked,image recovery needed,low/medium - editorial and legal review still required,low/medium - compare against existing live content before publication,57,"answer block, FAQs, lawyer CTA, practice-area links",Broad blog migration remains on hold; restore only through controlled lawyer-reviewed batches.
https://chamanlawfirm.com/top-5-intellectual-property-enforcement-stra,Top 5 Intellectual Property Enforcement Stra,Intellectual Property Enforcement Strategies in Nigeria,"Introduction In today’s competitive business environment, protecting your intellectual property (IP) is crucial for maintaining a unique brand identity, securing your innovations, and preserving competitive advantages.",property/title,blog,approved Sanity post; missing old-url redirect,5,237,13.81,not available locally,not available locally,not available locally,,approved public,none detected,image and alt present in Sanity,exact redirect to existing live equivalent,/resources/blog/top-5-intellectual-property-enforcement-stra,https://chamanlawfirm.com/resources/blog/top-5-intellectual-property-enforcement-stra,included,image and alt present in Sanity,medium - verify current law and facts before publication,low - already public,57,"answer block, FAQs, lawyer CTA, practice-area links",Broad blog migration remains on hold; restore only through controlled lawyer-reviewed batches.
https://chamanlawfirm.com/professional-certification,Professional Certification,,,general legal education,blog,not confirmed,5,235,17.06,not available locally,not available locally,not available locally,,not public,none detected,image recovery needed,restore as blog post,/resources/blog/professional-certification,https://chamanlawfirm.com/resources/blog/professional-certification,not checked,image recovery needed,low/medium - editorial and legal review still required,low/medium - compare against existing live content before publication,57,"answer block, FAQs, lawyer CTA, practice-area links",Broad blog migration remains on hold; restore only through controlled lawyer-reviewed batches.
https://chamanlawfirm.com/why-is-public-awareness-important-for-land-ownership-and-titles-in-nigeria,Why Is Public Awareness Important For Land Ownership And Titles In Nigeria,Why Public Awareness Matters for Land Ownership and Titles in Nigeria,"Introduction: Land is a precious and finite resource in Nigeria, and securing land ownership and titles is a crucial concern for individuals and communities. Public awareness about the importance of land ownership and",property/title,blog,approved Sanity post; missing old-url redirect,5,204,17.01,not available locally,not available locally,not available locally,,approved public,none detected,image and alt present in Sanity,exact redirect to existing live equivalent,/resources/blog/why-is-public-awareness-important-for-land-ownership-and-titles-in-nigeria,https://chamanlawfirm.com/resources/blog/why-is-public-awareness-important-for-land-ownership-and-titles-in-nigeria,included,image and alt present in Sanity,medium - verify current law and facts before publication,low - already public,57,"answer block, FAQs, lawyer CTA, practice-area links",Broad blog migration remains on hold; restore only through controlled lawyer-reviewed batches.
https://chamanlawfirm.com/innovative-material-techniques-in-construction,Innovative Material Techniques In Construction,,,general legal education,blog,not confirmed,14,1617,20.07,not available locally,not available locally,not available locally,,not public,none detected,image recovery needed,restore as blog post,/resources/blog/innovative-material-techniques-in-construction,https://chamanlawfirm.com/resources/blog/innovative-material-techniques-in-construction,not checked,image recovery needed,low/medium - editorial and legal review still required,low/medium - compare against existing live content before publication,56,"answer block, FAQs, lawyer CTA, practice-area links",Broad blog migration remains on hold; restore only through controlled lawyer-reviewed batches.
https://chamanlawfirm.com/confirm-if-an-estate-developer-is-genuine,Confirm If An Estate Developer Is Genuine,,,probate/estate,blog,not confirmed,8,1429,6.78,not available locally,not available locally,not available locally,,not public,none detected,image recovery needed,reject/archive,/resources/blog/confirm-if-an-estate-developer-is-genuine,https://chamanlawfirm.com/resources/blog/confirm-if-an-estate-developer-is-genuine,not checked,image recovery needed,blocked - off-brand/spam/luxury signal,low/medium - compare against existing live content before publication,54,"answer block, FAQs, lawyer CTA, practice-area links",Broad blog migration remains on hold; restore only through controlled lawyer-reviewed batches.
https://chamanlawfirm.com/high-rise-construction-challenges-in-nigeria,High Rise Construction Challenges In Nigeria,,,general legal education,blog,not confirmed,12,2303,21.37,not available locally,not available locally,not available locally,,not public,none detected,image recovery needed,restore as blog post,/resources/blog/high-rise-construction-challenges-in-nigeria,https://chamanlawfirm.com/resources/blog/high-rise-construction-challenges-in-nigeria,not checked,image recovery needed,low/medium - editorial and legal review still required,low/medium - compare against existing live content before publication,53,"answer block, FAQs, lawyer CTA, practice-area links",Broad blog migration remains on hold; restore only through controlled lawyer-reviewed batches.
https://chamanlawfirm.com/importance-of-energy-and-natural-resources-law,Importance Of Energy And Natural Resources Law,,,general legal education,blog,not confirmed,12,2265,41.77,not available locally,not available locally,not available locally,,not public,none detected,image recovery needed,restore as blog post,/resources/blog/importance-of-energy-and-natural-resources-law,https://chamanlawfirm.com/resources/blog/importance-of-energy-and-natural-resources-law,not checked,image recovery needed,low/medium - editorial and legal review still required,low/medium - compare against existing live content before publication,53,"answer block, FAQs, lawyer CTA, practice-area links",Broad blog migration remains on hold; restore only through controlled lawyer-reviewed batches.
https://chamanlawfirm.com/8-step-business-registration-process-in-lag,8 Step Business Registration Process In Lag,Business Registration Process in Lagos,"Introduction Starting a business in Lagos, Nigeria's economic hub, offers immense opportunities but also requires adherence to specific regulatory processes. Registering your business is a crucial step that legitimizes",corporate/commercial,blog,approved Sanity post; missing old-url redirect,10,3337,25.83,not available locally,not available locally,not available locally,,approved public,none detected,image and alt present in Sanity,exact redirect to existing live equivalent,/resources/blog/8-step-business-registration-process-in-lag,https://chamanlawfirm.com/resources/blog/8-step-business-registration-process-in-lag,included,image and alt present in Sanity,low/medium - editorial and legal review still required,low - already public,53,"answer block, FAQs, lawyer CTA, practice-area links",Broad blog migration remains on hold; restore only through controlled lawyer-reviewed batches.
https://chamanlawfirm.com/managing-cross-border-disputes-in-nigeria,Managing Cross Border Disputes In Nigeria,,,litigation/ADR,blog,not confirmed,15,712,26.71,not available locally,not available locally,not available locally,,not public,none detected,image recovery needed,restore as blog post,/resources/blog/managing-cross-border-disputes-in-nigeria,https://chamanlawfirm.com/resources/blog/managing-cross-border-disputes-in-nigeria,not checked,image recovery needed,medium - verify current law and facts before publication,low/medium - compare against existing live content before publication,52,"answer block, FAQs, lawyer CTA, practice-area links",Broad blog migration remains on hold; restore only through controlled lawyer-reviewed batches.
https://chamanlawfirm.com/implications-of-co-signing-a-lease-agreement,Implications Of Co Signing A Lease Agreement,,,general legal education,blog,not confirmed,9,3732,40.03,not available locally,not available locally,not available locally,,not public,none detected,image recovery needed,restore as blog post,/resources/blog/implications-of-co-signing-a-lease-agreement,https://chamanlawfirm.com/resources/blog/implications-of-co-signing-a-lease-agreement,not checked,image recovery needed,low/medium - editorial and legal review still required,low/medium - compare against existing live content before publication,52,"answer block, FAQs, lawyer CTA, practice-area links",Broad blog migration remains on hold; restore only through controlled lawyer-reviewed batches.
https://chamanlawfirm.com/duties-of-company-board-of-directors,Duties Of Company Board Of Directors,Proven Steps: Duties of Company Board of Directors,": Duties of Company Board of Directors, A company's Board of Directors (the ""Board"") has a significant impact....",corporate/commercial,blog,approved Sanity post; missing old-url redirect,8,4177,64.47,not available locally,not available locally,not available locally,,approved public,none detected,image and alt present in Sanity,exact redirect to existing live equivalent,/resources/blog/duties-of-company-board-of-directors,https://chamanlawfirm.com/resources/blog/duties-of-company-board-of-directors,included,image and alt present in Sanity,low/medium - editorial and legal review still required,low - already public,52,"answer block, FAQs, lawyer CTA, practice-area links",Broad blog migration remains on hold; restore only through controlled lawyer-reviewed batches.
https://chamanlawfirm.com/post-description-investing-in-retail-spaces-and-shopping-malls-in-nigeria-can-be-a-profitable-venture-this-article-explores-the-advantages-key-considerations-and-strategies-for-success-in-this-growin,Post Description Investing In Retail Spaces And Shopping Malls In Nigeria Can Be A Profitable Venture This Article Explores The Advantages Key Considerations And Strategies For Success In This Growin,,,general legal education,blog,not confirmed,11,2637,32.03,not available locally,not available locally,not available locally,,not public,none detected,image recovery needed,restore as blog post,/resources/blog/post-description-investing-in-retail-spaces-and-shopping-malls-in-nigeria-can-be-a-profitable-venture-this-article-explores-the-advantages-key-considerations-and-strategies-for-success-in-this-growin,https://chamanlawfirm.com/resources/blog/post-description-investing-in-retail-spaces-and-shopping-malls-in-nigeria-can-be-a-profitable-venture-this-article-explores-the-advantages-key-considerations-and-strategies-for-success-in-this-growin,not checked,image recovery needed,low/medium - editorial and legal review still required,low/medium - compare against existing live content before publication,51,"answer block, FAQs, lawyer CTA, practice-area links",Broad blog migration remains on hold; restore only through controlled lawyer-reviewed batches.
https://chamanlawfirm.com/extension-of-time-in-construction,Extension Of Time In Construction,,,general legal education,blog,not confirmed,13,1512,44.82,not available locally,not available locally,not available locally,,not public,none detected,image recovery needed,restore as blog post,/resources/blog/extension-of-time-in-construction,https://chamanlawfirm.com/resources/blog/extension-of-time-in-construction,not checked,image recovery needed,low/medium - editorial and legal review still required,low/medium - compare against existing live content before publication,50,"answer block, FAQs, lawyer CTA, practice-area links",Broad blog migration remains on hold; restore only through controlled lawyer-reviewed batches.
https://chamanlawfirm.com/legal-remedies-for-breach-of-contract,Legal Remedies For Breach Of Contract,Legal Remedies The Ultimate 10 Powerful Legal Remedies for Breach of Contract in Property Sales and Development Agreements,Legal Remedies The Ultimate 10 Powerful Legal Remedies for Breach of Contract in Property Sales and Development Agreements,corporate/commercial,blog,approved Sanity post; missing old-url redirect,13,1505,20.5,not available locally,not available locally,not available locally,,approved public,none detected,image and alt present in Sanity,exact redirect to existing live equivalent,/resources/blog/legal-remedies-for-breach-of-contract,https://chamanlawfirm.com/resources/blog/legal-remedies-for-breach-of-contract,included,image and alt present in Sanity,medium - verify current law and facts before publication,low - already public,50,"answer block, FAQs, lawyer CTA, practice-area links",Broad blog migration remains on hold; restore only through controlled lawyer-reviewed batches.
https://chamanlawfirm.com/autonomous-vehicles-nigerian-traffic-law,Autonomous Vehicles Nigerian Traffic Law,,,general legal education,blog,not confirmed,13,1389,22.57,not available locally,not available locally,not available locally,,not public,none detected,image recovery needed,restore as blog post,/resources/blog/autonomous-vehicles-nigerian-traffic-law,https://chamanlawfirm.com/resources/blog/autonomous-vehicles-nigerian-traffic-law,not checked,image recovery needed,low/medium - editorial and legal review still required,low/medium - compare against existing live content before publication,49,"answer block, FAQs, lawyer CTA, practice-area links",Broad blog migration remains on hold; restore only through controlled lawyer-reviewed batches.
https://chamanlawfirm.com/procedures-for-making-a-will-in-nigeria,Procedures For Making A Will In Nigeria,ULTIMATE PROCEDURES FOR MAKING A WILL IN NIGERIA,"ULTIMATE PROCEDURES FOR MAKING A WILL IN NIGERIA INTRODUCTION The making of a Will in Nigeria is not merely a legal formality, but a powerful testamentary instrument that determines how one’s assets and affairs will",probate/estate,blog,approved Sanity post; missing old-url redirect,16,2771,18.53,not available locally,not available locally,not available locally,,approved public,none detected,image and alt present in Sanity,exact redirect to existing live equivalent,/resources/blog/procedures-for-making-a-will-in-nigeria,https://chamanlawfirm.com/resources/blog/procedures-for-making-a-will-in-nigeria,included,image and alt present in Sanity,high - lawyer review required before publication,low - already public,48,"answer block, FAQs, lawyer CTA, practice-area links",Broad blog migration remains on hold; restore only through controlled lawyer-reviewed batches.
https://chamanlawfirm.com/overview-of-real-estate-law-in-nigeria,Overview Of Real Estate Law In Nigeria,,,property/title,blog,not confirmed,12,1666,25.24,not available locally,not available locally,not available locally,,not public,none detected,image recovery needed,restore as blog post,/resources/blog/overview-of-real-estate-law-in-nigeria,https://chamanlawfirm.com/resources/blog/overview-of-real-estate-law-in-nigeria,not checked,image recovery needed,low/medium - editorial and legal review still required,low/medium - compare against existing live content before publication,47,"answer block, FAQs, lawyer CTA, practice-area links",Broad blog migration remains on hold; restore only through controlled lawyer-reviewed batches.
https://chamanlawfirm.com/probate-for-a-deceased-estate-in-nigeria,Probate For A Deceased Estate In Nigeria,Powerful Way on Probate for a Deceased Estate in Nigeria,"Chaman Law Firm provides probate for a deceased estate in Nigeria, ensuring estate administration, legal compliance, and dispute resolution.",probate/estate,blog,approved Sanity post; missing old-url redirect,17,1958,15.14,not available locally,not available locally,not available locally,,approved public,none detected,image and alt present in Sanity,exact redirect to existing live equivalent,/resources/blog/probate-for-a-deceased-estate-in-nigeria,https://chamanlawfirm.com/resources/blog/probate-for-a-deceased-estate-in-nigeria,included,image and alt present in Sanity,high - lawyer review required before publication,low - already public,45,"answer block, FAQs, lawyer CTA, practice-area links",Broad blog migration remains on hold; restore only through controlled lawyer-reviewed batches.
https://chamanlawfirm.com/nigerian-e-commerce-operations,Nigerian E Commerce Operations,,,general legal education,blog,not confirmed,13,966,35.37,not available locally,not available locally,not available locally,,not public,none detected,image recovery needed,restore as blog post,/resources/blog/nigerian-e-commerce-operations,https://chamanlawfirm.com/resources/blog/nigerian-e-commerce-operations,not checked,image recovery needed,low/medium - editorial and legal review still required,low/medium - compare against existing live content before publication,45,"answer block, FAQs, lawyer CTA, practice-area links",Broad blog migration remains on hold; restore only through controlled lawyer-reviewed batches.
https://chamanlawfirm.com/how-to-register-an-ngo-in-nigeria-a-proven,How To Register An Ngo In Nigeria A Proven,,,general legal education,blog,not confirmed,9,3012,26.75,not available locally,not available locally,not available locally,,not public,none detected,image recovery needed,restore as blog post,/resources/blog/how-to-register-an-ngo-in-nigeria-a-proven,https://chamanlawfirm.com/resources/blog/how-to-register-an-ngo-in-nigeria-a-proven,not checked,image recovery needed,low/medium - editorial and legal review still required,low/medium - compare against existing live content before publication,45,"answer block, FAQs, lawyer CTA, practice-area links",Broad blog migration remains on hold; restore only through controlled lawyer-reviewed batches.
https://chamanlawfirm.com/roles-of-a-cybercrime-lawyer-in-nigeria,Roles Of A Cybercrime Lawyer In Nigeria,Roles of a Cybercrime Lawyer in Nigeria,"Introduction In today's digital age, the rise of technology has brought about both opportunities and challenges, particularly concerning cybercrime. Cybercrime encompasses a broad range of illegal activities conducted",general legal education,blog,approved Sanity post; missing old-url redirect,13,697,26.6,not available locally,not available locally,not available locally,,approved public,none detected,image and alt present in Sanity,exact redirect to existing live equivalent,/resources/blog/roles-of-a-cybercrime-lawyer-in-nigeria,https://chamanlawfirm.com/resources/blog/roles-of-a-cybercrime-lawyer-in-nigeria,included,image and alt present in Sanity,low/medium - editorial and legal review still required,low - already public,42,"answer block, FAQs, lawyer CTA, practice-area links",Broad blog migration remains on hold; restore only through controlled lawyer-reviewed batches.
https://chamanlawfirm.com/newblogpost-zjlntshistory-of-womens-right-in-nigeria,Newblogpost Zjlntshistory Of Womens Right In Nigeria,,,general legal education,blog,not confirmed,13,664,29.87,not available locally,not available locally,not available locally,,not public,none detected,image recovery needed,restore as blog post,/resources/blog/newblogpost-zjlntshistory-of-womens-right-in-nigeria,https://chamanlawfirm.com/resources/blog/newblogpost-zjlntshistory-of-womens-right-in-nigeria,not checked,image recovery needed,low/medium - editorial and legal review still required,low/medium - compare against existing live content before publication,42,"answer block, FAQs, lawyer CTA, practice-area links",Broad blog migration remains on hold; restore only through controlled lawyer-reviewed batches.
https://chamanlawfirm.com/importance-of-biometric-data-protection,Importance Of Biometric Data Protection,,,general legal education,blog,not confirmed,12,1166,38.13,not available locally,not available locally,not available locally,,not public,none detected,image recovery needed,restore as blog post,/resources/blog/importance-of-biometric-data-protection,https://chamanlawfirm.com/resources/blog/importance-of-biometric-data-protection,not checked,image recovery needed,low/medium - editorial and legal review still required,low/medium - compare against existing live content before publication,42,"answer block, FAQs, lawyer CTA, practice-area links",Broad blog migration remains on hold; restore only through controlled lawyer-reviewed batches.
https://chamanlawfirm.com/what-are-the-legal-steps-to-evict-a-tenant,What Are The Legal Steps To Evict A Tenant,,,property/title,blog,not confirmed,5,1645,5.45,not available locally,not available locally,not available locally,,not public,none detected,image recovery needed,restore as blog post,/resources/blog/what-are-the-legal-steps-to-evict-a-tenant,https://chamanlawfirm.com/resources/blog/what-are-the-legal-steps-to-evict-a-tenant,not checked,image recovery needed,high - lawyer review required before publication,low/medium - compare against existing live content before publication,41,"answer block, FAQs, lawyer CTA, practice-area links",Broad blog migration remains on hold; restore only through controlled lawyer-reviewed batches.
https://chamanlawfirm.com/joint-ventures-in-construction-projects,Joint Ventures In Construction Projects,,,general legal education,blog,not confirmed,12,1000,23.74,not available locally,not available locally,not available locally,,not public,none detected,image recovery needed,restore as blog post,/resources/blog/joint-ventures-in-construction-projects,https://chamanlawfirm.com/resources/blog/joint-ventures-in-construction-projects,not checked,image recovery needed,low/medium - editorial and legal review still required,low/medium - compare against existing live content before publication,40,"answer block, FAQs, lawyer CTA, practice-area links",Broad blog migration remains on hold; restore only through controlled lawyer-reviewed batches.
https://chamanlawfirm.com/navigating-legal-surrogacy-in-nigeria,Navigating Legal Surrogacy In Nigeria,,,general legal education,blog,not confirmed,12,978,23.15,not available locally,not available locally,not available locally,,not public,none detected,image recovery needed,restore as blog post,/resources/blog/navigating-legal-surrogacy-in-nigeria,https://chamanlawfirm.com/resources/blog/navigating-legal-surrogacy-in-nigeria,not checked,image recovery needed,low/medium - editorial and legal review still required,low/medium - compare against existing live content before publication,40,"answer block, FAQs, lawyer CTA, practice-area links",Broad blog migration remains on hold; restore only through controlled lawyer-reviewed batches.
https://chamanlawfirm.com/real-estate-investment-financing-in-nigeria,Real Estate Investment Financing In Nigeria,,,property/title,blog,not confirmed,9,2516,45.64,not available locally,not available locally,not available locally,,not public,none detected,image recovery needed,restore as blog post,/resources/blog/real-estate-investment-financing-in-nigeria,https://chamanlawfirm.com/resources/blog/real-estate-investment-financing-in-nigeria,not checked,image recovery needed,low/medium - editorial and legal review still required,low/medium - compare against existing live content before publication,40,"answer block, FAQs, lawyer CTA, practice-area links",Broad blog migration remains on hold; restore only through controlled lawyer-reviewed batches.
https://chamanlawfirm.com/beyond-the-spin-explore-premium-games-and,Beyond The Spin Explore Premium Games And,,,general legal education,blog,not confirmed,8,14,7.79,not available locally,not available locally,not available locally,,not public,none detected,image recovery needed,reject/archive,/resources/blog/beyond-the-spin-explore-premium-games-and,https://chamanlawfirm.com/resources/blog/beyond-the-spin-explore-premium-games-and,not checked,image recovery needed,blocked - off-brand/spam/luxury signal,low/medium - compare against existing live content before publication,40,"answer block, FAQs, lawyer CTA, practice-area links",Broad blog migration remains on hold; restore only through controlled lawyer-reviewed batches.
https://chamanlawfirm.com/construction-safety-and-certification,Construction Safety And Certification,,,general legal education,blog,not confirmed,10,1905,24.21,not available locally,not available locally,not available locally,,not public,none detected,image recovery needed,restore as blog post,/resources/blog/construction-safety-and-certification,https://chamanlawfirm.com/resources/blog/construction-safety-and-certification,not checked,image recovery needed,low/medium - editorial and legal review still required,low/medium - compare against existing live content before publication,39,"answer block, FAQs, lawyer CTA, practice-area links",Broad blog migration remains on hold; restore only through controlled lawyer-reviewed batches.
https://chamanlawfirm.com/real-estate-practice-in-nigeria,Real Estate Practice In Nigeria,,,property/title,blog,not confirmed,12,765,28.23,not available locally,not available locally,not available locally,,not public,none detected,image recovery needed,restore as blog post,/resources/blog/real-estate-practice-in-nigeria,https://chamanlawfirm.com/resources/blog/real-estate-practice-in-nigeria,not checked,image recovery needed,low/medium - editorial and legal review still required,low/medium - compare against existing live content before publication,38,"answer block, FAQs, lawyer CTA, practice-area links",Broad blog migration remains on hold; restore only through controlled lawyer-reviewed batches.
https://chamanlawfirm.com/cyber-crime-investigation-techniques,Cyber Crime Investigation Techniques,Cybercrime Investigation Techniques in Nigeria,"Cyber Crime Investigation Techniques Cybercrime in Nigeria encompasses a broad spectrum of activities, including phishing, hacking, online scams, and cyber...",general legal education,blog,approved Sanity post; missing old-url redirect,11,1314,21.56,not available locally,not available locally,not available locally,,approved public,none detected,image and alt present in Sanity,exact redirect to existing live equivalent,/resources/blog/cyber-crime-investigation-techniques,https://chamanlawfirm.com/resources/blog/cyber-crime-investigation-techniques,included,image and alt present in Sanity,low/medium - editorial and legal review still required,low - already public,38,"answer block, FAQs, lawyer CTA, practice-area links",Broad blog migration remains on hold; restore only through controlled lawyer-reviewed batches.
https://chamanlawfirm.com/technology-integration-in-construction,Technology Integration In Construction,,,general legal education,blog,not confirmed,11,1301,26.52,not available locally,not available locally,not available locally,,not public,none detected,image recovery needed,restore as blog post,/resources/blog/technology-integration-in-construction,https://chamanlawfirm.com/resources/blog/technology-integration-in-construction,not checked,image recovery needed,low/medium - editorial and legal review still required,low/medium - compare against existing live content before publication,38,"answer block, FAQs, lawyer CTA, practice-area links",Broad blog migration remains on hold; restore only through controlled lawyer-reviewed batches.
https://chamanlawfirm.com/cyber-law-and-privacy-issues-in-nigerian-iot,Cyber Law And Privacy Issues In Nigerian Iot,,,general legal education,blog,not confirmed,11,1157,34.55,not available locally,not available locally,not available locally,,not public,none detected,image recovery needed,restore as blog post,/resources/blog/cyber-law-and-privacy-issues-in-nigerian-iot,https://chamanlawfirm.com/resources/blog/cyber-law-and-privacy-issues-in-nigerian-iot,not checked,image recovery needed,low/medium - editorial and legal review still required,low/medium - compare against existing live content before publication,37,"answer block, FAQs, lawyer CTA, practice-area links",Broad blog migration remains on hold; restore only through controlled lawyer-reviewed batches.
https://chamanlawfirm.com/proven-steps-how-to-file-patent-in-nigeria,Proven Steps How To File Patent In Nigeria,Proven Steps: How to File Patent in Nigeria,"Discover How to File Patent in Nigeria, including key steps, legal requirements, and tips for securing protection for your unique invention",general legal education,blog,approved Sanity post; missing old-url redirect,10,1663,22.17,not available locally,not available locally,not available locally,,approved public,none detected,image and alt present in Sanity,exact redirect to existing live equivalent,/resources/blog/proven-steps-how-to-file-patent-in-nigeria,https://chamanlawfirm.com/resources/blog/proven-steps-how-to-file-patent-in-nigeria,included,image and alt present in Sanity,low/medium - editorial and legal review still required,low - already public,37,"answer block, FAQs, lawyer CTA, practice-area links",Broad blog migration remains on hold; restore only through controlled lawyer-reviewed batches.
https://chamanlawfirm.com/contractual-dispute-resolution,Contractual Dispute Resolution,Contractual Dispute Resolution; Avoid Legal Nightmares: Powerful Ways to Resolve Contractual Disputes Effectively,Contractual Dispute Resolution A contract is a formal agreement between two or more parties that establishes legally enforceable rights and obligations. It typically...,corporate/commercial,blog,approved Sanity post; missing old-url redirect,9,2183,62.27,not available locally,not available locally,not available locally,,approved public,none detected,image and alt present in Sanity,exact redirect to existing live equivalent,/resources/blog/contractual-dispute-resolution,https://chamanlawfirm.com/resources/blog/contractual-dispute-resolution,included,image and alt present in Sanity,medium - verify current law and facts before publication,low - already public,37,"answer block, FAQs, lawyer CTA, practice-area links",Broad blog migration remains on hold; restore only through controlled lawyer-reviewed batches.
https://chamanlawfirm.com/the-requirements-bank,The Requirements Bank,,,general legal education,blog,not confirmed,6,3673,25.07,not available locally,not available locally,not available locally,,not public,none detected,image recovery needed,restore as blog post,/resources/blog/the-requirements-bank,https://chamanlawfirm.com/resources/blog/the-requirements-bank,not checked,image recovery needed,low/medium - editorial and legal review still required,low/medium - compare against existing live content before publication,37,"answer block, FAQs, lawyer CTA, practice-area links",Broad blog migration remains on hold; restore only through controlled lawyer-reviewed batches.
https://chamanlawfirm.com/logistics-and-supply-chain-management,Logistics And Supply Chain Management,,,general legal education,blog,not confirmed,10,1577,24.05,not available locally,not available locally,not available locally,,not public,none detected,image recovery needed,restore as blog post,/resources/blog/logistics-and-supply-chain-management,https://chamanlawfirm.com/resources/blog/logistics-and-supply-chain-management,not checked,image recovery needed,low/medium - editorial and legal review still required,low/medium - compare against existing live content before publication,36,"answer block, FAQs, lawyer CTA, practice-area links",Broad blog migration remains on hold; restore only through controlled lawyer-reviewed batches.
https://chamanlawfirm.com/a-complete-guide-on-how-to-legalise-or-attest-a-document-in-nigeria,A Complete Guide On How To Legalise Or Attest A Document In Nigeria,,,notary/documentation,blog,not confirmed,11,985,20.32,not available locally,not available locally,not available locally,,not public,none detected,image recovery needed,restore as blog post,/resources/blog/a-complete-guide-on-how-to-legalise-or-attest-a-document-in-nigeria,https://chamanlawfirm.com/resources/blog/a-complete-guide-on-how-to-legalise-or-attest-a-document-in-nigeria,not checked,image recovery needed,low/medium - editorial and legal review still required,low/medium - compare against existing live content before publication,35,"answer block, FAQs, lawyer CTA, practice-area links",Broad blog migration remains on hold; restore only through controlled lawyer-reviewed batches.
https://chamanlawfirm.com/handling-cross-border-insolvency-issues,Handling Cross Border Insolvency Issues,,,general legal education,blog,not confirmed,12,427,26.28,not available locally,not available locally,not available locally,,not public,none detected,image recovery needed,restore as blog post,/resources/blog/handling-cross-border-insolvency-issues,https://chamanlawfirm.com/resources/blog/handling-cross-border-insolvency-issues,not checked,image recovery needed,low/medium - editorial and legal review still required,low/medium - compare against existing live content before publication,34,"answer block, FAQs, lawyer CTA, practice-area links",Broad blog migration remains on hold; restore only through controlled lawyer-reviewed batches.
https://chamanlawfirm.com/different-types-of-marriage-in-nigeria,Different Types Of Marriage In Nigeria,Different Types of Marriage in Nigeria | Legal Guide,"A comprehensive legal guide explaining the different types of marriage in Nigeria, their validity, legal implications, and rights of spouses.",property/title,blog,approved Sanity post; missing old-url redirect,5,884,7.9,not available locally,not available locally,not available locally,,approved public,none detected,image and alt present in Sanity,exact redirect to existing live equivalent,/resources/blog/different-types-of-marriage-in-nigeria,https://chamanlawfirm.com/resources/blog/different-types-of-marriage-in-nigeria,included,image and alt present in Sanity,high - lawyer review required before publication,low - already public,34,"answer block, FAQs, lawyer CTA, practice-area links",Broad blog migration remains on hold; restore only through controlled lawyer-reviewed batches.
https://chamanlawfirm.com/boardroom-disputes-and-governance-challenge,Boardroom Disputes And Governance Challenge,,,litigation/ADR,blog,not confirmed,11,830,29.23,not available locally,not available locally,not available locally,,not public,none detected,image recovery needed,restore as blog post,/resources/blog/boardroom-disputes-and-governance-challenge,https://chamanlawfirm.com/resources/blog/boardroom-disputes-and-governance-challenge,not checked,image recovery needed,medium - verify current law and facts before publication,low/medium - compare against existing live content before publication,33,"answer block, FAQs, lawyer CTA, practice-area links",Broad blog migration remains on hold; restore only through controlled lawyer-reviewed batches.
https://chamanlawfirm.com/debt-recovery-in-banking-sector,Debt Recovery In Banking Sector,Debt Recovery In Banking Sector; Critical Legal Insights into Debt Recovery in the Nigerian Banking Sector: How Banks Can Protect Their Assets and Minimize Losses,Debt Recovery In Banking Sector Debt recovery in the Nigerian banking sector is a topic of paramount importance...,corporate/commercial,blog,approved Sanity post; missing old-url redirect,10,1344,25.91,not available locally,not available locally,not available locally,,approved public,none detected,image and alt present in Sanity,exact redirect to existing live equivalent,/resources/blog/debt-recovery-in-banking-sector,https://chamanlawfirm.com/resources/blog/debt-recovery-in-banking-sector,included,image and alt present in Sanity,medium - verify current law and facts before publication,low - already public,33,"answer block, FAQs, lawyer CTA, practice-area links",Broad blog migration remains on hold; restore only through controlled lawyer-reviewed batches.
https://chamanlawfirm.com/legal-aspects-of-commercial-litigation,Legal Aspects Of Commercial Litigation,Legal Aspects Of Commercial Litigation; Powerful Insights into the Legal Pitfalls and Remedies in Commercial Litigation in Nigeria,"Legal Aspects Of Commercial Litigation In the dynamic landscape of business, commercial litigation serves as a crucial mechanism for resolving disputes. Understanding...",litigation/ADR,blog,approved Sanity post; missing old-url redirect,10,1251,20.86,not available locally,not available locally,not available locally,,approved public,none detected,image and alt present in Sanity,exact redirect to existing live equivalent,/resources/blog/legal-aspects-of-commercial-litigation,https://chamanlawfirm.com/resources/blog/legal-aspects-of-commercial-litigation,included,image and alt present in Sanity,low/medium - editorial and legal review still required,low - already public,33,"answer block, FAQs, lawyer CTA, practice-area links",Broad blog migration remains on hold; restore only through controlled lawyer-reviewed batches.
https://chamanlawfirm.com/partnership-with-real-estate-developers,Partnership With Real Estate Developers,,,property/title,blog,not confirmed,5,575,6.14,not available locally,not available locally,not available locally,,not public,none detected,image recovery needed,reject/archive,/resources/blog/partnership-with-real-estate-developers,https://chamanlawfirm.com/resources/blog/partnership-with-real-estate-developers,not checked,image recovery needed,blocked - off-brand/spam/luxury signal,low/medium - compare against existing live content before publication,31,"answer block, FAQs, lawyer CTA, practice-area links",Broad blog migration remains on hold; restore only through controlled lawyer-reviewed batches.
https://chamanlawfirm.com/rights-of-persons-living-with-disabilities,Rights Of Persons Living With Disabilities,,,general legal education,blog,not confirmed,10,926,28.02,not available locally,not available locally,not available locally,,not public,none detected,image recovery needed,restore as blog post,/resources/blog/rights-of-persons-living-with-disabilities,https://chamanlawfirm.com/resources/blog/rights-of-persons-living-with-disabilities,not checked,image recovery needed,low/medium - editorial and legal review still required,low/medium - compare against existing live content before publication,29,"answer block, FAQs, lawyer CTA, practice-area links",Broad blog migration remains on hold; restore only through controlled lawyer-reviewed batches.
https://chamanlawfirm.com/mastering-nigerian-company-law-essentialstep,Mastering Nigerian Company Law Essentialstep,Essential Steps in Nigerian Company Law,"Introduction Mastering Nigerian company law is governed by the Companies and Allied Matters Act (CAMA), which was enacted in 1990. The Act regulates the incorporation, operation, and winding up of companies in Nigeria.",corporate/commercial,blog,approved Sanity post; missing old-url redirect,9,1443,26.35,not available locally,not available locally,not available locally,,approved public,none detected,image and alt present in Sanity,exact redirect to existing live equivalent,/resources/blog/mastering-nigerian-company-law-essentialstep,https://chamanlawfirm.com/resources/blog/mastering-nigerian-company-law-essentialstep,included,image and alt present in Sanity,low/medium - editorial and legal review still required,low - already public,29,"answer block, FAQs, lawyer CTA, practice-area links",Broad blog migration remains on hold; restore only through controlled lawyer-reviewed batches.
https://chamanlawfirm.com/cyber-law-nigerian-cultural-heritage,Cyber Law Nigerian Cultural Heritage,,,general legal education,blog,not confirmed,10,848,37.53,not available locally,not available locally,not available locally,,not public,none detected,image recovery needed,restore as blog post,/resources/blog/cyber-law-nigerian-cultural-heritage,https://chamanlawfirm.com/resources/blog/cyber-law-nigerian-cultural-heritage,not checked,image recovery needed,low/medium - editorial and legal review still required,low/medium - compare against existing live content before publication,28,"answer block, FAQs, lawyer CTA, practice-area links",Broad blog migration remains on hold; restore only through controlled lawyer-reviewed batches.
https://chamanlawfirm.com/when-can-an-arrest-be-validly-made,When Can An Arrest Be Validly Made,,,general legal education,blog,not confirmed,9,1290,21.06,not available locally,not available locally,not available locally,,not public,none detected,image recovery needed,restore as blog post,/resources/blog/when-can-an-arrest-be-validly-made,https://chamanlawfirm.com/resources/blog/when-can-an-arrest-be-validly-made,not checked,image recovery needed,low/medium - editorial and legal review still required,low/medium - compare against existing live content before publication,28,"answer block, FAQs, lawyer CTA, practice-area links",Broad blog migration remains on hold; restore only through controlled lawyer-reviewed batches.
https://chamanlawfirm.com/what-is-the-legal-way-to-safeguard-your-will,What Is The Legal Way To Safeguard Your Will,Legal Ways to Safeguard Your Will in Nigeria,Introduction What is the legal way to safeguard your Will? What is a will? A Will is legal document in which an individual known as the testator describes how he/she would want his/her asset to be distributed upon thei,probate/estate,blog,approved Sanity post; missing old-url redirect,5,266,9.11,not available locally,not available locally,not available locally,,approved public,none detected,image and alt present in Sanity,exact redirect to existing live equivalent,/resources/blog/what-is-the-legal-way-to-safeguard-your-will,https://chamanlawfirm.com/resources/blog/what-is-the-legal-way-to-safeguard-your-will,included,image and alt present in Sanity,high - lawyer review required before publication,low - already public,28,"answer block, FAQs, lawyer CTA, practice-area links",Broad blog migration remains on hold; restore only through controlled lawyer-reviewed batches.
https://chamanlawfirm.com/legal-framework-for-affordable-housing,Legal Framework For Affordable Housing,,,general legal education,blog,not confirmed,10,730,26.45,not available locally,not available locally,not available locally,,not public,none detected,image recovery needed,restore as blog post,/resources/blog/legal-framework-for-affordable-housing,https://chamanlawfirm.com/resources/blog/legal-framework-for-affordable-housing,not checked,image recovery needed,low/medium - editorial and legal review still required,low/medium - compare against existing live content before publication,27,"answer block, FAQs, lawyer CTA, practice-area links",Broad blog migration remains on hold; restore only through controlled lawyer-reviewed batches.
https://chamanlawfirm.com/safety-standard-in-nigeria-construction,Safety Standard In Nigeria Construction,,,general legal education,blog,not confirmed,9,1220,20.03,not available locally,not available locally,not available locally,,not public,none detected,image recovery needed,restore as blog post,/resources/blog/safety-standard-in-nigeria-construction,https://chamanlawfirm.com/resources/blog/safety-standard-in-nigeria-construction,not checked,image recovery needed,low/medium - editorial and legal review still required,low/medium - compare against existing live content before publication,27,"answer block, FAQs, lawyer CTA, practice-area links",Broad blog migration remains on hold; restore only through controlled lawyer-reviewed batches.
https://chamanlawfirm.com/company-registration-in-nigeria,Company Registration In Nigeria,Company Registration In Nigeria | Chaman Law Firm,"Company Registration In Nigeria made easy! Chaman Law Firm provides fast, reliable, and hassle-free business registration services.",corporate/commercial,blog,approved Sanity post; missing old-url redirect,9,1123,25.28,not available locally,not available locally,not available locally,,approved public,none detected,image and alt present in Sanity,exact redirect to existing live equivalent,/resources/blog/company-registration-in-nigeria,https://chamanlawfirm.com/resources/blog/company-registration-in-nigeria,included,image and alt present in Sanity,low/medium - editorial and legal review still required,low - already public,26,"answer block, FAQs, lawyer CTA, practice-area links",Broad blog migration remains on hold; restore only through controlled lawyer-reviewed batches.
https://chamanlawfirm.com/compliance-with-debt-recovery-regulations,Compliance With Debt Recovery Regulations,Compliance With Debt Recovery Regulations: Powerful Strategies for Ensuring Full Compliance with Debt Recovery Regulations,"Compliance With Debt Recovery Regulations Debt recovery is a critical aspect of any economy as it ensures that lenders are able to recover funds lent to borrowers, thus maintaining...",debt recovery,blog,approved Sanity post; missing old-url redirect,8,1638,30.55,not available locally,not available locally,not available locally,,approved public,none detected,image and alt present in Sanity,exact redirect to existing live equivalent,/resources/blog/compliance-with-debt-recovery-regulations,https://chamanlawfirm.com/resources/blog/compliance-with-debt-recovery-regulations,included,image and alt present in Sanity,medium - verify current law and facts before publication,low - already public,26,"answer block, FAQs, lawyer CTA, practice-area links",Broad blog migration remains on hold; restore only through controlled lawyer-reviewed batches.
https://chamanlawfirm.com/due-diligence-in-real-estate-transaction,Due Diligence In Real Estate Transaction,Due Diligence in Real Estate Transactions,"DUE DILIGENCE IN REAL ESTATE TRANSACTION,Due diligence is the process of gathering information regarding the legal,",property/title,blog,approved Sanity post; missing old-url redirect,8,1576,60.81,not available locally,not available locally,not available locally,,approved public,none detected,image and alt present in Sanity,exact redirect to existing live equivalent,/resources/blog/due-diligence-in-real-estate-transaction,https://chamanlawfirm.com/resources/blog/due-diligence-in-real-estate-transaction,included,image and alt present in Sanity,low/medium - editorial and legal review still required,low - already public,26,"answer block, FAQs, lawyer CTA, practice-area links",Broad blog migration remains on hold; restore only through controlled lawyer-reviewed batches.
https://chamanlawfirm.com/strategies-for-successful-dispute-resolution,Strategies For Successful Dispute Resolution,,,litigation/ADR,blog,not confirmed,6,2579,41.34,not available locally,not available locally,not available locally,,not public,none detected,image recovery needed,restore as blog post,/resources/blog/strategies-for-successful-dispute-resolution,https://chamanlawfirm.com/resources/blog/strategies-for-successful-dispute-resolution,not checked,image recovery needed,medium - verify current law and facts before publication,low/medium - compare against existing live content before publication,26,"answer block, FAQs, lawyer CTA, practice-area links",Broad blog migration remains on hold; restore only through controlled lawyer-reviewed batches.
https://chamanlawfirm.com/intellectual-property-in-franchise-operations,Intellectual Property In Franchise Operations,Intellectual Property In Franchise Operations; Unlocking Franchise Success: The Critical Role Of Intellectual Property In Franchise Operations,"Intellectual Property In Franchise Operations Franchising is one of the most popular business models in today’s global economy, allowing entrepreneurs to expand...",property/title,blog,approved Sanity post; missing old-url redirect,8,1483,21.47,not available locally,not available locally,not available locally,,approved public,none detected,image and alt present in Sanity,exact redirect to existing live equivalent,/resources/blog/intellectual-property-in-franchise-operations,https://chamanlawfirm.com/resources/blog/intellectual-property-in-franchise-operations,included,image and alt present in Sanity,medium - verify current law and facts before publication,low - already public,25,"answer block, FAQs, lawyer CTA, practice-area links",Broad blog migration remains on hold; restore only through controlled lawyer-reviewed batches.
https://chamanlawfirm.com/managing-corporate-reputation,Managing Corporate Reputation,Managing Corporate Reputation in Nigeria | Chaman Law Firm,"Understand legal strategies for protecting corporate reputation in Nigeria, managing disputes, and responding to regulatory or commercial risks.",corporate/commercial,blog,approved Sanity post; missing old-url redirect,7,1968,52.9,not available locally,not available locally,not available locally,,approved public,none detected,image and alt present in Sanity,exact redirect to existing live equivalent,/resources/blog/managing-corporate-reputation,https://chamanlawfirm.com/resources/blog/managing-corporate-reputation,included,image and alt present in Sanity,low/medium - editorial and legal review still required,low - already public,25,"answer block, FAQs, lawyer CTA, practice-area links",Broad blog migration remains on hold; restore only through controlled lawyer-reviewed batches.
https://chamanlawfirm.com/corporate-tax-obligations-in-nigeria,Corporate Tax Obligations In Nigeria,Corporate Tax Obligations in Nigeria; Essential Guide: Avoid Costly Mistakes While Understanding Corporate Tax Obligations in Nigeria,"Corporate Tax Obligations in Nigeria Corporate tax obligations are fundamental to the legal and economic framework of Nigeria, impacting all business...",corporate/commercial,blog,approved Sanity post; missing old-url redirect,6,2474,33.49,not available locally,not available locally,not available locally,,approved public,none detected,image and alt present in Sanity,exact redirect to existing live equivalent,/resources/blog/corporate-tax-obligations-in-nigeria,https://chamanlawfirm.com/resources/blog/corporate-tax-obligations-in-nigeria,included,image and alt present in Sanity,medium - verify current law and facts before publication,low - already public,25,"answer block, FAQs, lawyer CTA, practice-area links",Broad blog migration remains on hold; restore only through controlled lawyer-reviewed batches.
https://chamanlawfirm.com/beyond-the-spin-elevate-your-play-with-thousands-2,Beyond The Spin Elevate Your Play With Thousands 2,,,general legal education,blog,not confirmed,5,11,5.45,not available locally,not available locally,not available locally,,not public,none detected,image recovery needed,reject/archive,/resources/blog/beyond-the-spin-elevate-your-play-with-thousands-2,https://chamanlawfirm.com/resources/blog/beyond-the-spin-elevate-your-play-with-thousands-2,not checked,image recovery needed,blocked - off-brand/spam/luxury signal,low/medium - compare against existing live content before publication,25,"answer block, FAQs, lawyer CTA, practice-area links",Broad blog migration remains on hold; restore only through controlled lawyer-reviewed batches.
https://chamanlawfirm.com/the-cyber-crime-investigation-procedure,The Cyber Crime Investigation Procedure,Cybercrime Investigation Procedure in Nigeria,"Introduction Cyber crime poses a significant threat to individuals, businesses, and national security in Nigeria, necessitating robust investigation procedures to combat these offenses effectively. This article explore",general legal education,blog,approved Sanity post; missing old-url redirect,9,861,27.09,not available locally,not available locally,not available locally,,approved public,none detected,image and alt present in Sanity,exact redirect to existing live equivalent,/resources/blog/the-cyber-crime-investigation-procedure,https://chamanlawfirm.com/resources/blog/the-cyber-crime-investigation-procedure,included,image and alt present in Sanity,low/medium - editorial and legal review still required,low - already public,24,"answer block, FAQs, lawyer CTA, practice-area links",Broad blog migration remains on hold; restore only through controlled lawyer-reviewed batches.
https://chamanlawfirm.com/venture-capital-in-nigeria,Venture Capital In Nigeria,,,general legal education,blog,not confirmed,8,1388,33.35,not available locally,not available locally,not available locally,,not public,none detected,image recovery needed,restore as blog post,/resources/blog/venture-capital-in-nigeria,https://chamanlawfirm.com/resources/blog/venture-capital-in-nigeria,not checked,image recovery needed,low/medium - editorial and legal review still required,low/medium - compare against existing live content before publication,24,"answer block, FAQs, lawyer CTA, practice-area links",Broad blog migration remains on hold; restore only through controlled lawyer-reviewed batches.
https://chamanlawfirm.com/aim-to-improve-land-titles-and-ownership,Aim To Improve Land Titles And Ownership,Powerful Steps: Aim to Improve Land Titles and Ownership,"proposed Reforms Aim to Improve Land Titles and Ownership in Nigeria, focusing on digitalization, decentralization, and legal framework updates",property/title,blog,approved Sanity post; missing old-url redirect,9,833,24.27,not available locally,not available locally,not available locally,,approved public,none detected,image and alt present in Sanity,exact redirect to existing live equivalent,/resources/blog/aim-to-improve-land-titles-and-ownership,https://chamanlawfirm.com/resources/blog/aim-to-improve-land-titles-and-ownership,included,image and alt present in Sanity,medium - verify current law and facts before publication,low - already public,23,"answer block, FAQs, lawyer CTA, practice-area links",Broad blog migration remains on hold; restore only through controlled lawyer-reviewed batches.
https://chamanlawfirm.com/an-overview-of-law-office-management,An Overview Of Law Office Management,,,general legal education,blog,not confirmed,6,2318,64.73,not available locally,not available locally,not available locally,,not public,none detected,image recovery needed,restore as blog post,/resources/blog/an-overview-of-law-office-management,https://chamanlawfirm.com/resources/blog/an-overview-of-law-office-management,not checked,image recovery needed,low/medium - editorial and legal review still required,low/medium - compare against existing live content before publication,23,"answer block, FAQs, lawyer CTA, practice-area links",Broad blog migration remains on hold; restore only through controlled lawyer-reviewed batches.
https://chamanlawfirm.com/legal-considerations-for-cross-border-disputes,Legal Considerations For Cross Border Disputes,,,litigation/ADR,blog,not confirmed,6,2272,61.81,not available locally,not available locally,not available locally,,not public,none detected,image recovery needed,restore as blog post,/resources/blog/legal-considerations-for-cross-border-disputes,https://chamanlawfirm.com/resources/blog/legal-considerations-for-cross-border-disputes,not checked,image recovery needed,medium - verify current law and facts before publication,low/medium - compare against existing live content before publication,23,"answer block, FAQs, lawyer CTA, practice-area links",Broad blog migration remains on hold; restore only through controlled lawyer-reviewed batches.
https://chamanlawfirm.com/northern-infrastructure-projects,Northern Infrastructure Projects,,,general legal education,blog,not confirmed,9,612,32.91,not available locally,not available locally,not available locally,,not public,none detected,image recovery needed,restore as blog post,/resources/blog/northern-infrastructure-projects,https://chamanlawfirm.com/resources/blog/northern-infrastructure-projects,not checked,image recovery needed,low/medium - editorial and legal review still required,low/medium - compare against existing live content before publication,21,"answer block, FAQs, lawyer CTA, practice-area links",Broad blog migration remains on hold; restore only through controlled lawyer-reviewed batches.
https://chamanlawfirm.com/crucial-role-of-insolvency-practitioners,Crucial Role Of Insolvency Practitioners,,,general legal education,blog,not confirmed,9,599,21.89,not available locally,not available locally,not available locally,,not public,none detected,image recovery needed,restore as blog post,/resources/blog/crucial-role-of-insolvency-practitioners,https://chamanlawfirm.com/resources/blog/crucial-role-of-insolvency-practitioners,not checked,image recovery needed,low/medium - editorial and legal review still required,low/medium - compare against existing live content before publication,21,"answer block, FAQs, lawyer CTA, practice-area links",Broad blog migration remains on hold; restore only through controlled lawyer-reviewed batches.
https://chamanlawfirm.com/corporate-fraud-and-mismanagement,Corporate Fraud And Mismanagement,Corporate Fraud And Mismanagement; Essential Strategies For Combating Corporate Fraud And Mismanagement,Corporate Fraud And Mismanagement; Essential Strategies For Combating Corporate Fraud And Mismanagement...,corporate/commercial,blog,approved Sanity post; missing old-url redirect,8,1017,50.22,not available locally,not available locally,not available locally,,approved public,none detected,image and alt present in Sanity,exact redirect to existing live equivalent,/resources/blog/corporate-fraud-and-mismanagement,https://chamanlawfirm.com/resources/blog/corporate-fraud-and-mismanagement,included,image and alt present in Sanity,low/medium - editorial and legal review still required,low - already public,20,"answer block, FAQs, lawyer CTA, practice-area links",Broad blog migration remains on hold; restore only through controlled lawyer-reviewed batches.
https://chamanlawfirm.com/enhancing-nigerian-immigration-security-2,Enhancing Nigerian Immigration Security 2,Enhancing Nigerian Immigration Security | Chaman Law Firm,"Explore Nigerian immigration security, compliance obligations, border-management issues, and when businesses or individuals should seek legal guidance.",immigration,blog,approved Sanity post; missing old-url redirect,7,1524,27.61,not available locally,not available locally,not available locally,,approved public,none detected,image and alt present in Sanity,exact redirect to existing live equivalent,/resources/blog/enhancing-nigerian-immigration-security-2,https://chamanlawfirm.com/resources/blog/enhancing-nigerian-immigration-security-2,included,image and alt present in Sanity,medium - verify current law and facts before publication,low - already public,20,"answer block, FAQs, lawyer CTA, practice-area links",Broad blog migration remains on hold; restore only through controlled lawyer-reviewed batches.
https://chamanlawfirm.com/compliance-and-governance-for-ngos,Compliance And Governance For Ngos,,,general legal education,blog,not confirmed,7,1514,33.83,not available locally,not available locally,not available locally,,not public,none detected,image recovery needed,restore as blog post,/resources/blog/compliance-and-governance-for-ngos,https://chamanlawfirm.com/resources/blog/compliance-and-governance-for-ngos,not checked,image recovery needed,low/medium - editorial and legal review still required,low/medium - compare against existing live content before publication,20,"answer block, FAQs, lawyer CTA, practice-area links",Broad blog migration remains on hold; restore only through controlled lawyer-reviewed batches.
https://chamanlawfirm.com/corporate-debt-management-practices,Corporate Debt Management Practices,Corporate Debt Management in Nigeria | Chaman Law Firm,"Understand corporate debt management practices in Nigeria, risk control, negotiation, compliance, and when legal support may be needed.",corporate/commercial,blog,approved Sanity post; missing old-url redirect,6,2014,54.9,not available locally,not available locally,not available locally,,approved public,none detected,image and alt present in Sanity,exact redirect to existing live equivalent,/resources/blog/corporate-debt-management-practices,https://chamanlawfirm.com/resources/blog/corporate-debt-management-practices,included,image and alt present in Sanity,medium - verify current law and facts before publication,low - already public,20,"answer block, FAQs, lawyer CTA, practice-area links",Broad blog migration remains on hold; restore only through controlled lawyer-reviewed batches.
https://chamanlawfirm.com/legal-assistance-for-visa-appeals-5-step,Legal Assistance For Visa Appeals 5 Step,Legal Assistance for Visa Appeals in Nigeria,"Introduction Obtaining a visa can be a complex and lengthy process, and in some cases, visa applications may be denied. If you have had your visa application rejected, all hope is not lost—you may have the right to app",immigration,blog,approved Sanity post; missing old-url redirect,8,856,25.38,not available locally,not available locally,not available locally,,approved public,none detected,image and alt present in Sanity,exact redirect to existing live equivalent,/resources/blog/legal-assistance-for-visa-appeals-5-step,https://chamanlawfirm.com/resources/blog/legal-assistance-for-visa-appeals-5-step,included,image and alt present in Sanity,low/medium - editorial and legal review still required,low - already public,19,"answer block, FAQs, lawyer CTA, practice-area links",Broad blog migration remains on hold; restore only through controlled lawyer-reviewed batches.
https://chamanlawfirm.com/how-to-draft-a-commercial-contract-a-proven,How To Draft A Commercial Contract A Proven,How to Draft a Commercial Contract in Nigeria,Introduction Drafting a commercial contract is essential to ensure that both parties in a business transaction are protected legally and have a clear understanding of their obligations and rights. A well-drafted contra,corporate/commercial,blog,approved Sanity post; missing old-url redirect,7,1424,33.36,not available locally,not available locally,not available locally,,approved public,none detected,image and alt present in Sanity,exact redirect to existing live equivalent,/resources/blog/how-to-draft-a-commercial-contract-a-proven,https://chamanlawfirm.com/resources/blog/how-to-draft-a-commercial-contract-a-proven,included,image and alt present in Sanity,medium - verify current law and facts before publication,low - already public,19,"answer block, FAQs, lawyer CTA, practice-area links",Broad blog migration remains on hold; restore only through controlled lawyer-reviewed batches.
https://chamanlawfirm.com/the-legal-framework-for-venture-capital,The Legal Framework For Venture Capital,,,general legal education,blog,not confirmed,6,1816,57.08,not available locally,not available locally,not available locally,,not public,none detected,image recovery needed,restore as blog post,/resources/blog/the-legal-framework-for-venture-capital,https://chamanlawfirm.com/resources/blog/the-legal-framework-for-venture-capital,not checked,image recovery needed,low/medium - editorial and legal review still required,low/medium - compare against existing live content before publication,18,"answer block, FAQs, lawyer CTA, practice-area links",Broad blog migration remains on hold; restore only through controlled lawyer-reviewed batches.
https://chamanlawfirm.com/legal-framework-for-virtual-reality-4-key-n,Legal Framework For Virtual Reality 4 Key N,,,general legal education,blog,not confirmed,8,710,25.08,not available locally,not available locally,not available locally,,not public,none detected,image recovery needed,restore as blog post,/resources/blog/legal-framework-for-virtual-reality-4-key-n,https://chamanlawfirm.com/resources/blog/legal-framework-for-virtual-reality-4-key-n,not checked,image recovery needed,low/medium - editorial and legal review still required,low/medium - compare against existing live content before publication,17,"answer block, FAQs, lawyer CTA, practice-area links",Broad blog migration remains on hold; restore only through controlled lawyer-reviewed batches.
https://chamanlawfirm.com/free-open-lawyer-software,Free Open Lawyer Software,,,general legal education,blog,not confirmed,6,1732,41.68,not available locally,not available locally,not available locally,,not public,none detected,image recovery needed,restore as blog post,/resources/blog/free-open-lawyer-software,https://chamanlawfirm.com/resources/blog/free-open-lawyer-software,not checked,image recovery needed,low/medium - editorial and legal review still required,low/medium - compare against existing live content before publication,17,"answer block, FAQs, lawyer CTA, practice-area links",Broad blog migration remains on hold; restore only through controlled lawyer-reviewed batches.
https://chamanlawfirm.com/legal-aspects-of-mergers-and-acquisitions,Legal Aspects Of Mergers And Acquisitions,,,general legal education,blog,not confirmed,6,1661,47.48,not available locally,not available locally,not available locally,,not public,none detected,image recovery needed,restore as blog post,/resources/blog/legal-aspects-of-mergers-and-acquisitions,https://chamanlawfirm.com/resources/blog/legal-aspects-of-mergers-and-acquisitions,not checked,image recovery needed,low/medium - editorial and legal review still required,low/medium - compare against existing live content before publication,17,"answer block, FAQs, lawyer CTA, practice-area links",Broad blog migration remains on hold; restore only through controlled lawyer-reviewed batches.
https://chamanlawfirm.com/securities-and-exchange-commission-in-nigeria,Securities And Exchange Commission In Nigeria,,,general legal education,blog,not confirmed,6,1652,22,not available locally,not available locally,not available locally,,not public,none detected,image recovery needed,restore as blog post,/resources/blog/securities-and-exchange-commission-in-nigeria,https://chamanlawfirm.com/resources/blog/securities-and-exchange-commission-in-nigeria,not checked,image recovery needed,low/medium - editorial and legal review still required,low/medium - compare against existing live content before publication,17,"answer block, FAQs, lawyer CTA, practice-area links",Broad blog migration remains on hold; restore only through controlled lawyer-reviewed batches.
https://chamanlawfirm.com/does-a-consumer-has-rights-in-nigeria,Does A Consumer Has Rights In Nigeria,,,general legal education,blog,not confirmed,4,2661,28.92,not available locally,not available locally,not available locally,,not public,none detected,image recovery needed,restore as blog post,/resources/blog/does-a-consumer-has-rights-in-nigeria,https://chamanlawfirm.com/resources/blog/does-a-consumer-has-rights-in-nigeria,not checked,image recovery needed,low/medium - editorial and legal review still required,low/medium - compare against existing live content before publication,17,"answer block, FAQs, lawyer CTA, practice-area links",Broad blog migration remains on hold; restore only through controlled lawyer-reviewed batches.
https://chamanlawfirm.com/review-of-corporate-affairs-commission-share-capital-for-company-registration-in-nigeria,Review Of Corporate Affairs Commission Share Capital For Company Registration In Nigeria,Corporate Affairs Commission Share Capital Requirements for Company Registration,REVIEW OF CORPORATE AFFAIRS COMMISSION SHARE CAPITAL FOR COMPANY REGISTRATION IN NIGERIA A minimum share capital threshold must be met by individuals wishing to form a company in particular Nigerian industries and econ,corporate/commercial,blog,approved Sanity post; missing old-url redirect,4,2565,35.48,not available locally,not available locally,not available locally,,approved public,none detected,image and alt present in Sanity,exact redirect to existing live equivalent,/resources/blog/review-of-corporate-affairs-commission-share-capital-for-company-registration-in-nigeria,https://chamanlawfirm.com/resources/blog/review-of-corporate-affairs-commission-share-capital-for-company-registration-in-nigeria,included,image and alt present in Sanity,low/medium - editorial and legal review still required,low - already public,16,"answer block, FAQs, lawyer CTA, practice-area links",Broad blog migration remains on hold; restore only through controlled lawyer-reviewed batches.
https://chamanlawfirm.com/impact-of-dispute-resolution,Impact Of Dispute Resolution,,,litigation/ADR,blog,not confirmed,7,986,25.58,not available locally,not available locally,not available locally,,not public,none detected,image recovery needed,restore as blog post,/resources/blog/impact-of-dispute-resolution,https://chamanlawfirm.com/resources/blog/impact-of-dispute-resolution,not checked,image recovery needed,medium - verify current law and facts before publication,low/medium - compare against existing live content before publication,15,"answer block, FAQs, lawyer CTA, practice-area links",Broad blog migration remains on hold; restore only through controlled lawyer-reviewed batches.
https://chamanlawfirm.com/top-law-firm-blog,Top Law Firm Blog,,,general legal education,blog,not confirmed,8,418,24.69,not available locally,not available locally,not available locally,,not public,none detected,image recovery needed,restore as blog post,/resources/blog/top-law-firm-blog,https://chamanlawfirm.com/resources/blog/top-law-firm-blog,not checked,image recovery needed,low/medium - editorial and legal review still required,low/medium - compare against existing live content before publication,14,"answer block, FAQs, lawyer CTA, practice-area links",Broad blog migration remains on hold; restore only through controlled lawyer-reviewed batches.
https://chamanlawfirm.com/investment-agreement-lawyer-in-nigeria-ensu,Investment Agreement Lawyer In Nigeria Ensu,,,general legal education,blog,not confirmed,8,403,25.47,not available locally,not available locally,not available locally,,not public,none detected,image recovery needed,restore as blog post,/resources/blog/investment-agreement-lawyer-in-nigeria-ensu,https://chamanlawfirm.com/resources/blog/investment-agreement-lawyer-in-nigeria-ensu,not checked,image recovery needed,low/medium - editorial and legal review still required,low/medium - compare against existing live content before publication,14,"answer block, FAQs, lawyer CTA, practice-area links",Broad blog migration remains on hold; restore only through controlled lawyer-reviewed batches.
https://chamanlawfirm.com/international-money-transfer-service-license,International Money Transfer Service License,,,general legal education,blog,not confirmed,5,1902,36.65,not available locally,not available locally,not available locally,,not public,none detected,image recovery needed,restore as blog post,/resources/blog/international-money-transfer-service-license,https://chamanlawfirm.com/resources/blog/international-money-transfer-service-license,not checked,image recovery needed,low/medium - editorial and legal review still required,low/medium - compare against existing live content before publication,14,"answer block, FAQs, lawyer CTA, practice-area links",Broad blog migration remains on hold; restore only through controlled lawyer-reviewed batches.
https://chamanlawfirm.com/mechanisms-for-the-childs-rights-act,Mechanisms For The Childs Rights Act,Child's Rights Act in Nigeria: The Implementation Mechanisms,"The Child's Rights Act (CRA) of Nigeria, a landmark legislation aimed at safeguarding the well-being and rights of children,",family law,blog,approved Sanity post; missing old-url redirect,23,1834,38.9,not available locally,not available locally,not available locally,,approved public,none detected,image and alt present in Sanity,exact redirect to existing live equivalent,/resources/blog/mechanisms-for-the-childs-rights-act,https://chamanlawfirm.com/resources/blog/mechanisms-for-the-childs-rights-act,included,image and alt present in Sanity,high - lawyer review required before publication,low - already public,13,"answer block, FAQs, lawyer CTA, practice-area links",Broad blog migration remains on hold; restore only through controlled lawyer-reviewed batches.
https://chamanlawfirm.com/consumer-complaints-and-returns-in-nigeria,Consumer Complaints And Returns In Nigeria,,,general legal education,blog,not confirmed,7,849,20.68,not available locally,not available locally,not available locally,,not public,none detected,image recovery needed,restore as blog post,/resources/blog/consumer-complaints-and-returns-in-nigeria,https://chamanlawfirm.com/resources/blog/consumer-complaints-and-returns-in-nigeria,not checked,image recovery needed,low/medium - editorial and legal review still required,low/medium - compare against existing live content before publication,13,"answer block, FAQs, lawyer CTA, practice-area links",Broad blog migration remains on hold; restore only through controlled lawyer-reviewed batches.
https://chamanlawfirm.com/proven-steps-on-creating-a-lease-agreement,Proven Steps On Creating A Lease Agreement,,,general legal education,blog,not confirmed,7,825,27.7,not available locally,not available locally,not available locally,,not public,none detected,image recovery needed,restore as blog post,/resources/blog/proven-steps-on-creating-a-lease-agreement,https://chamanlawfirm.com/resources/blog/proven-steps-on-creating-a-lease-agreement,not checked,image recovery needed,low/medium - editorial and legal review still required,low/medium - compare against existing live content before publication,13,"answer block, FAQs, lawyer CTA, practice-area links",Broad blog migration remains on hold; restore only through controlled lawyer-reviewed batches.
https://chamanlawfirm.com/industrial-construction-projects-in-nigeria,Industrial Construction Projects In Nigeria,,,general legal education,blog,not confirmed,6,1338,25.06,not available locally,not available locally,not available locally,,not public,none detected,image recovery needed,restore as blog post,/resources/blog/industrial-construction-projects-in-nigeria,https://chamanlawfirm.com/resources/blog/industrial-construction-projects-in-nigeria,not checked,image recovery needed,low/medium - editorial and legal review still required,low/medium - compare against existing live content before publication,13,"answer block, FAQs, lawyer CTA, practice-area links",Broad blog migration remains on hold; restore only through controlled lawyer-reviewed batches.
https://chamanlawfirm.com/legal-issues-in-investment-and-fund-management,Legal Issues In Investment And Fund Management,,,general legal education,blog,not confirmed,5,1552,41.99,not available locally,not available locally,not available locally,,not public,none detected,image recovery needed,restore as blog post,/resources/blog/legal-issues-in-investment-and-fund-management,https://chamanlawfirm.com/resources/blog/legal-issues-in-investment-and-fund-management,not checked,image recovery needed,low/medium - editorial and legal review still required,low/medium - compare against existing live content before publication,11,"answer block, FAQs, lawyer CTA, practice-area links",Broad blog migration remains on hold; restore only through controlled lawyer-reviewed batches.
https://chamanlawfirm.com/expanding-trade-operations,Expanding Trade Operations,,,general legal education,blog,not confirmed,6,981,24.92,not available locally,not available locally,not available locally,,not public,none detected,image recovery needed,restore as blog post,/resources/blog/expanding-trade-operations,https://chamanlawfirm.com/resources/blog/expanding-trade-operations,not checked,image recovery needed,low/medium - editorial and legal review still required,low/medium - compare against existing live content before publication,10,"answer block, FAQs, lawyer CTA, practice-area links",Broad blog migration remains on hold; restore only through controlled lawyer-reviewed batches.
https://chamanlawfirm.com/risk-management-strategies-for-real-estate-investment-in-nigeria,Risk Management Strategies For Real Estate Investment In Nigeria,Risk Management Strategies for Real Estate Investment in Nigeria,"Introduction Real estate investment in Nigeria can be a lucrative venture, but it also comes with its fair share of risks. In order to maximize returns and protect your investment, it is crucial to implement effective",property/title,blog,approved Sanity post; missing old-url redirect,7,435,22.81,not available locally,not available locally,not available locally,,approved public,none detected,image and alt present in Sanity,exact redirect to existing live equivalent,/resources/blog/risk-management-strategies-for-real-estate-investment-in-nigeria,https://chamanlawfirm.com/resources/blog/risk-management-strategies-for-real-estate-investment-in-nigeria,included,image and alt present in Sanity,low/medium - editorial and legal review still required,low - already public,9,"answer block, FAQs, lawyer CTA, practice-area links",Broad blog migration remains on hold; restore only through controlled lawyer-reviewed batches.
https://chamanlawfirm.com/strategies-for-managing-financial-distress,Strategies For Managing Financial Distress,,,general legal education,blog,not confirmed,5,1352,34.19,not available locally,not available locally,not available locally,,not public,none detected,image recovery needed,restore as blog post,/resources/blog/strategies-for-managing-financial-distress,https://chamanlawfirm.com/resources/blog/strategies-for-managing-financial-distress,not checked,image recovery needed,low/medium - editorial and legal review still required,low/medium - compare against existing live content before publication,9,"answer block, FAQs, lawyer CTA, practice-area links",Broad blog migration remains on hold; restore only through controlled lawyer-reviewed batches.
https://chamanlawfirm.com/force-majeure-clauses-in-business-contracts,Force Majeure Clauses In Business Contracts,Force Majeure Clauses In Business Contracts; Force Majeure Clauses: A Powerful Game Changer Or Deal-Breaker In Business Contracts,"Understand force majeure clauses in Nigerian business contracts, including risk allocation, performance delays, documentation, and when to seek legal advice.",corporate/commercial,blog,approved Sanity post; missing old-url redirect,5,1341,32.94,not available locally,not available locally,not available locally,,approved public,none detected,image and alt present in Sanity,exact redirect to existing live equivalent,/resources/blog/force-majeure-clauses-in-business-contracts,https://chamanlawfirm.com/resources/blog/force-majeure-clauses-in-business-contracts,included,image and alt present in Sanity,medium - verify current law and facts before publication,low - already public,8,"answer block, FAQs, lawyer CTA, practice-area links",Broad blog migration remains on hold; restore only through controlled lawyer-reviewed batches.
https://chamanlawfirm.com/why-you-need-to-register-a-limited-liabilit,Why You Need To Register A Limited Liabilit,,,general legal education,blog,not confirmed,5,1264,21.14,not available locally,not available locally,not available locally,,not public,none detected,image recovery needed,restore as blog post,/resources/blog/why-you-need-to-register-a-limited-liabilit,https://chamanlawfirm.com/resources/blog/why-you-need-to-register-a-limited-liabilit,not checked,image recovery needed,low/medium - editorial and legal review still required,low/medium - compare against existing live content before publication,8,"answer block, FAQs, lawyer CTA, practice-area links",Broad blog migration remains on hold; restore only through controlled lawyer-reviewed batches.
https://chamanlawfirm.com/what-are-the-laws-operating-in-lagos-state,What Are The Laws Operating In Lagos State,,,general legal education,blog,not confirmed,6,574,34.45,not available locally,not available locally,not available locally,,not public,none detected,image recovery needed,restore as blog post,/resources/blog/what-are-the-laws-operating-in-lagos-state,https://chamanlawfirm.com/resources/blog/what-are-the-laws-operating-in-lagos-state,not checked,image recovery needed,low/medium - editorial and legal review still required,low/medium - compare against existing live content before publication,6,"answer block, FAQs, lawyer CTA, practice-area links",Broad blog migration remains on hold; restore only through controlled lawyer-reviewed batches.
https://chamanlawfirm.com/what-are-the-essential-things-to-know-when-purchasing-a-house1,What Are The Essential Things To Know When Purchasing A House1,,,general legal education,blog,not confirmed,5,1119,52.76,not available locally,not available locally,not available locally,,not public,none detected,image recovery needed,restore as blog post,/resources/blog/what-are-the-essential-things-to-know-when-purchasing-a-house1,https://chamanlawfirm.com/resources/blog/what-are-the-essential-things-to-know-when-purchasing-a-house1,not checked,image recovery needed,low/medium - editorial and legal review still required,low/medium - compare against existing live content before publication,6,"answer block, FAQs, lawyer CTA, practice-area links",Broad blog migration remains on hold; restore only through controlled lawyer-reviewed batches.
https://chamanlawfirm.com/water-management-in-nigeria,Water Management In Nigeria,,,general legal education,blog,not confirmed,5,1066,34.09,not available locally,not available locally,not available locally,,not public,none detected,image recovery needed,restore as blog post,/resources/blog/water-management-in-nigeria,https://chamanlawfirm.com/resources/blog/water-management-in-nigeria,not checked,image recovery needed,low/medium - editorial and legal review still required,low/medium - compare against existing live content before publication,6,"answer block, FAQs, lawyer CTA, practice-area links",Broad blog migration remains on hold; restore only through controlled lawyer-reviewed batches.
https://chamanlawfirm.com/what-is-trespass-to-land,What Is Trespass To Land,,,property/title,blog,not confirmed,6,540,24.97,not available locally,not available locally,not available locally,,not public,none detected,image recovery needed,restore as blog post,/resources/blog/what-is-trespass-to-land,https://chamanlawfirm.com/resources/blog/what-is-trespass-to-land,not checked,image recovery needed,medium - verify current law and facts before publication,low/medium - compare against existing live content before publication,5,"answer block, FAQs, lawyer CTA, practice-area links",Broad blog migration remains on hold; restore only through controlled lawyer-reviewed batches.
https://chamanlawfirm.com/sustainability-and-green-real-estate-initiatives,Sustainability And Green Real Estate Initiatives,,,property/title,blog,not confirmed,5,995,39.66,not available locally,not available locally,not available locally,,not public,none detected,image recovery needed,restore as blog post,/resources/blog/sustainability-and-green-real-estate-initiatives,https://chamanlawfirm.com/resources/blog/sustainability-and-green-real-estate-initiatives,not checked,image recovery needed,low/medium - editorial and legal review still required,low/medium - compare against existing live content before publication,5,"answer block, FAQs, lawyer CTA, practice-area links",Broad blog migration remains on hold; restore only through controlled lawyer-reviewed batches.
https://chamanlawfirm.com/legal-advice-for-expatriates-in-nigeria-ess,Legal Advice For Expatriates In Nigeria Ess,Legal Advice for Expatriates in Nigeria,Introduction Moving to Nigeria as an expatriate can be an exciting yet challenging experience. Navigating the legal landscape is crucial for a successful stay in the country. From understanding immigration regulations,general legal education,blog,approved Sanity post; missing old-url redirect,5,981,22.39,not available locally,not available locally,not available locally,,approved public,none detected,image and alt present in Sanity,exact redirect to existing live equivalent,/resources/blog/legal-advice-for-expatriates-in-nigeria-ess,https://chamanlawfirm.com/resources/blog/legal-advice-for-expatriates-in-nigeria-ess,included,image and alt present in Sanity,low/medium - editorial and legal review still required,low - already public,5,"answer block, FAQs, lawyer CTA, practice-area links",Broad blog migration remains on hold; restore only through controlled lawyer-reviewed batches.
https://chamanlawfirm.com/nigerian-urban-development,Nigerian Urban Development,,,general legal education,blog,not confirmed,5,967,37.71,not available locally,not available locally,not available locally,,not public,none detected,image recovery needed,restore as blog post,/resources/blog/nigerian-urban-development,https://chamanlawfirm.com/resources/blog/nigerian-urban-development,not checked,image recovery needed,low/medium - editorial and legal review still required,low/medium - compare against existing live content before publication,5,"answer block, FAQs, lawyer CTA, practice-area links",Broad blog migration remains on hold; restore only through controlled lawyer-reviewed batches.
https://chamanlawfirm.com/breach-of-promise-to-marry,Breach Of Promise To Marry,,,general legal education,blog,not confirmed,6,443,23.64,not available locally,not available locally,not available locally,,not public,none detected,image recovery needed,restore as blog post,/resources/blog/breach-of-promise-to-marry,https://chamanlawfirm.com/resources/blog/breach-of-promise-to-marry,not checked,image recovery needed,low/medium - editorial and legal review still required,low/medium - compare against existing live content before publication,4,"answer block, FAQs, lawyer CTA, practice-area links",Broad blog migration remains on hold; restore only through controlled lawyer-reviewed batches.
https://chamanlawfirm.com/gender-diversity-in-construction-industry,Gender Diversity In Construction Industry,,,general legal education,blog,not confirmed,6,394,27.34,not available locally,not available locally,not available locally,,not public,none detected,image recovery needed,restore as blog post,/resources/blog/gender-diversity-in-construction-industry,https://chamanlawfirm.com/resources/blog/gender-diversity-in-construction-industry,not checked,image recovery needed,low/medium - editorial and legal review still required,low/medium - compare against existing live content before publication,4,"answer block, FAQs, lawyer CTA, practice-area links",Broad blog migration remains on hold; restore only through controlled lawyer-reviewed batches.
https://chamanlawfirm.com/difference-between-testate-and-intestate-succession,Difference Between Testate And Intestate Succession,,,probate/estate,blog,not confirmed,6,361,40.69,not available locally,not available locally,not available locally,,not public,none detected,image recovery needed,restore as blog post,/resources/blog/difference-between-testate-and-intestate-succession,https://chamanlawfirm.com/resources/blog/difference-between-testate-and-intestate-succession,not checked,image recovery needed,low/medium - editorial and legal review still required,low/medium - compare against existing live content before publication,4,"answer block, FAQs, lawyer CTA, practice-area links",Broad blog migration remains on hold; restore only through controlled lawyer-reviewed batches.
https://chamanlawfirm.com/considerations-for-cross-border-transactions,Considerations For Cross Border Transactions,,,general legal education,blog,not confirmed,5,892,52.5,not available locally,not available locally,not available locally,,not public,none detected,image recovery needed,restore as blog post,/resources/blog/considerations-for-cross-border-transactions,https://chamanlawfirm.com/resources/blog/considerations-for-cross-border-transactions,not checked,image recovery needed,low/medium - editorial and legal review still required,low/medium - compare against existing live content before publication,4,"answer block, FAQs, lawyer CTA, practice-area links",Broad blog migration remains on hold; restore only through controlled lawyer-reviewed batches.
https://chamanlawfirm.com/what-is-liability-for-negligence,What Is Liability For Negligence,,,general legal education,blog,not confirmed,5,873,42.66,not available locally,not available locally,not available locally,,not public,none detected,image recovery needed,restore as blog post,/resources/blog/what-is-liability-for-negligence,https://chamanlawfirm.com/resources/blog/what-is-liability-for-negligence,not checked,image recovery needed,low/medium - editorial and legal review still required,low/medium - compare against existing live content before publication,4,"answer block, FAQs, lawyer CTA, practice-area links",Broad blog migration remains on hold; restore only through controlled lawyer-reviewed batches.
https://chamanlawfirm.com/immigration-law-at-chaman-law-firm,Immigration Law At Chaman Law Firm,Immigration Law at CHAMAN Law Firm; Powerful Legal Solutions: How CHAMAN Law Firm Excels in Nigerian Immigration Law Introduction,Immigration Law at Chaman Law Firm Powerful Legal Solutions: How CHAMAN Law Firm Excels in Nigerian Immigration Law Introduction...,immigration,blog,approved Sanity post; missing old-url redirect,6,334,31.93,not available locally,not available locally,not available locally,,approved public,none detected,image and alt present in Sanity,exact redirect to existing live equivalent,/resources/blog/immigration-law-at-chaman-law-firm,https://chamanlawfirm.com/resources/blog/immigration-law-at-chaman-law-firm,included,image and alt present in Sanity,medium - verify current law and facts before publication,low - already public,3,"answer block, FAQs, lawyer CTA, practice-area links",Broad blog migration remains on hold; restore only through controlled lawyer-reviewed batches.
https://chamanlawfirm.com/land-titles-in-nigeria,Land Titles In Nigeria,Land Titles in Nigeria,Land titles in Nigeria Critical Analysis: Implications of Land Titles on the Taxation of Real Estate Properties,property/title,blog,approved Sanity post; missing old-url redirect,5,820,21.94,not available locally,not available locally,not available locally,,approved public,none detected,image and alt present in Sanity,exact redirect to existing live equivalent,/resources/blog/land-titles-in-nigeria,https://chamanlawfirm.com/resources/blog/land-titles-in-nigeria,included,image and alt present in Sanity,medium - verify current law and facts before publication,low - already public,3,"answer block, FAQs, lawyer CTA, practice-area links",Broad blog migration remains on hold; restore only through controlled lawyer-reviewed batches.
https://chamanlawfirm.com/legal-protection-of-foreign-investment,Legal Protection Of Foreign Investment,,,general legal education,blog,not confirmed,6,200,42.18,not available locally,not available locally,not available locally,,not public,none detected,image recovery needed,restore as blog post,/resources/blog/legal-protection-of-foreign-investment,https://chamanlawfirm.com/resources/blog/legal-protection-of-foreign-investment,not checked,image recovery needed,low/medium - editorial and legal review still required,low/medium - compare against existing live content before publication,2,"answer block, FAQs, lawyer CTA, practice-area links",Broad blog migration remains on hold; restore only through controlled lawyer-reviewed batches.
https://chamanlawfirm.com/role-of-cyber-law-innigerian-digital-markets,Role Of Cyber Law Innigerian Digital Markets,,,general legal education,blog,not confirmed,6,198,27.65,not available locally,not available locally,not available locally,,not public,none detected,image recovery needed,restore as blog post,/resources/blog/role-of-cyber-law-innigerian-digital-markets,https://chamanlawfirm.com/resources/blog/role-of-cyber-law-innigerian-digital-markets,not checked,image recovery needed,low/medium - editorial and legal review still required,low/medium - compare against existing live content before publication,2,"answer block, FAQs, lawyer CTA, practice-area links",Broad blog migration remains on hold; restore only through controlled lawyer-reviewed batches.
https://chamanlawfirm.com/who-is-the-best-decision-body-for-incor-cama,Who Is The Best Decision Body For Incor Cama,,,general legal education,blog,not confirmed,6,172,21.18,not available locally,not available locally,not available locally,,not public,none detected,image recovery needed,restore as blog post,/resources/blog/who-is-the-best-decision-body-for-incor-cama,https://chamanlawfirm.com/resources/blog/who-is-the-best-decision-body-for-incor-cama,not checked,image recovery needed,low/medium - editorial and legal review still required,low/medium - compare against existing live content before publication,2,"answer block, FAQs, lawyer CTA, practice-area links",Broad blog migration remains on hold; restore only through controlled lawyer-reviewed batches.
https://chamanlawfirm.com/challenges-and-opportunities-in-real-estate-investment-financing-in-nigeria,Challenges And Opportunities In Real Estate Investment Financing In Nigeria,,,property/title,blog,not confirmed,6,158,36.13,not available locally,not available locally,not available locally,,not public,none detected,image recovery needed,restore as blog post,/resources/blog/challenges-and-opportunities-in-real-estate-investment-financing-in-nigeria,https://chamanlawfirm.com/resources/blog/challenges-and-opportunities-in-real-estate-investment-financing-in-nigeria,not checked,image recovery needed,low/medium - editorial and legal review still required,low/medium - compare against existing live content before publication,2,"answer block, FAQs, lawyer CTA, practice-area links",Broad blog migration remains on hold; restore only through controlled lawyer-reviewed batches.
https://chamanlawfirm.com/the-strategic-role-of-alternative-disputes,The Strategic Role Of Alternative Disputes,,,litigation/ADR,blog,not confirmed,5,745,36.1,not available locally,not available locally,not available locally,,not public,none detected,image recovery needed,restore as blog post,/resources/blog/the-strategic-role-of-alternative-disputes,https://chamanlawfirm.com/resources/blog/the-strategic-role-of-alternative-disputes,not checked,image recovery needed,medium - verify current law and facts before publication,low/medium - compare against existing live content before publication,2,"answer block, FAQs, lawyer CTA, practice-area links",Broad blog migration remains on hold; restore only through controlled lawyer-reviewed batches.
https://chamanlawfirm.com/2024,2024,,,general legal education,blog,not confirmed,6,141,32.12,not available locally,not available locally,not available locally,,not public,none detected,image recovery needed,restore as blog post,/resources/blog/2024,https://chamanlawfirm.com/resources/blog/2024,not checked,image recovery needed,low/medium - editorial and legal review still required,low/medium - compare against existing live content before publication,1,"answer block, FAQs, lawyer CTA, practice-area links",Broad blog migration remains on hold; restore only through controlled lawyer-reviewed batches.
https://chamanlawfirm.com/compliance-with-labor-standards,Compliance With Labor Standards,,,general legal education,blog,not confirmed,5,621,21,not available locally,not available locally,not available locally,,not public,none detected,image recovery needed,restore as blog post,/resources/blog/compliance-with-labor-standards,https://chamanlawfirm.com/resources/blog/compliance-with-labor-standards,not checked,image recovery needed,low/medium - editorial and legal review still required,low/medium - compare against existing live content before publication,1,"answer block, FAQs, lawyer CTA, practice-area links",Broad blog migration remains on hold; restore only through controlled lawyer-reviewed batches.
https://chamanlawfirm.com/what-challenges-are-associated-with-preserving-and-digitizing-historical-land-records,What Challenges Are Associated With Preserving And Digitizing Historical Land Records,Challenges in Preserving and Digitizing Historical Land Records,"Introduction Nigeria's rich historical land records hold invaluable insights into property rights, land use, and heritage. However, the preservation and digitization of these records face numerous challenges that need",property/title,blog,approved Sanity post; missing old-url redirect,5,557,27.23,not available locally,not available locally,not available locally,,approved public,none detected,image and alt present in Sanity,exact redirect to existing live equivalent,/resources/blog/what-challenges-are-associated-with-preserving-and-digitizing-historical-land-records,https://chamanlawfirm.com/resources/blog/what-challenges-are-associated-with-preserving-and-digitizing-historical-land-records,included,image and alt present in Sanity,medium - verify current law and facts before publication,low - already public,1,"answer block, FAQs, lawyer CTA, practice-area links",Broad blog migration remains on hold; restore only through controlled lawyer-reviewed batches.
https://chamanlawfirm.com/powerful-ways-on-bail-applications,Powerful Ways On Bail Applications,,,litigation/ADR,blog,not confirmed,4,1083,25.58,not available locally,not available locally,not available locally,,not public,none detected,image recovery needed,restore as blog post,/resources/blog/powerful-ways-on-bail-applications,https://chamanlawfirm.com/resources/blog/powerful-ways-on-bail-applications,not checked,image recovery needed,low/medium - editorial and legal review still required,low/medium - compare against existing live content before publication,1,"answer block, FAQs, lawyer CTA, practice-area links",Broad blog migration remains on hold; restore only through controlled lawyer-reviewed batches.
https://chamanlawfirm.com/trade-policies,Trade Policies,,,general legal education,blog,not confirmed,5,539,42.79,not available locally,not available locally,not available locally,,not public,none detected,image recovery needed,restore as blog post,/resources/blog/trade-policies,https://chamanlawfirm.com/resources/blog/trade-policies,not checked,image recovery needed,low/medium - editorial and legal review still required,low/medium - compare against existing live content before publication,0,"answer block, FAQs, lawyer CTA, practice-area links",Broad blog migration remains on hold; restore only through controlled lawyer-reviewed batches.
https://chamanlawfirm.com/the-role-o-commecial-law-in-the-agricultural,The Role O Commecial Law In The Agricultural,,,general legal education,blog,not confirmed,5,531,26.11,not available locally,not available locally,not available locally,,not public,none detected,image recovery needed,restore as blog post,/resources/blog/the-role-o-commecial-law-in-the-agricultural,https://chamanlawfirm.com/resources/blog/the-role-o-commecial-law-in-the-agricultural,not checked,image recovery needed,low/medium - editorial and legal review still required,low/medium - compare against existing live content before publication,0,"answer block, FAQs, lawyer CTA, practice-area links",Broad blog migration remains on hold; restore only through controlled lawyer-reviewed batches.
https://chamanlawfirm.com/ngos-in-supporting-immigrants-in-nigeria,Ngos In Supporting Immigrants In Nigeria,,,general legal education,blog,not confirmed,4,1019,41.42,not available locally,not available locally,not available locally,,not public,none detected,image recovery needed,restore as blog post,/resources/blog/ngos-in-supporting-immigrants-in-nigeria,https://chamanlawfirm.com/resources/blog/ngos-in-supporting-immigrants-in-nigeria,not checked,image recovery needed,low/medium - editorial and legal review still required,low/medium - compare against existing live content before publication,0,"answer block, FAQs, lawyer CTA, practice-area links",Broad blog migration remains on hold; restore only through controlled lawyer-reviewed batches.
https://chamanlawfirm.com/dispute-resolution-process-in-nigeria,Dispute Resolution Process In Nigeria,,,litigation/ADR,blog,not confirmed,5,409,40.08,not available locally,not available locally,not available locally,,not public,none detected,image recovery needed,restore as blog post,/resources/blog/dispute-resolution-process-in-nigeria,https://chamanlawfirm.com/resources/blog/dispute-resolution-process-in-nigeria,not checked,image recovery needed,medium - verify current law and facts before publication,low/medium - compare against existing live content before publication,-1,"answer block, FAQs, lawyer CTA, practice-area links",Broad blog migration remains on hold; restore only through controlled lawyer-reviewed batches.
https://chamanlawfirm.com/how-to-avoid-and-stop-foreclosure,How To Avoid And Stop Foreclosure,,,general legal education,blog,not confirmed,5,346,35.76,not available locally,not available locally,not available locally,,not public,none detected,image recovery needed,restore as blog post,/resources/blog/how-to-avoid-and-stop-foreclosure,https://chamanlawfirm.com/resources/blog/how-to-avoid-and-stop-foreclosure,not checked,image recovery needed,low/medium - editorial and legal review still required,low/medium - compare against existing live content before publication,-2,"answer block, FAQs, lawyer CTA, practice-area links",Broad blog migration remains on hold; restore only through controlled lawyer-reviewed batches.
https://chamanlawfirm.com/how-does-the-land-use-act-impact-housing-development-in-nigeria,How Does The Land Use Act Impact Housing Development In Nigeria,,,property/title,blog,not confirmed,5,263,22.92,not available locally,not available locally,not available locally,,not public,none detected,image recovery needed,restore as blog post,/resources/blog/how-does-the-land-use-act-impact-housing-development-in-nigeria,https://chamanlawfirm.com/resources/blog/how-does-the-land-use-act-impact-housing-development-in-nigeria,not checked,image recovery needed,medium - verify current law and facts before publication,low/medium - compare against existing live content before publication,-2,"answer block, FAQs, lawyer CTA, practice-area links",Broad blog migration remains on hold; restore only through controlled lawyer-reviewed batches.
https://chamanlawfirm.com/data-misuse-data-theft-protection-in-nigeria,Data Misuse Data Theft Protection In Nigeria,,,general legal education,blog,not confirmed,5,166,21.86,not available locally,not available locally,not available locally,,not public,none detected,image recovery needed,restore as blog post,/resources/blog/data-misuse-data-theft-protection-in-nigeria,https://chamanlawfirm.com/resources/blog/data-misuse-data-theft-protection-in-nigeria,not checked,image recovery needed,low/medium - editorial and legal review still required,low/medium - compare against existing live content before publication,-3,"answer block, FAQs, lawyer CTA, practice-area links",Broad blog migration remains on hold; restore only through controlled lawyer-reviewed batches.
https://chamanlawfirm.com/steps-to-understanding-financial-crimes,Steps To Understanding Financial Crimes,Understanding Financial Crimes in Nigeria,"Introduction Financial crimes are a significant concern in today’s economic landscape, often leading to severe legal repercussions and substantial penalties. These crimes can include fraud, money laundering, embezzleme",general legal education,blog,approved Sanity post; missing old-url redirect,5,155,25.16,not available locally,not available locally,not available locally,,approved public,none detected,image and alt present in Sanity,exact redirect to existing live equivalent,/resources/blog/steps-to-understanding-financial-crimes,https://chamanlawfirm.com/resources/blog/steps-to-understanding-financial-crimes,included,image and alt present in Sanity,low/medium - editorial and legal review still required,low - already public,-3,"answer block, FAQs, lawyer CTA, practice-area links",Broad blog migration remains on hold; restore only through controlled lawyer-reviewed batches.
https://chamanlawfirm.com/how-to-legally-change-a-childs-surname,How To Legally Change A Childs Surname,,,family law,blog,not confirmed,10,373,18.47,not available locally,not available locally,not available locally,,not public,none detected,image recovery needed,restore as blog post,/resources/blog/how-to-legally-change-a-childs-surname,https://chamanlawfirm.com/resources/blog/how-to-legally-change-a-childs-surname,not checked,image recovery needed,high - lawyer review required before publication,low/medium - compare against existing live content before publication,-6,"answer block, FAQs, lawyer CTA, practice-area links",Broad blog migration remains on hold; restore only through controlled lawyer-reviewed batches.
https://chamanlawfirm.com/types-of-wills,Types Of Wills,Types of Wills in Nigeria,"Introduction TYPES OF WILLS A Will is simply a legal document in which an individual known as the testator, declares how he/she would like his assets to be distributed when he/she dies. The individuals designated to re",probate/estate,blog,approved Sanity post; missing old-url redirect,18,1905,43.76,not available locally,not available locally,not available locally,,approved public,none detected,image and alt present in Sanity,exact redirect to existing live equivalent,/resources/blog/types-of-wills,https://chamanlawfirm.com/resources/blog/types-of-wills,included,image and alt present in Sanity,high - lawyer review required before publication,low - already public,-11,"answer block, FAQs, lawyer CTA, practice-area links",Broad blog migration remains on hold; restore only through controlled lawyer-reviewed batches.
https://chamanlawfirm.com/obtain-legal-guardianship-of-a-child,Obtain Legal Guardianship Of A Child,,,family law,blog,not confirmed,5,377,14.15,not available locally,not available locally,not available locally,,not public,none detected,image recovery needed,restore as blog post,/resources/blog/obtain-legal-guardianship-of-a-child,https://chamanlawfirm.com/resources/blog/obtain-legal-guardianship-of-a-child,not checked,image recovery needed,high - lawyer review required before publication,low/medium - compare against existing live content before publication,-31,"answer block, FAQs, lawyer CTA, practice-area links",Broad blog migration remains on hold; restore only through controlled lawyer-reviewed batches.
https://chamanlawfirm.com/marriage-annulment-in-nigeria-how-to-legally-void-a-marriage,Marriage Annulment In Nigeria How To Legally Void A Marriage,,,family law,blog,not confirmed,5,247,14.45,not available locally,not available locally,not available locally,,not public,none detected,image recovery needed,restore as blog post,/resources/blog/marriage-annulment-in-nigeria-how-to-legally-void-a-marriage,https://chamanlawfirm.com/resources/blog/marriage-annulment-in-nigeria-how-to-legally-void-a-marriage,not checked,image recovery needed,high - lawyer review required before publication,low/medium - compare against existing live content before publication,-33,"answer block, FAQs, lawyer CTA, practice-area links",Broad blog migration remains on hold; restore only through controlled lawyer-reviewed batches.
https://chamanlawfirm.com/proven-steps-on-capacity-to-make-a-will,Proven Steps On Capacity To Make A Will,Proven Steps on Capacity to Make a Will | Chaman Law Firm,"Chaman Law Firm provides legal guidance on the capacity to make a will, ensuring clarity, compliance, and secure estate planning in Nigeria.",probate/estate,blog,approved Sanity post; missing old-url redirect,10,901,28.72,not available locally,not available locally,not available locally,,approved public,none detected,image and alt present in Sanity,exact redirect to existing live equivalent,/resources/blog/proven-steps-on-capacity-to-make-a-will,https://chamanlawfirm.com/resources/blog/proven-steps-on-capacity-to-make-a-will,included,image and alt present in Sanity,high - lawyer review required before publication,low - already public,-61,"answer block, FAQs, lawyer CTA, practice-area links",Broad blog migration remains on hold; restore only through controlled lawyer-reviewed batches.
https://chamanlawfirm.com/thing-you-need-to-know-about-a-legal-will,Thing You Need To Know About A Legal Will,What to Know About a Legal Will in Nigeria,"Introduction Drafting a will is a crucial step in estate planning that ensures your assets are distributed according to your wishes after your death. In Nigeria, where cultural and religious practices often influence i",probate/estate,blog,approved Sanity post; missing old-url redirect,8,765,32.98,not available locally,not available locally,not available locally,,approved public,none detected,image and alt present in Sanity,exact redirect to existing live equivalent,/resources/blog/thing-you-need-to-know-about-a-legal-will,https://chamanlawfirm.com/resources/blog/thing-you-need-to-know-about-a-legal-will,included,image and alt present in Sanity,high - lawyer review required before publication,low - already public,-72,"answer block, FAQs, lawyer CTA, practice-area links",Broad blog migration remains on hold; restore only through controlled lawyer-reviewed batches.
https://chamanlawfirm.com/5-proven-roles-of-a-child-adoption-lawyer,5 Proven Roles Of A Child Adoption Lawyer,Roles of a Child Adoption Lawyer in Nigeria,"Introduction Child Adoption Lawyer in Nigeria: Understanding the Process and Legalities Adopting a child is a noble and life-changing decision, bringing joy and hope to families while providing a loving environment for",family law,blog,approved Sanity post; missing old-url redirect,5,1164,30.16,not available locally,not available locally,not available locally,,approved public,none detected,image and alt present in Sanity,exact redirect to existing live equivalent,/resources/blog/5-proven-roles-of-a-child-adoption-lawyer,https://chamanlawfirm.com/resources/blog/5-proven-roles-of-a-child-adoption-lawyer,included,image and alt present in Sanity,high - lawyer review required before publication,low - already public,-83,"answer block, FAQs, lawyer CTA, practice-area links",Broad blog migration remains on hold; restore only through controlled lawyer-reviewed batches.
