priority score,tier,old URL,slug,title,body completeness,image readiness,title quality,legal risk,current-law sensitivity,duplicate risk,CTA readiness,metadata readiness,internal-link readiness,publication action,notes
99,Tier C - lawyer/current-law review,https://chamanlawfirm.com/smart-home-technology-and-luxury-real-estate-trends,smart-home-technology-and-luxury-real-estate-trends,Smart Home Technology and Luxury Real Estate Trends,complete enough,image present,present; review for search intent,off-brand/property-sales wording,low automated risk,no configured redirect conflict,template CTA present,metadata present,internal/external links present in body marks,keep hidden pending lawyer/current-law review,no public change unless selected
70,Tier D - already public / monitor,https://chamanlawfirm.com/building-permit-approval-in-ogun-state,building-permit-approval-in-ogun-state,How to Get Building Permit Approval in Ogun State (Full Guide),complete enough,image present,present; review for search intent,current-law or procedure-sensitive topic,lawyer review required,no configured redirect conflict,template CTA present,metadata present,internal/external links present in body marks,no public change,no public change unless selected
67,Tier D - already public / monitor,https://chamanlawfirm.com/the-statutory-right-of-occupancy-in-nigeria,the-statutory-right-of-occupancy-in-nigeria,What is the Statutory Right of Occupancy in Nigeria?,complete enough,image present,present; review for search intent,current-law or procedure-sensitive topic; dispute-resolution wording requires lawyer review,lawyer review required,no configured redirect conflict,template CTA present,metadata present,internal/external links present in body marks,no public change,no public change unless selected
65,Tier D - already public / monitor,https://chamanlawfirm.com/transfer-of-company-shares-in-nigeria,transfer-of-company-shares-in-nigeria,TRANSFER OF COMPANY SHARES IN NIGERIA,complete enough,image present,present; review for search intent,low automated risk,low automated risk,no configured redirect conflict,template CTA present,metadata present,internal/external links present in body marks,no public change,no public change unless selected
60,Tier D - already public / monitor,https://chamanlawfirm.com/annulment-of-marriage-under-the-nigerian-law,annulment-of-marriage-under-the-nigerian-law,Annulment of Marriage Under Nigerian Law: 5 Essential Insights for Positive Legal Clarity,complete enough,image present,present; review for search intent,low automated risk,low automated risk,no configured redirect conflict,template CTA present,metadata present,internal/external links present in body marks,no public change,no public change unless selected
57,Tier D - already public / monitor,https://chamanlawfirm.com/land-ownership-disputes-in-nigeria,land-ownership-disputes-in-nigeria,The Role of Courts in Resolving Land Ownership Disputes in Nigeria: Legal Insights and Case Studies,complete enough,image present,present; review for search intent,possible unsafe self-help wording; current-law or procedure-sensitive topic; dispute-resolution wording requires lawyer review; unsupported outcome claim,lawyer review required,no configured redirect conflict,template CTA present,metadata present,internal/external links present in body marks,no public change,no public change unless selected
56,Tier D - already public / monitor,https://chamanlawfirm.com/landlord-and-tenant-rights-in-nigeria,landlord-and-tenant-rights-in-nigeria,A comprehensive guide on Landlord and Tenant Rights in Nigeria,complete enough,image present,present; review for search intent,possible unsafe self-help wording; current-law or procedure-sensitive topic,lawyer review required,no configured redirect conflict,template CTA present,metadata present,internal/external links present in body marks,no public change,no public change unless selected
55,Tier C - lawyer/current-law review,https://chamanlawfirm.com/polygamy-and-multiple-marriages-in-nigeria,polygamy-and-multiple-marriages-in-nigeria,Polygamy and Multiple Marriages in Nigeria,complete enough,image present,present; review for search intent,current-law or procedure-sensitive topic; family-status topic requires lawyer review; unsupported outcome claim,lawyer review required,redirect conflict: /practice-areas/family-law,template CTA present,metadata present,internal/external links present in body marks,keep hidden pending lawyer/current-law review,no public change unless selected
52,Tier C - lawyer/current-law review,https://chamanlawfirm.com/can-a-minor-enter-into-a-valid-contract-in-nigeria,can-a-minor-enter-into-a-valid-contract-in-nigeria,CAN A MINOR ENTER INTO A VALID CONTRACT IN NIGERIA?,complete enough,image present,present; review for search intent,low automated risk,low automated risk,redirect conflict: /practice-areas/corporate-commercial-law/minor-contract-capacity,template CTA present,metadata present,internal/external links present in body marks,keep hidden pending lawyer/current-law review,no public change unless selected
50,Tier D - already public / monitor,https://chamanlawfirm.com/difference-between-ownership-and-possession,difference-between-ownership-and-possession,Difference Between Ownership and Possession,complete enough,image present,present; review for search intent,current-law or procedure-sensitive topic; dispute-resolution wording requires lawyer review,lawyer review required,no configured redirect conflict,template CTA present,metadata present,internal/external links present in body marks,no public change,no public change unless selected
49,Tier D - already public / monitor,https://chamanlawfirm.com/community-development-associations-law,community-development-associations-law,Transforming Communities: The Powerful Impact of the Community Development Associations Law of Lagos State,complete enough,image present,present; review for search intent,possible unsafe self-help wording,low automated risk,no configured redirect conflict,template CTA present,metadata present,internal/external links present in body marks,no public change,no public change unless selected
49,Tier C - lawyer/current-law review,https://chamanlawfirm.com/powerful-steps-sources-of-tax-law-in-nigeria,powerful-steps-sources-of-tax-law-in-nigeria,Powerful Steps Sources Of Tax Law In Nigeria,complete enough,image present,present; review for search intent,current-law or procedure-sensitive topic,lawyer review required,redirect conflict: /practice-areas/corporate-commercial-law,template CTA present,metadata present,needs manual link enhancement,keep hidden pending lawyer/current-law review,no public change unless selected
46,Tier C - lawyer/current-law review,https://chamanlawfirm.com/deed-of-assignment-in-nigeria,deed-of-assignment-in-nigeria,Deed Of Assignment In Nigeria,complete enough,image present,present; review for search intent,low automated risk,low automated risk,redirect conflict: /practice-areas/property-real-estate-law,template CTA present,metadata present,internal/external links present in body marks,keep hidden pending lawyer/current-law review,no public change unless selected
45,Tier D - already public / monitor,https://chamanlawfirm.com/rights-of-tenants-in-ogun-chaman-law-firm,rights-of-tenants-in-ogun-chaman-law-firm,What Are the Rights of Tenants in Ogun State?,complete enough,image present,present; review for search intent,current-law or procedure-sensitive topic,lawyer review required,no configured redirect conflict,template CTA present,metadata present,internal/external links present in body marks,no public change,no public change unless selected
37,Tier C - lawyer/current-law review,https://chamanlawfirm.com/gain-nigerian-citizenship-by-marriage,gain-nigerian-citizenship-by-marriage,Gain Nigerian Citizenship by Marriage,complete enough,image/alt missing or weak,present; review for search intent,current-law or procedure-sensitive topic,lawyer review required,redirect conflict: /practice-areas/immigration-services/citizenship-by-marriage-advisory,template CTA present,metadata present,needs manual link enhancement,keep hidden pending lawyer/current-law review,no public change unless selected
34,Tier C - lawyer/current-law review,https://chamanlawfirm.com/what-is-the-implication-of-quit-notice,what-is-the-implication-of-quit-notice,Implication of Quit Notice,complete enough,image/alt missing or weak,present; review for search intent,possible unsafe self-help wording; current-law or procedure-sensitive topic,lawyer review required,redirect conflict: /practice-areas/property-real-estate-law/quit-notice-advisory,template CTA present,metadata present,internal/external links present in body marks,keep hidden pending lawyer/current-law review,no public change unless selected
33,Tier D - already public / monitor,https://chamanlawfirm.com/legal-processofobtaininga-deed-of-assignment,legal-processofobtaininga-deed-of-assignment,Legal Processofobtaininga Deed Of Assignment,complete enough,image present,present; review for search intent,current-law or procedure-sensitive topic,lawyer review required,no configured redirect conflict,template CTA present,metadata present,internal/external links present in body marks,no public change,no public change unless selected
32,Tier D - already public / monitor,https://chamanlawfirm.com/land-tenures-and-customary-land-tenure-systems,land-tenures-and-customary-land-tenure-systems,Land Tenures And Customary Land Tenure Systems,complete enough,image present,present; review for search intent,current-law or procedure-sensitive topic; dispute-resolution wording requires lawyer review,lawyer review required,no configured redirect conflict,template CTA present,metadata present,needs manual link enhancement,no public change,no public change unless selected
31,Tier D - already public / monitor,https://chamanlawfirm.com/property-with-existing-tenants-in-nigeria,property-with-existing-tenants-in-nigeria,Property With Existing Tenants In Nigeria,complete enough,image present,present; review for search intent,low automated risk,low automated risk,no configured redirect conflict,template CTA present,metadata present,internal/external links present in body marks,no public change,no public change unless selected
30,Tier D - already public / monitor,https://chamanlawfirm.com/where-marriage-under-the-act-can-be-conducted,where-marriage-under-the-act-can-be-conducted,Where Marriage Under The Act Can Be Conducted,complete enough,image present,present; review for search intent,current-law or procedure-sensitive topic,lawyer review required,no configured redirect conflict,template CTA present,metadata present,needs manual link enhancement,no public change,no public change unless selected
29,Tier D - already public / monitor,https://chamanlawfirm.com/how-nigerian-courts-handle-electronic-evidence,how-nigerian-courts-handle-electronic-evidence,How Nigerian Courts Handle Electronic Evidence,complete enough,image present,present; review for search intent,current-law or procedure-sensitive topic,lawyer review required,no configured redirect conflict,template CTA present,metadata present,internal/external links present in body marks,no public change,no public change unless selected
27,Tier D - already public / monitor,https://chamanlawfirm.com/types-of-company-in-nigeria,types-of-company-in-nigeria,Types Of Company In Nigeria,complete enough,image present,present; review for search intent,unsupported outcome claim,low automated risk,no configured redirect conflict,template CTA present,metadata present,internal/external links present in body marks,no public change,no public change unless selected
26,Tier D - already public / monitor,https://chamanlawfirm.com/contract-breach-and-remedies,contract-breach-and-remedies,Contract Breach And Remedies,complete enough,image present,present; review for search intent,current-law or procedure-sensitive topic,lawyer review required,no configured redirect conflict,template CTA present,metadata present,internal/external links present in body marks,no public change,no public change unless selected
25,Tier D - already public / monitor,https://chamanlawfirm.com/tax-clearance-certificate-in-nigeria,tax-clearance-certificate-in-nigeria,Tax Clearance Certificate In Nigeria,complete enough,image present,present; review for search intent,current-law or procedure-sensitive topic,lawyer review required,no configured redirect conflict,template CTA present,metadata present,internal/external links present in body marks,no public change,no public change unless selected
24,Tier D - already public / monitor,https://chamanlawfirm.com/legalisation-authentication-of-marriage-certificate-in-nigeria,legalisation-authentication-of-marriage-certificate-in-nigeria,Legalisation Authentication Of Marriage Certificate In Nigeria,complete enough,image present,present; review for search intent,current-law or procedure-sensitive topic,lawyer review required,no configured redirect conflict,template CTA present,metadata present,internal/external links present in body marks,no public change,no public change unless selected
21,Tier D - already public / monitor,https://chamanlawfirm.com/what-is-a-deed-of-assent-in-nigeria,what-is-a-deed-of-assent-in-nigeria,What Is A Deed Of Assent In Nigeria,complete enough,image present,present; review for search intent,low automated risk,low automated risk,no configured redirect conflict,template CTA present,metadata present,internal/external links present in body marks,no public change,no public change unless selected
10,Tier C - lawyer/current-law review,https://chamanlawfirm.com/individual-tax-clearance-certificate,individual-tax-clearance-certificate,Individual Tax Clearance Certificate,complete enough,image present,present; review for search intent,current-law or procedure-sensitive topic,lawyer review required,no configured redirect conflict,template CTA present,metadata present,internal/external links present in body marks,keep hidden pending lawyer/current-law review,no public change unless selected
10,Tier C - lawyer/current-law review,https://chamanlawfirm.com/steps-on-how-to-confidently-report-acrimelaw,steps-on-how-to-confidently-report-acrimelaw,Steps On How To Confidently Report Acrimelaw,complete enough,image present,present; review for search intent,current-law or procedure-sensitive topic,lawyer review required,no configured redirect conflict,template CTA present,metadata present,internal/external links present in body marks,keep hidden pending lawyer/current-law review,no public change unless selected
10,Tier C - lawyer/current-law review,https://chamanlawfirm.com/how-to-legally-evict-a-tenant-in-lagos-state,how-to-legally-evict-a-tenant-in-lagos-state,How To Legally Evict A Tenant In Lagos State Without Breaking the Law,complete enough,image present,present; review for search intent,possible unsafe self-help wording; current-law or procedure-sensitive topic; dispute-resolution wording requires lawyer review,lawyer review required,no configured redirect conflict,template CTA present,metadata present,needs manual link enhancement,keep hidden pending lawyer/current-law review,no public change unless selected
10,Tier C - lawyer/current-law review,https://chamanlawfirm.com/how-to-calculate-and-pay-land-use-charge,how-to-calculate-and-pay-land-use-charge,How To Calculate and Pay Land Use Charge,complete enough,image present,present; review for search intent,current-law or procedure-sensitive topic,lawyer review required,redirect conflict: /practice-areas/property-real-estate-law/land-use-charge,template CTA present,metadata present,needs manual link enhancement,keep hidden pending lawyer/current-law review,no public change unless selected
10,Tier C - lawyer/current-law review,https://chamanlawfirm.com/selling-a-family-land-without-everyones-consent,selling-a-family-land-without-everyones-consent,Selling A Family Land Without Everyones Consent,complete enough,image present,present; review for search intent,off-brand/property-sales wording; current-law or procedure-sensitive topic,lawyer review required,redirect conflict: /practice-areas/property-real-estate-law/selling-a-family-land-without-everyones-consent,template CTA present,metadata present,internal/external links present in body marks,keep hidden pending lawyer/current-law review,no public change unless selected
10,Tier C - lawyer/current-law review,https://chamanlawfirm.com/7-effective-steps-to-take-when-a-landlord-refuses-to-return-your-rent-deposit,7-effective-steps-to-take-when-a-landlord-refuses-to-return-your-rent-deposit,7 Effective Steps To Take When A Landlord Refuses To Return Your Rent Deposit,complete enough,image present,present; review for search intent,current-law or procedure-sensitive topic,lawyer review required,no configured redirect conflict,template CTA present,metadata present,internal/external links present in body marks,keep hidden pending lawyer/current-law review,no public change unless selected
10,Tier C - lawyer/current-law review,https://chamanlawfirm.com/how-to-resolve-land-disputes-in-nigeria-with,how-to-resolve-land-disputes-in-nigeria-with,How To Resolve Land Disputes In Nigeria With,complete enough,image present,present; review for search intent,dispute-resolution wording requires lawyer review,low automated risk,no configured redirect conflict,template CTA present,metadata present,internal/external links present in body marks,keep hidden pending lawyer/current-law review,no public change unless selected
10,Tier C - lawyer/current-law review,https://chamanlawfirm.com/breach-of-promise-to-marriage-in-nigeria,breach-of-promise-to-marriage-in-nigeria,Breach of Promise To Marriage In Nigeria,complete enough,image present,present; review for search intent,current-law or procedure-sensitive topic,lawyer review required,no configured redirect conflict,template CTA present,metadata present,internal/external links present in body marks,keep hidden pending lawyer/current-law review,no public change unless selected
10,Tier C - lawyer/current-law review,https://chamanlawfirm.com/proven-steps-onoverview-of-the-child-right-act,proven-steps-onoverview-of-the-child-right-act,Onoverview of the Child Right Act,complete enough,image present,present; review for search intent,current-law or procedure-sensitive topic; dispute-resolution wording requires lawyer review; unsupported outcome claim,lawyer review required,no configured redirect conflict,template CTA present,metadata present,internal/external links present in body marks,keep hidden pending lawyer/current-law review,no public change unless selected
10,Tier C - lawyer/current-law review,https://chamanlawfirm.com/clauses-for-drafting-a-tenancy-agreement,clauses-for-drafting-a-tenancy-agreement,Clauses For Drafting A Tenancy Agreement,complete enough,image present,present; review for search intent,unsupported outcome claim,low automated risk,no configured redirect conflict,template CTA present,metadata present,internal/external links present in body marks,keep hidden pending lawyer/current-law review,no public change unless selected
10,Tier C - lawyer/current-law review,https://chamanlawfirm.com/right-of-an-illegitimate-child,right-of-an-illegitimate-child,Right of An Illegitimate Child,complete enough,image present,present; review for search intent,family-status topic requires lawyer review,low automated risk,no configured redirect conflict,template CTA present,metadata present,internal/external links present in body marks,keep hidden pending lawyer/current-law review,no public change unless selected
10,Tier C - lawyer/current-law review,https://chamanlawfirm.com/limitation-of-action-in-nigeria,limitation-of-action-in-nigeria,Limitation of Action In Nigeria,complete enough,image present,present; review for search intent,current-law or procedure-sensitive topic,lawyer review required,no configured redirect conflict,template CTA present,metadata present,internal/external links present in body marks,keep hidden pending lawyer/current-law review,no public change unless selected
10,Tier C - lawyer/current-law review,https://chamanlawfirm.com/tenancy-dispute-resolution-in-ogun-state,tenancy-dispute-resolution-in-ogun-state,Tenancy Dispute Resolution In Ogun State,complete enough,image present,present; review for search intent,current-law or procedure-sensitive topic,lawyer review required,no configured redirect conflict,template CTA present,metadata present,needs manual link enhancement,keep hidden pending lawyer/current-law review,no public change unless selected
10,Tier C - lawyer/current-law review,https://chamanlawfirm.com/how-long-does-it-take-to-get-c-of-o-in-ogun-sta,how-long-does-it-take-to-get-c-of-o-in-ogun-sta,How Long Does It Take To Get C Of O In Ogun Sta,complete enough,image present,present; review for search intent,current-law or procedure-sensitive topic,lawyer review required,no configured redirect conflict,template CTA present,metadata present,internal/external links present in body marks,keep hidden pending lawyer/current-law review,no public change unless selected
10,Tier C - lawyer/current-law review,https://chamanlawfirm.com/survey-plans-and-certificates-of-occupancy,survey-plans-and-certificates-of-occupancy,Survey Plans And Certificates Of Occupancy,complete enough,image present,present; review for search intent,current-law or procedure-sensitive topic; dispute-resolution wording requires lawyer review; unsupported outcome claim,lawyer review required,no configured redirect conflict,template CTA present,metadata present,internal/external links present in body marks,keep hidden pending lawyer/current-law review,no public change unless selected
10,Tier C - lawyer/current-law review,https://chamanlawfirm.com/powerful-steps-what-is-trespass-to-land,powerful-steps-what-is-trespass-to-land,Powerful Steps What Is Trespass To Land,complete enough,image present,present; review for search intent,possible unsafe self-help wording; current-law or procedure-sensitive topic,lawyer review required,no configured redirect conflict,template CTA present,metadata present,needs manual link enhancement,keep hidden pending lawyer/current-law review,no public change unless selected
10,Tier C - lawyer/current-law review,https://chamanlawfirm.com/issues-land-grabbing-and-encroachment-in-nigeria,issues-land-grabbing-and-encroachment-in-nigeria,Issues Land Grabbing And Encroachment In Nigeria,complete enough,image present,present; review for search intent,current-law or procedure-sensitive topic; dispute-resolution wording requires lawyer review,lawyer review required,no configured redirect conflict,template CTA present,metadata present,internal/external links present in body marks,keep hidden pending lawyer/current-law review,no public change unless selected
10,Tier C - lawyer/current-law review,https://chamanlawfirm.com/guardianship-and-custody-rights-of-minors,guardianship-and-custody-rights-of-minors,Guardianship And Custody Rights Of Minors,complete enough,image present,present; review for search intent,family-status topic requires lawyer review,low automated risk,no configured redirect conflict,template CTA present,metadata present,internal/external links present in body marks,keep hidden pending lawyer/current-law review,no public change unless selected
10,Tier C - lawyer/current-law review,https://chamanlawfirm.com/corporate-affairs-commission-in-nigeria,corporate-affairs-commission-in-nigeria,Corporate Affairs Commission In Nigeria,complete enough,image present,present; review for search intent,low automated risk,low automated risk,redirect conflict: /practice-areas/corporate-commercial-law/cac-compliance-and-company-records,template CTA present,metadata present,internal/external links present in body marks,keep hidden pending lawyer/current-law review,no public change unless selected
10,Tier C - lawyer/current-law review,https://chamanlawfirm.com/what-makes-a-valid-employment-contract-in-nigeria,what-makes-a-valid-employment-contract-in-nigeria,What Makes a Valid Employment Contract in Nigeria?,complete enough,image present,present; review for search intent,current-law or procedure-sensitive topic; family-status topic requires lawyer review,lawyer review required,no configured redirect conflict,template CTA present,metadata present,internal/external links present in body marks,keep hidden pending lawyer/current-law review,no public change unless selected
10,Tier C - lawyer/current-law review,https://chamanlawfirm.com/how-to-verify-a-property-title-in-lagos,how-to-verify-a-property-title-in-lagos,How to Verify a Property Title in Lagos,complete enough,image present,present; review for search intent,off-brand/property-sales wording; current-law or procedure-sensitive topic; dispute-resolution wording requires lawyer review; unsupported outcome claim,lawyer review required,no configured redirect conflict,template CTA present,metadata present,internal/external links present in body marks,keep hidden pending lawyer/current-law review,no public change unless selected
10,Tier C - lawyer/current-law review,https://chamanlawfirm.com/accountability-in-corporate-governance-in-nigeria,accountability-in-corporate-governance-in-nigeria,Accountability in Corporate Governance in Nigeria,complete enough,image present,present; review for search intent,current-law or procedure-sensitive topic,lawyer review required,no configured redirect conflict,template CTA present,metadata present,internal/external links present in body marks,keep hidden pending lawyer/current-law review,no public change unless selected
10,Tier C - lawyer/current-law review,https://chamanlawfirm.com/business-name-and-a-company-limited-by-shares,business-name-and-a-company-limited-by-shares,Business Name vs Company Limited by Shares in Nigeria,complete enough,image present,present; review for search intent,current-law or procedure-sensitive topic; unsupported outcome claim,lawyer review required,no configured redirect conflict,template CTA present,metadata present,internal/external links present in body marks,keep hidden pending lawyer/current-law review,no public change unless selected
10,Tier C - lawyer/current-law review,https://chamanlawfirm.com/probate-vs-letters-of-administration-in-nigeria,probate-vs-letters-of-administration-in-nigeria,Probate vs Letters of Administration in Nigeria,complete enough,image present,present; review for search intent,off-brand/property-sales wording; current-law or procedure-sensitive topic,lawyer review required,no configured redirect conflict,template CTA present,metadata present,internal/external links present in body marks,keep hidden pending lawyer/current-law review,no public change unless selected
10,Tier C - lawyer/current-law review,https://chamanlawfirm.com/legal-aspects-of-employment-contracts,legal-aspects-of-employment-contracts,Legal Aspects of Employment Contracts in Nigeria,complete enough,image present,present; review for search intent,current-law or procedure-sensitive topic; family-status topic requires lawyer review; unsupported outcome claim,lawyer review required,no configured redirect conflict,template CTA present,metadata present,internal/external links present in body marks,keep hidden pending lawyer/current-law review,no public change unless selected
10,Tier C - lawyer/current-law review,https://chamanlawfirm.com/obtaining-a-certificate-of-occupancy-in-ogun-state,obtaining-a-certificate-of-occupancy-in-ogun-state,Obtaining a Certificate of Occupancy in Ogun State,complete enough,image present,present; review for search intent,off-brand/property-sales wording; current-law or procedure-sensitive topic; dispute-resolution wording requires lawyer review; unsupported outcome claim,lawyer review required,no configured redirect conflict,template CTA present,metadata present,internal/external links present in body marks,keep hidden pending lawyer/current-law review,no public change unless selected
10,Tier C - lawyer/current-law review,https://chamanlawfirm.com/ultimate-legal-guide-to-buying-land-in-nigeria,ultimate-legal-guide-to-buying-land-in-nigeria,Ultimate Legal Guide To Buying Land In Nigeria,complete enough,image present,present; review for search intent,possible unsafe self-help wording; current-law or procedure-sensitive topic; dispute-resolution wording requires lawyer review; unsupported outcome claim,lawyer review required,no configured redirect conflict,template CTA present,metadata present,internal/external links present in body marks,keep hidden pending lawyer/current-law review,no public change unless selected
10,Tier C - lawyer/current-law review,https://chamanlawfirm.com/property-developers-guide-to-tax-compliance,property-developers-guide-to-tax-compliance,Property Developers Guide To Tax Compliance,complete enough,image present,present; review for search intent,off-brand/property-sales wording; current-law or procedure-sensitive topic,lawyer review required,no configured redirect conflict,template CTA present,metadata present,internal/external links present in body marks,keep hidden pending lawyer/current-law review,no public change unless selected
10,Tier C - lawyer/current-law review,https://chamanlawfirm.com/breach-of-property-contracts-in-lekki,breach-of-property-contracts-in-lekki,Breach Of Property Contracts In Lekki,complete enough,image present,present; review for search intent,off-brand/property-sales wording; current-law or procedure-sensitive topic,lawyer review required,no configured redirect conflict,template CTA present,metadata present,internal/external links present in body marks,keep hidden pending lawyer/current-law review,no public change unless selected
10,Tier C - lawyer/current-law review,https://chamanlawfirm.com/registering-property-titles-in-nigeria,registering-property-titles-in-nigeria,Registering Property Titles In Nigeria,complete enough,image present,present; review for search intent,current-law or procedure-sensitive topic; dispute-resolution wording requires lawyer review; unsupported outcome claim,lawyer review required,no configured redirect conflict,template CTA present,metadata present,internal/external links present in body marks,keep hidden pending lawyer/current-law review,no public change unless selected
10,Tier C - lawyer/current-law review,https://chamanlawfirm.com/real-estate-and-property-law,real-estate-and-property-law,Real Estate And Property Law,complete enough,image present,present; review for search intent,current-law or procedure-sensitive topic,lawyer review required,no configured redirect conflict,template CTA present,metadata present,internal/external links present in body marks,keep hidden pending lawyer/current-law review,no public change unless selected
10,Tier C - lawyer/current-law review,https://chamanlawfirm.com/consequences-of-defaulting-on-property-tax,consequences-of-defaulting-on-property-tax,Consequences Of Defaulting On Property Tax,complete enough,image present,present; review for search intent,off-brand/property-sales wording; current-law or procedure-sensitive topic,lawyer review required,no configured redirect conflict,template CTA present,metadata present,internal/external links present in body marks,keep hidden pending lawyer/current-law review,no public change unless selected
10,Tier C - lawyer/current-law review,https://chamanlawfirm.com/nigerian-shipping-contracts,nigerian-shipping-contracts,Nigerian Shipping Contracts,complete enough,image present,present; review for search intent,current-law or procedure-sensitive topic,lawyer review required,no configured redirect conflict,template CTA present,metadata present,internal/external links present in body marks,keep hidden pending lawyer/current-law review,no public change unless selected
10,Tier C - lawyer/current-law review,https://chamanlawfirm.com/debt-recovery-and-consumer-protection-laws,debt-recovery-and-consumer-protection-laws,Debt Recovery And Consumer Protection Laws,complete enough,image present,present; review for search intent,possible unsafe self-help wording; current-law or procedure-sensitive topic; unsupported outcome claim,lawyer review required,no configured redirect conflict,template CTA present,metadata present,internal/external links present in body marks,keep hidden pending lawyer/current-law review,no public change unless selected
10,Tier C - lawyer/current-law review,https://chamanlawfirm.com/property-how-to-place-a-caveat,property-how-to-place-a-caveat,Property How To Place A Caveat,complete enough,image present,present; review for search intent,low automated risk,low automated risk,redirect conflict: /practice-areas/property-real-estate-law,template CTA present,metadata present,internal/external links present in body marks,keep hidden pending lawyer/current-law review,no public change unless selected
10,Tier C - lawyer/current-law review,https://chamanlawfirm.com/can-a-landlord-increase-rent-arbitrarily-in-ogun,can-a-landlord-increase-rent-arbitrarily-in-ogun,Can A Landlord Increase Rent Arbitrarily In Ogun,complete enough,image present,present; review for search intent,current-law or procedure-sensitive topic,lawyer review required,redirect conflict: /practice-areas/property-real-estate-law,template CTA present,metadata present,internal/external links present in body marks,keep hidden pending lawyer/current-law review,no public change unless selected
10,Tier C - lawyer/current-law review,https://chamanlawfirm.com/how-do-i-legally-evict-a-tenant-in-ogun-state,how-do-i-legally-evict-a-tenant-in-ogun-state,How Do I Legally Evict a Tenant in Ogun State?,complete enough,image present,present; review for search intent,off-brand/property-sales wording; possible unsafe self-help wording; current-law or procedure-sensitive topic; unsupported outcome claim,lawyer review required,redirect conflict: /practice-areas/property-real-estate-law,template CTA present,metadata present,needs manual link enhancement,keep hidden pending lawyer/current-law review,no public change unless selected
10,Tier C - lawyer/current-law review,https://chamanlawfirm.com/void-and-voidable-marriages-in-nigeria,void-and-voidable-marriages-in-nigeria,Void and Voidable Marriages in Nigeria: Understanding Legal Implications,complete enough,image present,present; review for search intent,misleading free-service wording; possible unsafe self-help wording; current-law or procedure-sensitive topic; family-status topic requires lawyer review; unsupported outcome claim,lawyer review required,redirect conflict: /practice-areas/family-law/void-and-voidable-marriage-advisory,template CTA present,metadata present,internal/external links present in body marks,keep hidden pending lawyer/current-law review,no public change unless selected
10,Tier C - lawyer/current-law review,https://chamanlawfirm.com/the-overall-list-of-federal-laws-in-nigeria,the-overall-list-of-federal-laws-in-nigeria,The Overall List of Federal Laws In Nigeria,complete enough,image present,present; review for search intent,low automated risk,low automated risk,no configured redirect conflict,template CTA present,metadata present,internal/external links present in body marks,keep hidden pending lawyer/current-law review,no public change unless selected
10,Tier C - lawyer/current-law review,https://chamanlawfirm.com/stamping-and-up-stamping-of-a-mortgage-document,stamping-and-up-stamping-of-a-mortgage-document,What Is Stamping and Up-Stamping of A Mortgage Document,complete enough,image present,present; review for search intent,current-law or procedure-sensitive topic; unsupported outcome claim,lawyer review required,redirect conflict: /practice-areas/property-real-estate-law/mortgage-document-review,template CTA present,metadata present,needs manual link enhancement,keep hidden pending lawyer/current-law review,no public change unless selected
10,Tier C - lawyer/current-law review,https://chamanlawfirm.com/land-use-act-1978,land-use-act-1978,Understanding the Land Use Act: How It Affects You,complete enough,image present,present; review for search intent,current-law or procedure-sensitive topic; dispute-resolution wording requires lawyer review; unsupported outcome claim,lawyer review required,redirect conflict: /practice-areas/property-real-estate-law/land-use-act-advisory,template CTA present,metadata present,internal/external links present in body marks,keep hidden pending lawyer/current-law review,no public change unless selected
10,Tier C - lawyer/current-law review,https://chamanlawfirm.com/how-to-obtain-tax-clearance-certificate,how-to-obtain-tax-clearance-certificate,How To Obtain Tax Clearance Certificate,complete enough,image present,present; review for search intent,current-law or procedure-sensitive topic,lawyer review required,redirect conflict: /practice-areas/corporate-commercial-law/tax-clearance-certificate,template CTA present,metadata present,internal/external links present in body marks,keep hidden pending lawyer/current-law review,no public change unless selected
10,Tier C - lawyer/current-law review,https://chamanlawfirm.com/landlords-and-tenants-in-nigeria,landlords-and-tenants-in-nigeria,Landlords and Tenants In Nigeria,complete enough,image present,present; review for search intent,possible unsafe self-help wording; current-law or procedure-sensitive topic,lawyer review required,redirect conflict: /practice-areas/property-real-estate-law/landlords-and-tenants-in-nigeria,template CTA present,metadata present,internal/external links present in body marks,keep hidden pending lawyer/current-law review,no public change unless selected
10,Tier C - lawyer/current-law review,https://chamanlawfirm.com/rights-of-a-property-owner-in-nigeria,rights-of-a-property-owner-in-nigeria,Your Rights As A Property Owner In Nigeria: What the Law Says,complete enough,image present,present; review for search intent,off-brand/property-sales wording; current-law or procedure-sensitive topic; dispute-resolution wording requires lawyer review; unsupported outcome claim,lawyer review required,redirect conflict: /practice-areas/property-real-estate-law/property-owner-rights,template CTA present,metadata present,internal/external links present in body marks,keep hidden pending lawyer/current-law review,no public change unless selected
10,Tier C - lawyer/current-law review,https://chamanlawfirm.com/doctrine-of-ultra-vires,doctrine-of-ultra-vires,Understanding the Doctrine of Ultra Vires: A Legal Safeguard For Businesses,complete enough,image present,present; review for search intent,low automated risk,low automated risk,redirect conflict: /practice-areas/corporate-commercial-law/ultra-vires-corporate-powers,template CTA present,metadata present,internal/external links present in body marks,keep hidden pending lawyer/current-law review,no public change unless selected
10,Tier C - lawyer/current-law review,https://chamanlawfirm.com/land-registration-system-in-nigeria,land-registration-system-in-nigeria,Land Registration System In Nigeria,complete enough,image present,present; review for search intent,low automated risk,low automated risk,redirect conflict: /practice-areas/property-real-estate-law/land-registration,template CTA present,metadata present,internal/external links present in body marks,keep hidden pending lawyer/current-law review,no public change unless selected
10,Tier C - lawyer/current-law review,https://chamanlawfirm.com/lagos-tenancy-fixed-and-periodic-tenancies,lagos-tenancy-fixed-and-periodic-tenancies,Lagos Tenancy Fixed and Periodic Tenancies,complete enough,image present,present; review for search intent,possible unsafe self-help wording; current-law or procedure-sensitive topic,lawyer review required,no configured redirect conflict,template CTA present,metadata present,internal/external links present in body marks,keep hidden pending lawyer/current-law review,no public change unless selected
10,Tier C - lawyer/current-law review,https://chamanlawfirm.com/board-of-directors-in-nigerian-companies,board-of-directors-in-nigerian-companies,The Strategic Power of the Board Directors In Nigerian Companies- For A Successful Business,complete enough,image present,present; review for search intent,current-law or procedure-sensitive topic,lawyer review required,redirect conflict: /practice-areas/corporate-commercial-law/board-governance,template CTA present,metadata present,internal/external links present in body marks,keep hidden pending lawyer/current-law review,no public change unless selected
10,Tier C - lawyer/current-law review,https://chamanlawfirm.com/how-to-file-a-lawsuit-in-nigeria,how-to-file-a-lawsuit-in-nigeria,How To File A Lawsuit In Nigeria,complete enough,image present,present; review for search intent,low automated risk,low automated risk,redirect conflict: /practice-areas/litigation-dispute-resolution/civil-lawsuit-pre-action-review,template CTA present,metadata present,internal/external links present in body marks,keep hidden pending lawyer/current-law review,no public change unless selected
10,Tier C - lawyer/current-law review,https://chamanlawfirm.com/how-to-apply-for-certificate-of-good-conduct-in-nigeria,how-to-apply-for-certificate-of-good-conduct-in-nigeria,How To Apply For Certificate of Good Conduct In Nigeria,complete enough,image present,present; review for search intent,current-law or procedure-sensitive topic,lawyer review required,redirect conflict: /practice-areas/immigration-services/certificate-of-good-conduct-advisory,template CTA present,metadata present,internal/external links present in body marks,keep hidden pending lawyer/current-law review,no public change unless selected
10,Tier C - lawyer/current-law review,https://chamanlawfirm.com/of-the-securities-and-exchange-commission,of-the-securities-and-exchange-commission,5 Functions of the Securities and Exchange Commission,complete enough,image present,present; review for search intent,low automated risk,low automated risk,redirect conflict: /practice-areas/corporate-commercial-law/securities-regulatory-compliance,template CTA present,metadata present,internal/external links present in body marks,keep hidden pending lawyer/current-law review,no public change unless selected
10,Tier C - lawyer/current-law review,https://chamanlawfirm.com/challenges-of-implementing-the-land-use-act,challenges-of-implementing-the-land-use-act,Challenges of Implementing the Land Use Act,complete enough,image present,present; review for search intent,current-law or procedure-sensitive topic; dispute-resolution wording requires lawyer review,lawyer review required,redirect conflict: /practice-areas/property-real-estate-law/land-use-act-advisory,template CTA present,metadata present,internal/external links present in body marks,keep hidden pending lawyer/current-law review,no public change unless selected
10,Tier C - lawyer/current-law review,https://chamanlawfirm.com/expert-witnesses-in-nigeria-court-proceeding,expert-witnesses-in-nigeria-court-proceeding,Expert Witnesses In Nigeria Court Proceeding,complete enough,image present,present; review for search intent,current-law or procedure-sensitive topic,lawyer review required,redirect conflict: /practice-areas/litigation-dispute-resolution/expert-witnesses,template CTA present,metadata present,internal/external links present in body marks,keep hidden pending lawyer/current-law review,no public change unless selected
10,Tier C - lawyer/current-law review,https://chamanlawfirm.com/legally-combat-police-harassment-in-nigeria,legally-combat-police-harassment-in-nigeria,Legally Combat Police Harassment In Nigeria,complete enough,image present,present; review for search intent,current-law or procedure-sensitive topic; unsupported outcome claim,lawyer review required,no configured redirect conflict,template CTA present,metadata present,internal/external links present in body marks,keep hidden pending lawyer/current-law review,no public change unless selected
10,Tier C - lawyer/current-law review,https://chamanlawfirm.com/legal-restrictions-to-sale-of-land,legal-restrictions-to-sale-of-land,Crucial Insights: Understanding the Legal Restrictions To Sale of Land,complete enough,image present,present; review for search intent,off-brand/property-sales wording; current-law or procedure-sensitive topic,lawyer review required,redirect conflict: /practice-areas/property-real-estate-law/legal-restrictions-to-sale-of-land,template CTA present,metadata present,internal/external links present in body marks,keep hidden pending lawyer/current-law review,no public change unless selected
10,Tier C - lawyer/current-law review,https://chamanlawfirm.com/establishing-paternity-and-maternity-under,establishing-paternity-and-maternity-under,Establishing Paternity and Maternity Under Nigerian Law: A Comprehensive 3 Steps Guide,complete enough,image present,present; review for search intent,family-status topic requires lawyer review,low automated risk,no configured redirect conflict,template CTA present,metadata present,internal/external links present in body marks,keep hidden pending lawyer/current-law review,no public change unless selected
10,Tier C - lawyer/current-law review,https://chamanlawfirm.com/rights-of-parties-to-a-mortgage,rights-of-parties-to-a-mortgage,Rights of Parties To A Mortgage,complete enough,image present,present; review for search intent,low automated risk,low automated risk,redirect conflict: /practice-areas/property-real-estate-law/mortgage-document-review,template CTA present,metadata present,internal/external links present in body marks,keep hidden pending lawyer/current-law review,no public change unless selected
10,Tier C - lawyer/current-law review,https://chamanlawfirm.com/laspppa-what-it-is-and-why-it-matters-in-lagos,laspppa-what-it-is-and-why-it-matters-in-lagos,Laspppa: What It Is and Why It Matters For Property Owners In Lagos,complete enough,image present,present; review for search intent,current-law or procedure-sensitive topic,lawyer review required,redirect conflict: /practice-areas/property-real-estate-law/lagos-physical-planning-compliance,template CTA present,metadata present,internal/external links present in body marks,keep hidden pending lawyer/current-law review,no public change unless selected
10,Tier C - lawyer/current-law review,https://chamanlawfirm.com/what-is-stamping-and-up-stamping-of-a-mortgage-document,what-is-stamping-and-up-stamping-of-a-mortgage-document,What Is Stamping And Up-Stamping Of A Mortgage Document,complete enough,image present,present; review for search intent,misleading free-service wording; current-law or procedure-sensitive topic; dispute-resolution wording requires lawyer review; unsupported outcome claim,lawyer review required,no configured redirect conflict,template CTA present,metadata present,internal/external links present in body marks,keep hidden pending lawyer/current-law review,no public change unless selected
10,Tier C - lawyer/current-law review,https://chamanlawfirm.com/legally-terminate-shipping-contract-in-nigeria,legally-terminate-shipping-contract-in-nigeria,Legally Terminate Shipping Contract In Nigeria,complete enough,image present,present; review for search intent,misleading free-service wording; possible unsafe self-help wording; current-law or procedure-sensitive topic; unsupported outcome claim,lawyer review required,no configured redirect conflict,template CTA present,metadata present,internal/external links present in body marks,keep hidden pending lawyer/current-law review,no public change unless selected
10,Tier C - lawyer/current-law review,https://chamanlawfirm.com/the-rise-of-luxury-real-estate-in-lagos,the-rise-of-luxury-real-estate-in-lagos,The Rise of Luxury Real Estate in Lagos,complete enough,image present,present; review for search intent,off-brand/property-sales wording; current-law or procedure-sensitive topic,lawyer review required,no configured redirect conflict,template CTA present,metadata present,internal/external links present in body marks,keep hidden pending lawyer/current-law review,no public change unless selected
10,Tier C - lawyer/current-law review,https://chamanlawfirm.com/why-luxury-real-estate-outperforms-inflation-in-nigeria,why-luxury-real-estate-outperforms-inflation-in-nigeria,Why Luxury Real Estate Outperforms Inflation in Nigeria ,complete enough,image present,present; review for search intent,off-brand/property-sales wording; unsupported outcome claim,low automated risk,no configured redirect conflict,template CTA present,metadata present,internal/external links present in body marks,keep hidden pending lawyer/current-law review,no public change unless selected
10,Tier C - lawyer/current-law review,https://chamanlawfirm.com/how-to-buy-luxury-property-in-nigeria-without-costly-mistakes,how-to-buy-luxury-property-in-nigeria-without-costly-mistakes,How to Buy Luxury Property in Nigeria Without Costly Mistakes ,complete enough,image present,present; review for search intent,off-brand/property-sales wording; current-law or procedure-sensitive topic,lawyer review required,no configured redirect conflict,template CTA present,metadata present,internal/external links present in body marks,keep hidden pending lawyer/current-law review,no public change unless selected
10,Tier C - lawyer/current-law review,https://chamanlawfirm.com/best-locations-for-luxury-property-investment-in-nigeria-where-smart-investors-are-buying-premium-real-estate,best-locations-for-luxury-property-investment-in-nigeria-where-smart-investors-are-buying-premium-real-estate,Best Locations for Luxury Property Investment in Nigeria: Where Smart Investors Are Buying Premium Real Estate,complete enough,image present,present; review for search intent,off-brand/property-sales wording,low automated risk,no configured redirect conflict,template CTA present,metadata present,internal/external links present in body marks,keep hidden pending lawyer/current-law review,no public change unless selected
10,Tier C - lawyer/current-law review,https://chamanlawfirm.com/most-expensive-neighborhoods-in-lagos-and-why-they-matter-for-luxury-property-investors,most-expensive-neighborhoods-in-lagos-and-why-they-matter-for-luxury-property-investors,Most Expensive Neighborhoods in Lagos and Why They Matter for Luxury Property Investors,complete enough,image present,present; review for search intent,off-brand/property-sales wording,low automated risk,no configured redirect conflict,template CTA present,metadata present,internal/external links present in body marks,keep hidden pending lawyer/current-law review,no public change unless selected
10,Tier C - lawyer/current-law review,https://chamanlawfirm.com/how-wealthy-investors-build-generational-wealth-through-real-estate,how-wealthy-investors-build-generational-wealth-through-real-estate,How Wealthy Investors Build Generational Wealth Through Real Estate,complete enough,image present,present; review for search intent,off-brand/property-sales wording,low automated risk,no configured redirect conflict,template CTA present,metadata present,internal/external links present in body marks,keep hidden pending lawyer/current-law review,no public change unless selected
10,Tier C - lawyer/current-law review,https://chamanlawfirm.com/what-makes-a-property-truly-luxury-in-nigeria,what-makes-a-property-truly-luxury-in-nigeria,What Makes a Property Truly Luxury in Nigeria?,complete enough,image present,present; review for search intent,off-brand/property-sales wording,low automated risk,no configured redirect conflict,template CTA present,metadata present,internal/external links present in body marks,keep hidden pending lawyer/current-law review,no public change unless selected
10,Tier C - lawyer/current-law review,https://chamanlawfirm.com/the-future-of-luxury-real-estate-in-nigeria,the-future-of-luxury-real-estate-in-nigeria,The Future of Luxury Real Estate in Nigeria,complete enough,image present,present; review for search intent,off-brand/property-sales wording; unsupported outcome claim,low automated risk,no configured redirect conflict,template CTA present,metadata present,internal/external links present in body marks,keep hidden pending lawyer/current-law review,no public change unless selected
10,Tier C - lawyer/current-law review,https://chamanlawfirm.com/the-luxury-apartments-vs-luxury-detached-homes,the-luxury-apartments-vs-luxury-detached-homes,The Luxury Apartments vs Luxury Detached Homes,complete enough,image present,present; review for search intent,off-brand/property-sales wording,low automated risk,no configured redirect conflict,template CTA present,metadata present,internal/external links present in body marks,keep hidden pending lawyer/current-law review,no public change unless selected
10,Tier C - lawyer/current-law review,https://chamanlawfirm.com/luxury-property-investment-strategies-for-business-executives,luxury-property-investment-strategies-for-business-executives,Luxury Property Investment Strategies for Business Executives,complete enough,image present,present; review for search intent,off-brand/property-sales wording,low automated risk,no configured redirect conflict,template CTA present,metadata present,internal/external links present in body marks,keep hidden pending lawyer/current-law review,no public change unless selected
10,Tier C - lawyer/current-law review,https://chamanlawfirm.com/luxury-waterfront-properties-in-lagos-benefits-and-risks,luxury-waterfront-properties-in-lagos-benefits-and-risks,Luxury Waterfront Properties in Lagos: Benefits & Risks,complete enough,image present,present; review for search intent,off-brand/property-sales wording; current-law or procedure-sensitive topic; unsupported outcome claim,lawyer review required,no configured redirect conflict,template CTA present,metadata present,internal/external links present in body marks,keep hidden pending lawyer/current-law review,no public change unless selected
10,Tier C - lawyer/current-law review,https://chamanlawfirm.com/why-luxury-real-estate-remains-one-of-the-safest-investments-in-nigeria,why-luxury-real-estate-remains-one-of-the-safest-investments-in-nigeria,Why Luxury Real Estate Remains One of the Safest Investments in Nigeria,complete enough,image present,present; review for search intent,off-brand/property-sales wording; current-law or procedure-sensitive topic; unsupported outcome claim,lawyer review required,no configured redirect conflict,template CTA present,metadata present,internal/external links present in body marks,keep hidden pending lawyer/current-law review,no public change unless selected
10,Tier C - lawyer/current-law review,https://chamanlawfirm.com/top-luxury-estates-in-lagos-for-high-net-worth-investors-the-ultimate-investment-guide,top-luxury-estates-in-lagos-for-high-net-worth-investors-the-ultimate-investment-guide,Top Luxury Estates in Lagos for High-Net-Worth Investors: The Ultimate Investment Guide,complete enough,image present,present; review for search intent,off-brand/property-sales wording; current-law or procedure-sensitive topic; unsupported outcome claim,lawyer review required,no configured redirect conflict,template CTA present,metadata present,internal/external links present in body marks,keep hidden pending lawyer/current-law review,no public change unless selected
10,Tier C - lawyer/current-law review,https://chamanlawfirm.com/the-ultimate-guide-to-luxury-real-estate-investment-in-nigeria,the-ultimate-guide-to-luxury-real-estate-investment-in-nigeria,The Ultimate Guide to Luxury Real Estate Investment in Nigeria,complete enough,image present,present; review for search intent,off-brand/property-sales wording; current-law or procedure-sensitive topic; unsupported outcome claim,lawyer review required,no configured redirect conflict,template CTA present,metadata present,needs manual link enhancement,keep hidden pending lawyer/current-law review,no public change unless selected
10,Tier C - lawyer/current-law review,https://chamanlawfirm.com/how-to-safely-buy-land-in-lagos-nigeria-without-fraud,how-to-safely-buy-land-in-lagos-nigeria-without-fraud,How to Safely Buy Land in Lagos Nigeria Without Falling Victim to Fraud in 2026,complete enough,image present,present; review for search intent,off-brand/property-sales wording; current-law or procedure-sensitive topic; dispute-resolution wording requires lawyer review,lawyer review required,no configured redirect conflict,template CTA present,metadata present,needs manual link enhancement,keep hidden pending lawyer/current-law review,no public change unless selected
10,Tier C - lawyer/current-law review,https://chamanlawfirm.com/luxury-real-estate-investment-lagos-nigeria,luxury-real-estate-investment-lagos-nigeria,Luxury Real Estate Investment in Lagos: A Complete Guide for Smart Investors in 2026,complete enough,image present,present; review for search intent,off-brand/property-sales wording,low automated risk,no configured redirect conflict,template CTA present,metadata present,internal/external links present in body marks,keep hidden pending lawyer/current-law review,no public change unless selected
4,Tier C - lawyer/current-law review,https://chamanlawfirm.com/how-to-file-complaint-against-police-officers-in-nigeria,how-to-file-complaint-against-police-officers-in-nigeria,How To File Complaint Against Police Officers In Nigeria,complete enough,image/alt missing or weak,present; review for search intent,current-law or procedure-sensitive topic,lawyer review required,redirect conflict: /practice-areas/litigation-dispute-resolution/police-complaint-and-rights-advisory,template CTA present,metadata present,internal/external links present in body marks,keep hidden pending lawyer/current-law review,no public change unless selected
1,Tier C - lawyer/current-law review,https://chamanlawfirm.com/conditions-for-granting-injunctions-and-types-of-injunctions,conditions-for-granting-injunctions-and-types-of-injunctions,Conditions For Granting Injunctions And Types Of Injunctions,complete enough,image/alt missing or weak,present; review for search intent,current-law or procedure-sensitive topic,lawyer review required,redirect conflict: /practice-areas/litigation-dispute-resolution/injunctions-and-interim-reliefs,template CTA present,metadata present,internal/external links present in body marks,keep hidden pending lawyer/current-law review,no public change unless selected
0,Tier D - already public / monitor,https://chamanlawfirm.com/land-use-act-and-land-tenure-systems,land-use-act-and-land-tenure-systems,Land Use Act and Land Tenure Systems in Nigeria,complete enough,image present,present; review for search intent,current-law or procedure-sensitive topic,lawyer review required,no configured redirect conflict,template CTA present,metadata present,internal/external links present in body marks,no public change,no public change unless selected
-6,Tier C - lawyer/current-law review,https://chamanlawfirm.com/probate-in-lagos-everything-you-need-to-know,probate-in-lagos-everything-you-need-to-know,Probate In Lagos Everything You Need To Know,complete enough,image/alt missing or weak,present; review for search intent,current-law or procedure-sensitive topic,lawyer review required,redirect conflict: /practice-areas/probate-estate-administration/probate-in-lagos-everything-you-need-to-know,template CTA present,metadata present,needs manual link enhancement,keep hidden pending lawyer/current-law review,no public change unless selected
-8,Tier D - already public / monitor,https://chamanlawfirm.com/taxation-of-the-construction-sector-in-nigeria,taxation-of-the-construction-sector-in-nigeria,Taxation of the Construction Sector in Nigeria,complete enough,image/alt missing or weak,present; review for search intent,current-law or procedure-sensitive topic,lawyer review required,no configured redirect conflict,template CTA present,metadata present,internal/external links present in body marks,no public change,no public change unless selected
-9,Tier D - already public / monitor,https://chamanlawfirm.com/sharing-of-property-after-divorce-in-nigeria,sharing-of-property-after-divorce-in-nigeria,Sharing of Property after Divorce in Nigeria,complete enough,image/alt missing or weak,present; review for search intent,low automated risk,low automated risk,no configured redirect conflict,template CTA present,metadata present,internal/external links present in body marks,no public change,no public change unless selected
-10,Tier D - already public / monitor,https://chamanlawfirm.com/challenges-facing-the-nigerian-court-system,challenges-facing-the-nigerian-court-system,Challenges Facing the Nigerian Court System,complete enough,image/alt missing or weak,present; review for search intent,current-law or procedure-sensitive topic,lawyer review required,no configured redirect conflict,template CTA present,metadata present,internal/external links present in body marks,no public change,no public change unless selected
-11,Tier C - lawyer/current-law review,https://chamanlawfirm.com/who-can-be-a-notary-public,who-can-be-a-notary-public,Who Can Be A Notary Public,complete enough,image/alt missing or weak,present; review for search intent,current-law or procedure-sensitive topic,lawyer review required,redirect conflict: /practice-areas/notary-public-services/notary-public-eligibility-and-document-advisory,template CTA present,metadata present,internal/external links present in body marks,keep hidden pending lawyer/current-law review,no public change unless selected
-23,Tier C - lawyer/current-law review,https://chamanlawfirm.com/defenses-and-bars-to-a-petition-for-divorce-2,defenses-and-bars-to-a-petition-for-divorce-2,Defenses And Bars To A Petition For Divorce 2,complete enough,image/alt missing or weak,present; review for search intent,current-law or procedure-sensitive topic,lawyer review required,no configured redirect conflict,template CTA present,metadata present,needs manual link enhancement,keep hidden pending lawyer/current-law review,no public change unless selected
-30,Tier D - already public / monitor,https://chamanlawfirm.com/the-duties-of-lawyers-to-client,the-duties-of-lawyers-to-client,Duties of Lawyers to Clients in Nigeria,complete enough,image present,present; review for search intent,low automated risk,low automated risk,no configured redirect conflict,template CTA present,metadata present,internal/external links present in body marks,no public change,no public change unless selected
-30,Tier D - already public / monitor,https://chamanlawfirm.com/abandonment-and-withdrew-of-court-action,abandonment-and-withdrew-of-court-action,What You Need to Know About Consequence of Abandonment and Withdrew of Court Action in Nigeria,complete enough,image present,present; review for search intent,current-law or procedure-sensitive topic,lawyer review required,redirect conflict: /practice-areas/litigation-dispute-resolution,template CTA present,metadata present,internal/external links present in body marks,no public change,no public change unless selected
-30,Tier D - already public / monitor,https://chamanlawfirm.com/deal-with-and-bad-tenant-as-a-landlord,deal-with-and-bad-tenant-as-a-landlord,How to Deal with a Stubborn and Bad Tenant as a Landlord in Nigeria,complete enough,image present,present; review for search intent,possible unsafe self-help wording; current-law or procedure-sensitive topic,lawyer review required,redirect conflict: /practice-areas/property-real-estate-law,template CTA present,metadata present,internal/external links present in body marks,no public change,no public change unless selected
-30,Tier D - already public / monitor,https://chamanlawfirm.com/powerful-steps-what-is-trespass-to-land-2,powerful-steps-what-is-trespass-to-land-2,What is Trespass to Land,complete enough,image present,present; review for search intent,possible unsafe self-help wording; current-law or procedure-sensitive topic; dispute-resolution wording requires lawyer review,lawyer review required,no configured redirect conflict,template CTA present,metadata present,internal/external links present in body marks,no public change,no public change unless selected
-30,Tier D - already public / monitor,https://chamanlawfirm.com/legal-steps-to-take-when-our-land-has-been,legal-steps-to-take-when-our-land-has-been,5 Powerful Legal Steps to Take When Your Land Has Been Encroached Upon in Nigeria,complete enough,image present,present; review for search intent,current-law or procedure-sensitive topic; dispute-resolution wording requires lawyer review,lawyer review required,no configured redirect conflict,template CTA present,metadata present,internal/external links present in body marks,no public change,no public change unless selected
-30,Tier D - already public / monitor,https://chamanlawfirm.com/is-foreign-marriage-under-the-nigerian-law,is-foreign-marriage-under-the-nigerian-law,HOW VALID IS FOREIGN MARRIAGE UNDER NIGERIAN LAW,complete enough,image present,present; review for search intent,low automated risk,low automated risk,no configured redirect conflict,template CTA present,metadata present,internal/external links present in body marks,no public change,no public change unless selected
-30,Tier D - already public / monitor,https://chamanlawfirm.com/how-to-replace-a-lost-a-marriage-certificate,how-to-replace-a-lost-a-marriage-certificate,HOW TO REPLACE A LOST A MARRIAGE CERTIFICATE,complete enough,image present,present; review for search intent,current-law or procedure-sensitive topic,lawyer review required,no configured redirect conflict,template CTA present,metadata present,internal/external links present in body marks,no public change,no public change unless selected
-30,Tier D - already public / monitor,https://chamanlawfirm.com/the-morgage-sell-the-mortgaged-property,the-morgage-sell-the-mortgaged-property,The Morgage Sell The Mortgaged Property,complete enough,image present,present; review for search intent,off-brand/property-sales wording; current-law or procedure-sensitive topic,lawyer review required,no configured redirect conflict,template CTA present,metadata present,needs manual link enhancement,no public change,no public change unless selected
-30,Tier D - already public / monitor,https://chamanlawfirm.com/how-to-obtain-dual-citizenship-in-nigeria-a,how-to-obtain-dual-citizenship-in-nigeria-a,How To Obtain Dual Citizenship In Nigeria A,complete enough,image present,present; review for search intent,low automated risk,low automated risk,no configured redirect conflict,template CTA present,metadata present,internal/external links present in body marks,no public change,no public change unless selected
-30,Tier D - already public / monitor,https://chamanlawfirm.com/legal-remedies-for-breach-of-land-sale-contract,legal-remedies-for-breach-of-land-sale-contract,Legal Remedies For Breach Of Land Sale Contract,complete enough,image present,present; review for search intent,current-law or procedure-sensitive topic,lawyer review required,no configured redirect conflict,template CTA present,metadata present,needs manual link enhancement,no public change,no public change unless selected
-30,Tier D - already public / monitor,https://chamanlawfirm.com/how-to-obtain-an-infant-visa-in-nigeria,how-to-obtain-an-infant-visa-in-nigeria,How To Obtain An Infant Visa In Nigeria,complete enough,image present,present; review for search intent,current-law or procedure-sensitive topic,lawyer review required,no configured redirect conflict,template CTA present,metadata present,internal/external links present in body marks,no public change,no public change unless selected
-30,Tier D - already public / monitor,https://chamanlawfirm.com/real-estate-taxes-in-nigeria-transactions,real-estate-taxes-in-nigeria-transactions,Real Estate Taxes In Nigeria Transactions,complete enough,image present,present; review for search intent,off-brand/property-sales wording; current-law or procedure-sensitive topic,lawyer review required,no configured redirect conflict,template CTA present,metadata present,internal/external links present in body marks,no public change,no public change unless selected
-30,Tier D - already public / monitor,https://chamanlawfirm.com/how-to-register-a-deed-of-assignment-in-ogun,how-to-register-a-deed-of-assignment-in-ogun,How To Register A Deed Of Assignment In Ogun,complete enough,image present,present; review for search intent,current-law or procedure-sensitive topic,lawyer review required,no configured redirect conflict,template CTA present,metadata present,internal/external links present in body marks,no public change,no public change unless selected
-30,Tier D - already public / monitor,https://chamanlawfirm.com/how-to-handle-land-grabbers-in-ogun-state,how-to-handle-land-grabbers-in-ogun-state,How To Handle Land Grabbers In Ogun State,complete enough,image present,present; review for search intent,possible unsafe self-help wording; current-law or procedure-sensitive topic,lawyer review required,no configured redirect conflict,template CTA present,metadata present,needs manual link enhancement,no public change,no public change unless selected
-30,Tier D - already public / monitor,https://chamanlawfirm.com/how-to-apply-for-certificate-of-occupancy-in-nigeria,how-to-apply-for-certificate-of-occupancy-in-nigeria,How To Apply For Certificate Of Occupancy In Nigeria,complete enough,image present,present; review for search intent,current-law or procedure-sensitive topic,lawyer review required,no configured redirect conflict,template CTA present,metadata present,internal/external links present in body marks,no public change,no public change unless selected
-30,Tier D - already public / monitor,https://chamanlawfirm.com/certificate-of-occupancy-in-oyo-state,certificate-of-occupancy-in-oyo-state,Certificate Of Occupancy In Oyo State,complete enough,image present,present; review for search intent,current-law or procedure-sensitive topic,lawyer review required,no configured redirect conflict,template CTA present,metadata present,internal/external links present in body marks,no public change,no public change unless selected
-30,Tier D - already public / monitor,https://chamanlawfirm.com/mastering-nigeria-law-for-contract-an-in,mastering-nigeria-law-for-contract-an-in,Mastering Nigeria Law For Contract An In,complete enough,image present,present; review for search intent,low automated risk,low automated risk,no configured redirect conflict,template CTA present,metadata present,internal/external links present in body marks,no public change,no public change unless selected
-30,Tier D - already public / monitor,https://chamanlawfirm.com/how-to-apply-for-and-get-a-certificate-of-occupancy-in-enugu-state-nigeria,how-to-apply-for-and-get-a-certificate-of-occupancy-in-enugu-state-nigeria,How To Apply For And Get A Certificate Of Occupancy In Enugu State Nigeria,complete enough,image present,present; review for search intent,current-law or procedure-sensitive topic,lawyer review required,no configured redirect conflict,template CTA present,metadata present,internal/external links present in body marks,no public change,no public change unless selected
-30,Tier D - already public / monitor,https://chamanlawfirm.com/difference-between-a-parent-company-and-a-subsidiary,difference-between-a-parent-company-and-a-subsidiary,Difference Between a Parent Company and a Subsidiary,complete enough,image present,present; review for search intent,low automated risk,low automated risk,no configured redirect conflict,template CTA present,metadata present,internal/external links present in body marks,no public change,no public change unless selected
-30,Tier D - already public / monitor,https://chamanlawfirm.com/tenancy-law-of-lagos-state-2011,tenancy-law-of-lagos-state-2011,Tenancy Law Of Lagos State 2011,complete enough,image present,present; review for search intent,low automated risk,low automated risk,no configured redirect conflict,template CTA present,metadata present,internal/external links present in body marks,no public change,no public change unless selected
-30,Tier D - already public / monitor,https://chamanlawfirm.com/how-to-get-international-passport-in-nigeria,how-to-get-international-passport-in-nigeria,How to Get an International Passport in Nigeria,complete enough,image present,present; review for search intent,current-law or procedure-sensitive topic,lawyer review required,no configured redirect conflict,template CTA present,metadata present,needs manual link enhancement,no public change,no public change unless selected
-30,Tier D - already public / monitor,https://chamanlawfirm.com/procedures-for-land-registration-in-nigeria,procedures-for-land-registration-in-nigeria,Procedures for Land Registration in Nigeria,complete enough,image present,present; review for search intent,current-law or procedure-sensitive topic,lawyer review required,no configured redirect conflict,template CTA present,metadata present,internal/external links present in body marks,no public change,no public change unless selected
-30,Tier D - already public / monitor,https://chamanlawfirm.com/the-le-a-legally-binding-contracts-in-nigeri,the-le-a-legally-binding-contracts-in-nigeri,Legally Binding Contracts in Nigeria,complete enough,image present,present; review for search intent,low automated risk,low automated risk,no configured redirect conflict,template CTA present,metadata present,internal/external links present in body marks,no public change,no public change unless selected
-30,Tier D - already public / monitor,https://chamanlawfirm.com/recovery-of-premises,recovery-of-premises,Recovery Of Premises,complete enough,image present,present; review for search intent,current-law or procedure-sensitive topic,lawyer review required,no configured redirect conflict,template CTA present,metadata present,internal/external links present in body marks,no public change,no public change unless selected
-30,Tier D - already public / monitor,https://chamanlawfirm.com/how-to-be-a-good-property-lawyer,how-to-be-a-good-property-lawyer,How To Be A Good Property Lawyer,complete enough,image present,present; review for search intent,current-law or procedure-sensitive topic; dispute-resolution wording requires lawyer review,lawyer review required,no configured redirect conflict,template CTA present,metadata present,internal/external links present in body marks,no public change,no public change unless selected
-30,Tier D - already public / monitor,https://chamanlawfirm.com/what-is-the-cost-of-perfecting-land-titles,what-is-the-cost-of-perfecting-land-titles,What Is The Cost Of Perfecting Land Titles,complete enough,image present,present; review for search intent,current-law or procedure-sensitive topic; dispute-resolution wording requires lawyer review,lawyer review required,no configured redirect conflict,template CTA present,metadata present,needs manual link enhancement,no public change,no public change unless selected
-30,Tier D - already public / monitor,https://chamanlawfirm.com/deed-of-assignment-guide-to-register,deed-of-assignment-guide-to-register,Deed Of Assignment Guide To Register,complete enough,image present,present; review for search intent,current-law or procedure-sensitive topic,lawyer review required,no configured redirect conflict,template CTA present,metadata present,needs manual link enhancement,no public change,no public change unless selected
-30,Tier D - already public / monitor,https://chamanlawfirm.com/what-are-the-requirements-for-compulsory-acquisition-of-land-in-nigeria,what-are-the-requirements-for-compulsory-acquisition-of-land-in-nigeria,What Are The Requirements For Compulsory Acquisition Of Land In Nigeria,complete enough,image present,present; review for search intent,current-law or procedure-sensitive topic,lawyer review required,no configured redirect conflict,template CTA present,metadata present,internal/external links present in body marks,no public change,no public change unless selected
-30,Tier D - already public / monitor,https://chamanlawfirm.com/court-procedures-and-efficient-case,court-procedures-and-efficient-case,Court Procedures and Efficient Case Management in Nigeria,complete enough,image present,present; review for search intent,low automated risk,low automated risk,no configured redirect conflict,template CTA present,metadata present,internal/external links present in body marks,no public change,no public change unless selected
-30,Tier D - already public / monitor,https://chamanlawfirm.com/proven-steps-on-land-allocation-and-ownership,proven-steps-on-land-allocation-and-ownership,Land Allocation and Ownership in Nigeria,complete enough,image present,present; review for search intent,dispute-resolution wording requires lawyer review; unsupported outcome claim,low automated risk,no configured redirect conflict,template CTA present,metadata present,internal/external links present in body marks,no public change,no public change unless selected
-30,Tier D - already public / monitor,https://chamanlawfirm.com/land-use-act-and-its-role-in-land-allocation,land-use-act-and-its-role-in-land-allocation,Land Use Act and Its Role in Land Allocation,complete enough,image present,present; review for search intent,current-law or procedure-sensitive topic,lawyer review required,no configured redirect conflict,template CTA present,metadata present,needs manual link enhancement,no public change,no public change unless selected
-30,Tier D - already public / monitor,https://chamanlawfirm.com/how-do-i-draft-tenancy-agreement-in-lagos,how-do-i-draft-tenancy-agreement-in-lagos,How to Draft a Tenancy Agreement in Lagos,complete enough,image present,present; review for search intent,current-law or procedure-sensitive topic; unsupported outcome claim,lawyer review required,no configured redirect conflict,template CTA present,metadata present,needs manual link enhancement,no public change,no public change unless selected
-30,Tier D - already public / monitor,https://chamanlawfirm.com/how-to-appoint-a-company-secretary-in-nigeria,how-to-appoint-a-company-secretary-in-nigeria,How to Appoint a Company Secretary in Nigeria,complete enough,image present,present; review for search intent,low automated risk,low automated risk,no configured redirect conflict,template CTA present,metadata present,internal/external links present in body marks,no public change,no public change unless selected
-30,Tier D - already public / monitor,https://chamanlawfirm.com/company-management-in-nigeria,company-management-in-nigeria,Company Management in Nigeria,complete enough,image present,present; review for search intent,current-law or procedure-sensitive topic,lawyer review required,no configured redirect conflict,template CTA present,metadata present,internal/external links present in body marks,no public change,no public change unless selected
-30,Tier D - already public / monitor,https://chamanlawfirm.com/legalimplicationsof-co-ownership-of-property,legalimplicationsof-co-ownership-of-property,Legal Implications of Co-Ownership of Property in Nigeria,complete enough,image present,present; review for search intent,current-law or procedure-sensitive topic,lawyer review required,no configured redirect conflict,template CTA present,metadata present,internal/external links present in body marks,no public change,no public change unless selected
-30,Tier D - already public / monitor,https://chamanlawfirm.com/lagos-inheritance-law-explained-family-rights,lagos-inheritance-law-explained-family-rights,Lagos Inheritance Law and Family Property Rights,complete enough,image present,present; review for search intent,possible unsafe self-help wording,low automated risk,no configured redirect conflict,template CTA present,metadata present,needs manual link enhancement,no public change,no public change unless selected
-30,Tier D - already public / monitor,https://chamanlawfirm.com/roles-of-a-property-lawyer-in-real-estate,roles-of-a-property-lawyer-in-real-estate,Roles of a Property Lawyer in Real Estate Transactions,complete enough,image present,present; review for search intent,current-law or procedure-sensitive topic,lawyer review required,no configured redirect conflict,template CTA present,metadata present,internal/external links present in body marks,no public change,no public change unless selected
-30,Tier D - already public / monitor,https://chamanlawfirm.com/how-tohandle-land-disputes-withfamilymembers,how-tohandle-land-disputes-withfamilymembers,How to Handle Land Disputes With Family Members,complete enough,image present,present; review for search intent,current-law or procedure-sensitive topic; dispute-resolution wording requires lawyer review,lawyer review required,no configured redirect conflict,template CTA present,metadata present,internal/external links present in body marks,no public change,no public change unless selected
-30,Tier D - already public / monitor,https://chamanlawfirm.com/what-is-the-cost-of-perfecting-land-title,what-is-the-cost-of-perfecting-land-title,Cost of Perfecting a Land Title in Nigeria,complete enough,image present,present; review for search intent,current-law or procedure-sensitive topic,lawyer review required,no configured redirect conflict,template CTA present,metadata present,needs manual link enhancement,no public change,no public change unless selected
-30,Tier D - already public / monitor,https://chamanlawfirm.com/letters-of-administration-in-lagos-state,letters-of-administration-in-lagos-state,Letters of Administration in Lagos State,complete enough,image present,present; review for search intent,current-law or procedure-sensitive topic; unsupported outcome claim,lawyer review required,no configured redirect conflict,template CTA present,metadata present,needs manual link enhancement,no public change,no public change unless selected
-30,Tier D - already public / monitor,https://chamanlawfirm.com/procedure-for-company-registration-in-nigeria,procedure-for-company-registration-in-nigeria,Procedure for Company Registration in Nigeria,complete enough,image present,present; review for search intent,unsupported outcome claim,low automated risk,no configured redirect conflict,template CTA present,metadata present,needs manual link enhancement,no public change,no public change unless selected
-30,Tier D - already public / monitor,https://chamanlawfirm.com/a-complete-guide-on-how-to-register-a-company-in-nigeria,a-complete-guide-on-how-to-register-a-company-in-nigeria,Complete Guide to Registering a Company in Nigeria,complete enough,image present,present; review for search intent,low automated risk,low automated risk,no configured redirect conflict,template CTA present,metadata present,internal/external links present in body marks,no public change,no public change unless selected
-30,Tier D - already public / monitor,https://chamanlawfirm.com/how-to-apply-for-certificate-of-occupancy-in-lagos-state-nigeria,how-to-apply-for-certificate-of-occupancy-in-lagos-state-nigeria,How to Apply for Certificate of Occupancy in Lagos State,complete enough,image present,present; review for search intent,current-law or procedure-sensitive topic,lawyer review required,no configured redirect conflict,template CTA present,metadata present,internal/external links present in body marks,no public change,no public change unless selected
-30,Tier D - already public / monitor,https://chamanlawfirm.com/taxation-vat-and-other-indirect-taxes-in-nigeria,taxation-vat-and-other-indirect-taxes-in-nigeria,VAT and Other Indirect Taxes in Nigeria,complete enough,image present,present; review for search intent,current-law or procedure-sensitive topic,lawyer review required,no configured redirect conflict,template CTA present,metadata present,needs manual link enhancement,no public change,no public change unless selected
-30,Tier D - already public / monitor,https://chamanlawfirm.com/transfer-land-ownership-and-land-document,transfer-land-ownership-and-land-document,Transfer of Land Ownership and Land Documents in Nigeria,complete enough,image present,present; review for search intent,current-law or procedure-sensitive topic,lawyer review required,no configured redirect conflict,template CTA present,metadata present,needs manual link enhancement,no public change,no public change unless selected
-30,Tier D - already public / monitor,https://chamanlawfirm.com/navigating-the-probate-registry-in-ogun-state,navigating-the-probate-registry-in-ogun-state,Navigating the Probate Registry in Ogun State,complete enough,image present,present; review for search intent,low automated risk,low automated risk,no configured redirect conflict,template CTA present,metadata present,internal/external links present in body marks,no public change,no public change unless selected
-30,Tier D - already public / monitor,https://chamanlawfirm.com/how-to-verify-property-titles-in-nigeria,how-to-verify-property-titles-in-nigeria,How to Verify Property Titles in Nigeria,complete enough,image present,present; review for search intent,current-law or procedure-sensitive topic,lawyer review required,no configured redirect conflict,template CTA present,metadata present,internal/external links present in body marks,no public change,no public change unless selected
-30,Tier D - already public / monitor,https://chamanlawfirm.com/division-in-divorce-proceedings,division-in-divorce-proceedings,Division of Property in Divorce Proceedings in Nigeria,complete enough,image present,present; review for search intent,low automated risk,low automated risk,no configured redirect conflict,template CTA present,metadata present,internal/external links present in body marks,no public change,no public change unless selected
-30,Tier D - already public / monitor,https://chamanlawfirm.com/calculate-land-use-charge-chaman-law-firm,calculate-land-use-charge-chaman-law-firm,How to Calculate Land Use Charge in Nigeria,complete enough,image present,present; review for search intent,current-law or procedure-sensitive topic,lawyer review required,no configured redirect conflict,template CTA present,metadata present,internal/external links present in body marks,no public change,no public change unless selected
-30,Tier D - already public / monitor,https://chamanlawfirm.com/strategies-to-handle-a-bad-tenant-legally,strategies-to-handle-a-bad-tenant-legally,Legal Strategies for Handling Difficult Tenants in Nigeria,complete enough,image present,present; review for search intent,current-law or procedure-sensitive topic,lawyer review required,no configured redirect conflict,template CTA present,metadata present,internal/external links present in body marks,no public change,no public change unless selected
-30,Tier D - already public / monitor,https://chamanlawfirm.com/verify-land-titles-before-buying-property,verify-land-titles-before-buying-property,How to Verify Land Titles Before Buying Property,complete enough,image present,present; review for search intent,off-brand/property-sales wording; current-law or procedure-sensitive topic,lawyer review required,no configured redirect conflict,template CTA present,metadata present,needs manual link enhancement,no public change,no public change unless selected
-30,Tier D - already public / monitor,https://chamanlawfirm.com/business-registration-process-in-lagosa-com,business-registration-process-in-lagosa-com,Business Registration Process in Lagos,complete enough,image present,present; review for search intent,low automated risk,low automated risk,no configured redirect conflict,template CTA present,metadata present,internal/external links present in body marks,no public change,no public change unless selected
-30,Tier D - already public / monitor,https://chamanlawfirm.com/difference-between-excision-gazette-c-of-o,difference-between-excision-gazette-c-of-o,"Difference Between Excision, Gazette and Certificate of Occupancy",complete enough,image present,present; review for search intent,current-law or procedure-sensitive topic,lawyer review required,no configured redirect conflict,template CTA present,metadata present,internal/external links present in body marks,no public change,no public change unless selected
-30,Tier D - already public / monitor,https://chamanlawfirm.com/9-cyber-crime-prosecution-breakthrough-ch,9-cyber-crime-prosecution-breakthrough-ch,Cybercrime Prosecution in Nigeria,complete enough,image present,present; review for search intent,current-law or procedure-sensitive topic,lawyer review required,no configured redirect conflict,template CTA present,metadata present,internal/external links present in body marks,no public change,no public change unless selected
-30,Tier D - already public / monitor,https://chamanlawfirm.com/how-to-perfect-a-property-title-in-nigeria,how-to-perfect-a-property-title-in-nigeria,How to Perfect a Property Title in Nigeria,complete enough,image present,present; review for search intent,current-law or procedure-sensitive topic; dispute-resolution wording requires lawyer review,lawyer review required,no configured redirect conflict,template CTA present,metadata present,internal/external links present in body marks,no public change,no public change unless selected
-30,Tier D - already public / monitor,https://chamanlawfirm.com/criteria-for-patent-in-nigeria,criteria-for-patent-in-nigeria,Criteria for Patent Protection in Nigeria,complete enough,image present,present; review for search intent,current-law or procedure-sensitive topic,lawyer review required,no configured redirect conflict,template CTA present,metadata present,internal/external links present in body marks,no public change,no public change unless selected
-30,Tier D - already public / monitor,https://chamanlawfirm.com/what-are-the-penalties-for-fake-land-documents,what-are-the-penalties-for-fake-land-documents,Penalties for Fake Land Documents in Nigeria,complete enough,image present,present; review for search intent,current-law or procedure-sensitive topic,lawyer review required,no configured redirect conflict,template CTA present,metadata present,needs manual link enhancement,no public change,no public change unless selected
-30,Tier D - already public / monitor,https://chamanlawfirm.com/estate-administration-in-lagos-state,estate-administration-in-lagos-state,Estate Administration in Lagos State,complete enough,image present,present; review for search intent,unsupported outcome claim,low automated risk,no configured redirect conflict,template CTA present,metadata present,needs manual link enhancement,no public change,no public change unless selected
-30,Tier D - already public / monitor,https://chamanlawfirm.com/mechanisms-for-the-childs-rights-act,mechanisms-for-the-childs-rights-act,Mechanisms Under the Child Rights Act in Nigeria,complete enough,image present,present; review for search intent,current-law or procedure-sensitive topic,lawyer review required,no configured redirect conflict,template CTA present,metadata present,internal/external links present in body marks,no public change,no public change unless selected
-30,Tier D - already public / monitor,https://chamanlawfirm.com/drafting-company-bylaws-in-nigeria-a-compre,drafting-company-bylaws-in-nigeria-a-compre,Drafting Company Bylaws in Nigeria,complete enough,image present,present; review for search intent,low automated risk,low automated risk,no configured redirect conflict,template CTA present,metadata present,internal/external links present in body marks,no public change,no public change unless selected
-30,Tier D - already public / monitor,https://chamanlawfirm.com/the-essential-ethics-of-debt-recovery,the-essential-ethics-of-debt-recovery,Ethical Debt Recovery in Nigeria,complete enough,image present,present; review for search intent,possible unsafe self-help wording; current-law or procedure-sensitive topic,lawyer review required,no configured redirect conflict,template CTA present,metadata present,internal/external links present in body marks,no public change,no public change unless selected
-30,Tier D - already public / monitor,https://chamanlawfirm.com/4-proven-features-of-customary-marriage-and-the-bill-of-rights-conflicting-interests,4-proven-features-of-customary-marriage-and-the-bill-of-rights-conflicting-interests,Customary Marriage and Constitutional Rights in Nigeria,complete enough,image present,present; review for search intent,current-law or procedure-sensitive topic; family-status topic requires lawyer review,lawyer review required,no configured redirect conflict,template CTA present,metadata present,internal/external links present in body marks,no public change,no public change unless selected
-30,Tier D - already public / monitor,https://chamanlawfirm.com/how-to-register-a-tech-company-in-nigeria,how-to-register-a-tech-company-in-nigeria,How to Register a Tech Company in Nigeria,complete enough,image present,present; review for search intent,low automated risk,low automated risk,no configured redirect conflict,template CTA present,metadata present,internal/external links present in body marks,no public change,no public change unless selected
-30,Tier D - already public / monitor,https://chamanlawfirm.com/understanding-the-land-use-act-in-nigeria,understanding-the-land-use-act-in-nigeria,Understanding the Land Use Act in Nigeria,complete enough,image present,present; review for search intent,current-law or procedure-sensitive topic; dispute-resolution wording requires lawyer review,lawyer review required,no configured redirect conflict,template CTA present,metadata present,internal/external links present in body marks,no public change,no public change unless selected
-30,Tier D - already public / monitor,https://chamanlawfirm.com/modernizing-customary-marriage,modernizing-customary-marriage,Modernizing Customary Marriage in Nigeria,complete enough,image present,present; review for search intent,family-status topic requires lawyer review; unsupported outcome claim,low automated risk,no configured redirect conflict,template CTA present,metadata present,internal/external links present in body marks,no public change,no public change unless selected
-30,Tier D - already public / monitor,https://chamanlawfirm.com/priority-in-entitlement,priority-in-entitlement,Priority in Estate Entitlement Under Nigerian Succession Law,complete enough,image present,present; review for search intent,possible unsafe self-help wording; family-status topic requires lawyer review,low automated risk,no configured redirect conflict,template CTA present,metadata present,internal/external links present in body marks,no public change,no public change unless selected
-30,Tier D - already public / monitor,https://chamanlawfirm.com/how-does-the-land-use-act-interact-with-the-petroleum-industry,how-does-the-land-use-act-interact-with-the-petroleum-industry,How the Land Use Act Interacts With the Petroleum Industry,complete enough,image present,present; review for search intent,low automated risk,low automated risk,no configured redirect conflict,template CTA present,metadata present,internal/external links present in body marks,no public change,no public change unless selected
-30,Tier D - already public / monitor,https://chamanlawfirm.com/legal-bonds-of-marriage-in-nigeria,legal-bonds-of-marriage-in-nigeria,Legal Bonds of Marriage in Nigeria,complete enough,image present,present; review for search intent,current-law or procedure-sensitive topic; family-status topic requires lawyer review,lawyer review required,no configured redirect conflict,template CTA present,metadata present,internal/external links present in body marks,no public change,no public change unless selected
-30,Tier D - already public / monitor,https://chamanlawfirm.com/is-a-woman-a-property-to-be-inherited,is-a-woman-a-property-to-be-inherited,Can a Woman Be Treated as Property Under Nigerian Inheritance Law?,complete enough,image present,present; review for search intent,possible unsafe self-help wording; current-law or procedure-sensitive topic; unsupported outcome claim,lawyer review required,no configured redirect conflict,template CTA present,metadata present,internal/external links present in body marks,no public change,no public change unless selected
-30,Tier D - already public / monitor,https://chamanlawfirm.com/why-a-certificate-of-occupancy-c-of-o-is,why-a-certificate-of-occupancy-c-of-o-is,Why a Certificate of Occupancy Matters in Nigeria,complete enough,image present,present; review for search intent,current-law or procedure-sensitive topic,lawyer review required,no configured redirect conflict,template CTA present,metadata present,internal/external links present in body marks,no public change,no public change unless selected
-30,Tier D - already public / monitor,https://chamanlawfirm.com/legal-research-for-nigerian-litigation-cases,legal-research-for-nigerian-litigation-cases,Legal Research for Nigerian Litigation Cases,complete enough,image present,present; review for search intent,current-law or procedure-sensitive topic; dispute-resolution wording requires lawyer review,lawyer review required,no configured redirect conflict,template CTA present,metadata present,internal/external links present in body marks,no public change,no public change unless selected
-30,Tier D - already public / monitor,https://chamanlawfirm.com/how-is-land-registry-practice-in-nigeria,how-is-land-registry-practice-in-nigeria,Land Registry Practice in Nigeria,complete enough,image present,present; review for search intent,current-law or procedure-sensitive topic,lawyer review required,no configured redirect conflict,template CTA present,metadata present,internal/external links present in body marks,no public change,no public change unless selected
-30,Tier D - already public / monitor,https://chamanlawfirm.com/effect-of-not-paying-child-support,effect-of-not-paying-child-support,Effect of Not Paying Child Support in Nigeria,complete enough,image present,present; review for search intent,current-law or procedure-sensitive topic; family-status topic requires lawyer review,lawyer review required,no configured redirect conflict,template CTA present,metadata present,internal/external links present in body marks,no public change,no public change unless selected
-30,Tier D - already public / monitor,https://chamanlawfirm.com/lagos-property-succession-without-a-will,lagos-property-succession-without-a-will,Lagos Property Succession Without a Will,complete enough,image present,present; review for search intent,current-law or procedure-sensitive topic; unsupported outcome claim,lawyer review required,no configured redirect conflict,template CTA present,metadata present,needs manual link enhancement,no public change,no public change unless selected
-30,Tier D - already public / monitor,https://chamanlawfirm.com/foreign-wills-and-lagos-property-what-to-know,foreign-wills-and-lagos-property-what-to-know,Foreign Wills and Lagos Property: What to Know,complete enough,image present,present; review for search intent,current-law or procedure-sensitive topic,lawyer review required,no configured redirect conflict,template CTA present,metadata present,needs manual link enhancement,no public change,no public change unless selected
-30,Tier D - already public / monitor,https://chamanlawfirm.com/police-prosecution-in-nigerian-courts,police-prosecution-in-nigerian-courts,Police Prosecution in Nigerian Courts,complete enough,image present,present; review for search intent,current-law or procedure-sensitive topic,lawyer review required,no configured redirect conflict,template CTA present,metadata present,internal/external links present in body marks,no public change,no public change unless selected
-30,Tier D - already public / monitor,https://chamanlawfirm.com/what-are-the-legal-rights-of-private-property-owners,what-are-the-legal-rights-of-private-property-owners,Legal Rights of Private Property Owners in Nigeria,complete enough,image present,present; review for search intent,low automated risk,low automated risk,no configured redirect conflict,template CTA present,metadata present,internal/external links present in body marks,no public change,no public change unless selected
-30,Tier D - already public / monitor,https://chamanlawfirm.com/use-arbitration-for-property-disputes-lagos,use-arbitration-for-property-disputes-lagos,Using Arbitration for Property Disputes in Lagos,complete enough,image present,present; review for search intent,current-law or procedure-sensitive topic,lawyer review required,no configured redirect conflict,template CTA present,metadata present,needs manual link enhancement,no public change,no public change unless selected
-30,Tier D - already public / monitor,https://chamanlawfirm.com/how-to-acquire-citizenship-in-nigeria,how-to-acquire-citizenship-in-nigeria,How to Acquire Citizenship in Nigeria,complete enough,image present,present; review for search intent,low automated risk,low automated risk,no configured redirect conflict,template CTA present,metadata present,internal/external links present in body marks,no public change,no public change unless selected
-30,Tier D - already public / monitor,https://chamanlawfirm.com/types-of-wills,types-of-wills,Types of Wills in Nigeria,complete enough,image present,present; review for search intent,low automated risk,low automated risk,no configured redirect conflict,template CTA present,metadata present,internal/external links present in body marks,no public change,no public change unless selected
-30,Tier D - already public / monitor,https://chamanlawfirm.com/what-is-trespass-to-land2,what-is-trespass-to-land2,What Is Trespass to Land in Nigeria?,complete enough,image present,present; review for search intent,possible unsafe self-help wording; current-law or procedure-sensitive topic,lawyer review required,no configured redirect conflict,template CTA present,metadata present,internal/external links present in body marks,no public change,no public change unless selected
-30,Tier D - already public / monitor,https://chamanlawfirm.com/lawful-methods-to-recover-debt-in-nigeria,lawful-methods-to-recover-debt-in-nigeria,Lawful Methods to Recover Debt in Nigeria,complete enough,image present,present; review for search intent,possible unsafe self-help wording; current-law or procedure-sensitive topic,lawyer review required,no configured redirect conflict,template CTA present,metadata present,internal/external links present in body marks,no public change,no public change unless selected
-30,Tier D - already public / monitor,https://chamanlawfirm.com/how-to-handle-land-grabbers-in-lagos,how-to-handle-land-grabbers-in-lagos,How to Handle Land Grabbers in Lagos,complete enough,image present,present; review for search intent,possible unsafe self-help wording; current-law or procedure-sensitive topic,lawyer review required,no configured redirect conflict,template CTA present,metadata present,needs manual link enhancement,no public change,no public change unless selected
-30,Tier D - already public / monitor,https://chamanlawfirm.com/land-dispute-resolution-in-nigeria-court-system,land-dispute-resolution-in-nigeria-court-system,Land Dispute Resolution in the Nigerian Court System,complete enough,image present,present; review for search intent,possible unsafe self-help wording; dispute-resolution wording requires lawyer review,low automated risk,no configured redirect conflict,template CTA present,metadata present,internal/external links present in body marks,no public change,no public change unless selected
-30,Tier D - already public / monitor,https://chamanlawfirm.com/taxes-exemptions-and-incentives-in-nigeria,taxes-exemptions-and-incentives-in-nigeria,Tax Exemptions and Incentives in Nigeria,complete enough,image present,present; review for search intent,low automated risk,low automated risk,no configured redirect conflict,template CTA present,metadata present,internal/external links present in body marks,no public change,no public change unless selected
-30,Tier D - already public / monitor,https://chamanlawfirm.com/the-legal-implications-of-breach-of-contract,the-legal-implications-of-breach-of-contract,Legal Implications of Breach of Contract in Nigeria,complete enough,image present,present; review for search intent,low automated risk,low automated risk,no configured redirect conflict,template CTA present,metadata present,internal/external links present in body marks,no public change,no public change unless selected
-30,Tier D - already public / monitor,https://chamanlawfirm.com/legal-processes-of-transferring-property,legal-processes-of-transferring-property,Legal Process for Transferring Property in Nigeria,complete enough,image present,present; review for search intent,current-law or procedure-sensitive topic,lawyer review required,no configured redirect conflict,template CTA present,metadata present,internal/external links present in body marks,no public change,no public change unless selected
-30,Tier D - already public / monitor,https://chamanlawfirm.com/tax-planning-and-avoidance-in-nigeria,tax-planning-and-avoidance-in-nigeria,Tax Planning and Tax Avoidance in Nigeria,complete enough,image present,present; review for search intent,current-law or procedure-sensitive topic,lawyer review required,no configured redirect conflict,template CTA present,metadata present,internal/external links present in body marks,no public change,no public change unless selected
-30,Tier D - already public / monitor,https://chamanlawfirm.com/verify-land-ownership-with-the-lagos-state,verify-land-ownership-with-the-lagos-state,How to Verify Land Ownership With Lagos State Records,complete enough,image present,present; review for search intent,current-law or procedure-sensitive topic,lawyer review required,no configured redirect conflict,template CTA present,metadata present,internal/external links present in body marks,no public change,no public change unless selected
-30,Tier D - already public / monitor,https://chamanlawfirm.com/probate-for-a-deceased-estate-in-nigeria,probate-for-a-deceased-estate-in-nigeria,Probate for a Deceased Estate in Nigeria,complete enough,image present,present; review for search intent,current-law or procedure-sensitive topic,lawyer review required,no configured redirect conflict,template CTA present,metadata present,internal/external links present in body marks,no public change,no public change unless selected
-30,Tier D - already public / monitor,https://chamanlawfirm.com/legally-challenge-forged-land-documents-in-ogun,legally-challenge-forged-land-documents-in-ogun,How to Challenge Forged Land Documents in Ogun State,complete enough,image present,present; review for search intent,current-law or procedure-sensitive topic; dispute-resolution wording requires lawyer review,lawyer review required,no configured redirect conflict,template CTA present,metadata present,needs manual link enhancement,no public change,no public change unless selected
-30,Tier D - already public / monitor,https://chamanlawfirm.com/how-can-nigerians-in-the-diaspora-buy-property,how-can-nigerians-in-the-diaspora-buy-property,How Nigerians in the Diaspora Can Buy Property Safely,complete enough,image present,present; review for search intent,off-brand/property-sales wording; current-law or procedure-sensitive topic; dispute-resolution wording requires lawyer review,lawyer review required,no configured redirect conflict,template CTA present,metadata present,needs manual link enhancement,no public change,no public change unless selected
-30,Tier D - already public / monitor,https://chamanlawfirm.com/lagos-property-succession-how-to-transfer-ownership-after-a-death,lagos-property-succession-how-to-transfer-ownership-after-a-death,Lagos Property Succession: How to Transfer Ownership After Death,complete enough,image present,present; review for search intent,current-law or procedure-sensitive topic,lawyer review required,no configured redirect conflict,template CTA present,metadata present,internal/external links present in body marks,no public change,no public change unless selected
-30,Tier D - already public / monitor,https://chamanlawfirm.com/procedures-for-making-a-will-in-nigeria,procedures-for-making-a-will-in-nigeria,Procedures for Making a Will in Nigeria,complete enough,image present,present; review for search intent,low automated risk,low automated risk,no configured redirect conflict,template CTA present,metadata present,internal/external links present in body marks,no public change,no public change unless selected
-30,Tier D - already public / monitor,https://chamanlawfirm.com/legal-requirements-for-land-purchase,legal-requirements-for-land-purchase,Legal Requirements for Land Purchase in Nigeria,complete enough,image present,present; review for search intent,current-law or procedure-sensitive topic,lawyer review required,no configured redirect conflict,template CTA present,metadata present,internal/external links present in body marks,no public change,no public change unless selected
-30,Tier D - already public / monitor,https://chamanlawfirm.com/legal-steps-to-perfecting-title-documents,legal-steps-to-perfecting-title-documents,Legal Steps to Perfecting Title Documents in Nigeria,complete enough,image present,present; review for search intent,current-law or procedure-sensitive topic; unsupported outcome claim,lawyer review required,no configured redirect conflict,template CTA present,metadata present,internal/external links present in body marks,no public change,no public change unless selected
-30,Tier D - already public / monitor,https://chamanlawfirm.com/how-does-the-land-use-act-affect-land-title,how-does-the-land-use-act-affect-land-title,How the Land Use Act Affects Land Title in Nigeria,complete enough,image present,present; review for search intent,current-law or procedure-sensitive topic,lawyer review required,no configured redirect conflict,template CTA present,metadata present,needs manual link enhancement,no public change,no public change unless selected
-30,Tier D - already public / monitor,https://chamanlawfirm.com/legal-remedies-for-breach-of-contract,legal-remedies-for-breach-of-contract,Legal Remedies for Breach of Contract in Nigeria,complete enough,image present,present; review for search intent,off-brand/property-sales wording,low automated risk,no configured redirect conflict,template CTA present,metadata present,internal/external links present in body marks,no public change,no public change unless selected
-30,Tier D - already public / monitor,https://chamanlawfirm.com/when-a-loved-one-dies-without-a-will,when-a-loved-one-dies-without-a-will,What Happens When a Loved One Dies Without a Will in Nigeria,complete enough,image present,present; review for search intent,family-status topic requires lawyer review,low automated risk,no configured redirect conflict,template CTA present,metadata present,needs manual link enhancement,no public change,no public change unless selected
-30,Tier D - already public / monitor,https://chamanlawfirm.com/contract-of-sale-of-land-and-what-it-takes,contract-of-sale-of-land-and-what-it-takes,Contract of Sale of Land in Nigeria,complete enough,image present,present; review for search intent,off-brand/property-sales wording,low automated risk,no configured redirect conflict,template CTA present,metadata present,internal/external links present in body marks,no public change,no public change unless selected
-30,Tier D - already public / monitor,https://chamanlawfirm.com/acquire-and-secure-industrial-land-in-ogun,acquire-and-secure-industrial-land-in-ogun,How to Acquire and Secure Industrial Land in Ogun State,complete enough,image present,present; review for search intent,current-law or procedure-sensitive topic,lawyer review required,no configured redirect conflict,template CTA present,metadata present,needs manual link enhancement,no public change,no public change unless selected
-30,Tier D - already public / monitor,https://chamanlawfirm.com/8-steps-to-enforce-court-judgments-innigeria,8-steps-to-enforce-court-judgments-innigeria,Steps to Enforce Court Judgments in Nigeria,complete enough,image present,present; review for search intent,current-law or procedure-sensitive topic,lawyer review required,no configured redirect conflict,template CTA present,metadata present,internal/external links present in body marks,no public change,no public change unless selected
-30,Tier D - already public / monitor,https://chamanlawfirm.com/roles-of-a-cybercrime-lawyer-in-nigeria,roles-of-a-cybercrime-lawyer-in-nigeria,Roles of a Cybercrime Lawyer in Nigeria,complete enough,image present,present; review for search intent,current-law or procedure-sensitive topic,lawyer review required,no configured redirect conflict,template CTA present,metadata present,internal/external links present in body marks,no public change,no public change unless selected
-30,Tier D - already public / monitor,https://chamanlawfirm.com/effects-of-exchange-of-contract,effects-of-exchange-of-contract,Effects of Exchange of Contract in Property Transactions,complete enough,image present,present; review for search intent,low automated risk,low automated risk,no configured redirect conflict,template CTA present,metadata present,internal/external links present in body marks,no public change,no public change unless selected
-30,Tier D - already public / monitor,https://chamanlawfirm.com/floodplain-management-under-the-land-use-act,floodplain-management-under-the-land-use-act,Floodplain Management Under the Land Use Act in Nigeria,complete enough,image present,present; review for search intent,current-law or procedure-sensitive topic,lawyer review required,no configured redirect conflict,template CTA present,metadata present,needs manual link enhancement,no public change,no public change unless selected
-30,Tier D - already public / monitor,https://chamanlawfirm.com/what-is-the-cost-of-perfecting-land-titles-2,what-is-the-cost-of-perfecting-land-titles-2,Cost of Perfecting Land Titles in Nigeria,complete enough,image present,present; review for search intent,current-law or procedure-sensitive topic,lawyer review required,no configured redirect conflict,template CTA present,metadata present,needs manual link enhancement,no public change,no public change unless selected
-30,Tier D - already public / monitor,https://chamanlawfirm.com/what-is-the-process-of-obtaining-a-c-of-o,what-is-the-process-of-obtaining-a-c-of-o,Process of Obtaining a Certificate of Occupancy in Nigeria,complete enough,image present,present; review for search intent,current-law or procedure-sensitive topic; unsupported outcome claim,lawyer review required,no configured redirect conflict,template CTA present,metadata present,needs manual link enhancement,no public change,no public change unless selected
-30,Tier D - already public / monitor,https://chamanlawfirm.com/difference-between-c-of-o-and-governors-consent,difference-between-c-of-o-and-governors-consent,Difference Between C of O and Governor's Consent,complete enough,image present,present; review for search intent,current-law or procedure-sensitive topic; unsupported outcome claim,lawyer review required,no configured redirect conflict,template CTA present,metadata present,needs manual link enhancement,no public change,no public change unless selected
-30,Tier D - already public / monitor,https://chamanlawfirm.com/cyber-crime-investigation-techniques,cyber-crime-investigation-techniques,Cybercrime Investigation Techniques in Nigeria,complete enough,image present,present; review for search intent,current-law or procedure-sensitive topic,lawyer review required,no configured redirect conflict,template CTA present,metadata present,internal/external links present in body marks,no public change,no public change unless selected
-30,Tier D - already public / monitor,https://chamanlawfirm.com/family-law-issues-for-expatriate-families,family-law-issues-for-expatriate-families,Family Law Issues for Expatriate Families in Nigeria,complete enough,image present,present; review for search intent,family-status topic requires lawyer review,low automated risk,no configured redirect conflict,template CTA present,metadata present,internal/external links present in body marks,no public change,no public change unless selected
-30,Tier D - already public / monitor,https://chamanlawfirm.com/the-role-of-town-planners-in-land-allocation-under-the-land-use-act,the-role-of-town-planners-in-land-allocation-under-the-land-use-act,Role of Town Planners in Land Allocation Under the Land Use Act,complete enough,image present,present; review for search intent,low automated risk,low automated risk,no configured redirect conflict,template CTA present,metadata present,internal/external links present in body marks,no public change,no public change unless selected
-30,Tier D - already public / monitor,https://chamanlawfirm.com/ways-to-resolve-property-disputes-in-ogun,ways-to-resolve-property-disputes-in-ogun,Ways to Resolve Property Disputes in Ogun State,complete enough,image present,present; review for search intent,possible unsafe self-help wording; dispute-resolution wording requires lawyer review,low automated risk,no configured redirect conflict,template CTA present,metadata present,needs manual link enhancement,no public change,no public change unless selected
-30,Tier D - already public / monitor,https://chamanlawfirm.com/8-step-business-registration-process-in-lag,8-step-business-registration-process-in-lag,Business Registration Process in Lagos,complete enough,image present,present; review for search intent,low automated risk,low automated risk,no configured redirect conflict,template CTA present,metadata present,internal/external links present in body marks,no public change,no public change unless selected
-30,Tier D - already public / monitor,https://chamanlawfirm.com/legal-pitfalls-in-debt-recovery,legal-pitfalls-in-debt-recovery,Legal Pitfalls in Debt Recovery in Nigeria,complete enough,image present,present; review for search intent,possible unsafe self-help wording; current-law or procedure-sensitive topic,lawyer review required,no configured redirect conflict,template CTA present,metadata present,internal/external links present in body marks,no public change,no public change unless selected
-30,Tier D - already public / monitor,https://chamanlawfirm.com/proven-steps-how-to-file-patent-in-nigeria,proven-steps-how-to-file-patent-in-nigeria,How to File a Patent in Nigeria,complete enough,image present,present; review for search intent,current-law or procedure-sensitive topic,lawyer review required,no configured redirect conflict,template CTA present,metadata present,needs manual link enhancement,no public change,no public change unless selected
-30,Tier D - already public / monitor,https://chamanlawfirm.com/debt-recovery-in-banking-sector,debt-recovery-in-banking-sector,Debt Recovery in the Banking Sector in Nigeria,complete enough,image present,present; review for search intent,unsupported outcome claim,low automated risk,no configured redirect conflict,template CTA present,metadata present,internal/external links present in body marks,no public change,no public change unless selected
-30,Tier D - already public / monitor,https://chamanlawfirm.com/legal-aspects-of-commercial-litigation,legal-aspects-of-commercial-litigation,Legal Aspects of Commercial Litigation in Nigeria,complete enough,image present,present; review for search intent,unsupported outcome claim,low automated risk,no configured redirect conflict,template CTA present,metadata present,internal/external links present in body marks,no public change,no public change unless selected
-30,Tier D - already public / monitor,https://chamanlawfirm.com/proven-steps-on-capacity-to-make-a-will,proven-steps-on-capacity-to-make-a-will,Capacity to Make a Will in Nigeria,complete enough,image present,present; review for search intent,low automated risk,low automated risk,no configured redirect conflict,template CTA present,metadata present,internal/external links present in body marks,no public change,no public change unless selected
-30,Tier D - already public / monitor,https://chamanlawfirm.com/landlord-and-tenant-relationship-on-property,landlord-and-tenant-relationship-on-property,Landlord and Tenant Relationship in Property Law,complete enough,image present,present; review for search intent,current-law or procedure-sensitive topic,lawyer review required,no configured redirect conflict,template CTA present,metadata present,internal/external links present in body marks,no public change,no public change unless selected
-30,Tier D - already public / monitor,https://chamanlawfirm.com/the-process-of-transferring-land-in-nigeria,the-process-of-transferring-land-in-nigeria,Process of Transferring Land in Nigeria,complete enough,image present,present; review for search intent,current-law or procedure-sensitive topic,lawyer review required,no configured redirect conflict,template CTA present,metadata present,internal/external links present in body marks,no public change,no public change unless selected
-30,Tier D - already public / monitor,https://chamanlawfirm.com/4-proven-cross-border-cybercrime-issues,4-proven-cross-border-cybercrime-issues,Cross-Border Cybercrime Issues in Nigeria,complete enough,image present,present; review for search intent,current-law or procedure-sensitive topic,lawyer review required,no configured redirect conflict,template CTA present,metadata present,internal/external links present in body marks,no public change,no public change unless selected
-30,Tier D - already public / monitor,https://chamanlawfirm.com/contractual-dispute-resolution,contractual-dispute-resolution,Contractual Dispute Resolution in Nigeria,complete enough,image present,present; review for search intent,low automated risk,low automated risk,no configured redirect conflict,template CTA present,metadata present,internal/external links present in body marks,no public change,no public change unless selected
-30,Tier D - already public / monitor,https://chamanlawfirm.com/the-land-use-act-relate-to-land-conflicts,the-land-use-act-relate-to-land-conflicts,How the Land Use Act Relates to Land Conflicts,complete enough,image present,present; review for search intent,current-law or procedure-sensitive topic; dispute-resolution wording requires lawyer review,lawyer review required,no configured redirect conflict,template CTA present,metadata present,needs manual link enhancement,no public change,no public change unless selected
-30,Tier D - already public / monitor,https://chamanlawfirm.com/mastering-nigerian-company-law-essentialstep,mastering-nigerian-company-law-essentialstep,Essential Steps in Nigerian Company Law,complete enough,image present,present; review for search intent,unsupported outcome claim,low automated risk,no configured redirect conflict,template CTA present,metadata present,internal/external links present in body marks,no public change,no public change unless selected
-30,Tier D - already public / monitor,https://chamanlawfirm.com/how-does-the-land-use-act-influence-real-estate-development,how-does-the-land-use-act-influence-real-estate-development,How the Land Use Act Influences Real Estate Development,complete enough,image present,present; review for search intent,low automated risk,low automated risk,no configured redirect conflict,template CTA present,metadata present,internal/external links present in body marks,no public change,no public change unless selected
-30,Tier D - already public / monitor,https://chamanlawfirm.com/company-registration-in-nigeria,company-registration-in-nigeria,Company Registration in Nigeria,complete enough,image present,present; review for search intent,current-law or procedure-sensitive topic,lawyer review required,no configured redirect conflict,template CTA present,metadata present,internal/external links present in body marks,no public change,no public change unless selected
-30,Tier D - already public / monitor,https://chamanlawfirm.com/land-tenure-systems-coexist-with-statutory-land,land-tenure-systems-coexist-with-statutory-land,How Land Tenure Systems Coexist With Statutory Land Ownership,complete enough,image present,present; review for search intent,current-law or procedure-sensitive topic; dispute-resolution wording requires lawyer review,lawyer review required,no configured redirect conflict,template CTA present,metadata present,needs manual link enhancement,no public change,no public change unless selected
-30,Tier D - already public / monitor,https://chamanlawfirm.com/the-cyber-crime-investigation-procedure,the-cyber-crime-investigation-procedure,Cybercrime Investigation Procedure in Nigeria,complete enough,image present,present; review for search intent,current-law or procedure-sensitive topic,lawyer review required,no configured redirect conflict,template CTA present,metadata present,internal/external links present in body marks,no public change,no public change unless selected
-30,Tier D - already public / monitor,https://chamanlawfirm.com/aim-to-improve-land-titles-and-ownership,aim-to-improve-land-titles-and-ownership,Reforms to Improve Land Titles and Ownership in Nigeria,complete enough,image present,present; review for search intent,current-law or procedure-sensitive topic; dispute-resolution wording requires lawyer review,lawyer review required,no configured redirect conflict,template CTA present,metadata present,needs manual link enhancement,no public change,no public change unless selected
-30,Tier D - already public / monitor,https://chamanlawfirm.com/investigating-title-in-property-transaction,investigating-title-in-property-transaction,Investigating Title in Property Transactions,complete enough,image present,present; review for search intent,low automated risk,low automated risk,no configured redirect conflict,template CTA present,metadata present,internal/external links present in body marks,no public change,no public change unless selected
-30,Tier D - already public / monitor,https://chamanlawfirm.com/challenging-forged-property-documents-in-lagos,challenging-forged-property-documents-in-lagos,Challenging Forged Property Documents in Lagos,complete enough,image present,present; review for search intent,current-law or procedure-sensitive topic,lawyer review required,no configured redirect conflict,template CTA present,metadata present,needs manual link enhancement,no public change,no public change unless selected
-30,Tier D - already public / monitor,https://chamanlawfirm.com/how-can-issues-of-land-fraud-and-illegal-land-transactions-be-addressed-in-nigeria,how-can-issues-of-land-fraud-and-illegal-land-transactions-be-addressed-in-nigeria,Addressing Land Fraud and Illegal Land Transactions in Nigeria,complete enough,image present,present; review for search intent,low automated risk,low automated risk,no configured redirect conflict,template CTA present,metadata present,internal/external links present in body marks,no public change,no public change unless selected
-30,Tier D - already public / monitor,https://chamanlawfirm.com/how-to-register-a-company-in-nigeria-2024,how-to-register-a-company-in-nigeria-2024,How to Register a Company in Nigeria,complete enough,image present,present; review for search intent,low automated risk,low automated risk,no configured redirect conflict,template CTA present,metadata present,internal/external links present in body marks,no public change,no public change unless selected
-30,Tier D - already public / monitor,https://chamanlawfirm.com/duties-of-company-board-of-directors,duties-of-company-board-of-directors,Duties of Company Board Directors in Nigeria,complete enough,image present,present; review for search intent,low automated risk,low automated risk,no configured redirect conflict,template CTA present,metadata present,internal/external links present in body marks,no public change,no public change unless selected
-30,Tier D - already public / monitor,https://chamanlawfirm.com/compliance-with-debt-recovery-regulations,compliance-with-debt-recovery-regulations,Compliance With Debt Recovery Regulations in Nigeria,complete enough,image present,present; review for search intent,low automated risk,low automated risk,no configured redirect conflict,template CTA present,metadata present,internal/external links present in body marks,no public change,no public change unless selected
-30,Tier D - already public / monitor,https://chamanlawfirm.com/due-diligence-in-real-estate-transaction,due-diligence-in-real-estate-transaction,Due Diligence in Real Estate Transactions,complete enough,image present,present; review for search intent,current-law or procedure-sensitive topic; unsupported outcome claim,lawyer review required,no configured redirect conflict,template CTA present,metadata present,internal/external links present in body marks,no public change,no public change unless selected
-30,Tier D - already public / monitor,https://chamanlawfirm.com/the-role-of-lawyers-in-debt-recovery-5-keys,the-role-of-lawyers-in-debt-recovery-5-keys,Role of Lawyers in Debt Recovery in Nigeria,complete enough,image present,present; review for search intent,unsupported outcome claim,low automated risk,no configured redirect conflict,template CTA present,metadata present,internal/external links present in body marks,no public change,no public change unless selected
-30,Tier D - already public / monitor,https://chamanlawfirm.com/intellectual-property-in-franchise-operations,intellectual-property-in-franchise-operations,Intellectual Property in Franchise Operations,complete enough,image present,present; review for search intent,low automated risk,low automated risk,no configured redirect conflict,template CTA present,metadata present,internal/external links present in body marks,no public change,no public change unless selected
-30,Tier D - already public / monitor,https://chamanlawfirm.com/disputes-arising-from-property-ownership,disputes-arising-from-property-ownership,Disputes Arising From Property Ownership in Nigeria,complete enough,image present,present; review for search intent,current-law or procedure-sensitive topic; family-status topic requires lawyer review; dispute-resolution wording requires lawyer review,lawyer review required,no configured redirect conflict,template CTA present,metadata present,internal/external links present in body marks,no public change,no public change unless selected
-30,Tier D - already public / monitor,https://chamanlawfirm.com/corporate-fraud-and-mismanagement,corporate-fraud-and-mismanagement,Corporate Fraud and Mismanagement in Nigeria,complete enough,image present,present; review for search intent,low automated risk,low automated risk,no configured redirect conflict,template CTA present,metadata present,needs manual link enhancement,no public change,no public change unless selected
-30,Tier D - already public / monitor,https://chamanlawfirm.com/legal-assistance-for-visa-appeals-5-step,legal-assistance-for-visa-appeals-5-step,Legal Assistance for Visa Appeals in Nigeria,complete enough,image present,present; review for search intent,current-law or procedure-sensitive topic,lawyer review required,no configured redirect conflict,template CTA present,metadata present,internal/external links present in body marks,no public change,no public change unless selected
-30,Tier D - already public / monitor,https://chamanlawfirm.com/thing-you-need-to-know-about-a-legal-will,thing-you-need-to-know-about-a-legal-will,What to Know About a Legal Will in Nigeria,complete enough,image present,present; review for search intent,low automated risk,low automated risk,no configured redirect conflict,template CTA present,metadata present,internal/external links present in body marks,no public change,no public change unless selected
-30,Tier D - already public / monitor,https://chamanlawfirm.com/challenges-women-face-in-obtaining-land-titles,challenges-women-face-in-obtaining-land-titles,Challenges Women Face in Obtaining Land Titles in Nigeria,complete enough,image present,present; review for search intent,low automated risk,low automated risk,no configured redirect conflict,template CTA present,metadata present,internal/external links present in body marks,no public change,no public change unless selected
-30,Tier D - already public / monitor,https://chamanlawfirm.com/digitization-impact-land-title-registration,digitization-impact-land-title-registration,Impact of Digitization on Land Title Registration,complete enough,image present,present; review for search intent,low automated risk,low automated risk,no configured redirect conflict,template CTA present,metadata present,internal/external links present in body marks,no public change,no public change unless selected
-30,Tier D - already public / monitor,https://chamanlawfirm.com/legally-binding-contracts,legally-binding-contracts,Legally Binding Contracts in Nigeria,complete enough,image present,present; review for search intent,unsupported outcome claim,low automated risk,no configured redirect conflict,template CTA present,metadata present,internal/external links present in body marks,no public change,no public change unless selected
-30,Tier D - already public / monitor,https://chamanlawfirm.com/how-to-draft-a-commercial-contract-a-proven,how-to-draft-a-commercial-contract-a-proven,How to Draft a Commercial Contract in Nigeria,complete enough,image present,present; review for search intent,unsupported outcome claim,low automated risk,no configured redirect conflict,template CTA present,metadata present,internal/external links present in body marks,no public change,no public change unless selected
-30,Tier D - already public / monitor,https://chamanlawfirm.com/4-main-guide-to-land-ownership-in-nigeria,4-main-guide-to-land-ownership-in-nigeria,Guide to Land Ownership in Nigeria,complete enough,image present,present; review for search intent,current-law or procedure-sensitive topic; dispute-resolution wording requires lawyer review; unsupported outcome claim,lawyer review required,no configured redirect conflict,template CTA present,metadata present,internal/external links present in body marks,no public change,no public change unless selected
-30,Tier D - already public / monitor,https://chamanlawfirm.com/piracy-and-its-burden-on-copyright,piracy-and-its-burden-on-copyright,Piracy and Copyright Protection in Nigeria,complete enough,image present,present; review for search intent,low automated risk,low automated risk,no configured redirect conflict,template CTA present,metadata present,internal/external links present in body marks,no public change,no public change unless selected
-30,Tier D - already public / monitor,https://chamanlawfirm.com/how-to-check-if-a-property-title-is-genuine,how-to-check-if-a-property-title-is-genuine,How to Check if a Property Title Is Genuine in Nigeria,complete enough,image present,present; review for search intent,current-law or procedure-sensitive topic; dispute-resolution wording requires lawyer review; unsupported outcome claim,lawyer review required,no configured redirect conflict,template CTA present,metadata present,internal/external links present in body marks,no public change,no public change unless selected
-30,Tier D - already public / monitor,https://chamanlawfirm.com/remedies-for-breach-of-property-contracts-in-lagos-a-legal-guide,remedies-for-breach-of-property-contracts-in-lagos-a-legal-guide,Remedies for Breach of Property Contracts in Lagos,complete enough,image present,present; review for search intent,current-law or procedure-sensitive topic,lawyer review required,no configured redirect conflict,template CTA present,metadata present,needs manual link enhancement,no public change,no public change unless selected
-30,Tier D - already public / monitor,https://chamanlawfirm.com/insurance-in-construction-contracts,insurance-in-construction-contracts,Insurance in Construction Contracts in Nigeria,complete enough,image present,present; review for search intent,unsupported outcome claim,low automated risk,no configured redirect conflict,template CTA present,metadata present,needs manual link enhancement,no public change,no public change unless selected
-30,Tier D - already public / monitor,https://chamanlawfirm.com/how-does-land-title-insurance-protect-property-owners-in-nigeria,how-does-land-title-insurance-protect-property-owners-in-nigeria,How Land Title Insurance Protects Property Owners in Nigeria,complete enough,image present,present; review for search intent,low automated risk,low automated risk,no configured redirect conflict,template CTA present,metadata present,internal/external links present in body marks,no public change,no public change unless selected
-30,Tier D - already public / monitor,https://chamanlawfirm.com/corporate-tax-obligations-in-nigeria,corporate-tax-obligations-in-nigeria,Corporate Tax Obligations in Nigeria,complete enough,image present,present; review for search intent,current-law or procedure-sensitive topic,lawyer review required,no configured redirect conflict,template CTA present,metadata present,internal/external links present in body marks,no public change,no public change unless selected
-30,Tier D - already public / monitor,https://chamanlawfirm.com/what-is-the-legal-process-for-land-dispute,what-is-the-legal-process-for-land-dispute,Legal Process for Land Disputes in Nigeria,complete enough,image present,present; review for search intent,current-law or procedure-sensitive topic; dispute-resolution wording requires lawyer review,lawyer review required,no configured redirect conflict,template CTA present,metadata present,needs manual link enhancement,no public change,no public change unless selected
-30,Tier D - already public / monitor,https://chamanlawfirm.com/lawyers-help-you-access-inherited-property,lawyers-help-you-access-inherited-property,How Probate Lawyers Help Families Access Inherited Property,complete enough,image present,present; review for search intent,current-law or procedure-sensitive topic,lawyer review required,no configured redirect conflict,template CTA present,metadata present,needs manual link enhancement,no public change,no public change unless selected
-30,Tier D - already public / monitor,https://chamanlawfirm.com/how-does-land-title-regularization-affect-p,how-does-land-title-regularization-affect-p,How Land Title Regularization Affects Property Owners,complete enough,image present,present; review for search intent,low automated risk,low automated risk,no configured redirect conflict,template CTA present,metadata present,internal/external links present in body marks,no public change,no public change unless selected
-30,Tier D - already public / monitor,https://chamanlawfirm.com/the-land-use-act-protect-the-environment,the-land-use-act-protect-the-environment,How the Land Use Act Relates to Environmental Protection,complete enough,image present,present; review for search intent,low automated risk,low automated risk,no configured redirect conflict,template CTA present,metadata present,internal/external links present in body marks,no public change,no public change unless selected
-30,Tier D - already public / monitor,https://chamanlawfirm.com/immigration-law-at-chaman-law-firm,immigration-law-at-chaman-law-firm,Immigration Law Services in Nigeria,complete enough,image present,present; review for search intent,low automated risk,low automated risk,no configured redirect conflict,template CTA present,metadata present,internal/external links present in body marks,no public change,no public change unless selected
-30,Tier D - already public / monitor,https://chamanlawfirm.com/land-record-keeping-ensure-accurate-land-titles,land-record-keeping-ensure-accurate-land-titles,Land Record Keeping and Accurate Land Titles in Nigeria,complete enough,image present,present; review for search intent,off-brand/property-sales wording; current-law or procedure-sensitive topic; dispute-resolution wording requires lawyer review,lawyer review required,no configured redirect conflict,template CTA present,metadata present,needs manual link enhancement,no public change,no public change unless selected
-30,Tier D - already public / monitor,https://chamanlawfirm.com/5-proven-roles-of-a-child-adoption-lawyer,5-proven-roles-of-a-child-adoption-lawyer,Roles of a Child Adoption Lawyer in Nigeria,complete enough,image present,present; review for search intent,current-law or procedure-sensitive topic; family-status topic requires lawyer review,lawyer review required,no configured redirect conflict,template CTA present,metadata present,internal/external links present in body marks,no public change,no public change unless selected
-30,Tier D - already public / monitor,https://chamanlawfirm.com/legal-advice-for-expatriates-in-nigeria-ess,legal-advice-for-expatriates-in-nigeria-ess,Legal Advice for Expatriates in Nigeria,complete enough,image present,present; review for search intent,current-law or procedure-sensitive topic,lawyer review required,no configured redirect conflict,template CTA present,metadata present,internal/external links present in body marks,no public change,no public change unless selected
-30,Tier D - already public / monitor,https://chamanlawfirm.com/different-types-of-marriage-in-nigeria,different-types-of-marriage-in-nigeria,Different Types of Marriage in Nigeria,complete enough,image present,present; review for search intent,family-status topic requires lawyer review,low automated risk,no configured redirect conflict,template CTA present,metadata present,internal/external links present in body marks,no public change,no public change unless selected
-30,Tier D - already public / monitor,https://chamanlawfirm.com/land-titles-in-nigeria,land-titles-in-nigeria,Land Titles in Nigeria,complete enough,image present,present; review for search intent,current-law or procedure-sensitive topic,lawyer review required,no configured redirect conflict,template CTA present,metadata present,internal/external links present in body marks,no public change,no public change unless selected
-30,Tier D - already public / monitor,https://chamanlawfirm.com/reasons-yourland-title-verification-may-fail,reasons-yourland-title-verification-may-fail,Reasons Land Title Verification May Fail,complete enough,image present,present; review for search intent,current-law or procedure-sensitive topic,lawyer review required,no configured redirect conflict,template CTA present,metadata present,internal/external links present in body marks,no public change,no public change unless selected
-30,Tier D - already public / monitor,https://chamanlawfirm.com/why-you-need-a-certificate-of-occupancy-in-nigeria,why-you-need-a-certificate-of-occupancy-in-nigeria,Why You Need a Certificate of Occupancy in Nigeria,complete enough,image present,present; review for search intent,current-law or procedure-sensitive topic; dispute-resolution wording requires lawyer review,lawyer review required,no configured redirect conflict,template CTA present,metadata present,internal/external links present in body marks,no public change,no public change unless selected
-30,Tier D - already public / monitor,https://chamanlawfirm.com/what-challenges-are-associated-with-preserving-and-digitizing-historical-land-records,what-challenges-are-associated-with-preserving-and-digitizing-historical-land-records,Challenges in Preserving and Digitizing Historical Land Records,complete enough,image present,present; review for search intent,dispute-resolution wording requires lawyer review,low automated risk,no configured redirect conflict,template CTA present,metadata present,internal/external links present in body marks,no public change,no public change unless selected
-30,Tier D - already public / monitor,https://chamanlawfirm.com/real-estate-contracts,real-estate-contracts,Real Estate Contracts in Nigeria,complete enough,image present,present; review for search intent,unsupported outcome claim,low automated risk,no configured redirect conflict,template CTA present,metadata present,internal/external links present in body marks,no public change,no public change unless selected
-30,Tier D - already public / monitor,https://chamanlawfirm.com/what-is-the-role-of-the-surveyor-general-in-land-allocation-under-the-land-use-act,what-is-the-role-of-the-surveyor-general-in-land-allocation-under-the-land-use-act,Role of the Surveyor-General in Land Allocation Under the Land Use Act,complete enough,image present,present; review for search intent,dispute-resolution wording requires lawyer review,low automated risk,no configured redirect conflict,template CTA present,metadata present,internal/external links present in body marks,no public change,no public change unless selected
-30,Tier D - already public / monitor,https://chamanlawfirm.com/what-is-the-legal-way-to-safeguard-your-will,what-is-the-legal-way-to-safeguard-your-will,Legal Ways to Safeguard Your Will in Nigeria,complete enough,image present,present; review for search intent,low automated risk,low automated risk,no configured redirect conflict,template CTA present,metadata present,internal/external links present in body marks,no public change,no public change unless selected
-30,Tier D - already public / monitor,https://chamanlawfirm.com/top-5-intellectual-property-enforcement-stra,top-5-intellectual-property-enforcement-stra,Intellectual Property Enforcement Strategies in Nigeria,complete enough,image present,present; review for search intent,low automated risk,low automated risk,no configured redirect conflict,template CTA present,metadata present,internal/external links present in body marks,no public change,no public change unless selected
-30,Tier D - already public / monitor,https://chamanlawfirm.com/why-is-public-awareness-important-for-land-ownership-and-titles-in-nigeria,why-is-public-awareness-important-for-land-ownership-and-titles-in-nigeria,Why Public Awareness Matters for Land Ownership and Titles in Nigeria,complete enough,image present,present; review for search intent,dispute-resolution wording requires lawyer review,low automated risk,no configured redirect conflict,template CTA present,metadata present,internal/external links present in body marks,no public change,no public change unless selected
-30,Tier D - already public / monitor,https://chamanlawfirm.com/steps-to-understanding-financial-crimes,steps-to-understanding-financial-crimes,Understanding Financial Crimes in Nigeria,complete enough,image present,present; review for search intent,current-law or procedure-sensitive topic,lawyer review required,no configured redirect conflict,template CTA present,metadata present,internal/external links present in body marks,no public change,no public change unless selected
-30,Tier D - already public / monitor,https://chamanlawfirm.com/review-of-corporate-affairs-commission-share-capital-for-company-registration-in-nigeria,review-of-corporate-affairs-commission-share-capital-for-company-registration-in-nigeria,Corporate Affairs Commission Share Capital Requirements for Company Registration,complete enough,image present,present; review for search intent,low automated risk,low automated risk,no configured redirect conflict,template CTA present,metadata present,internal/external links present in body marks,no public change,no public change unless selected
-30,Tier D - already public / monitor,https://chamanlawfirm.com/register-your-company-with-cac-in-nigeria,register-your-company-with-cac-in-nigeria,How to Register Your Company With CAC in Nigeria,complete enough,image present,present; review for search intent,current-law or procedure-sensitive topic,lawyer review required,no configured redirect conflict,template CTA present,metadata present,internal/external links present in body marks,no public change,no public change unless selected
-30,Tier D - already public / monitor,https://chamanlawfirm.com/obtain-a-certificate-of-occupancy-chaman-law,obtain-a-certificate-of-occupancy-chaman-law,How to Obtain a Certificate of Occupancy in Nigeria,complete enough,image present,present; review for search intent,current-law or procedure-sensitive topic; unsupported outcome claim,lawyer review required,no configured redirect conflict,template CTA present,metadata present,internal/external links present in body marks,no public change,no public change unless selected
-30,Tier D - already public / monitor,https://chamanlawfirm.com/force-majeure-clauses-in-business-contracts,force-majeure-clauses-in-business-contracts,Force Majeure Clauses In Business Contracts,complete enough,image present,present; review for search intent,low automated risk,low automated risk,no configured redirect conflict,template CTA present,metadata present,internal/external links present in body marks,no public change,no public change unless selected
-30,Tier D - already public / monitor,https://chamanlawfirm.com/evaluating-real-estate-investment-returns,evaluating-real-estate-investment-returns,Evaluating Real Estate Investment Returns,complete enough,image present,present; review for search intent,low automated risk,low automated risk,no configured redirect conflict,template CTA present,metadata present,internal/external links present in body marks,no public change,no public change unless selected
-30,Tier D - already public / monitor,https://chamanlawfirm.com/3-proven-steps-on-how-to-rolve-land-disputes,3-proven-steps-on-how-to-rolve-land-disputes,3 Proven Steps On How To Rolve Land Disputes,complete enough,image present,present; review for search intent,dispute-resolution wording requires lawyer review,low automated risk,no configured redirect conflict,template CTA present,metadata present,internal/external links present in body marks,no public change,no public change unless selected
-30,Tier D - already public / monitor,https://chamanlawfirm.com/lekki-property-when-owner-dies-without-will,lekki-property-when-owner-dies-without-will,Lekki Property When Owner Dies Without Will,complete enough,image present,present; review for search intent,current-law or procedure-sensitive topic; unsupported outcome claim,lawyer review required,no configured redirect conflict,template CTA present,metadata present,internal/external links present in body marks,no public change,no public change unless selected
-30,Tier D - already public / monitor,https://chamanlawfirm.com/what-is-the-significan-and-titles-in-nigeria,what-is-the-significan-and-titles-in-nigeria,What Is The Significan And Titles In Nigeria,complete enough,image present,present; review for search intent,unsupported outcome claim,low automated risk,no configured redirect conflict,template CTA present,metadata present,internal/external links present in body marks,no public change,no public change unless selected
-30,Tier D - already public / monitor,https://chamanlawfirm.com/risk-management-strategies-for-real-estate-investment-in-nigeria,risk-management-strategies-for-real-estate-investment-in-nigeria,Risk Management Strategies For Real Estate Investment In Nigeria,complete enough,image present,present; review for search intent,current-law or procedure-sensitive topic,lawyer review required,no configured redirect conflict,template CTA present,metadata present,internal/external links present in body marks,no public change,no public change unless selected
-30,Tier D - already public / monitor,https://chamanlawfirm.com/what-you-need-to-know-when-buying-a-family-g,what-you-need-to-know-when-buying-a-family-g,What You Need To Know When Buying A Family G,complete enough,image present,present; review for search intent,current-law or procedure-sensitive topic,lawyer review required,no configured redirect conflict,template CTA present,metadata present,internal/external links present in body marks,no public change,no public change unless selected
-30,Tier D - already public / monitor,https://chamanlawfirm.com/can-a-foreigner-buy-property-chaman-law-firm,can-a-foreigner-buy-property-chaman-law-firm,Can A Foreigner Buy Property,complete enough,image present,present; review for search intent,current-law or procedure-sensitive topic; dispute-resolution wording requires lawyer review,lawyer review required,no configured redirect conflict,template CTA present,metadata present,internal/external links present in body marks,no public change,no public change unless selected
-30,Tier D - already public / monitor,https://chamanlawfirm.com/what-is-the-process-for-land-allocation-for-agricultural-purposes-under-the-land-use-act,what-is-the-process-for-land-allocation-for-agricultural-purposes-under-the-land-use-act,What Is The Process For Land Allocation For Agricultural Purposes Under The Land Use Act,complete enough,image present,present; review for search intent,low automated risk,low automated risk,no configured redirect conflict,template CTA present,metadata present,internal/external links present in body marks,no public change,no public change unless selected
-30,Tier D - already public / monitor,https://chamanlawfirm.com/land-documentation-excision-vs-gazette,land-documentation-excision-vs-gazette,Land Documentation Excision Vs Gazette,complete enough,image present,present; review for search intent,current-law or procedure-sensitive topic,lawyer review required,no configured redirect conflict,template CTA present,metadata present,internal/external links present in body marks,no public change,no public change unless selected
-30,Tier D - already public / monitor,https://chamanlawfirm.com/certificate-of-occupancy-in-rivers-state,certificate-of-occupancy-in-rivers-state,Certificate Of Occupancy In Rivers State,complete enough,image present,present; review for search intent,current-law or procedure-sensitive topic; dispute-resolution wording requires lawyer review,lawyer review required,redirect conflict: /practice-areas/property-real-estate-law,template CTA present,metadata present,internal/external links present in body marks,no public change,no public change unless selected
-30,Tier D - already public / monitor,https://chamanlawfirm.com/what-are-the-sources-of-nigerian-law,what-are-the-sources-of-nigerian-law,What Are the Sources of Nigerian Law?,complete enough,image present,present; review for search intent,low automated risk,low automated risk,no configured redirect conflict,template CTA present,metadata present,internal/external links present in body marks,no public change,no public change unless selected
-30,Tier D - already public / monitor,https://chamanlawfirm.com/maxims-of-equity,maxims-of-equity,Maxims of Equity in Nigerian Legal Practice,complete enough,image present,present; review for search intent,low automated risk,low automated risk,no configured redirect conflict,template CTA present,metadata present,internal/external links present in body marks,no public change,no public change unless selected
-30,Tier D - already public / monitor,https://chamanlawfirm.com/the-role-of-regulatory-bodies,the-role-of-regulatory-bodies,The Role of Regulatory Bodies in Nigeria,complete enough,image present,present; review for search intent,low automated risk,low automated risk,no configured redirect conflict,template CTA present,metadata present,internal/external links present in body marks,no public change,no public change unless selected
-30,Tier D - already public / monitor,https://chamanlawfirm.com/pohistory-of-legal-profession-in-nigeria,pohistory-of-legal-profession-in-nigeria,History of the Legal Profession in Nigeria,complete enough,image present,present; review for search intent,current-law or procedure-sensitive topic,lawyer review required,no configured redirect conflict,template CTA present,metadata present,internal/external links present in body marks,no public change,no public change unless selected
-30,Tier D - already public / monitor,https://chamanlawfirm.com/the-concept-of-rule-of-law-in-nigeria,the-concept-of-rule-of-law-in-nigeria,The Concept of Rule of Law In Nigeria,complete enough,image present,present; review for search intent,unsupported outcome claim,low automated risk,no configured redirect conflict,template CTA present,metadata present,internal/external links present in body marks,no public change,no public change unless selected
-30,Tier D - already public / monitor,https://chamanlawfirm.com/the-nigerian-legal-system,the-nigerian-legal-system,The Strengths and Weaknesses of the Nigerian Legal System,complete enough,image present,present; review for search intent,current-law or procedure-sensitive topic,lawyer review required,no configured redirect conflict,template CTA present,metadata present,internal/external links present in body marks,no public change,no public change unless selected
-30,Tier D - already public / monitor,https://chamanlawfirm.com/basic-elements-of-defamatory-statement,basic-elements-of-defamatory-statement,Basic Elements of Defamatory Statement,complete enough,image present,present; review for search intent,low automated risk,low automated risk,no configured redirect conflict,template CTA present,metadata present,internal/external links present in body marks,no public change,no public change unless selected
-30,Tier D - already public / monitor,https://chamanlawfirm.com/revocation-of-power-of-attorney,revocation-of-power-of-attorney,REVOCATION OF POWER OF ATTORNEY,complete enough,image present,present; review for search intent,low automated risk,low automated risk,no configured redirect conflict,template CTA present,metadata present,internal/external links present in body marks,no public change,no public change unless selected
-30,Tier D - already public / monitor,https://chamanlawfirm.com/proper-steps-to-eviction-of-tenants,proper-steps-to-eviction-of-tenants,STEPS TO EVICTION OF TENANTS,complete enough,image present,present; review for search intent,current-law or procedure-sensitive topic,lawyer review required,no configured redirect conflict,template CTA present,metadata present,internal/external links present in body marks,no public change,no public change unless selected
-30,Tier D - already public / monitor,https://chamanlawfirm.com/the-jurisdiction-of-courts-in-nigeria,the-jurisdiction-of-courts-in-nigeria,The Jurisdiction of Courts in Nigeria,complete enough,image present,present; review for search intent,current-law or procedure-sensitive topic; dispute-resolution wording requires lawyer review,lawyer review required,no configured redirect conflict,template CTA present,metadata present,internal/external links present in body marks,no public change,no public change unless selected
-30,Tier D - already public / monitor,https://chamanlawfirm.com/the-ogun-state-tenancy-law-chaman-law-firm,the-ogun-state-tenancy-law-chaman-law-firm,Understanding the Ogun State Tenancy Law: A Comprehensive Guide,complete enough,image present,present; review for search intent,current-law or procedure-sensitive topic,lawyer review required,no configured redirect conflict,template CTA present,metadata present,needs manual link enhancement,no public change,no public change unless selected
-32,Tier C - lawyer/current-law review,https://chamanlawfirm.com/sell-family-land-without-everyones-consent,sell-family-land-without-everyones-consent,Sell Family Land Without Everyones Consent,complete enough,image/alt missing or weak,present; review for search intent,off-brand/property-sales wording; current-law or procedure-sensitive topic,lawyer review required,no configured redirect conflict,template CTA present,metadata present,needs manual link enhancement,keep hidden pending lawyer/current-law review,no public change unless selected
-40,Tier C - lawyer/current-law review,https://chamanlawfirm.com/overview-of-the-concept-recovery-of-premises,overview-of-the-concept-recovery-of-premises,Overview of the Concept Recovery of Premises in Lagos State,complete enough,image/alt missing or weak,present; review for search intent,possible unsafe self-help wording; current-law or procedure-sensitive topic; dispute-resolution wording requires lawyer review,lawyer review required,redirect conflict: /practice-areas/property-real-estate-law,template CTA present,metadata present,internal/external links present in body marks,keep hidden pending lawyer/current-law review,no public change unless selected
-40,Tier C - lawyer/current-law review,https://chamanlawfirm.com/legal-implications-of-joint-property,legal-implications-of-joint-property,The Legal Implications of Joint Property Ownership In Nigeria,complete enough,image/alt missing or weak,present; review for search intent,current-law or procedure-sensitive topic,lawyer review required,redirect conflict: /practice-areas/property-real-estate-law/legal-implications-of-joint-property,template CTA present,metadata present,internal/external links present in body marks,keep hidden pending lawyer/current-law review,no public change unless selected
-40,Tier C - lawyer/current-law review,https://chamanlawfirm.com/taxes-on-real-estate-transactions-in-nigeria,taxes-on-real-estate-transactions-in-nigeria,Taxes On Real Estate Transactions In Nigeria,complete enough,image/alt missing or weak,present; review for search intent,off-brand/property-sales wording; current-law or procedure-sensitive topic,lawyer review required,no configured redirect conflict,template CTA present,metadata present,internal/external links present in body marks,keep hidden pending lawyer/current-law review,no public change unless selected
-40,Tier C - lawyer/current-law review,https://chamanlawfirm.com/legal-title-versus-equity-title,legal-title-versus-equity-title,Legal Title Versus Equity Title,complete enough,image/alt missing or weak,present; review for search intent,low automated risk,low automated risk,no configured redirect conflict,template CTA present,metadata present,internal/external links present in body marks,keep hidden pending lawyer/current-law review,no public change unless selected
-40,Tier C - lawyer/current-law review,https://chamanlawfirm.com/title-documents-much-does-it-cost-in-lagos,title-documents-much-does-it-cost-in-lagos,Title Documents Much Does It Cost In Lagos,complete enough,image/alt missing or weak,present; review for search intent,current-law or procedure-sensitive topic,lawyer review required,no configured redirect conflict,template CTA present,metadata present,needs manual link enhancement,keep hidden pending lawyer/current-law review,no public change unless selected
-40,Tier C - lawyer/current-law review,https://chamanlawfirm.com/corporate-governance-challenges-in-companies,corporate-governance-challenges-in-companies,Corporate Governance Challenges In Companies,complete enough,image/alt missing or weak,present; review for search intent,low automated risk,low automated risk,redirect conflict: /practice-areas/corporate-commercial-law,template CTA present,metadata present,internal/external links present in body marks,keep hidden pending lawyer/current-law review,no public change unless selected
-40,Tier C - lawyer/current-law review,https://chamanlawfirm.com/what-is-the-importance-of-certifi-occupancy,what-is-the-importance-of-certifi-occupancy,What Is The Importance Of Certifi Occupancy,complete enough,image/alt missing or weak,present; review for search intent,current-law or procedure-sensitive topic,lawyer review required,no configured redirect conflict,template CTA present,metadata present,internal/external links present in body marks,keep hidden pending lawyer/current-law review,no public change unless selected
-40,Tier C - lawyer/current-law review,https://chamanlawfirm.com/obtaining-a-c-of-o-in-ogun-state,obtaining-a-c-of-o-in-ogun-state,Obtaining a Certificate of Occupancy in Ogun State,complete enough,image/alt missing or weak,present; review for search intent,current-law or procedure-sensitive topic,lawyer review required,no configured redirect conflict,template CTA present,metadata present,internal/external links present in body marks,keep hidden pending lawyer/current-law review,no public change unless selected
-40,Tier C - lawyer/current-law review,https://chamanlawfirm.com/probate-vs-letter-of-administration-in-nigeria-key-differences-you-must-know,probate-vs-letter-of-administration-in-nigeria-key-differences-you-must-know,Probate vs Letters of Administration in Nigeria,complete enough,image/alt missing or weak,present; review for search intent,unsupported outcome claim,low automated risk,no configured redirect conflict,template CTA present,metadata present,needs manual link enhancement,keep hidden pending lawyer/current-law review,no public change unless selected
-40,Tier C - lawyer/current-law review,https://chamanlawfirm.com/accountability-in-corporate-governance,accountability-in-corporate-governance,Accountability in Corporate Governance in Nigeria,complete enough,image/alt missing or weak,present; review for search intent,low automated risk,low automated risk,no configured redirect conflict,template CTA present,metadata present,internal/external links present in body marks,keep hidden pending lawyer/current-law review,no public change unless selected
-40,Tier C - lawyer/current-law review,https://chamanlawfirm.com/0btain-guide-on-how-to-obtain-tax,0btain-guide-on-how-to-obtain-tax,0btain Guide On How To Obtain Tax,complete enough,image/alt missing or weak,present; review for search intent,current-law or procedure-sensitive topic,lawyer review required,no configured redirect conflict,template CTA present,metadata present,internal/external links present in body marks,keep hidden pending lawyer/current-law review,no public change unless selected
-40,Tier C - lawyer/current-law review,https://chamanlawfirm.com/understanding-the-ogun-anti-land-grabbing-law,understanding-the-ogun-anti-land-grabbing-law,Understanding The Ogun Anti Land Grabbing Law,complete enough,image/alt missing or weak,present; review for search intent,current-law or procedure-sensitive topic; dispute-resolution wording requires lawyer review,lawyer review required,no configured redirect conflict,template CTA present,metadata present,needs manual link enhancement,keep hidden pending lawyer/current-law review,no public change unless selected
-40,Tier C - lawyer/current-law review,https://chamanlawfirm.com/verify-a-property-title-in-lagos,verify-a-property-title-in-lagos,How to Verify a Property Title in Lagos,complete enough,image/alt missing or weak,present; review for search intent,current-law or procedure-sensitive topic,lawyer review required,no configured redirect conflict,template CTA present,metadata present,internal/external links present in body marks,keep hidden pending lawyer/current-law review,no public change unless selected
-40,Tier C - lawyer/current-law review,https://chamanlawfirm.com/police-clearance-certificate-pcc-in-nigeria,police-clearance-certificate-pcc-in-nigeria,Police Clearance Certificate Pcc In Nigeria,complete enough,image/alt missing or weak,present; review for search intent,current-law or procedure-sensitive topic,lawyer review required,no configured redirect conflict,template CTA present,metadata present,internal/external links present in body marks,keep hidden pending lawyer/current-law review,no public change unless selected
-40,Tier C - lawyer/current-law review,https://chamanlawfirm.com/what-makes-up-a-valid-employment-contract,what-makes-up-a-valid-employment-contract,What Makes a Valid Employment Contract in Nigeria?,complete enough,image/alt missing or weak,present; review for search intent,low automated risk,low automated risk,no configured redirect conflict,template CTA present,metadata present,internal/external links present in body marks,keep hidden pending lawyer/current-law review,no public change unless selected
-40,Tier C - lawyer/current-law review,https://chamanlawfirm.com/legal-process-for-tenant-eviction-in-lagos,legal-process-for-tenant-eviction-in-lagos,Legal Process For Tenant Eviction In Lagos,complete enough,image/alt missing or weak,present; review for search intent,possible unsafe self-help wording; current-law or procedure-sensitive topic,lawyer review required,no configured redirect conflict,template CTA present,metadata present,needs manual link enhancement,keep hidden pending lawyer/current-law review,no public change unless selected
-40,Tier C - lawyer/current-law review,https://chamanlawfirm.com/tenant-rights-during-property-sale-in-lagos,tenant-rights-during-property-sale-in-lagos,Tenant Rights During Property Sale In Lagos,complete enough,image/alt missing or weak,present; review for search intent,off-brand/property-sales wording; possible unsafe self-help wording; current-law or procedure-sensitive topic,lawyer review required,no configured redirect conflict,template CTA present,metadata present,needs manual link enhancement,keep hidden pending lawyer/current-law review,no public change unless selected
-40,Tier C - lawyer/current-law review,https://chamanlawfirm.com/what-are-the-tax-disputes-in-nigeria,what-are-the-tax-disputes-in-nigeria,What Are The Tax Disputes In Nigeria,complete enough,image/alt missing or weak,present; review for search intent,low automated risk,low automated risk,no configured redirect conflict,template CTA present,metadata present,internal/external links present in body marks,keep hidden pending lawyer/current-law review,no public change unless selected
-40,Tier C - lawyer/current-law review,https://chamanlawfirm.com/property-ownership-structures-in-nigeria,property-ownership-structures-in-nigeria,Property Ownership Structures In Nigeria,complete enough,image/alt missing or weak,present; review for search intent,current-law or procedure-sensitive topic,lawyer review required,no configured redirect conflict,template CTA present,metadata present,internal/external links present in body marks,keep hidden pending lawyer/current-law review,no public change unless selected
-40,Tier C - lawyer/current-law review,https://chamanlawfirm.com/maritime-contracts-in-nigeria,maritime-contracts-in-nigeria,Maritime Contracts In Nigeria,complete enough,image/alt missing or weak,present; review for search intent,low automated risk,low automated risk,no configured redirect conflict,template CTA present,metadata present,internal/external links present in body marks,keep hidden pending lawyer/current-law review,no public change unless selected
-40,Tier C - lawyer/current-law review,https://chamanlawfirm.com/land-use-planning-and-development-regulation,land-use-planning-and-development-regulation,Land Use Planning And Development Regulation,complete enough,image/alt missing or weak,present; review for search intent,current-law or procedure-sensitive topic,lawyer review required,no configured redirect conflict,template CTA present,metadata present,internal/external links present in body marks,keep hidden pending lawyer/current-law review,no public change unless selected
-40,Tier C - lawyer/current-law review,https://chamanlawfirm.com/property-valuation-in-nigerian-real-estate,property-valuation-in-nigerian-real-estate,Property Valuation In Nigerian Real Estate,complete enough,image/alt missing or weak,present; review for search intent,current-law or procedure-sensitive topic; dispute-resolution wording requires lawyer review; unsupported outcome claim,lawyer review required,no configured redirect conflict,template CTA present,metadata present,internal/external links present in body marks,keep hidden pending lawyer/current-law review,no public change unless selected
-40,Tier C - lawyer/current-law review,https://chamanlawfirm.com/registration-of-a-money-lending-company,registration-of-a-money-lending-company,Registration Of A Money Lending Company,complete enough,image/alt missing or weak,present; review for search intent,current-law or procedure-sensitive topic,lawyer review required,redirect conflict: /practice-areas/corporate-commercial-law,template CTA present,metadata present,needs manual link enhancement,keep hidden pending lawyer/current-law review,no public change unless selected
-40,Tier C - lawyer/current-law review,https://chamanlawfirm.com/how-to-conduct-due-diligence-in-nigeria,how-to-conduct-due-diligence-in-nigeria,How To Conduct Due Diligence In Nigeria,complete enough,image/alt missing or weak,present; review for search intent,off-brand/property-sales wording; current-law or procedure-sensitive topic; dispute-resolution wording requires lawyer review,lawyer review required,no configured redirect conflict,template CTA present,metadata present,internal/external links present in body marks,keep hidden pending lawyer/current-law review,no public change unless selected
-40,Tier C - lawyer/current-law review,https://chamanlawfirm.com/4-proven-steps-on-how-to-enforce-a-contract,4-proven-steps-on-how-to-enforce-a-contract,4 Proven Steps On How To Enforce A Contract,complete enough,image/alt missing or weak,present; review for search intent,dispute-resolution wording requires lawyer review,low automated risk,redirect conflict: /practice-areas/corporate-commercial-law,template CTA present,metadata present,internal/external links present in body marks,keep hidden pending lawyer/current-law review,no public change unless selected
-40,Tier C - lawyer/current-law review,https://chamanlawfirm.com/defense-of-fair-dealing-in-nigeria-copyright,defense-of-fair-dealing-in-nigeria-copyright,Defense Of Fair Dealing In Nigeria Copyright,complete enough,image/alt missing or weak,present; review for search intent,low automated risk,low automated risk,no configured redirect conflict,template CTA present,metadata present,internal/external links present in body marks,keep hidden pending lawyer/current-law review,no public change unless selected
-40,Tier C - lawyer/current-law review,https://chamanlawfirm.com/7-step-citizenship-application-in-nigeria,7-step-citizenship-application-in-nigeria,7 Step Citizenship Application In Nigeria,complete enough,image/alt missing or weak,present; review for search intent,low automated risk,low automated risk,redirect conflict: /practice-areas/immigration-services/citizenship-application-advisory,template CTA present,metadata present,internal/external links present in body marks,keep hidden pending lawyer/current-law review,no public change unless selected
-40,Tier C - lawyer/current-law review,https://chamanlawfirm.com/how-to-increase-a-company-share,how-to-increase-a-company-share,How To Increase A Company Share,complete enough,image/alt missing or weak,present; review for search intent,low automated risk,low automated risk,redirect conflict: /practice-areas/corporate-commercial-law,template CTA present,metadata present,internal/external links present in body marks,keep hidden pending lawyer/current-law review,no public change unless selected
-40,Tier C - lawyer/current-law review,https://chamanlawfirm.com/what-tenancy-laws-apply-to-landlords,what-tenancy-laws-apply-to-landlords,What Tenancy Laws Apply To Landlords,complete enough,image/alt missing or weak,present; review for search intent,possible unsafe self-help wording; current-law or procedure-sensitive topic; dispute-resolution wording requires lawyer review,lawyer review required,no configured redirect conflict,template CTA present,metadata present,needs manual link enhancement,keep hidden pending lawyer/current-law review,no public change unless selected
-40,Tier C - lawyer/current-law review,https://chamanlawfirm.com/land-use-charge-in-ogun-state-chaman-law-firm,land-use-charge-in-ogun-state-chaman-law-firm,Land Use Charge In Ogun State Chaman Law Firm,complete enough,image/alt missing or weak,present; review for search intent,current-law or procedure-sensitive topic,lawyer review required,no configured redirect conflict,template CTA present,metadata present,needs manual link enhancement,keep hidden pending lawyer/current-law review,no public change unless selected
-40,Tier C - lawyer/current-law review,https://chamanlawfirm.com/consequences-of-fail-to-pay-taxes-in-nigeria,consequences-of-fail-to-pay-taxes-in-nigeria,Consequences Of Fail To Pay Taxes In Nigeria,complete enough,image/alt missing or weak,present; review for search intent,current-law or procedure-sensitive topic,lawyer review required,no configured redirect conflict,template CTA present,metadata present,internal/external links present in body marks,keep hidden pending lawyer/current-law review,no public change unless selected
-40,Tier C - lawyer/current-law review,https://chamanlawfirm.com/consequences-of-not-paying-land-use-charge,consequences-of-not-paying-land-use-charge,Consequences Of Not Paying Land Use Charge,complete enough,image/alt missing or weak,present; review for search intent,current-law or procedure-sensitive topic,lawyer review required,no configured redirect conflict,template CTA present,metadata present,internal/external links present in body marks,keep hidden pending lawyer/current-law review,no public change unless selected
-40,Tier C - lawyer/current-law review,https://chamanlawfirm.com/survey-plan-registration-how-do-i-process-it,survey-plan-registration-how-do-i-process-it,Survey Plan Registration How Do I Process It,complete enough,image/alt missing or weak,present; review for search intent,low automated risk,low automated risk,no configured redirect conflict,template CTA present,metadata present,needs manual link enhancement,keep hidden pending lawyer/current-law review,no public change unless selected
-40,Tier C - lawyer/current-law review,https://chamanlawfirm.com/how-to-open-a-company-bank-account-in-nigeria,how-to-open-a-company-bank-account-in-nigeria,How To Open A Company Bank Account In Nigeria,complete enough,image/alt missing or weak,present; review for search intent,low automated risk,low automated risk,redirect conflict: /practice-areas/corporate-commercial-law,template CTA present,metadata present,needs manual link enhancement,keep hidden pending lawyer/current-law review,no public change unless selected
-40,Tier C - lawyer/current-law review,https://chamanlawfirm.com/how-to-terminate-a-tenancy-relationship-in,how-to-terminate-a-tenancy-relationship-in,How To Terminate A Tenancy Relationship In,complete enough,image/alt missing or weak,present; review for search intent,low automated risk,low automated risk,no configured redirect conflict,template CTA present,metadata present,internal/external links present in body marks,keep hidden pending lawyer/current-law review,no public change unless selected
-40,Tier C - lawyer/current-law review,https://chamanlawfirm.com/obtaining-a-certificate-of-occupancy,obtaining-a-certificate-of-occupancy,Obtaining A Certificate Of Occupancy,complete enough,image/alt missing or weak,present; review for search intent,current-law or procedure-sensitive topic,lawyer review required,no configured redirect conflict,template CTA present,metadata present,internal/external links present in body marks,keep hidden pending lawyer/current-law review,no public change unless selected
-40,Tier C - lawyer/current-law review,https://chamanlawfirm.com/legal-implications-of-overstaying-a-visa-inn,legal-implications-of-overstaying-a-visa-inn,Legal Implications Of Overstaying A Visa Inn,complete enough,image/alt missing or weak,present; review for search intent,current-law or procedure-sensitive topic,lawyer review required,no configured redirect conflict,template CTA present,metadata present,internal/external links present in body marks,keep hidden pending lawyer/current-law review,no public change unless selected
-40,Tier C - lawyer/current-law review,https://chamanlawfirm.com/nigerian-citizens-in-government-surveillance,nigerian-citizens-in-government-surveillance,Nigerian Citizens In Government Surveillance,complete enough,image/alt missing or weak,present; review for search intent,misleading free-service wording; current-law or procedure-sensitive topic; unsupported outcome claim,lawyer review required,no configured redirect conflict,template CTA present,metadata present,internal/external links present in body marks,keep hidden pending lawyer/current-law review,no public change unless selected
-40,Tier C - lawyer/current-law review,https://chamanlawfirm.com/corporate-governance-and-business-ethics,corporate-governance-and-business-ethics,Corporate Governance And Business Ethics,complete enough,image/alt missing or weak,present; review for search intent,low automated risk,low automated risk,redirect conflict: /practice-areas/corporate-commercial-law/corporate-governance-and-ethics-advisory,template CTA present,metadata present,internal/external links present in body marks,keep hidden pending lawyer/current-law review,no public change unless selected
-40,Tier C - lawyer/current-law review,https://chamanlawfirm.com/7-steps-on-how-to-use-small-claims-court,7-steps-on-how-to-use-small-claims-court,7 Steps On How To Use Small Claims Court,complete enough,image/alt missing or weak,present; review for search intent,low automated risk,low automated risk,no configured redirect conflict,template CTA present,metadata present,internal/external links present in body marks,keep hidden pending lawyer/current-law review,no public change unless selected
-40,Tier C - lawyer/current-law review,https://chamanlawfirm.com/legal-requirementsfor-registering-a-property,legal-requirementsfor-registering-a-property,Legal Requirementsfor Registering A Property,complete enough,image/alt missing or weak,present; review for search intent,current-law or procedure-sensitive topic; dispute-resolution wording requires lawyer review; unsupported outcome claim,lawyer review required,no configured redirect conflict,template CTA present,metadata present,internal/external links present in body marks,keep hidden pending lawyer/current-law review,no public change unless selected
-40,Tier C - lawyer/current-law review,https://chamanlawfirm.com/cyber-crime-awareness-campaigns-10-powerful,cyber-crime-awareness-campaigns-10-powerful,Cyber Crime Awareness Campaigns 10 Powerful,complete enough,image/alt missing or weak,present; review for search intent,current-law or procedure-sensitive topic,lawyer review required,no configured redirect conflict,template CTA present,metadata present,internal/external links present in body marks,keep hidden pending lawyer/current-law review,no public change unless selected
-40,Tier C - lawyer/current-law review,https://chamanlawfirm.com/inheritance-rights-under-ogun-customary-law,inheritance-rights-under-ogun-customary-law,Inheritance Rights Under Ogun Customary Law,complete enough,image/alt missing or weak,present; review for search intent,low automated risk,low automated risk,no configured redirect conflict,template CTA present,metadata present,internal/external links present in body marks,keep hidden pending lawyer/current-law review,no public change unless selected
-40,Tier C - lawyer/current-law review,https://chamanlawfirm.com/family-property-disputes-in-lagos,family-property-disputes-in-lagos,Family Property Disputes In Lagos,complete enough,image/alt missing or weak,present; review for search intent,dispute-resolution wording requires lawyer review,low automated risk,no configured redirect conflict,template CTA present,metadata present,needs manual link enhancement,keep hidden pending lawyer/current-law review,no public change unless selected
-40,Tier C - lawyer/current-law review,https://chamanlawfirm.com/defenses-and-bars-to-a-petition-for-divorce,defenses-and-bars-to-a-petition-for-divorce,Defenses And Bars To A Petition For Divorce,complete enough,image/alt missing or weak,present; review for search intent,family-status topic requires lawyer review,low automated risk,no configured redirect conflict,template CTA present,metadata present,internal/external links present in body marks,keep hidden pending lawyer/current-law review,no public change unless selected
-40,Tier C - lawyer/current-law review,https://chamanlawfirm.com/challenges-in-debt-recovery-and-solutions,challenges-in-debt-recovery-and-solutions,Challenges In Debt Recovery And Solutions,complete enough,image/alt missing or weak,present; review for search intent,low automated risk,low automated risk,no configured redirect conflict,template CTA present,metadata present,internal/external links present in body marks,keep hidden pending lawyer/current-law review,no public change unless selected
-40,Tier C - lawyer/current-law review,https://chamanlawfirm.com/land-use-act-impact-land-ownership-and-titles,land-use-act-impact-land-ownership-and-titles,Land Use Act Impact Land Ownership And Titles,complete enough,image/alt missing or weak,present; review for search intent,current-law or procedure-sensitive topic,lawyer review required,no configured redirect conflict,template CTA present,metadata present,needs manual link enhancement,keep hidden pending lawyer/current-law review,no public change unless selected
-40,Tier C - lawyer/current-law review,https://chamanlawfirm.com/filing-for-divorce-in-nigeria-a-comprehen,filing-for-divorce-in-nigeria-a-comprehen,Filing For Divorce In Nigeria A Comprehen,complete enough,image/alt missing or weak,present; review for search intent,family-status topic requires lawyer review,low automated risk,no configured redirect conflict,template CTA present,metadata present,internal/external links present in body marks,keep hidden pending lawyer/current-law review,no public change unless selected
-40,Tier C - lawyer/current-law review,https://chamanlawfirm.com/registering-a-private-security-company,registering-a-private-security-company,Registering A Private Security Company,complete enough,image/alt missing or weak,present; review for search intent,current-law or procedure-sensitive topic,lawyer review required,redirect conflict: /practice-areas/corporate-commercial-law,template CTA present,metadata present,internal/external links present in body marks,keep hidden pending lawyer/current-law review,no public change unless selected
-40,Tier C - lawyer/current-law review,https://chamanlawfirm.com/powerful-steps-grant-of-probate-in-lagos-state,powerful-steps-grant-of-probate-in-lagos-state,Powerful Steps Grant Of Probate In Lagos State,complete enough,image/alt missing or weak,present; review for search intent,current-law or procedure-sensitive topic,lawyer review required,no configured redirect conflict,template CTA present,metadata present,needs manual link enhancement,keep hidden pending lawyer/current-law review,no public change unless selected
-40,Tier C - lawyer/current-law review,https://chamanlawfirm.com/family-disputes-with-international-dimension,family-disputes-with-international-dimension,Family Disputes With International Dimension,complete enough,image/alt missing or weak,present; review for search intent,family-status topic requires lawyer review,low automated risk,no configured redirect conflict,template CTA present,metadata present,internal/external links present in body marks,keep hidden pending lawyer/current-law review,no public change unless selected
-40,Tier C - lawyer/current-law review,https://chamanlawfirm.com/how-to-verify-a-propertys-survey-plan-in-lagos,how-to-verify-a-propertys-survey-plan-in-lagos,How To Verify A Propertys Survey Plan In Lagos,complete enough,image/alt missing or weak,present; review for search intent,low automated risk,low automated risk,no configured redirect conflict,template CTA present,metadata present,internal/external links present in body marks,keep hidden pending lawyer/current-law review,no public change unless selected
-40,Tier C - lawyer/current-law review,https://chamanlawfirm.com/how-does-the-land-use-act-involve-the-surveyor-generals-office,how-does-the-land-use-act-involve-the-surveyor-generals-office,How Does The Land Use Act Involve The Surveyor Generals Office,complete enough,image/alt missing or weak,present; review for search intent,dispute-resolution wording requires lawyer review,low automated risk,no configured redirect conflict,template CTA present,metadata present,internal/external links present in body marks,keep hidden pending lawyer/current-law review,no public change unless selected
-40,Tier C - lawyer/current-law review,https://chamanlawfirm.com/family-courts-and-specialized-tribunals,family-courts-and-specialized-tribunals,Family Courts And Specialized Tribunals,complete enough,image/alt missing or weak,present; review for search intent,current-law or procedure-sensitive topic; family-status topic requires lawyer review,lawyer review required,no configured redirect conflict,template CTA present,metadata present,internal/external links present in body marks,keep hidden pending lawyer/current-law review,no public change unless selected
-40,Tier C - lawyer/current-law review,https://chamanlawfirm.com/regarding-the-custody-of-a-child,regarding-the-custody-of-a-child,Regarding The Custody Of A Child,complete enough,image/alt missing or weak,present; review for search intent,current-law or procedure-sensitive topic; family-status topic requires lawyer review,lawyer review required,no configured redirect conflict,template CTA present,metadata present,internal/external links present in body marks,keep hidden pending lawyer/current-law review,no public change unless selected
-40,Tier C - lawyer/current-law review,https://chamanlawfirm.com/real-estate-title-frauds-in-nigeria,real-estate-title-frauds-in-nigeria,Real Estate Title Frauds In Nigeria,complete enough,image/alt missing or weak,present; review for search intent,low automated risk,low automated risk,no configured redirect conflict,template CTA present,metadata present,internal/external links present in body marks,keep hidden pending lawyer/current-law review,no public change unless selected
-40,Tier C - lawyer/current-law review,https://chamanlawfirm.com/dealing-with-abadtenantinlagos-for-landlords,dealing-with-abadtenantinlagos-for-landlords,Dealing With Abadtenantinlagos For Landlords,complete enough,image/alt missing or weak,present; review for search intent,possible unsafe self-help wording; current-law or procedure-sensitive topic,lawyer review required,no configured redirect conflict,template CTA present,metadata present,internal/external links present in body marks,keep hidden pending lawyer/current-law review,no public change unless selected
-40,Tier C - lawyer/current-law review,https://chamanlawfirm.com/financing-real-estate-investments-in-nigeria,financing-real-estate-investments-in-nigeria,Financing Real Estate Investments In Nigeria,complete enough,image/alt missing or weak,present; review for search intent,current-law or procedure-sensitive topic; unsupported outcome claim,lawyer review required,no configured redirect conflict,template CTA present,metadata present,internal/external links present in body marks,keep hidden pending lawyer/current-law review,no public change unless selected
-40,Tier C - lawyer/current-law review,https://chamanlawfirm.com/understanding-the-certificate-of-occupancy-c,understanding-the-certificate-of-occupancy-c,Understanding The Certificate Of Occupancy C,complete enough,image/alt missing or weak,present; review for search intent,current-law or procedure-sensitive topic; dispute-resolution wording requires lawyer review,lawyer review required,no configured redirect conflict,template CTA present,metadata present,internal/external links present in body marks,keep hidden pending lawyer/current-law review,no public change unless selected
-40,Tier C - lawyer/current-law review,https://chamanlawfirm.com/corporate-governance-principles-in-nigeria,corporate-governance-principles-in-nigeria,Corporate Governance Principles In Nigeria,complete enough,image/alt missing or weak,present; review for search intent,low automated risk,low automated risk,no configured redirect conflict,template CTA present,metadata present,internal/external links present in body marks,keep hidden pending lawyer/current-law review,no public change unless selected
-40,Tier C - lawyer/current-law review,https://chamanlawfirm.com/how-to-fix-mistakes-in-your-property-documents,how-to-fix-mistakes-in-your-property-documents,How To Fix Mistakes In Your Property Documents,complete enough,image/alt missing or weak,present; review for search intent,low automated risk,low automated risk,no configured redirect conflict,template CTA present,metadata present,needs manual link enhancement,keep hidden pending lawyer/current-law review,no public change unless selected
-40,Tier C - lawyer/current-law review,https://chamanlawfirm.com/how-to-alter-a-will,how-to-alter-a-will,How To Alter A Will,complete enough,image/alt missing or weak,present; review for search intent,low automated risk,low automated risk,no configured redirect conflict,template CTA present,metadata present,internal/external links present in body marks,keep hidden pending lawyer/current-law review,no public change unless selected
-40,Tier C - lawyer/current-law review,https://chamanlawfirm.com/corporate-restructuring-in-nigeria,corporate-restructuring-in-nigeria,Corporate Restructuring In Nigeria,complete enough,image/alt missing or weak,present; review for search intent,current-law or procedure-sensitive topic,lawyer review required,no configured redirect conflict,template CTA present,metadata present,internal/external links present in body marks,keep hidden pending lawyer/current-law review,no public change unless selected
-40,Tier C - lawyer/current-law review,https://chamanlawfirm.com/hidden-costs-of-buying-property-in-ogun-state,hidden-costs-of-buying-property-in-ogun-state,Hidden Costs Of Buying Property In Ogun State,complete enough,image/alt missing or weak,present; review for search intent,low automated risk,low automated risk,no configured redirect conflict,template CTA present,metadata present,internal/external links present in body marks,keep hidden pending lawyer/current-law review,no public change unless selected
-40,Tier C - lawyer/current-law review,https://chamanlawfirm.com/role-of-community-leaders-in-land-allocation,role-of-community-leaders-in-land-allocation,Role of Community Leaders in Land Allocation,complete enough,image/alt missing or weak,present; review for search intent,dispute-resolution wording requires lawyer review,low automated risk,no configured redirect conflict,template CTA present,metadata present,internal/external links present in body marks,keep hidden pending lawyer/current-law review,no public change unless selected
-40,Tier C - lawyer/current-law review,https://chamanlawfirm.com/how-does-the-land-use-act-address-the-issue-of-abandoned-properties-in-nigeria,how-does-the-land-use-act-address-the-issue-of-abandoned-properties-in-nigeria,How Does The Land Use Act Address The Issue Of Abandoned Properties In Nigeria,complete enough,image/alt missing or weak,present; review for search intent,low automated risk,low automated risk,no configured redirect conflict,template CTA present,metadata present,internal/external links present in body marks,keep hidden pending lawyer/current-law review,no public change unless selected
-40,Tier C - lawyer/current-law review,https://chamanlawfirm.com/where-is-the-proper-custody-of-a-will,where-is-the-proper-custody-of-a-will,Where Is The Proper Custody Of A Will,complete enough,image/alt missing or weak,present; review for search intent,low automated risk,low automated risk,no configured redirect conflict,template CTA present,metadata present,internal/external links present in body marks,keep hidden pending lawyer/current-law review,no public change unless selected
-40,Tier C - lawyer/current-law review,https://chamanlawfirm.com/understanding-the-land-use-act-6-proven,understanding-the-land-use-act-6-proven,Understanding The Land Use Act 6 Proven,complete enough,image/alt missing or weak,present; review for search intent,current-law or procedure-sensitive topic; dispute-resolution wording requires lawyer review,lawyer review required,no configured redirect conflict,template CTA present,metadata present,internal/external links present in body marks,keep hidden pending lawyer/current-law review,no public change unless selected
-40,Tier C - lawyer/current-law review,https://chamanlawfirm.com/who-are-the-type-of-people-that-can-write-a-will,who-are-the-type-of-people-that-can-write-a-will,Who Are The Type Of People That Can Write A Will,complete enough,image/alt missing or weak,present; review for search intent,low automated risk,low automated risk,no configured redirect conflict,template CTA present,metadata present,internal/external links present in body marks,keep hidden pending lawyer/current-law review,no public change unless selected
-40,Tier C - lawyer/current-law review,https://chamanlawfirm.com/bordersecurityin-nigerian-immigration-policy,bordersecurityin-nigerian-immigration-policy,Bordersecurityin Nigerian Immigration Policy,complete enough,image/alt missing or weak,present; review for search intent,low automated risk,low automated risk,no configured redirect conflict,template CTA present,metadata present,internal/external links present in body marks,keep hidden pending lawyer/current-law review,no public change unless selected
-40,Tier C - lawyer/current-law review,https://chamanlawfirm.com/learn-how-to-draft-tenancy-agreement-in-ogun,learn-how-to-draft-tenancy-agreement-in-ogun,Learn How To Draft Tenancy Agreement In Ogun,complete enough,image/alt missing or weak,present; review for search intent,current-law or procedure-sensitive topic,lawyer review required,no configured redirect conflict,template CTA present,metadata present,internal/external links present in body marks,keep hidden pending lawyer/current-law review,no public change unless selected
-40,Tier C - lawyer/current-law review,https://chamanlawfirm.com/challenging-a-fraudulent-probate-application,challenging-a-fraudulent-probate-application,Challenging A Fraudulent Probate Application,complete enough,image/alt missing or weak,present; review for search intent,current-law or procedure-sensitive topic,lawyer review required,no configured redirect conflict,template CTA present,metadata present,needs manual link enhancement,keep hidden pending lawyer/current-law review,no public change unless selected
-40,Tier C - lawyer/current-law review,https://chamanlawfirm.com/deed-of-assignment-from-a-property,deed-of-assignment-from-a-property,Deed Of Assignment From A Property,complete enough,image/alt missing or weak,present; review for search intent,low automated risk,low automated risk,no configured redirect conflict,template CTA present,metadata present,internal/external links present in body marks,keep hidden pending lawyer/current-law review,no public change unless selected
-40,Tier C - lawyer/current-law review,https://chamanlawfirm.com/taxation-of-retail-sector,taxation-of-retail-sector,Taxation Of Retail Sector,complete enough,image/alt missing or weak,present; review for search intent,current-law or procedure-sensitive topic,lawyer review required,no configured redirect conflict,template CTA present,metadata present,internal/external links present in body marks,keep hidden pending lawyer/current-law review,no public change unless selected
-40,Tier C - lawyer/current-law review,https://chamanlawfirm.com/how-does-the-land-ucapital-territory-federal,how-does-the-land-ucapital-territory-federal,How Does The Land Ucapital Territory Federal,complete enough,image/alt missing or weak,present; review for search intent,low automated risk,low automated risk,no configured redirect conflict,template CTA present,metadata present,internal/external links present in body marks,keep hidden pending lawyer/current-law review,no public change unless selected
-40,Tier C - lawyer/current-law review,https://chamanlawfirm.com/analyzing-the-growth-of-real-estate-investment,analyzing-the-growth-of-real-estate-investment,Analyzing The Growth Of Real Estate Investment,complete enough,image/alt missing or weak,present; review for search intent,current-law or procedure-sensitive topic,lawyer review required,no configured redirect conflict,template CTA present,metadata present,internal/external links present in body marks,keep hidden pending lawyer/current-law review,no public change unless selected
-40,Tier C - lawyer/current-law review,https://chamanlawfirm.com/challenge-double-allocation-of-land,challenge-double-allocation-of-land,Challenge Double Allocation Of Land,complete enough,image/alt missing or weak,present; review for search intent,current-law or procedure-sensitive topic,lawyer review required,no configured redirect conflict,template CTA present,metadata present,needs manual link enhancement,keep hidden pending lawyer/current-law review,no public change unless selected
-40,Tier C - lawyer/current-law review,https://chamanlawfirm.com/what-is-the-lagos-state-tenancy-law,what-is-the-lagos-state-tenancy-law,What Is The Lagos State Tenancy Law,complete enough,image/alt missing or weak,present; review for search intent,possible unsafe self-help wording; current-law or procedure-sensitive topic,lawyer review required,no configured redirect conflict,template CTA present,metadata present,needs manual link enhancement,keep hidden pending lawyer/current-law review,no public change unless selected
-40,Tier C - lawyer/current-law review,https://chamanlawfirm.com/who-are-the-people-entitled-to-pro-b-service,who-are-the-people-entitled-to-pro-b-service,Who Are The People Entitled To Pro B Service,complete enough,image/alt missing or weak,present; review for search intent,low automated risk,low automated risk,no configured redirect conflict,template CTA present,metadata present,internal/external links present in body marks,keep hidden pending lawyer/current-law review,no public change unless selected
-40,Tier C - lawyer/current-law review,https://chamanlawfirm.com/guide-to-resolvingproperty-boundary-disputes,guide-to-resolvingproperty-boundary-disputes,Guide To Resolvingproperty Boundary Disputes,complete enough,image/alt missing or weak,present; review for search intent,current-law or procedure-sensitive topic; dispute-resolution wording requires lawyer review,lawyer review required,no configured redirect conflict,template CTA present,metadata present,internal/external links present in body marks,keep hidden pending lawyer/current-law review,no public change unless selected
-40,Tier C - lawyer/current-law review,https://chamanlawfirm.com/land-allocation-for-coastal-and-marine-areas,land-allocation-for-coastal-and-marine-areas,Land Allocation For Coastal And Marine Areas,complete enough,image/alt missing or weak,present; review for search intent,low automated risk,low automated risk,no configured redirect conflict,template CTA present,metadata present,internal/external links present in body marks,keep hidden pending lawyer/current-law review,no public change unless selected
-40,Tier C - lawyer/current-law review,https://chamanlawfirm.com/how-are-conflicts-resolved-under-the-land-use-act,how-are-conflicts-resolved-under-the-land-use-act,How Are Conflicts Resolved Under The Land Use Act,complete enough,image/alt missing or weak,present; review for search intent,dispute-resolution wording requires lawyer review,low automated risk,no configured redirect conflict,template CTA present,metadata present,internal/external links present in body marks,keep hidden pending lawyer/current-law review,no public change unless selected
-40,Tier C - lawyer/current-law review,https://chamanlawfirm.com/guardian-ad-litem-in-child-custody,guardian-ad-litem-in-child-custody,Guardian Ad Litem In Child Custody,complete enough,image/alt missing or weak,present; review for search intent,current-law or procedure-sensitive topic; family-status topic requires lawyer review,lawyer review required,no configured redirect conflict,template CTA present,metadata present,internal/external links present in body marks,keep hidden pending lawyer/current-law review,no public change unless selected
-40,Tier C - lawyer/current-law review,https://chamanlawfirm.com/best-probate-lawyers-in-ogun-state,best-probate-lawyers-in-ogun-state,Best Probate Lawyers In Ogun State,complete enough,image/alt missing or weak,present; review for search intent,low automated risk,low automated risk,no configured redirect conflict,template CTA present,metadata present,needs manual link enhancement,keep hidden pending lawyer/current-law review,no public change unless selected
-40,Tier C - lawyer/current-law review,https://chamanlawfirm.com/financial-contracts-and-agreement-in-nigeria,financial-contracts-and-agreement-in-nigeria,Financial Contracts And Agreement In Nigeria,complete enough,image/alt missing or weak,present; review for search intent,unsupported outcome claim,low automated risk,no configured redirect conflict,template CTA present,metadata present,internal/external links present in body marks,keep hidden pending lawyer/current-law review,no public change unless selected
-40,Tier C - lawyer/current-law review,https://chamanlawfirm.com/powerful-steps-land-surveyors-contribute,powerful-steps-land-surveyors-contribute,Powerful Steps Land Surveyors Contribute,complete enough,image/alt missing or weak,present; review for search intent,current-law or procedure-sensitive topic; dispute-resolution wording requires lawyer review,lawyer review required,no configured redirect conflict,template CTA present,metadata present,needs manual link enhancement,keep hidden pending lawyer/current-law review,no public change unless selected
-40,Tier C - lawyer/current-law review,https://chamanlawfirm.com/ejectment-vs-eviction-tenants,ejectment-vs-eviction-tenants,Ejectment Vs Eviction Tenants,complete enough,image/alt missing or weak,present; review for search intent,possible unsafe self-help wording; current-law or procedure-sensitive topic,lawyer review required,no configured redirect conflict,template CTA present,metadata present,internal/external links present in body marks,keep hidden pending lawyer/current-law review,no public change unless selected
-40,Tier C - lawyer/current-law review,https://chamanlawfirm.com/the-nigerian-tax-administration,the-nigerian-tax-administration,The Nigerian Tax Administration,complete enough,image/alt missing or weak,present; review for search intent,current-law or procedure-sensitive topic,lawyer review required,no configured redirect conflict,template CTA present,metadata present,internal/external links present in body marks,keep hidden pending lawyer/current-law review,no public change unless selected
-40,Tier C - lawyer/current-law review,https://chamanlawfirm.com/obtaining-consent-for-land-transactions,obtaining-consent-for-land-transactions,Obtaining Consent For Land Transactions,complete enough,image/alt missing or weak,present; review for search intent,off-brand/property-sales wording; current-law or procedure-sensitive topic; dispute-resolution wording requires lawyer review; unsupported outcome claim,lawyer review required,no configured redirect conflict,template CTA present,metadata present,internal/external links present in body marks,keep hidden pending lawyer/current-law review,no public change unless selected
-40,Tier C - lawyer/current-law review,https://chamanlawfirm.com/the-rights-and-responsibilities-of-landowners,the-rights-and-responsibilities-of-landowners,The Rights And Responsibilities Of Landowners,complete enough,image/alt missing or weak,present; review for search intent,current-law or procedure-sensitive topic; dispute-resolution wording requires lawyer review,lawyer review required,no configured redirect conflict,template CTA present,metadata present,needs manual link enhancement,keep hidden pending lawyer/current-law review,no public change unless selected
-40,Tier C - lawyer/current-law review,https://chamanlawfirm.com/obtaining-a-certificate-of-occupancy-in-lagos,obtaining-a-certificate-of-occupancy-in-lagos,Obtaining A Certificate Of Occupancy In Lagos,complete enough,image/alt missing or weak,present; review for search intent,current-law or procedure-sensitive topic,lawyer review required,no configured redirect conflict,template CTA present,metadata present,needs manual link enhancement,keep hidden pending lawyer/current-law review,no public change unless selected
-40,Tier C - lawyer/current-law review,https://chamanlawfirm.com/nigerian-courts-handle-class-action-lawsuits,nigerian-courts-handle-class-action-lawsuits,Nigerian Courts Handle Class Action Lawsuits,complete enough,image/alt missing or weak,present; review for search intent,low automated risk,low automated risk,no configured redirect conflict,template CTA present,metadata present,internal/external links present in body marks,keep hidden pending lawyer/current-law review,no public change unless selected
-40,Tier C - lawyer/current-law review,https://chamanlawfirm.com/what-is-land-excision-in-ogun-state,what-is-land-excision-in-ogun-state,What Is Land Excision In Ogun State,complete enough,image/alt missing or weak,present; review for search intent,current-law or procedure-sensitive topic,lawyer review required,no configured redirect conflict,template CTA present,metadata present,internal/external links present in body marks,keep hidden pending lawyer/current-law review,no public change unless selected
-40,Tier C - lawyer/current-law review,https://chamanlawfirm.com/child-custody-and-visitation-during-holidays,child-custody-and-visitation-during-holidays,Child Custody And Visitation During Holidays,complete enough,image/alt missing or weak,present; review for search intent,misleading free-service wording; family-status topic requires lawyer review; dispute-resolution wording requires lawyer review,low automated risk,no configured redirect conflict,template CTA present,metadata present,internal/external links present in body marks,keep hidden pending lawyer/current-law review,no public change unless selected
-40,Tier C - lawyer/current-law review,https://chamanlawfirm.com/how-to-start-oil-and-gas-company-in-nigeria,how-to-start-oil-and-gas-company-in-nigeria,How To Start Oil And Gas Company In Nigeria,complete enough,image/alt missing or weak,present; review for search intent,low automated risk,low automated risk,no configured redirect conflict,template CTA present,metadata present,internal/external links present in body marks,keep hidden pending lawyer/current-law review,no public change unless selected
-40,Tier C - lawyer/current-law review,https://chamanlawfirm.com/how-has-the-land-use-act-in-nigeria-e,how-has-the-land-use-act-in-nigeria-e,How Has The Land Use Act In Nigeria E,complete enough,image/alt missing or weak,present; review for search intent,low automated risk,low automated risk,no configured redirect conflict,template CTA present,metadata present,internal/external links present in body marks,keep hidden pending lawyer/current-law review,no public change unless selected
-40,Tier C - lawyer/current-law review,https://chamanlawfirm.com/capital-gains-tax-calculated-on-property,capital-gains-tax-calculated-on-property,Capital Gains Tax Calculated On Property,complete enough,image/alt missing or weak,present; review for search intent,off-brand/property-sales wording; current-law or procedure-sensitive topic,lawyer review required,no configured redirect conflict,template CTA present,metadata present,needs manual link enhancement,keep hidden pending lawyer/current-law review,no public change unless selected
-40,Tier C - lawyer/current-law review,https://chamanlawfirm.com/handling-tax-disputes-and-audits-in-nigeria,handling-tax-disputes-and-audits-in-nigeria,Handling Tax Disputes And Audits In Nigeria,complete enough,image/alt missing or weak,present; review for search intent,current-law or procedure-sensitive topic,lawyer review required,no configured redirect conflict,template CTA present,metadata present,internal/external links present in body marks,keep hidden pending lawyer/current-law review,no public change unless selected
-40,Tier C - lawyer/current-law review,https://chamanlawfirm.com/enhancing-nigerian-immigration-security,enhancing-nigerian-immigration-security,Enhancing Nigerian Immigration Security,complete enough,image/alt missing or weak,present; review for search intent,low automated risk,low automated risk,no configured redirect conflict,template CTA present,metadata present,internal/external links present in body marks,keep hidden pending lawyer/current-law review,no public change unless selected
-40,Tier C - lawyer/current-law review,https://chamanlawfirm.com/blockchain-technology-and-land-title-security,blockchain-technology-and-land-title-security,Blockchain Technology And Land Title Security,complete enough,image/alt missing or weak,present; review for search intent,dispute-resolution wording requires lawyer review,low automated risk,no configured redirect conflict,template CTA present,metadata present,internal/external links present in body marks,keep hidden pending lawyer/current-law review,no public change unless selected
-40,Tier C - lawyer/current-law review,https://chamanlawfirm.com/where-do-i-verify-land-documents-in-ogun-state,where-do-i-verify-land-documents-in-ogun-state,Where Do I Verify Land Documents In Ogun State,complete enough,image/alt missing or weak,present; review for search intent,current-law or procedure-sensitive topic,lawyer review required,no configured redirect conflict,template CTA present,metadata present,needs manual link enhancement,keep hidden pending lawyer/current-law review,no public change unless selected
-40,Tier C - lawyer/current-law review,https://chamanlawfirm.com/subcontracting-in-nigerian-construction-projects,subcontracting-in-nigerian-construction-projects,Subcontracting In Nigerian Construction Projects,complete enough,image/alt missing or weak,present; review for search intent,low automated risk,low automated risk,no configured redirect conflict,template CTA present,metadata present,internal/external links present in body marks,keep hidden pending lawyer/current-law review,no public change unless selected
-40,Tier C - lawyer/current-law review,https://chamanlawfirm.com/rights-of-citizens-in-government-surveillance,rights-of-citizens-in-government-surveillance,Rights Of Citizens In Government Surveillance,complete enough,image/alt missing or weak,present; review for search intent,current-law or procedure-sensitive topic; unsupported outcome claim,lawyer review required,no configured redirect conflict,template CTA present,metadata present,internal/external links present in body marks,keep hidden pending lawyer/current-law review,no public change unless selected
-40,Tier C - lawyer/current-law review,https://chamanlawfirm.com/corporate-finance-laws-in-nigeria,corporate-finance-laws-in-nigeria,Corporate Finance Laws In Nigeria,complete enough,image/alt missing or weak,present; review for search intent,current-law or procedure-sensitive topic,lawyer review required,no configured redirect conflict,template CTA present,metadata present,needs manual link enhancement,keep hidden pending lawyer/current-law review,no public change unless selected
-40,Tier C - lawyer/current-law review,https://chamanlawfirm.com/first-aid-certificate-in-nigeria,first-aid-certificate-in-nigeria,First Aid Certificate In Nigeria,complete enough,image/alt missing or weak,present; review for search intent,low automated risk,low automated risk,no configured redirect conflict,template CTA present,metadata present,internal/external links present in body marks,keep hidden pending lawyer/current-law review,no public change unless selected
-40,Tier C - lawyer/current-law review,https://chamanlawfirm.com/remedies-for-breach-of-maritime-contracts,remedies-for-breach-of-maritime-contracts,Remedies For Breach Of Maritime Contracts,complete enough,image/alt missing or weak,present; review for search intent,current-law or procedure-sensitive topic,lawyer review required,no configured redirect conflict,template CTA present,metadata present,internal/external links present in body marks,keep hidden pending lawyer/current-law review,no public change unless selected
-40,Tier C - lawyer/current-law review,https://chamanlawfirm.com/the-impact-of-the-land-use-act-on-land-allocation-for-public-marketplaces-in-nigeria,the-impact-of-the-land-use-act-on-land-allocation-for-public-marketplaces-in-nigeria,The Impact Of The Land Use Act On Land Allocation For Public Marketplaces In Nigeria,complete enough,image/alt missing or weak,present; review for search intent,current-law or procedure-sensitive topic,lawyer review required,no configured redirect conflict,template CTA present,metadata present,internal/external links present in body marks,keep hidden pending lawyer/current-law review,no public change unless selected
-40,Tier C - lawyer/current-law review,https://chamanlawfirm.com/intellectual-property-rights,intellectual-property-rights,Intellectual Property Rights,complete enough,image/alt missing or weak,present; review for search intent,low automated risk,low automated risk,no configured redirect conflict,template CTA present,metadata present,internal/external links present in body marks,keep hidden pending lawyer/current-law review,no public change unless selected
-40,Tier C - lawyer/current-law review,https://chamanlawfirm.com/dealing-with-land-encroachment-in-ogun-state,dealing-with-land-encroachment-in-ogun-state,Dealing With Land Encroachment In Ogun State,complete enough,image/alt missing or weak,present; review for search intent,possible unsafe self-help wording; current-law or procedure-sensitive topic; dispute-resolution wording requires lawyer review; unsupported outcome claim,lawyer review required,no configured redirect conflict,template CTA present,metadata present,internal/external links present in body marks,keep hidden pending lawyer/current-law review,no public change unless selected
-40,Tier C - lawyer/current-law review,https://chamanlawfirm.com/hidden-costs-when-buying-land-in-lagos,hidden-costs-when-buying-land-in-lagos,Hidden Costs When Buying Land In Lagos,complete enough,image/alt missing or weak,present; review for search intent,current-law or procedure-sensitive topic,lawyer review required,no configured redirect conflict,template CTA present,metadata present,needs manual link enhancement,keep hidden pending lawyer/current-law review,no public change unless selected
-40,Tier C - lawyer/current-law review,https://chamanlawfirm.com/the-central-bank-of-nigeria-in-debt-recovery,the-central-bank-of-nigeria-in-debt-recovery,The Central Bank Of Nigeria In Debt Recovery,complete enough,image/alt missing or weak,present; review for search intent,low automated risk,low automated risk,no configured redirect conflict,template CTA present,metadata present,internal/external links present in body marks,keep hidden pending lawyer/current-law review,no public change unless selected
-40,Tier C - lawyer/current-law review,https://chamanlawfirm.com/ways-nigerian-lawprotectstherightsofchildren,ways-nigerian-lawprotectstherightsofchildren,Ways Nigerian Lawprotectstherightsofchildren,complete enough,image/alt missing or weak,present; review for search intent,family-status topic requires lawyer review,low automated risk,no configured redirect conflict,template CTA present,metadata present,internal/external links present in body marks,keep hidden pending lawyer/current-law review,no public change unless selected
-40,Tier C - lawyer/current-law review,https://chamanlawfirm.com/the-custody-of-a-child-under-nigerian-law,the-custody-of-a-child-under-nigerian-law,The Custody Of A Child Under Nigerian Law,complete enough,image/alt missing or weak,present; review for search intent,family-status topic requires lawyer review,low automated risk,no configured redirect conflict,template CTA present,metadata present,internal/external links present in body marks,keep hidden pending lawyer/current-law review,no public change unless selected
-40,Tier C - lawyer/current-law review,https://chamanlawfirm.com/what-are-the-best-mechanism-in-recovery-of-debt,what-are-the-best-mechanism-in-recovery-of-debt,What Are The Best Mechanism In Recovery Of Debt,complete enough,image/alt missing or weak,present; review for search intent,current-law or procedure-sensitive topic; unsupported outcome claim,lawyer review required,no configured redirect conflict,template CTA present,metadata present,internal/external links present in body marks,keep hidden pending lawyer/current-law review,no public change unless selected
-40,Tier C - lawyer/current-law review,https://chamanlawfirm.com/what-is-the-relationship-between-mining-activities-and-the-land-use-act,what-is-the-relationship-between-mining-activities-and-the-land-use-act,What Is The Relationship Between Mining Activities And The Land Use Act,complete enough,image/alt missing or weak,present; review for search intent,low automated risk,low automated risk,no configured redirect conflict,template CTA present,metadata present,internal/external links present in body marks,keep hidden pending lawyer/current-law review,no public change unless selected
-40,Tier C - lawyer/current-law review,https://chamanlawfirm.com/how-to-handle-land-encroachment-in-lagos,how-to-handle-land-encroachment-in-lagos,How To Handle Land Encroachment In Lagos,complete enough,image/alt missing or weak,present; review for search intent,current-law or procedure-sensitive topic,lawyer review required,no configured redirect conflict,template CTA present,metadata present,needs manual link enhancement,keep hidden pending lawyer/current-law review,no public change unless selected
-40,Tier C - lawyer/current-law review,https://chamanlawfirm.com/land-encumbrances-and-burdens-be-addressed,land-encumbrances-and-burdens-be-addressed,Land Encumbrances And Burdens Be Addressed,complete enough,image/alt missing or weak,present; review for search intent,low automated risk,low automated risk,no configured redirect conflict,template CTA present,metadata present,internal/external links present in body marks,keep hidden pending lawyer/current-law review,no public change unless selected
-40,Tier C - lawyer/current-law review,https://chamanlawfirm.com/tax-clearance-in-lagos-for-property-sales,tax-clearance-in-lagos-for-property-sales,Tax Clearance In Lagos For Property Sales,complete enough,image/alt missing or weak,present; review for search intent,off-brand/property-sales wording; current-law or procedure-sensitive topic,lawyer review required,no configured redirect conflict,template CTA present,metadata present,internal/external links present in body marks,keep hidden pending lawyer/current-law review,no public change unless selected
-40,Tier C - lawyer/current-law review,https://chamanlawfirm.com/capital-gains-tax-a-step-by-step-guide,capital-gains-tax-a-step-by-step-guide,Capital Gains Tax A Step By Step Guide,complete enough,image/alt missing or weak,present; review for search intent,off-brand/property-sales wording; current-law or procedure-sensitive topic,lawyer review required,no configured redirect conflict,template CTA present,metadata present,needs manual link enhancement,keep hidden pending lawyer/current-law review,no public change unless selected
-40,Tier C - lawyer/current-law review,https://chamanlawfirm.com/property-recovery-reclaim-your-rental-space,property-recovery-reclaim-your-rental-space,Property Recovery Reclaim Your Rental Space,complete enough,image/alt missing or weak,present; review for search intent,possible unsafe self-help wording; current-law or procedure-sensitive topic,lawyer review required,no configured redirect conflict,template CTA present,metadata present,needs manual link enhancement,keep hidden pending lawyer/current-law review,no public change unless selected
-40,Tier C - lawyer/current-law review,https://chamanlawfirm.com/what-are-the-property-taxes-in-ogun-state,what-are-the-property-taxes-in-ogun-state,What Are The Property Taxes In Ogun State,complete enough,image/alt missing or weak,present; review for search intent,current-law or procedure-sensitive topic,lawyer review required,no configured redirect conflict,template CTA present,metadata present,internal/external links present in body marks,keep hidden pending lawyer/current-law review,no public change unless selected
-40,Tier C - lawyer/current-law review,https://chamanlawfirm.com/nigeria-visa-on-arrival-policy-eligibility,nigeria-visa-on-arrival-policy-eligibility,Nigeria Visa On Arrival Policy Eligibility,complete enough,image/alt missing or weak,present; review for search intent,current-law or procedure-sensitive topic,lawyer review required,no configured redirect conflict,template CTA present,metadata present,internal/external links present in body marks,keep hidden pending lawyer/current-law review,no public change unless selected
-40,Tier C - lawyer/current-law review,https://chamanlawfirm.com/fast-track-your-probate-process-in-nigeria,fast-track-your-probate-process-in-nigeria,Fast Track Your Probate Process In Nigeria,complete enough,image/alt missing or weak,present; review for search intent,current-law or procedure-sensitive topic,lawyer review required,no configured redirect conflict,template CTA present,metadata present,needs manual link enhancement,keep hidden pending lawyer/current-law review,no public change unless selected
-40,Tier C - lawyer/current-law review,https://chamanlawfirm.com/why-do-i-need-a-family-lawyer-in-nigeria,why-do-i-need-a-family-lawyer-in-nigeria,Why Do I Need A Family Lawyer In Nigeria,complete enough,image/alt missing or weak,present; review for search intent,current-law or procedure-sensitive topic; family-status topic requires lawyer review; dispute-resolution wording requires lawyer review,lawyer review required,no configured redirect conflict,template CTA present,metadata present,internal/external links present in body marks,keep hidden pending lawyer/current-law review,no public change unless selected
-40,Tier C - lawyer/current-law review,https://chamanlawfirm.com/consumer-contracts-and-guarantee,consumer-contracts-and-guarantee,Consumer Contracts And Guarantee,complete enough,image/alt missing or weak,present; review for search intent,unsupported outcome claim,low automated risk,no configured redirect conflict,template CTA present,metadata present,internal/external links present in body marks,keep hidden pending lawyer/current-law review,no public change unless selected
-40,Tier C - lawyer/current-law review,https://chamanlawfirm.com/letter-of-administration-vs-grant-of-probate,letter-of-administration-vs-grant-of-probate,Letter Of Administration Vs Grant Of Probate,complete enough,image/alt missing or weak,present; review for search intent,low automated risk,low automated risk,no configured redirect conflict,template CTA present,metadata present,internal/external links present in body marks,keep hidden pending lawyer/current-law review,no public change unless selected
-40,Tier C - lawyer/current-law review,https://chamanlawfirm.com/effective-legal-framework-for-loan-recovery,effective-legal-framework-for-loan-recovery,Effective Legal Framework For Loan Recovery,complete enough,image/alt missing or weak,present; review for search intent,low automated risk,low automated risk,no configured redirect conflict,template CTA present,metadata present,internal/external links present in body marks,keep hidden pending lawyer/current-law review,no public change unless selected
-40,Tier C - lawyer/current-law review,https://chamanlawfirm.com/child-education-and-religious-upbringing,child-education-and-religious-upbringing,Child Education And Religious Upbringing,complete enough,image/alt missing or weak,present; review for search intent,misleading free-service wording; family-status topic requires lawyer review; unsupported outcome claim,low automated risk,no configured redirect conflict,template CTA present,metadata present,internal/external links present in body marks,keep hidden pending lawyer/current-law review,no public change unless selected
-40,Tier C - lawyer/current-law review,https://chamanlawfirm.com/process-probate-in-ogun-state-chaman-law-firm,process-probate-in-ogun-state-chaman-law-firm,Process Probate In Ogun State Chaman Law Firm,complete enough,image/alt missing or weak,present; review for search intent,unsupported outcome claim,low automated risk,no configured redirect conflict,template CTA present,metadata present,needs manual link enhancement,keep hidden pending lawyer/current-law review,no public change unless selected
-40,Tier C - lawyer/current-law review,https://chamanlawfirm.com/how-long-does-a-title-search-take-in-nigeria,how-long-does-a-title-search-take-in-nigeria,How Long Does A Title Search Take In Nigeria,complete enough,image/alt missing or weak,present; review for search intent,low automated risk,low automated risk,no configured redirect conflict,template CTA present,metadata present,internal/external links present in body marks,keep hidden pending lawyer/current-law review,no public change unless selected
-40,Tier C - lawyer/current-law review,https://chamanlawfirm.com/how-do-i-process-probate-for-an-estate,how-do-i-process-probate-for-an-estate,How Do I Process Probate For An Estate,complete enough,image/alt missing or weak,present; review for search intent,unsupported outcome claim,low automated risk,no configured redirect conflict,template CTA present,metadata present,needs manual link enhancement,keep hidden pending lawyer/current-law review,no public change unless selected
-40,Tier C - lawyer/current-law review,https://chamanlawfirm.com/10-proven-insights-into-tenancy-law-in-lago,10-proven-insights-into-tenancy-law-in-lago,10 Proven Insights Into Tenancy Law In Lago,complete enough,image/alt missing or weak,present; review for search intent,current-law or procedure-sensitive topic,lawyer review required,no configured redirect conflict,template CTA present,metadata present,internal/external links present in body marks,keep hidden pending lawyer/current-law review,no public change unless selected
-40,Tier C - lawyer/current-law review,https://chamanlawfirm.com/termination-of-construction-contracts,termination-of-construction-contracts,Termination Of Construction Contracts,complete enough,image/alt missing or weak,present; review for search intent,low automated risk,low automated risk,no configured redirect conflict,template CTA present,metadata present,internal/external links present in body marks,keep hidden pending lawyer/current-law review,no public change unless selected
-40,Tier C - lawyer/current-law review,https://chamanlawfirm.com/steps-on-how-to-company-in-nigeria,steps-on-how-to-company-in-nigeria,Steps On How To Company In Nigeria,complete enough,image/alt missing or weak,present; review for search intent,low automated risk,low automated risk,no configured redirect conflict,template CTA present,metadata present,internal/external links present in body marks,keep hidden pending lawyer/current-law review,no public change unless selected
-40,Tier C - lawyer/current-law review,https://chamanlawfirm.com/foreigners-visa-challenges-in-nigeria,foreigners-visa-challenges-in-nigeria,Foreigners Visa Challenges In Nigeria,complete enough,image/alt missing or weak,present; review for search intent,current-law or procedure-sensitive topic,lawyer review required,no configured redirect conflict,template CTA present,metadata present,internal/external links present in body marks,keep hidden pending lawyer/current-law review,no public change unless selected
-40,Tier C - lawyer/current-law review,https://chamanlawfirm.com/invest-in-land-banking-or-developed-estates,invest-in-land-banking-or-developed-estates,Invest In Land Banking Or Developed Estates,complete enough,image/alt missing or weak,present; review for search intent,current-law or procedure-sensitive topic,lawyer review required,no configured redirect conflict,template CTA present,metadata present,internal/external links present in body marks,keep hidden pending lawyer/current-law review,no public change unless selected
-40,Tier C - lawyer/current-law review,https://chamanlawfirm.com/key-differences-explained-deeds-chaman-law-firm,key-differences-explained-deeds-chaman-law-firm,Key Differences Explained Deeds Chaman Law Firm,complete enough,image/alt missing or weak,present; review for search intent,current-law or procedure-sensitive topic,lawyer review required,no configured redirect conflict,template CTA present,metadata present,internal/external links present in body marks,keep hidden pending lawyer/current-law review,no public change unless selected
-40,Tier C - lawyer/current-law review,https://chamanlawfirm.com/powerful-step-buying-family-land-in-lagos,powerful-step-buying-family-land-in-lagos,Powerful Step Buying Family Land In Lagos,complete enough,image/alt missing or weak,present; review for search intent,current-law or procedure-sensitive topic; dispute-resolution wording requires lawyer review,lawyer review required,no configured redirect conflict,template CTA present,metadata present,needs manual link enhancement,keep hidden pending lawyer/current-law review,no public change unless selected
-40,Tier C - lawyer/current-law review,https://chamanlawfirm.com/the-role-of-real-estate-investment-trusts,the-role-of-real-estate-investment-trusts,The Role Of Real Estate Investment Trusts,complete enough,image/alt missing or weak,present; review for search intent,current-law or procedure-sensitive topic,lawyer review required,no configured redirect conflict,template CTA present,metadata present,internal/external links present in body marks,keep hidden pending lawyer/current-law review,no public change unless selected
-40,Tier C - lawyer/current-law review,https://chamanlawfirm.com/5-ways-to-avoid-property-scam-in-nigeria,5-ways-to-avoid-property-scam-in-nigeria,5 Ways To Avoid Property Scam In Nigeria,complete enough,image/alt missing or weak,present; review for search intent,low automated risk,low automated risk,no configured redirect conflict,template CTA present,metadata present,internal/external links present in body marks,keep hidden pending lawyer/current-law review,no public change unless selected
-40,Tier C - lawyer/current-law review,https://chamanlawfirm.com/environmental-law-and-corporate,environmental-law-and-corporate,Environmental Law And Corporate,complete enough,image/alt missing or weak,present; review for search intent,current-law or procedure-sensitive topic,lawyer review required,no configured redirect conflict,template CTA present,metadata present,internal/external links present in body marks,keep hidden pending lawyer/current-law review,no public change unless selected
-40,Tier C - lawyer/current-law review,https://chamanlawfirm.com/corporate-governance-failures-on-debt,corporate-governance-failures-on-debt,Corporate Governance Failures On Debt,complete enough,image/alt missing or weak,present; review for search intent,current-law or procedure-sensitive topic; unsupported outcome claim,lawyer review required,no configured redirect conflict,template CTA present,metadata present,internal/external links present in body marks,keep hidden pending lawyer/current-law review,no public change unless selected
-40,Tier C - lawyer/current-law review,https://chamanlawfirm.com/available-remedies-in-civil-litigation,available-remedies-in-civil-litigation,Available Remedies In Civil Litigation,complete enough,image/alt missing or weak,present; review for search intent,low automated risk,low automated risk,no configured redirect conflict,template CTA present,metadata present,internal/external links present in body marks,keep hidden pending lawyer/current-law review,no public change unless selected
-40,Tier C - lawyer/current-law review,https://chamanlawfirm.com/matrimonial-reliefs-in-nigeria,matrimonial-reliefs-in-nigeria,Matrimonial Reliefs In Nigeria,complete enough,image/alt missing or weak,present; review for search intent,family-status topic requires lawyer review,low automated risk,no configured redirect conflict,template CTA present,metadata present,internal/external links present in body marks,keep hidden pending lawyer/current-law review,no public change unless selected
-40,Tier C - lawyer/current-law review,https://chamanlawfirm.com/obtaining-land-titles-in-rural-areas,obtaining-land-titles-in-rural-areas,Obtaining Land Titles In Rural Areas,complete enough,image/alt missing or weak,present; review for search intent,current-law or procedure-sensitive topic; dispute-resolution wording requires lawyer review,lawyer review required,no configured redirect conflict,template CTA present,metadata present,internal/external links present in body marks,keep hidden pending lawyer/current-law review,no public change unless selected
-40,Tier C - lawyer/current-law review,https://chamanlawfirm.com/obtaining-letters-of-administration-in-ogun,obtaining-letters-of-administration-in-ogun,Obtaining Letters Of Administration In Ogun,complete enough,image/alt missing or weak,present; review for search intent,low automated risk,low automated risk,no configured redirect conflict,template CTA present,metadata present,internal/external links present in body marks,keep hidden pending lawyer/current-law review,no public change unless selected
-40,Tier C - lawyer/current-law review,https://chamanlawfirm.com/what-are-the-implications-of-land-use-conversion-on-land-ownership-in-nigeria,what-are-the-implications-of-land-use-conversion-on-land-ownership-in-nigeria,What Are The Implications Of Land Use Conversion On Land Ownership In Nigeria,complete enough,image/alt missing or weak,present; review for search intent,low automated risk,low automated risk,no configured redirect conflict,template CTA present,metadata present,internal/external links present in body marks,keep hidden pending lawyer/current-law review,no public change unless selected
-40,Tier C - lawyer/current-law review,https://chamanlawfirm.com/newblogpost-ztnezvare-non-resident-companies-liable-to-tax-in-nigeria,newblogpost-ztnezvare-non-resident-companies-liable-to-tax-in-nigeria,Newblogpost Ztnezvare Non Resident Companies Liable To Tax In Nigeria,complete enough,image/alt missing or weak,present; review for search intent,current-law or procedure-sensitive topic,lawyer review required,no configured redirect conflict,template CTA present,metadata present,internal/external links present in body marks,keep hidden pending lawyer/current-law review,no public change unless selected
-40,Tier C - lawyer/current-law review,https://chamanlawfirm.com/a-will-made-abroad-cover-property-in-ogun,a-will-made-abroad-cover-property-in-ogun,A Will Made Abroad Cover Property In Ogun,complete enough,image/alt missing or weak,present; review for search intent,current-law or procedure-sensitive topic,lawyer review required,no configured redirect conflict,template CTA present,metadata present,internal/external links present in body marks,keep hidden pending lawyer/current-law review,no public change unless selected
-40,Tier C - lawyer/current-law review,https://chamanlawfirm.com/why-is-lekki-the-best-location-for-luxury,why-is-lekki-the-best-location-for-luxury,Why Is Lekki The Best Location For Luxury,complete enough,image/alt missing or weak,present; review for search intent,off-brand/property-sales wording; current-law or procedure-sensitive topic; dispute-resolution wording requires lawyer review; unsupported outcome claim,lawyer review required,no configured redirect conflict,template CTA present,metadata present,internal/external links present in body marks,keep hidden pending lawyer/current-law review,no public change unless selected
-40,Tier C - lawyer/current-law review,https://chamanlawfirm.com/how-to-licence-a-trademark-in-nigeria,how-to-licence-a-trademark-in-nigeria,How To Licence A Trademark In Nigeria,complete enough,image/alt missing or weak,present; review for search intent,current-law or procedure-sensitive topic,lawyer review required,no configured redirect conflict,template CTA present,metadata present,internal/external links present in body marks,keep hidden pending lawyer/current-law review,no public change unless selected
-40,Tier C - lawyer/current-law review,https://chamanlawfirm.com/top-10-questions-about-probate-in-nigeria,top-10-questions-about-probate-in-nigeria,Top 10 Questions About Probate In Nigeria,complete enough,image/alt missing or weak,present; review for search intent,low automated risk,low automated risk,no configured redirect conflict,template CTA present,metadata present,internal/external links present in body marks,keep hidden pending lawyer/current-law review,no public change unless selected
-40,Tier C - lawyer/current-law review,https://chamanlawfirm.com/setting-up-a-fintech-company-in-nigeria,setting-up-a-fintech-company-in-nigeria,Setting Up A Fintech Company In Nigeria,complete enough,image/alt missing or weak,present; review for search intent,low automated risk,low automated risk,no configured redirect conflict,template CTA present,metadata present,internal/external links present in body marks,keep hidden pending lawyer/current-law review,no public change unless selected
-40,Tier C - lawyer/current-law review,https://chamanlawfirm.com/land-use-act-in-nigeria,land-use-act-in-nigeria,Land Use Act In Nigeria,complete enough,image/alt missing or weak,present; review for search intent,current-law or procedure-sensitive topic,lawyer review required,no configured redirect conflict,template CTA present,metadata present,internal/external links present in body marks,keep hidden pending lawyer/current-law review,no public change unless selected
-40,Tier C - lawyer/current-law review,https://chamanlawfirm.com/powerful-ways-on-property-ownership-in-nigeria,powerful-ways-on-property-ownership-in-nigeria,Powerful Ways On Property Ownership In Nigeria,complete enough,image/alt missing or weak,present; review for search intent,low automated risk,low automated risk,no configured redirect conflict,template CTA present,metadata present,internal/external links present in body marks,keep hidden pending lawyer/current-law review,no public change unless selected
-40,Tier C - lawyer/current-law review,https://chamanlawfirm.com/how-to-start-a-private-lending-company,how-to-start-a-private-lending-company,How To Start A Private Lending Company,complete enough,image/alt missing or weak,present; review for search intent,low automated risk,low automated risk,no configured redirect conflict,template CTA present,metadata present,internal/external links present in body marks,keep hidden pending lawyer/current-law review,no public change unless selected
-40,Tier C - lawyer/current-law review,https://chamanlawfirm.com/land-valuation-under-the-land-use-act,land-valuation-under-the-land-use-act,Land Valuation Under The Land Use Act,complete enough,image/alt missing or weak,present; review for search intent,current-law or procedure-sensitive topic,lawyer review required,no configured redirect conflict,template CTA present,metadata present,internal/external links present in body marks,keep hidden pending lawyer/current-law review,no public change unless selected
-40,Tier C - lawyer/current-law review,https://chamanlawfirm.com/acquire-land-for-real-estate-development,acquire-land-for-real-estate-development,Acquire Land For Real Estate Development,complete enough,image/alt missing or weak,present; review for search intent,current-law or procedure-sensitive topic; unsupported outcome claim,lawyer review required,no configured redirect conflict,template CTA present,metadata present,internal/external links present in body marks,keep hidden pending lawyer/current-law review,no public change unless selected
-40,Tier C - lawyer/current-law review,https://chamanlawfirm.com/child-custody-and-visitations-emergencies,child-custody-and-visitations-emergencies,Child Custody And Visitations Emergencies,complete enough,image/alt missing or weak,present; review for search intent,possible unsafe self-help wording; family-status topic requires lawyer review,low automated risk,no configured redirect conflict,template CTA present,metadata present,internal/external links present in body marks,keep hidden pending lawyer/current-law review,no public change unless selected
-40,Tier C - lawyer/current-law review,https://chamanlawfirm.com/strategies-for-preventing-corporate-collapse,strategies-for-preventing-corporate-collapse,Strategies For Preventing Corporate Collapse,complete enough,image/alt missing or weak,present; review for search intent,unsupported outcome claim,low automated risk,no configured redirect conflict,template CTA present,metadata present,internal/external links present in body marks,keep hidden pending lawyer/current-law review,no public change unless selected
-40,Tier C - lawyer/current-law review,https://chamanlawfirm.com/protect-your-properties-from-family-disputes,protect-your-properties-from-family-disputes,Protect Your Properties From Family Disputes,complete enough,image/alt missing or weak,present; review for search intent,low automated risk,low automated risk,no configured redirect conflict,template CTA present,metadata present,internal/external links present in body marks,keep hidden pending lawyer/current-law review,no public change unless selected
-40,Tier C - lawyer/current-law review,https://chamanlawfirm.com/notary-services-chaman-law-firm,notary-services-chaman-law-firm,Notary Services,complete enough,image/alt missing or weak,present; review for search intent,misleading free-service wording,low automated risk,redirect conflict: /practice-areas/notary-public-services,template CTA present,metadata present,internal/external links present in body marks,keep hidden pending lawyer/current-law review,no public change unless selected
-40,Tier C - lawyer/current-law review,https://chamanlawfirm.com/how-does-the-land-use-act-affect-forest-reserves,how-does-the-land-use-act-affect-forest-reserves,How Does The Land Use Act Affect Forest Reserves,complete enough,image/alt missing or weak,present; review for search intent,low automated risk,low automated risk,no configured redirect conflict,template CTA present,metadata present,internal/external links present in body marks,keep hidden pending lawyer/current-law review,no public change unless selected
-40,Tier C - lawyer/current-law review,https://chamanlawfirm.com/land-grabbing-the-legal-consequences-of,land-grabbing-the-legal-consequences-of,Severe Repercussions of Land Grabbing in Nigeria: What Property Owners Must Know,complete enough,image/alt missing or weak,present; review for search intent,low automated risk,low automated risk,redirect conflict: /practice-areas/property-real-estate-law,template CTA present,metadata present,internal/external links present in body marks,keep hidden pending lawyer/current-law review,no public change unless selected
-40,Tier C - lawyer/current-law review,https://chamanlawfirm.com/how-to-track-a-stolen-phone-in-nigeria,how-to-track-a-stolen-phone-in-nigeria,How To Track A Stolen Phone In Nigeria,complete enough,image/alt missing or weak,present; review for search intent,current-law or procedure-sensitive topic; unsupported outcome claim,lawyer review required,no configured redirect conflict,template CTA present,metadata present,internal/external links present in body marks,keep hidden pending lawyer/current-law review,no public change unless selected
-40,Tier C - lawyer/current-law review,https://chamanlawfirm.com/how-to-change-car-ownership-in-nigeria,how-to-change-car-ownership-in-nigeria,How To Change Car Ownership In Nigeria,complete enough,image/alt missing or weak,present; review for search intent,current-law or procedure-sensitive topic,lawyer review required,no configured redirect conflict,template CTA present,metadata present,internal/external links present in body marks,keep hidden pending lawyer/current-law review,no public change unless selected
-40,Tier C - lawyer/current-law review,https://chamanlawfirm.com/apply-for-drivers-licence-in-nigeria,apply-for-drivers-licence-in-nigeria,Guide: How To Apply For A Driver'S Licence In Nigeria Without Stress,complete enough,image/alt missing or weak,present; review for search intent,current-law or procedure-sensitive topic,lawyer review required,no configured redirect conflict,template CTA present,metadata present,internal/external links present in body marks,keep hidden pending lawyer/current-law review,no public change unless selected
-40,Tier C - lawyer/current-law review,https://chamanlawfirm.com/duties-of-correctional-institutions-in-nigeria,duties-of-correctional-institutions-in-nigeria,What Are the Duties of Correctional Institutions In Nigeria?,complete enough,image/alt missing or weak,present; review for search intent,current-law or procedure-sensitive topic,lawyer review required,no configured redirect conflict,template CTA present,metadata present,internal/external links present in body marks,keep hidden pending lawyer/current-law review,no public change unless selected
-40,Tier C - lawyer/current-law review,https://chamanlawfirm.com/the-role-of-technology-in-nigerian-education,the-role-of-technology-in-nigerian-education,Learning: the Impact of Technology On Nigerian Education,complete enough,image/alt missing or weak,present; review for search intent,low automated risk,low automated risk,no configured redirect conflict,template CTA present,metadata present,internal/external links present in body marks,keep hidden pending lawyer/current-law review,no public change unless selected
-40,Tier C - lawyer/current-law review,https://chamanlawfirm.com/nigeria-prohibited-items-list,nigeria-prohibited-items-list,Truths Behind Nigeria'S Prohibited Items List; What You Must Know!,complete enough,image/alt missing or weak,present; review for search intent,current-law or procedure-sensitive topic,lawyer review required,no configured redirect conflict,template CTA present,metadata present,internal/external links present in body marks,keep hidden pending lawyer/current-law review,no public change unless selected
-40,Tier C - lawyer/current-law review,https://chamanlawfirm.com/analysis-of-the-nigerian-legal-system,analysis-of-the-nigerian-legal-system,Unmasking the Flaws and Triumphs of the Nigerian Legal System: A Power Analysis,complete enough,image/alt missing or weak,present; review for search intent,possible unsafe self-help wording; current-law or procedure-sensitive topic; unsupported outcome claim,lawyer review required,no configured redirect conflict,template CTA present,metadata present,internal/external links present in body marks,keep hidden pending lawyer/current-law review,no public change unless selected
-40,Tier C - lawyer/current-law review,https://chamanlawfirm.com/the-concept-of-restitution-of-conjugal-rights,the-concept-of-restitution-of-conjugal-rights,The Concept of Restitution of Conjugal Rights,complete enough,image/alt missing or weak,present; review for search intent,low automated risk,low automated risk,no configured redirect conflict,template CTA present,metadata present,internal/external links present in body marks,keep hidden pending lawyer/current-law review,no public change unless selected
-40,Tier C - lawyer/current-law review,https://chamanlawfirm.com/enforcing-fundamental-human-right,enforcing-fundamental-human-right,Fundamental Human Right; What Are the Procedures For Enforcing Fundamental Human Right?,complete enough,image/alt missing or weak,present; review for search intent,current-law or procedure-sensitive topic,lawyer review required,redirect conflict: /practice-areas/litigation-dispute-resolution/fundamental-rights-enforcement,template CTA present,metadata present,internal/external links present in body marks,keep hidden pending lawyer/current-law review,no public change unless selected
-40,Tier C - lawyer/current-law review,https://chamanlawfirm.com/powerful-steps-who-is-mercantile-agent,powerful-steps-who-is-mercantile-agent,Who Is Mercantile Agent,complete enough,image/alt missing or weak,present; review for search intent,off-brand/property-sales wording; unsupported outcome claim,low automated risk,no configured redirect conflict,template CTA present,metadata present,internal/external links present in body marks,keep hidden pending lawyer/current-law review,no public change unless selected
-40,Tier C - lawyer/current-law review,https://chamanlawfirm.com/how-to-obtain-standard-organisat-certificate,how-to-obtain-standard-organisat-certificate,How To Obtain Standard Organization Of Nigeria Product Certificate: 4 Powerful Steps For Positive Product Certification,complete enough,image/alt missing or weak,present; review for search intent,low automated risk,low automated risk,no configured redirect conflict,template CTA present,metadata present,internal/external links present in body marks,keep hidden pending lawyer/current-law review,no public change unless selected
-40,Tier C - lawyer/current-law review,https://chamanlawfirm.com/employers-vicarious-liability,employers-vicarious-liability,Critical Insight: Understanding Employer’S Vicarious Liability In Nigeria,complete enough,image/alt missing or weak,present; review for search intent,current-law or procedure-sensitive topic,lawyer review required,no configured redirect conflict,template CTA present,metadata present,internal/external links present in body marks,keep hidden pending lawyer/current-law review,no public change unless selected
-40,Tier C - lawyer/current-law review,https://chamanlawfirm.com/powerful-steps-nimasacertificate,powerful-steps-nimasacertificate,The Necessary Documents To Submit To Obtain The Nigeria Maritime Administration And Safety Agency (NIMASA)Certificate,complete enough,image/alt missing or weak,present; review for search intent,current-law or procedure-sensitive topic,lawyer review required,no configured redirect conflict,template CTA present,metadata present,needs manual link enhancement,keep hidden pending lawyer/current-law review,no public change unless selected
-40,Tier C - lawyer/current-law review,https://chamanlawfirm.com/international-law-in-conflict-resolution,international-law-in-conflict-resolution,Powerful Impact Of International Law In Resolving Global Conflicts,complete enough,image/alt missing or weak,present; review for search intent,current-law or procedure-sensitive topic,lawyer review required,no configured redirect conflict,template CTA present,metadata present,internal/external links present in body marks,keep hidden pending lawyer/current-law review,no public change unless selected
-40,Tier C - lawyer/current-law review,https://chamanlawfirm.com/can-a-member-be-expelled-from-a-trade-union,can-a-member-be-expelled-from-a-trade-union,5 Powerful Reasons A Member Can Be Expelled From A Trade Union,complete enough,image/alt missing or weak,present; review for search intent,unsupported outcome claim,low automated risk,redirect conflict: /practice-areas/employment-law/trade-union-membership-disputes,template CTA present,metadata present,internal/external links present in body marks,keep hidden pending lawyer/current-law review,no public change unless selected
-40,Tier C - lawyer/current-law review,https://chamanlawfirm.com/digital-evidence-admissibility-in-nigeria,digital-evidence-admissibility-in-nigeria,Powerful Insight: Challenges And Solutions In Digital Evidence Admissibility In Nigeria,complete enough,image/alt missing or weak,present; review for search intent,current-law or procedure-sensitive topic; unsupported outcome claim,lawyer review required,redirect conflict: /practice-areas/litigation-dispute-resolution/digital-evidence,template CTA present,metadata present,internal/external links present in body marks,keep hidden pending lawyer/current-law review,no public change unless selected
-40,Tier C - lawyer/current-law review,https://chamanlawfirm.com/5-lis-pendens-understanding-the-doctrine,5-lis-pendens-understanding-the-doctrine,5 Critical Insights Into The Doctrine Of Lis Pendens In Real Estate Transactions; Legal Implications And Protection,complete enough,image/alt missing or weak,present; review for search intent,off-brand/property-sales wording,low automated risk,no configured redirect conflict,template CTA present,metadata present,internal/external links present in body marks,keep hidden pending lawyer/current-law review,no public change unless selected
-40,Tier C - lawyer/current-law review,https://chamanlawfirm.com/cost-of-building-approval-chaman-law-firm,cost-of-building-approval-chaman-law-firm,What is the Cost of Building Approval in Ogun State?,complete enough,image/alt missing or weak,present; review for search intent,current-law or procedure-sensitive topic,lawyer review required,redirect conflict: /practice-areas/property-real-estate-law,template CTA present,metadata present,internal/external links present in body marks,keep hidden pending lawyer/current-law review,no public change unless selected
-40,Tier C - lawyer/current-law review,https://chamanlawfirm.com/obtaining-a-certificate-of-occupancy-c-of-o,obtaining-a-certificate-of-occupancy-c-of-o,REQUIREMENTS FOR OBTAINING A CERTIFICATE OF OCCUPANCY (CofO) IN NIGERIA (LAGOS AND OGUN STATE),complete enough,image/alt missing or weak,present; review for search intent,current-law or procedure-sensitive topic,lawyer review required,redirect conflict: /resources/blog/how-do-i-obtain-a-certificate-of-occupancy,template CTA present,metadata present,internal/external links present in body marks,keep hidden pending lawyer/current-law review,no public change unless selected
-80,Tier D - already public / monitor,https://chamanlawfirm.com/how-do-i-obtain-a-certificate-of-occupancy,how-do-i-obtain-a-certificate-of-occupancy,How do I obtain a Certificate of Occupancy (C of O) in Ogun State?,complete enough,image/alt missing or weak,present; review for search intent,current-law or procedure-sensitive topic,lawyer review required,redirect conflict: /practice-areas/property-real-estate-law,template CTA present,metadata present,internal/external links present in body marks,no public change,no public change unless selected
-80,Tier D - already public / monitor,https://chamanlawfirm.com/the-role-of-family-court-in-relation-to-child-protect-in-nigeria,the-role-of-family-court-in-relation-to-child-protect-in-nigeria,THE ROLE OF FAMILY COURT IN RELATION TO CHILD PROTECTION IN NIGERIA,complete enough,image/alt missing or weak,present; review for search intent,current-law or procedure-sensitive topic; family-status topic requires lawyer review,lawyer review required,no configured redirect conflict,template CTA present,metadata present,internal/external links present in body marks,no public change,no public change unless selected
-80,Tier D - already public / monitor,https://chamanlawfirm.com/how-to-calculate-stamp-duty-chaman-law-firm,how-to-calculate-stamp-duty-chaman-law-firm,How to calculate stamp duty for property transactions in Ogun?,complete enough,image/alt missing or weak,present; review for search intent,off-brand/property-sales wording; current-law or procedure-sensitive topic,lawyer review required,no configured redirect conflict,template CTA present,metadata present,internal/external links present in body marks,no public change,no public change unless selected
-80,Tier D - already public / monitor,https://chamanlawfirm.com/proven-steps-the-canons-of-interpretation,proven-steps-the-canons-of-interpretation,What Are the Canons of Interpretation,complete enough,image/alt missing or weak,present; review for search intent,current-law or procedure-sensitive topic; family-status topic requires lawyer review,lawyer review required,no configured redirect conflict,template CTA present,metadata present,internal/external links present in body marks,no public change,no public change unless selected
-80,Tier D - already public / monitor,https://chamanlawfirm.com/legal-obligations-for-debt-collectors,legal-obligations-for-debt-collectors,LEGAL OBLIGATIONS FOR DEBT COLLECTORS IN NIGERIA,complete enough,image/alt missing or weak,present; review for search intent,current-law or procedure-sensitive topic,lawyer review required,no configured redirect conflict,template CTA present,metadata present,internal/external links present in body marks,no public change,no public change unless selected
-80,Tier D - already public / monitor,https://chamanlawfirm.com/what-is-the-process-of-land-acquisition,what-is-the-process-of-land-acquisition,What is the Process of Land Acquisition in Nigeria?,complete enough,image/alt missing or weak,present; review for search intent,current-law or procedure-sensitive topic; dispute-resolution wording requires lawyer review,lawyer review required,no configured redirect conflict,template CTA present,metadata present,internal/external links present in body marks,no public change,no public change unless selected
-80,Tier D - already public / monitor,https://chamanlawfirm.com/what-to-know-about-company-resolution,what-to-know-about-company-resolution,What to Know About Company Resolution,complete enough,image/alt missing or weak,present; review for search intent,unsupported outcome claim,low automated risk,no configured redirect conflict,template CTA present,metadata present,internal/external links present in body marks,no public change,no public change unless selected
-80,Tier D - already public / monitor,https://chamanlawfirm.com/types-of-land-registration-in-nigeria,types-of-land-registration-in-nigeria,Types of Land Registration in Nigeria,complete enough,image/alt missing or weak,present; review for search intent,current-law or procedure-sensitive topic; dispute-resolution wording requires lawyer review; unsupported outcome claim,lawyer review required,no configured redirect conflict,template CTA present,metadata present,internal/external links present in body marks,no public change,no public change unless selected
-80,Tier D - already public / monitor,https://chamanlawfirm.com/what-are-rights-of-women-to-inheritance-in-nigeria,what-are-rights-of-women-to-inheritance-in-nigeria,WHAT ARE RIGHTS OF WOMEN TO INHERITANCE IN NIGERIA,complete enough,image/alt missing or weak,present; review for search intent,low automated risk,low automated risk,no configured redirect conflict,template CTA present,metadata present,internal/external links present in body marks,no public change,no public change unless selected
-80,Tier D - already public / monitor,https://chamanlawfirm.com/communal-land-and-family-land,communal-land-and-family-land,WHAT ARE THE DIFFERENCES BETWEEN COMMUNAL LAND AND FAMILY LAND,complete enough,image/alt missing or weak,present; review for search intent,low automated risk,low automated risk,no configured redirect conflict,template CTA present,metadata present,internal/external links present in body marks,no public change,no public change unless selected
-80,Tier D - already public / monitor,https://chamanlawfirm.com/family-property-and-right-of-individual-member-in-family-property,family-property-and-right-of-individual-member-in-family-property,FAMILY PROPERTY AND THE RIGHTS OF INDIVIDUAL MEMBER,complete enough,image/alt missing or weak,present; review for search intent,low automated risk,low automated risk,no configured redirect conflict,template CTA present,metadata present,internal/external links present in body marks,no public change,no public change unless selected
-80,Tier D - already public / monitor,https://chamanlawfirm.com/how-to-legally-sublet-a-property-in-nigeria,how-to-legally-sublet-a-property-in-nigeria,How to Legally Sublet a Property in Nigeria: 7 Step-by-Step Guide,complete enough,image/alt missing or weak,present; review for search intent,current-law or procedure-sensitive topic,lawyer review required,no configured redirect conflict,template CTA present,metadata present,internal/external links present in body marks,no public change,no public change unless selected
-80,Tier D - already public / monitor,https://chamanlawfirm.com/dissolution-of-marriage-under-the-nigeria-law,dissolution-of-marriage-under-the-nigeria-law,Ground for Dissolution of Marriage Under the Nigeria Law,complete enough,image/alt missing or weak,present; review for search intent,current-law or procedure-sensitive topic; family-status topic requires lawyer review,lawyer review required,no configured redirect conflict,template CTA present,metadata present,internal/external links present in body marks,no public change,no public change unless selected
-80,Tier D - already public / monitor,https://chamanlawfirm.com/statute-of-limitations-on-debt-in-nigeria,statute-of-limitations-on-debt-in-nigeria,Empowering Insights: Understanding the Statute of Limitations on Debt in Nigeria: Unlock Success,complete enough,image/alt missing or weak,present; review for search intent,current-law or procedure-sensitive topic,lawyer review required,no configured redirect conflict,template CTA present,metadata present,internal/external links present in body marks,no public change,no public change unless selected
-80,Tier D - already public / monitor,https://chamanlawfirm.com/how-to-notarize-a-document-in-nigeria,how-to-notarize-a-document-in-nigeria,Effortless Success: How to Notarize a Document in Nigeria Without Legal Hassles,complete enough,image/alt missing or weak,present; review for search intent,current-law or procedure-sensitive topic,lawyer review required,no configured redirect conflict,template CTA present,metadata present,internal/external links present in body marks,no public change,no public change unless selected
-80,Tier D - already public / monitor,https://chamanlawfirm.com/ways-to-prove-ownership-of-land,ways-to-prove-ownership-of-land,What are Five Ways to Prove Ownership of Land,complete enough,image/alt missing or weak,present; review for search intent,current-law or procedure-sensitive topic; dispute-resolution wording requires lawyer review,lawyer review required,no configured redirect conflict,template CTA present,metadata present,internal/external links present in body marks,no public change,no public change unless selected
-80,Tier D - already public / monitor,https://chamanlawfirm.com/how-to-change-name-with-deed-poll,how-to-change-name-with-deed-poll,Effortless Name Change: How to Change Name with Deed Poll Successfully,complete enough,image/alt missing or weak,present; review for search intent,current-law or procedure-sensitive topic,lawyer review required,no configured redirect conflict,template CTA present,metadata present,internal/external links present in body marks,no public change,no public change unless selected
-80,Tier D - already public / monitor,https://chamanlawfirm.com/types-of-tenant-in-nigeria,types-of-tenant-in-nigeria,TYPES OF TENANT IN NIGERIA,complete enough,image/alt missing or weak,present; review for search intent,current-law or procedure-sensitive topic,lawyer review required,no configured redirect conflict,template CTA present,metadata present,internal/external links present in body marks,no public change,no public change unless selected
-80,Tier D - already public / monitor,https://chamanlawfirm.com/cac-public-search-guide-nigeria,cac-public-search-guide-nigeria,How to Use CAC Public Search for Your Business Registration,complete enough,image/alt missing or weak,present; review for search intent,current-law or procedure-sensitive topic; unsupported outcome claim,lawyer review required,no configured redirect conflict,template CTA present,metadata present,internal/external links present in body marks,no public change,no public change unless selected
