old URL,old title,slug,source type,content type,body recovered yes/no,body quality,image recovered yes/no,metadata recovered yes/no,draft/source record created yes/no,public-safe non-dotted record needed yes/no,hidden/source repair applied yes/no,legal risk,current-law risk,duplicate/cannibalization risk,recommended next action,priority score,notes
https://chamanlawfirm.com/7-steps-on-how-to-use-small-claims-court,7 Steps On How To Use Small Claims Court,7-steps-on-how-to-use-small-claims-court,Sanity dotted hidden/source record,blog,yes,complete,no,yes,existing hidden/source record retained,yes before publication,dry-run only,low automated risk,low automated risk,no configured redirect conflict detected,keep hidden for cleanup/lawyer review,100,Bulk track records recovered source availability first; publication remains gated.
https://chamanlawfirm.com/legal-requirementsfor-registering-a-property,Legal Requirementsfor Registering A Property,legal-requirementsfor-registering-a-property,Sanity dotted hidden/source record,blog,yes,complete,no,yes,existing hidden/source record retained,yes before publication,dry-run only,current-law or procedure-sensitive topic; dispute-resolution wording requires lawyer review; unsupported outcome claim,lawyer review required,no configured redirect conflict detected,keep hidden for cleanup/lawyer review,99,Bulk track records recovered source availability first; publication remains gated.
https://chamanlawfirm.com/cyber-crime-awareness-campaigns-10-powerful,Cyber Crime Awareness Campaigns 10 Powerful,cyber-crime-awareness-campaigns-10-powerful,Sanity dotted hidden/source record,blog,yes,complete,no,yes,existing hidden/source record retained,yes before publication,dry-run only,current-law or procedure-sensitive topic,lawyer review required,no configured redirect conflict detected,keep hidden for cleanup/lawyer review,98,Bulk track records recovered source availability first; publication remains gated.
https://chamanlawfirm.com/inheritance-rights-under-ogun-customary-law,Inheritance Rights Under Ogun Customary Law,inheritance-rights-under-ogun-customary-law,Sanity dotted hidden/source record,blog,yes,thin/needs cleanup,no,yes,existing hidden/source record retained,yes before publication,dry-run only,low automated risk,low automated risk,no configured redirect conflict detected,keep hidden for cleanup/lawyer review,97,Bulk track records recovered source availability first; publication remains gated.
https://chamanlawfirm.com/family-property-disputes-in-lagos,Family Property Disputes In Lagos,family-property-disputes-in-lagos,Sanity dotted hidden/source record,blog,yes,complete,no,yes,existing hidden/source record retained,yes before publication,dry-run only,dispute-resolution wording requires lawyer review,low automated risk,no configured redirect conflict detected,keep hidden for cleanup/lawyer review,96,Bulk track records recovered source availability first; publication remains gated.
https://chamanlawfirm.com/defenses-and-bars-to-a-petition-for-divorce,Defenses And Bars To A Petition For Divorce,defenses-and-bars-to-a-petition-for-divorce,Sanity dotted hidden/source record,blog,yes,complete,no,yes,existing hidden/source record retained,yes before publication,dry-run only,family-status topic requires lawyer review,low automated risk,no configured redirect conflict detected,keep hidden for cleanup/lawyer review,95,Bulk track records recovered source availability first; publication remains gated.
https://chamanlawfirm.com/challenges-in-debt-recovery-and-solutions,Challenges In Debt Recovery And Solutions,challenges-in-debt-recovery-and-solutions,Sanity dotted hidden/source record,blog,yes,complete,no,yes,existing hidden/source record retained,yes before publication,dry-run only,low automated risk,low automated risk,no configured redirect conflict detected,keep hidden for cleanup/lawyer review,94,Bulk track records recovered source availability first; publication remains gated.
https://chamanlawfirm.com/land-use-act-impact-land-ownership-and-titles,Land Use Act Impact Land Ownership And Titles,land-use-act-impact-land-ownership-and-titles,Sanity dotted hidden/source record,blog,yes,complete,no,yes,existing hidden/source record retained,yes before publication,dry-run only,current-law or procedure-sensitive topic,lawyer review required,no configured redirect conflict detected,keep hidden for cleanup/lawyer review,93,Bulk track records recovered source availability first; publication remains gated.
https://chamanlawfirm.com/filing-for-divorce-in-nigeria-a-comprehen,Filing For Divorce In Nigeria A Comprehen,filing-for-divorce-in-nigeria-a-comprehen,Sanity dotted hidden/source record,blog,yes,complete,no,yes,existing hidden/source record retained,yes before publication,dry-run only,family-status topic requires lawyer review,low automated risk,no configured redirect conflict detected,keep hidden for cleanup/lawyer review,92,Bulk track records recovered source availability first; publication remains gated.
https://chamanlawfirm.com/registering-a-private-security-company,Registering A Private Security Company,registering-a-private-security-company,Sanity dotted hidden/source record,blog,yes,complete,no,yes,existing hidden/source record retained,yes before publication,dry-run only,current-law or procedure-sensitive topic,lawyer review required,redirect conflict: /practice-areas/corporate-commercial-law,keep hidden for cleanup/lawyer review,91,Bulk track records recovered source availability first; publication remains gated.
https://chamanlawfirm.com/powerful-steps-grant-of-probate-in-lagos-state,Powerful Steps Grant Of Probate In Lagos State,powerful-steps-grant-of-probate-in-lagos-state,Sanity dotted hidden/source record,blog,yes,complete,no,yes,existing hidden/source record retained,yes before publication,dry-run only,current-law or procedure-sensitive topic,lawyer review required,no configured redirect conflict detected,keep hidden for cleanup/lawyer review,90,Bulk track records recovered source availability first; publication remains gated.
https://chamanlawfirm.com/family-disputes-with-international-dimension,Family Disputes With International Dimension,family-disputes-with-international-dimension,Sanity dotted hidden/source record,blog,yes,complete,no,yes,existing hidden/source record retained,yes before publication,dry-run only,family-status topic requires lawyer review,low automated risk,no configured redirect conflict detected,keep hidden for cleanup/lawyer review,89,Bulk track records recovered source availability first; publication remains gated.
https://chamanlawfirm.com/navigating-the-probate-registry-in-ogun-state,Navigating the Probate Registry in Ogun State,navigating-the-probate-registry-in-ogun-state,Sanity dotted hidden/source record,blog,yes,complete,yes,yes,existing hidden/source record retained,yes before publication,dry-run only,low automated risk,low automated risk,no configured redirect conflict detected,candidate for fast publish review,88,Bulk track records recovered source availability first; publication remains gated.
https://chamanlawfirm.com/how-to-verify-property-titles-in-nigeria,How to Verify Property Titles in Nigeria,how-to-verify-property-titles-in-nigeria,Sanity dotted hidden/source record,blog,yes,complete,yes,yes,existing hidden/source record retained,yes before publication,dry-run only,current-law or procedure-sensitive topic,lawyer review required,no configured redirect conflict detected,keep hidden for cleanup/lawyer review,87,Bulk track records recovered source availability first; publication remains gated.
https://chamanlawfirm.com/division-in-divorce-proceedings,Division of Property in Divorce Proceedings in Nigeria,division-in-divorce-proceedings,Sanity dotted hidden/source record,blog,yes,complete,yes,yes,existing hidden/source record retained,yes before publication,dry-run only,low automated risk,low automated risk,no configured redirect conflict detected,candidate for fast publish review,86,Bulk track records recovered source availability first; publication remains gated.
https://chamanlawfirm.com/how-to-verify-a-propertys-survey-plan-in-lagos,How To Verify A Propertys Survey Plan In Lagos,how-to-verify-a-propertys-survey-plan-in-lagos,Sanity dotted hidden/source record,blog,yes,complete,no,yes,existing hidden/source record retained,yes before publication,dry-run only,low automated risk,low automated risk,no configured redirect conflict detected,keep hidden for cleanup/lawyer review,85,Bulk track records recovered source availability first; publication remains gated.
https://chamanlawfirm.com/calculate-land-use-charge-chaman-law-firm,How to Calculate Land Use Charge in Nigeria,calculate-land-use-charge-chaman-law-firm,Sanity dotted hidden/source record,blog,yes,complete,yes,yes,existing hidden/source record retained,yes before publication,dry-run only,current-law or procedure-sensitive topic,lawyer review required,no configured redirect conflict detected,keep hidden for cleanup/lawyer review,84,Bulk track records recovered source availability first; publication remains gated.
https://chamanlawfirm.com/how-does-the-land-use-act-involve-the-surveyor-generals-office,How Does The Land Use Act Involve The Surveyor Generals Office,how-does-the-land-use-act-involve-the-surveyor-generals-office,Sanity dotted hidden/source record,blog,yes,complete,no,yes,existing hidden/source record retained,yes before publication,dry-run only,dispute-resolution wording requires lawyer review,low automated risk,no configured redirect conflict detected,keep hidden for cleanup/lawyer review,83,Bulk track records recovered source availability first; publication remains gated.
https://chamanlawfirm.com/strategies-to-handle-a-bad-tenant-legally,Legal Strategies for Handling Difficult Tenants in Nigeria,strategies-to-handle-a-bad-tenant-legally,Sanity dotted hidden/source record,blog,yes,complete,yes,yes,existing hidden/source record retained,yes before publication,dry-run only,current-law or procedure-sensitive topic,lawyer review required,no configured redirect conflict detected,keep hidden for cleanup/lawyer review,82,Bulk track records recovered source availability first; publication remains gated.
https://chamanlawfirm.com/verify-land-titles-before-buying-property,How to Verify Land Titles Before Buying Property,verify-land-titles-before-buying-property,Sanity dotted hidden/source record,blog,yes,complete,yes,yes,existing hidden/source record retained,yes before publication,dry-run only,off-brand/property-sales wording; current-law or procedure-sensitive topic,lawyer review required,no configured redirect conflict detected,keep hidden for cleanup/lawyer review,81,Bulk track records recovered source availability first; publication remains gated.
https://chamanlawfirm.com/business-registration-process-in-lagosa-com,Business Registration Process in Lagos,business-registration-process-in-lagosa-com,Sanity dotted hidden/source record,blog,yes,complete,yes,yes,existing hidden/source record retained,yes before publication,dry-run only,low automated risk,low automated risk,no configured redirect conflict detected,candidate for fast publish review,80,Bulk track records recovered source availability first; publication remains gated.
https://chamanlawfirm.com/difference-between-excision-gazette-c-of-o,"Difference Between Excision, Gazette and Certificate of Occupancy",difference-between-excision-gazette-c-of-o,Sanity dotted hidden/source record,blog,yes,complete,yes,yes,existing hidden/source record retained,yes before publication,dry-run only,current-law or procedure-sensitive topic,lawyer review required,no configured redirect conflict detected,keep hidden for cleanup/lawyer review,79,Bulk track records recovered source availability first; publication remains gated.
https://chamanlawfirm.com/family-courts-and-specialized-tribunals,Family Courts And Specialized Tribunals,family-courts-and-specialized-tribunals,Sanity dotted hidden/source record,blog,yes,complete,no,yes,existing hidden/source record retained,yes before publication,dry-run only,current-law or procedure-sensitive topic; family-status topic requires lawyer review,lawyer review required,no configured redirect conflict detected,keep hidden for cleanup/lawyer review,78,Bulk track records recovered source availability first; publication remains gated.
https://chamanlawfirm.com/9-cyber-crime-prosecution-breakthrough-ch,Cybercrime Prosecution in Nigeria,9-cyber-crime-prosecution-breakthrough-ch,Sanity dotted hidden/source record,blog,yes,complete,yes,yes,existing hidden/source record retained,yes before publication,dry-run only,current-law or procedure-sensitive topic,lawyer review required,no configured redirect conflict detected,keep hidden for cleanup/lawyer review,77,Bulk track records recovered source availability first; publication remains gated.
https://chamanlawfirm.com/regarding-the-custody-of-a-child,Regarding The Custody Of A Child,regarding-the-custody-of-a-child,Sanity dotted hidden/source record,blog,yes,complete,no,yes,existing hidden/source record retained,yes before publication,dry-run only,current-law or procedure-sensitive topic; family-status topic requires lawyer review,lawyer review required,no configured redirect conflict detected,keep hidden for cleanup/lawyer review,76,Bulk track records recovered source availability first; publication remains gated.
https://chamanlawfirm.com/real-estate-title-frauds-in-nigeria,Real Estate Title Frauds In Nigeria,real-estate-title-frauds-in-nigeria,Sanity dotted hidden/source record,blog,yes,thin/needs cleanup,no,yes,existing hidden/source record retained,yes before publication,dry-run only,low automated risk,low automated risk,no configured redirect conflict detected,keep hidden for cleanup/lawyer review,75,Bulk track records recovered source availability first; publication remains gated.
https://chamanlawfirm.com/dealing-with-abadtenantinlagos-for-landlords,Dealing With Abadtenantinlagos For Landlords,dealing-with-abadtenantinlagos-for-landlords,Sanity dotted hidden/source record,blog,yes,complete,no,yes,existing hidden/source record retained,yes before publication,dry-run only,possible unsafe self-help wording; current-law or procedure-sensitive topic,lawyer review required,no configured redirect conflict detected,keep hidden for cleanup/lawyer review,74,Bulk track records recovered source availability first; publication remains gated.
https://chamanlawfirm.com/how-to-perfect-a-property-title-in-nigeria,How to Perfect a Property Title in Nigeria,how-to-perfect-a-property-title-in-nigeria,Sanity dotted hidden/source record,blog,yes,complete,yes,yes,existing hidden/source record retained,yes before publication,dry-run only,current-law or procedure-sensitive topic; dispute-resolution wording requires lawyer review,lawyer review required,no configured redirect conflict detected,keep hidden for cleanup/lawyer review,73,Bulk track records recovered source availability first; publication remains gated.
https://chamanlawfirm.com/criteria-for-patent-in-nigeria,Criteria for Patent Protection in Nigeria,criteria-for-patent-in-nigeria,Sanity dotted hidden/source record,blog,yes,complete,yes,yes,existing hidden/source record retained,yes before publication,dry-run only,current-law or procedure-sensitive topic,lawyer review required,no configured redirect conflict detected,keep hidden for cleanup/lawyer review,72,Bulk track records recovered source availability first; publication remains gated.
https://chamanlawfirm.com/what-are-the-penalties-for-fake-land-documents,Penalties for Fake Land Documents in Nigeria,what-are-the-penalties-for-fake-land-documents,Sanity dotted hidden/source record,blog,yes,complete,yes,yes,existing hidden/source record retained,yes before publication,dry-run only,current-law or procedure-sensitive topic,lawyer review required,no configured redirect conflict detected,keep hidden for cleanup/lawyer review,71,Bulk track records recovered source availability first; publication remains gated.
https://chamanlawfirm.com/estate-administration-in-lagos-state,Estate Administration in Lagos State,estate-administration-in-lagos-state,Sanity dotted hidden/source record,blog,yes,complete,yes,yes,existing hidden/source record retained,yes before publication,dry-run only,unsupported outcome claim,low automated risk,no configured redirect conflict detected,keep hidden for cleanup/lawyer review,70,Bulk track records recovered source availability first; publication remains gated.
https://chamanlawfirm.com/mechanisms-for-the-childs-rights-act,Mechanisms Under the Child Rights Act in Nigeria,mechanisms-for-the-childs-rights-act,Sanity dotted hidden/source record,blog,yes,complete,yes,yes,existing hidden/source record retained,yes before publication,dry-run only,current-law or procedure-sensitive topic,lawyer review required,no configured redirect conflict detected,keep hidden for cleanup/lawyer review,69,Bulk track records recovered source availability first; publication remains gated.
https://chamanlawfirm.com/drafting-company-bylaws-in-nigeria-a-compre,Drafting Company Bylaws in Nigeria,drafting-company-bylaws-in-nigeria-a-compre,Sanity dotted hidden/source record,blog,yes,complete,yes,yes,existing hidden/source record retained,yes before publication,dry-run only,low automated risk,low automated risk,no configured redirect conflict detected,candidate for fast publish review,68,Bulk track records recovered source availability first; publication remains gated.
https://chamanlawfirm.com/the-essential-ethics-of-debt-recovery,Ethical Debt Recovery in Nigeria,the-essential-ethics-of-debt-recovery,Sanity dotted hidden/source record,blog,yes,complete,yes,yes,existing hidden/source record retained,yes before publication,dry-run only,possible unsafe self-help wording; current-law or procedure-sensitive topic,lawyer review required,no configured redirect conflict detected,keep hidden for cleanup/lawyer review,67,Bulk track records recovered source availability first; publication remains gated.
https://chamanlawfirm.com/4-proven-features-of-customary-marriage-and-the-bill-of-rights-conflicting-interests,Customary Marriage and Constitutional Rights in Nigeria,4-proven-features-of-customary-marriage-and-the-bill-of-rights-conflicting-interests,Sanity dotted hidden/source record,blog,yes,complete,yes,yes,existing hidden/source record retained,yes before publication,dry-run only,current-law or procedure-sensitive topic; family-status topic requires lawyer review,lawyer review required,no configured redirect conflict detected,keep hidden for cleanup/lawyer review,66,Bulk track records recovered source availability first; publication remains gated.
https://chamanlawfirm.com/financing-real-estate-investments-in-nigeria,Financing Real Estate Investments In Nigeria,financing-real-estate-investments-in-nigeria,Sanity dotted hidden/source record,blog,yes,complete,no,yes,existing hidden/source record retained,yes before publication,dry-run only,current-law or procedure-sensitive topic; unsupported outcome claim,lawyer review required,no configured redirect conflict detected,keep hidden for cleanup/lawyer review,65,Bulk track records recovered source availability first; publication remains gated.
https://chamanlawfirm.com/how-to-register-a-tech-company-in-nigeria,How to Register a Tech Company in Nigeria,how-to-register-a-tech-company-in-nigeria,Sanity dotted hidden/source record,blog,yes,complete,yes,yes,existing hidden/source record retained,yes before publication,dry-run only,low automated risk,low automated risk,no configured redirect conflict detected,candidate for fast publish review,64,Bulk track records recovered source availability first; publication remains gated.
https://chamanlawfirm.com/understanding-the-land-use-act-in-nigeria,Understanding the Land Use Act in Nigeria,understanding-the-land-use-act-in-nigeria,Sanity dotted hidden/source record,blog,yes,complete,yes,yes,existing hidden/source record retained,yes before publication,dry-run only,current-law or procedure-sensitive topic; dispute-resolution wording requires lawyer review,lawyer review required,no configured redirect conflict detected,keep hidden for cleanup/lawyer review,63,Bulk track records recovered source availability first; publication remains gated.
https://chamanlawfirm.com/modernizing-customary-marriage,Modernizing Customary Marriage in Nigeria,modernizing-customary-marriage,Sanity dotted hidden/source record,blog,yes,complete,yes,yes,existing hidden/source record retained,yes before publication,dry-run only,family-status topic requires lawyer review; unsupported outcome claim,low automated risk,no configured redirect conflict detected,keep hidden for cleanup/lawyer review,62,Bulk track records recovered source availability first; publication remains gated.
https://chamanlawfirm.com/priority-in-entitlement,Priority in Estate Entitlement Under Nigerian Succession Law,priority-in-entitlement,Sanity dotted hidden/source record,blog,yes,complete,yes,yes,existing hidden/source record retained,yes before publication,dry-run only,possible unsafe self-help wording; family-status topic requires lawyer review,low automated risk,no configured redirect conflict detected,keep hidden for cleanup/lawyer review,61,Bulk track records recovered source availability first; publication remains gated.
https://chamanlawfirm.com/understanding-the-certificate-of-occupancy-c,Understanding The Certificate Of Occupancy C,understanding-the-certificate-of-occupancy-c,Sanity dotted hidden/source record,blog,yes,complete,no,yes,existing hidden/source record retained,yes before publication,dry-run only,current-law or procedure-sensitive topic; dispute-resolution wording requires lawyer review,lawyer review required,no configured redirect conflict detected,keep hidden for cleanup/lawyer review,60,Bulk track records recovered source availability first; publication remains gated.
https://chamanlawfirm.com/corporate-governance-principles-in-nigeria,Corporate Governance Principles In Nigeria,corporate-governance-principles-in-nigeria,Sanity dotted hidden/source record,blog,yes,complete,no,yes,existing hidden/source record retained,yes before publication,dry-run only,low automated risk,low automated risk,no configured redirect conflict detected,keep hidden for cleanup/lawyer review,59,Bulk track records recovered source availability first; publication remains gated.
https://chamanlawfirm.com/how-to-fix-mistakes-in-your-property-documents,How To Fix Mistakes In Your Property Documents,how-to-fix-mistakes-in-your-property-documents,Sanity dotted hidden/source record,blog,yes,complete,no,yes,existing hidden/source record retained,yes before publication,dry-run only,low automated risk,low automated risk,no configured redirect conflict detected,keep hidden for cleanup/lawyer review,58,Bulk track records recovered source availability first; publication remains gated.
https://chamanlawfirm.com/how-does-the-land-use-act-interact-with-the-petroleum-industry,How the Land Use Act Interacts With the Petroleum Industry,how-does-the-land-use-act-interact-with-the-petroleum-industry,Sanity dotted hidden/source record,blog,yes,complete,yes,yes,existing hidden/source record retained,yes before publication,dry-run only,low automated risk,low automated risk,no configured redirect conflict detected,candidate for fast publish review,57,Bulk track records recovered source availability first; publication remains gated.
https://chamanlawfirm.com/legal-bonds-of-marriage-in-nigeria,Legal Bonds of Marriage in Nigeria,legal-bonds-of-marriage-in-nigeria,Sanity dotted hidden/source record,blog,yes,complete,yes,yes,existing hidden/source record retained,yes before publication,dry-run only,current-law or procedure-sensitive topic; family-status topic requires lawyer review,lawyer review required,no configured redirect conflict detected,keep hidden for cleanup/lawyer review,56,Bulk track records recovered source availability first; publication remains gated.
https://chamanlawfirm.com/is-a-woman-a-property-to-be-inherited,Can a Woman Be Treated as Property Under Nigerian Inheritance Law?,is-a-woman-a-property-to-be-inherited,Sanity dotted hidden/source record,blog,yes,complete,yes,yes,existing hidden/source record retained,yes before publication,dry-run only,possible unsafe self-help wording; current-law or procedure-sensitive topic; unsupported outcome claim,lawyer review required,no configured redirect conflict detected,keep hidden for cleanup/lawyer review,55,Bulk track records recovered source availability first; publication remains gated.
https://chamanlawfirm.com/how-to-alter-a-will,How To Alter A Will,how-to-alter-a-will,Sanity dotted hidden/source record,blog,yes,complete,no,yes,existing hidden/source record retained,yes before publication,dry-run only,low automated risk,low automated risk,no configured redirect conflict detected,keep hidden for cleanup/lawyer review,54,Bulk track records recovered source availability first; publication remains gated.
https://chamanlawfirm.com/why-a-certificate-of-occupancy-c-of-o-is,Why a Certificate of Occupancy Matters in Nigeria,why-a-certificate-of-occupancy-c-of-o-is,Sanity dotted hidden/source record,blog,yes,complete,yes,yes,existing hidden/source record retained,yes before publication,dry-run only,current-law or procedure-sensitive topic,lawyer review required,no configured redirect conflict detected,keep hidden for cleanup/lawyer review,53,Bulk track records recovered source availability first; publication remains gated.
https://chamanlawfirm.com/corporate-restructuring-in-nigeria,Corporate Restructuring In Nigeria,corporate-restructuring-in-nigeria,Sanity dotted hidden/source record,blog,yes,complete,no,yes,existing hidden/source record retained,yes before publication,dry-run only,current-law or procedure-sensitive topic,lawyer review required,no configured redirect conflict detected,keep hidden for cleanup/lawyer review,52,Bulk track records recovered source availability first; publication remains gated.
https://chamanlawfirm.com/legal-research-for-nigerian-litigation-cases,Legal Research for Nigerian Litigation Cases,legal-research-for-nigerian-litigation-cases,Sanity dotted hidden/source record,blog,yes,complete,yes,yes,existing hidden/source record retained,yes before publication,dry-run only,current-law or procedure-sensitive topic; dispute-resolution wording requires lawyer review,lawyer review required,no configured redirect conflict detected,keep hidden for cleanup/lawyer review,51,Bulk track records recovered source availability first; publication remains gated.
https://chamanlawfirm.com/how-is-land-registry-practice-in-nigeria,Land Registry Practice in Nigeria,how-is-land-registry-practice-in-nigeria,Sanity dotted hidden/source record,blog,yes,complete,yes,yes,existing hidden/source record retained,yes before publication,dry-run only,current-law or procedure-sensitive topic,lawyer review required,no configured redirect conflict detected,keep hidden for cleanup/lawyer review,50,Bulk track records recovered source availability first; publication remains gated.
https://chamanlawfirm.com/hidden-costs-of-buying-property-in-ogun-state,Hidden Costs Of Buying Property In Ogun State,hidden-costs-of-buying-property-in-ogun-state,Sanity dotted hidden/source record,blog,yes,complete,no,yes,existing hidden/source record retained,yes before publication,dry-run only,low automated risk,low automated risk,no configured redirect conflict detected,keep hidden for cleanup/lawyer review,49,Bulk track records recovered source availability first; publication remains gated.
https://chamanlawfirm.com/effect-of-not-paying-child-support,Effect of Not Paying Child Support in Nigeria,effect-of-not-paying-child-support,Sanity dotted hidden/source record,blog,yes,complete,yes,yes,existing hidden/source record retained,yes before publication,dry-run only,current-law or procedure-sensitive topic; family-status topic requires lawyer review,lawyer review required,no configured redirect conflict detected,keep hidden for cleanup/lawyer review,48,Bulk track records recovered source availability first; publication remains gated.
https://chamanlawfirm.com/role-of-community-leaders-in-land-allocation,Role of Community Leaders in Land Allocation,role-of-community-leaders-in-land-allocation,Sanity dotted hidden/source record,blog,yes,complete,no,yes,existing hidden/source record retained,yes before publication,dry-run only,dispute-resolution wording requires lawyer review,low automated risk,no configured redirect conflict detected,keep hidden for cleanup/lawyer review,47,Bulk track records recovered source availability first; publication remains gated.
https://chamanlawfirm.com/how-does-the-land-use-act-address-the-issue-of-abandoned-properties-in-nigeria,How Does The Land Use Act Address The Issue Of Abandoned Properties In Nigeria,how-does-the-land-use-act-address-the-issue-of-abandoned-properties-in-nigeria,Sanity dotted hidden/source record,blog,yes,complete,no,yes,existing hidden/source record retained,yes before publication,dry-run only,low automated risk,low automated risk,no configured redirect conflict detected,keep hidden for cleanup/lawyer review,46,Bulk track records recovered source availability first; publication remains gated.
https://chamanlawfirm.com/lagos-property-succession-without-a-will,Lagos Property Succession Without a Will,lagos-property-succession-without-a-will,Sanity dotted hidden/source record,blog,yes,complete,yes,yes,existing hidden/source record retained,yes before publication,dry-run only,current-law or procedure-sensitive topic; unsupported outcome claim,lawyer review required,no configured redirect conflict detected,keep hidden for cleanup/lawyer review,45,Bulk track records recovered source availability first; publication remains gated.
https://chamanlawfirm.com/foreign-wills-and-lagos-property-what-to-know,Foreign Wills and Lagos Property: What to Know,foreign-wills-and-lagos-property-what-to-know,Sanity dotted hidden/source record,blog,yes,complete,yes,yes,existing hidden/source record retained,yes before publication,dry-run only,current-law or procedure-sensitive topic,lawyer review required,no configured redirect conflict detected,keep hidden for cleanup/lawyer review,44,Bulk track records recovered source availability first; publication remains gated.
https://chamanlawfirm.com/where-is-the-proper-custody-of-a-will,Where Is The Proper Custody Of A Will,where-is-the-proper-custody-of-a-will,Sanity dotted hidden/source record,blog,yes,complete,no,yes,existing hidden/source record retained,yes before publication,dry-run only,low automated risk,low automated risk,no configured redirect conflict detected,keep hidden for cleanup/lawyer review,43,Bulk track records recovered source availability first; publication remains gated.
https://chamanlawfirm.com/police-prosecution-in-nigerian-courts,Police Prosecution in Nigerian Courts,police-prosecution-in-nigerian-courts,Sanity dotted hidden/source record,blog,yes,complete,yes,yes,existing hidden/source record retained,yes before publication,dry-run only,current-law or procedure-sensitive topic,lawyer review required,no configured redirect conflict detected,keep hidden for cleanup/lawyer review,42,Bulk track records recovered source availability first; publication remains gated.
https://chamanlawfirm.com/what-are-the-legal-rights-of-private-property-owners,Legal Rights of Private Property Owners in Nigeria,what-are-the-legal-rights-of-private-property-owners,Sanity dotted hidden/source record,blog,yes,complete,yes,yes,existing hidden/source record retained,yes before publication,dry-run only,low automated risk,low automated risk,no configured redirect conflict detected,candidate for fast publish review,41,Bulk track records recovered source availability first; publication remains gated.
https://chamanlawfirm.com/use-arbitration-for-property-disputes-lagos,Using Arbitration for Property Disputes in Lagos,use-arbitration-for-property-disputes-lagos,Sanity dotted hidden/source record,blog,yes,complete,yes,yes,existing hidden/source record retained,yes before publication,dry-run only,current-law or procedure-sensitive topic,lawyer review required,no configured redirect conflict detected,keep hidden for cleanup/lawyer review,40,Bulk track records recovered source availability first; publication remains gated.
https://chamanlawfirm.com/how-to-acquire-citizenship-in-nigeria,How to Acquire Citizenship in Nigeria,how-to-acquire-citizenship-in-nigeria,Sanity dotted hidden/source record,blog,yes,complete,yes,yes,existing hidden/source record retained,yes before publication,dry-run only,low automated risk,low automated risk,no configured redirect conflict detected,candidate for fast publish review,39,Bulk track records recovered source availability first; publication remains gated.
https://chamanlawfirm.com/understanding-the-land-use-act-6-proven,Understanding The Land Use Act 6 Proven,understanding-the-land-use-act-6-proven,Sanity dotted hidden/source record,blog,yes,complete,no,yes,existing hidden/source record retained,yes before publication,dry-run only,current-law or procedure-sensitive topic; dispute-resolution wording requires lawyer review,lawyer review required,no configured redirect conflict detected,keep hidden for cleanup/lawyer review,38,Bulk track records recovered source availability first; publication remains gated.
https://chamanlawfirm.com/who-are-the-type-of-people-that-can-write-a-will,Who Are The Type Of People That Can Write A Will,who-are-the-type-of-people-that-can-write-a-will,Sanity dotted hidden/source record,blog,yes,complete,no,yes,existing hidden/source record retained,yes before publication,dry-run only,low automated risk,low automated risk,no configured redirect conflict detected,keep hidden for cleanup/lawyer review,37,Bulk track records recovered source availability first; publication remains gated.
https://chamanlawfirm.com/types-of-wills,Types of Wills in Nigeria,types-of-wills,Sanity dotted hidden/source record,blog,yes,complete,yes,yes,existing hidden/source record retained,yes before publication,dry-run only,low automated risk,low automated risk,no configured redirect conflict detected,candidate for fast publish review,36,Bulk track records recovered source availability first; publication remains gated.
https://chamanlawfirm.com/what-is-trespass-to-land2,What Is Trespass to Land in Nigeria?,what-is-trespass-to-land2,Sanity dotted hidden/source record,blog,yes,thin/needs cleanup,yes,yes,existing hidden/source record retained,yes before publication,dry-run only,possible unsafe self-help wording; current-law or procedure-sensitive topic,lawyer review required,no configured redirect conflict detected,keep hidden for cleanup/lawyer review,35,Bulk track records recovered source availability first; publication remains gated.
https://chamanlawfirm.com/bordersecurityin-nigerian-immigration-policy,Bordersecurityin Nigerian Immigration Policy,bordersecurityin-nigerian-immigration-policy,Sanity dotted hidden/source record,blog,yes,complete,no,yes,existing hidden/source record retained,yes before publication,dry-run only,low automated risk,low automated risk,no configured redirect conflict detected,keep hidden for cleanup/lawyer review,34,Bulk track records recovered source availability first; publication remains gated.
https://chamanlawfirm.com/learn-how-to-draft-tenancy-agreement-in-ogun,Learn How To Draft Tenancy Agreement In Ogun,learn-how-to-draft-tenancy-agreement-in-ogun,Sanity dotted hidden/source record,blog,yes,complete,no,yes,existing hidden/source record retained,yes before publication,dry-run only,current-law or procedure-sensitive topic,lawyer review required,no configured redirect conflict detected,keep hidden for cleanup/lawyer review,33,Bulk track records recovered source availability first; publication remains gated.
https://chamanlawfirm.com/challenging-a-fraudulent-probate-application,Challenging A Fraudulent Probate Application,challenging-a-fraudulent-probate-application,Sanity dotted hidden/source record,blog,yes,complete,no,yes,existing hidden/source record retained,yes before publication,dry-run only,current-law or procedure-sensitive topic,lawyer review required,no configured redirect conflict detected,keep hidden for cleanup/lawyer review,32,Bulk track records recovered source availability first; publication remains gated.
https://chamanlawfirm.com/lawful-methods-to-recover-debt-in-nigeria,Lawful Methods to Recover Debt in Nigeria,lawful-methods-to-recover-debt-in-nigeria,Sanity dotted hidden/source record,blog,yes,complete,yes,yes,existing hidden/source record retained,yes before publication,dry-run only,possible unsafe self-help wording; current-law or procedure-sensitive topic,lawyer review required,no configured redirect conflict detected,keep hidden for cleanup/lawyer review,31,Bulk track records recovered source availability first; publication remains gated.
https://chamanlawfirm.com/how-to-handle-land-grabbers-in-lagos,How to Handle Land Grabbers in Lagos,how-to-handle-land-grabbers-in-lagos,Sanity dotted hidden/source record,blog,yes,complete,yes,yes,existing hidden/source record retained,yes before publication,dry-run only,possible unsafe self-help wording; current-law or procedure-sensitive topic,lawyer review required,no configured redirect conflict detected,keep hidden for cleanup/lawyer review,30,Bulk track records recovered source availability first; publication remains gated.
https://chamanlawfirm.com/land-dispute-resolution-in-nigeria-court-system,Land Dispute Resolution in the Nigerian Court System,land-dispute-resolution-in-nigeria-court-system,Sanity dotted hidden/source record,blog,yes,complete,yes,yes,existing hidden/source record retained,yes before publication,dry-run only,possible unsafe self-help wording; dispute-resolution wording requires lawyer review,low automated risk,no configured redirect conflict detected,keep hidden for cleanup/lawyer review,29,Bulk track records recovered source availability first; publication remains gated.
https://chamanlawfirm.com/taxes-exemptions-and-incentives-in-nigeria,Tax Exemptions and Incentives in Nigeria,taxes-exemptions-and-incentives-in-nigeria,Sanity dotted hidden/source record,blog,yes,complete,yes,yes,existing hidden/source record retained,yes before publication,dry-run only,low automated risk,low automated risk,no configured redirect conflict detected,candidate for fast publish review,28,Bulk track records recovered source availability first; publication remains gated.
https://chamanlawfirm.com/the-legal-implications-of-breach-of-contract,Legal Implications of Breach of Contract in Nigeria,the-legal-implications-of-breach-of-contract,Sanity dotted hidden/source record,blog,yes,complete,yes,yes,existing hidden/source record retained,yes before publication,dry-run only,low automated risk,low automated risk,no configured redirect conflict detected,candidate for fast publish review,27,Bulk track records recovered source availability first; publication remains gated.
https://chamanlawfirm.com/deed-of-assignment-from-a-property,Deed Of Assignment From A Property,deed-of-assignment-from-a-property,Sanity dotted hidden/source record,blog,yes,complete,no,yes,existing hidden/source record retained,yes before publication,dry-run only,low automated risk,low automated risk,no configured redirect conflict detected,keep hidden for cleanup/lawyer review,26,Bulk track records recovered source availability first; publication remains gated.
https://chamanlawfirm.com/legal-processes-of-transferring-property,Legal Process for Transferring Property in Nigeria,legal-processes-of-transferring-property,Sanity dotted hidden/source record,blog,yes,complete,yes,yes,existing hidden/source record retained,yes before publication,dry-run only,current-law or procedure-sensitive topic,lawyer review required,no configured redirect conflict detected,keep hidden for cleanup/lawyer review,25,Bulk track records recovered source availability first; publication remains gated.
https://chamanlawfirm.com/tax-planning-and-avoidance-in-nigeria,Tax Planning and Tax Avoidance in Nigeria,tax-planning-and-avoidance-in-nigeria,Sanity dotted hidden/source record,blog,yes,complete,yes,yes,existing hidden/source record retained,yes before publication,dry-run only,current-law or procedure-sensitive topic,lawyer review required,no configured redirect conflict detected,keep hidden for cleanup/lawyer review,24,Bulk track records recovered source availability first; publication remains gated.
https://chamanlawfirm.com/verify-land-ownership-with-the-lagos-state,How to Verify Land Ownership With Lagos State Records,verify-land-ownership-with-the-lagos-state,Sanity dotted hidden/source record,blog,yes,complete,yes,yes,existing hidden/source record retained,yes before publication,dry-run only,current-law or procedure-sensitive topic,lawyer review required,no configured redirect conflict detected,keep hidden for cleanup/lawyer review,23,Bulk track records recovered source availability first; publication remains gated.
https://chamanlawfirm.com/probate-for-a-deceased-estate-in-nigeria,Probate for a Deceased Estate in Nigeria,probate-for-a-deceased-estate-in-nigeria,Sanity dotted hidden/source record,blog,yes,complete,yes,yes,existing hidden/source record retained,yes before publication,dry-run only,current-law or procedure-sensitive topic,lawyer review required,no configured redirect conflict detected,keep hidden for cleanup/lawyer review,22,Bulk track records recovered source availability first; publication remains gated.
https://chamanlawfirm.com/legally-challenge-forged-land-documents-in-ogun,How to Challenge Forged Land Documents in Ogun State,legally-challenge-forged-land-documents-in-ogun,Sanity dotted hidden/source record,blog,yes,complete,yes,yes,existing hidden/source record retained,yes before publication,dry-run only,current-law or procedure-sensitive topic; dispute-resolution wording requires lawyer review,lawyer review required,no configured redirect conflict detected,keep hidden for cleanup/lawyer review,21,Bulk track records recovered source availability first; publication remains gated.
https://chamanlawfirm.com/taxation-of-retail-sector,Taxation Of Retail Sector,taxation-of-retail-sector,Sanity dotted hidden/source record,blog,yes,thin/needs cleanup,no,yes,existing hidden/source record retained,yes before publication,dry-run only,current-law or procedure-sensitive topic,lawyer review required,no configured redirect conflict detected,keep hidden for cleanup/lawyer review,20,Bulk track records recovered source availability first; publication remains gated.
https://chamanlawfirm.com/how-can-nigerians-in-the-diaspora-buy-property,How Nigerians in the Diaspora Can Buy Property Safely,how-can-nigerians-in-the-diaspora-buy-property,Sanity dotted hidden/source record,blog,yes,complete,yes,yes,existing hidden/source record retained,yes before publication,dry-run only,off-brand/property-sales wording; current-law or procedure-sensitive topic; dispute-resolution wording requires lawyer review,lawyer review required,no configured redirect conflict detected,keep hidden for cleanup/lawyer review,19,Bulk track records recovered source availability first; publication remains gated.
https://chamanlawfirm.com/lagos-property-succession-how-to-transfer-ownership-after-a-death,Lagos Property Succession: How to Transfer Ownership After Death,lagos-property-succession-how-to-transfer-ownership-after-a-death,Sanity dotted hidden/source record,blog,yes,complete,yes,yes,existing hidden/source record retained,yes before publication,dry-run only,current-law or procedure-sensitive topic,lawyer review required,no configured redirect conflict detected,keep hidden for cleanup/lawyer review,18,Bulk track records recovered source availability first; publication remains gated.
https://chamanlawfirm.com/how-does-the-land-ucapital-territory-federal,How Does The Land Ucapital Territory Federal,how-does-the-land-ucapital-territory-federal,Sanity dotted hidden/source record,blog,yes,complete,no,yes,existing hidden/source record retained,yes before publication,dry-run only,low automated risk,low automated risk,no configured redirect conflict detected,keep hidden for cleanup/lawyer review,17,Bulk track records recovered source availability first; publication remains gated.
https://chamanlawfirm.com/analyzing-the-growth-of-real-estate-investment,Analyzing The Growth Of Real Estate Investment,analyzing-the-growth-of-real-estate-investment,Sanity dotted hidden/source record,blog,yes,complete,no,yes,existing hidden/source record retained,yes before publication,dry-run only,current-law or procedure-sensitive topic,lawyer review required,no configured redirect conflict detected,keep hidden for cleanup/lawyer review,16,Bulk track records recovered source availability first; publication remains gated.
https://chamanlawfirm.com/procedures-for-making-a-will-in-nigeria,Procedures for Making a Will in Nigeria,procedures-for-making-a-will-in-nigeria,Sanity dotted hidden/source record,blog,yes,complete,yes,yes,existing hidden/source record retained,yes before publication,dry-run only,low automated risk,low automated risk,no configured redirect conflict detected,candidate for fast publish review,15,Bulk track records recovered source availability first; publication remains gated.
https://chamanlawfirm.com/legal-requirements-for-land-purchase,Legal Requirements for Land Purchase in Nigeria,legal-requirements-for-land-purchase,Sanity dotted hidden/source record,blog,yes,complete,yes,yes,existing hidden/source record retained,yes before publication,dry-run only,current-law or procedure-sensitive topic,lawyer review required,no configured redirect conflict detected,keep hidden for cleanup/lawyer review,14,Bulk track records recovered source availability first; publication remains gated.
https://chamanlawfirm.com/challenge-double-allocation-of-land,Challenge Double Allocation Of Land,challenge-double-allocation-of-land,Sanity dotted hidden/source record,blog,yes,complete,no,yes,existing hidden/source record retained,yes before publication,dry-run only,current-law or procedure-sensitive topic,lawyer review required,no configured redirect conflict detected,keep hidden for cleanup/lawyer review,13,Bulk track records recovered source availability first; publication remains gated.
https://chamanlawfirm.com/what-is-the-lagos-state-tenancy-law,What Is The Lagos State Tenancy Law,what-is-the-lagos-state-tenancy-law,Sanity dotted hidden/source record,blog,yes,complete,no,yes,existing hidden/source record retained,yes before publication,dry-run only,possible unsafe self-help wording; current-law or procedure-sensitive topic,lawyer review required,no configured redirect conflict detected,keep hidden for cleanup/lawyer review,12,Bulk track records recovered source availability first; publication remains gated.
https://chamanlawfirm.com/who-are-the-people-entitled-to-pro-b-service,Who Are The People Entitled To Pro B Service,who-are-the-people-entitled-to-pro-b-service,Sanity dotted hidden/source record,blog,yes,complete,no,yes,existing hidden/source record retained,yes before publication,dry-run only,low automated risk,low automated risk,no configured redirect conflict detected,keep hidden for cleanup/lawyer review,11,Bulk track records recovered source availability first; publication remains gated.
https://chamanlawfirm.com/guide-to-resolvingproperty-boundary-disputes,Guide To Resolvingproperty Boundary Disputes,guide-to-resolvingproperty-boundary-disputes,Sanity dotted hidden/source record,blog,yes,complete,no,yes,existing hidden/source record retained,yes before publication,dry-run only,current-law or procedure-sensitive topic; dispute-resolution wording requires lawyer review,lawyer review required,no configured redirect conflict detected,keep hidden for cleanup/lawyer review,10,Bulk track records recovered source availability first; publication remains gated.
https://chamanlawfirm.com/land-allocation-for-coastal-and-marine-areas,Land Allocation For Coastal And Marine Areas,land-allocation-for-coastal-and-marine-areas,Sanity dotted hidden/source record,blog,yes,complete,no,yes,existing hidden/source record retained,yes before publication,dry-run only,low automated risk,low automated risk,no configured redirect conflict detected,keep hidden for cleanup/lawyer review,9,Bulk track records recovered source availability first; publication remains gated.
https://chamanlawfirm.com/how-are-conflicts-resolved-under-the-land-use-act,How Are Conflicts Resolved Under The Land Use Act,how-are-conflicts-resolved-under-the-land-use-act,Sanity dotted hidden/source record,blog,yes,complete,no,yes,existing hidden/source record retained,yes before publication,dry-run only,dispute-resolution wording requires lawyer review,low automated risk,no configured redirect conflict detected,keep hidden for cleanup/lawyer review,8,Bulk track records recovered source availability first; publication remains gated.
https://chamanlawfirm.com/guardian-ad-litem-in-child-custody,Guardian Ad Litem In Child Custody,guardian-ad-litem-in-child-custody,Sanity dotted hidden/source record,blog,yes,complete,no,yes,existing hidden/source record retained,yes before publication,dry-run only,current-law or procedure-sensitive topic; family-status topic requires lawyer review,lawyer review required,no configured redirect conflict detected,keep hidden for cleanup/lawyer review,7,Bulk track records recovered source availability first; publication remains gated.
https://chamanlawfirm.com/best-probate-lawyers-in-ogun-state,Best Probate Lawyers In Ogun State,best-probate-lawyers-in-ogun-state,Sanity dotted hidden/source record,blog,yes,complete,no,yes,existing hidden/source record retained,yes before publication,dry-run only,low automated risk,low automated risk,no configured redirect conflict detected,keep hidden for cleanup/lawyer review,6,Bulk track records recovered source availability first; publication remains gated.
https://chamanlawfirm.com/financial-contracts-and-agreement-in-nigeria,Financial Contracts And Agreement In Nigeria,financial-contracts-and-agreement-in-nigeria,Sanity dotted hidden/source record,blog,yes,complete,no,yes,existing hidden/source record retained,yes before publication,dry-run only,unsupported outcome claim,low automated risk,no configured redirect conflict detected,keep hidden for cleanup/lawyer review,5,Bulk track records recovered source availability first; publication remains gated.
https://chamanlawfirm.com/powerful-steps-land-surveyors-contribute,Powerful Steps Land Surveyors Contribute,powerful-steps-land-surveyors-contribute,Sanity dotted hidden/source record,blog,yes,complete,no,yes,existing hidden/source record retained,yes before publication,dry-run only,current-law or procedure-sensitive topic; dispute-resolution wording requires lawyer review,lawyer review required,no configured redirect conflict detected,keep hidden for cleanup/lawyer review,4,Bulk track records recovered source availability first; publication remains gated.
https://chamanlawfirm.com/ejectment-vs-eviction-tenants,Ejectment Vs Eviction Tenants,ejectment-vs-eviction-tenants,Sanity dotted hidden/source record,blog,yes,complete,no,yes,existing hidden/source record retained,yes before publication,dry-run only,possible unsafe self-help wording; current-law or procedure-sensitive topic,lawyer review required,no configured redirect conflict detected,keep hidden for cleanup/lawyer review,3,Bulk track records recovered source availability first; publication remains gated.
https://chamanlawfirm.com/the-nigerian-tax-administration,The Nigerian Tax Administration,the-nigerian-tax-administration,Sanity dotted hidden/source record,blog,yes,complete,no,yes,existing hidden/source record retained,yes before publication,dry-run only,current-law or procedure-sensitive topic,lawyer review required,no configured redirect conflict detected,keep hidden for cleanup/lawyer review,2,Bulk track records recovered source availability first; publication remains gated.
https://chamanlawfirm.com/obtaining-consent-for-land-transactions,Obtaining Consent For Land Transactions,obtaining-consent-for-land-transactions,Sanity dotted hidden/source record,blog,yes,complete,no,yes,existing hidden/source record retained,yes before publication,dry-run only,off-brand/property-sales wording; current-law or procedure-sensitive topic; dispute-resolution wording requires lawyer review; unsupported outcome claim,lawyer review required,no configured redirect conflict detected,keep hidden for cleanup/lawyer review,1,Bulk track records recovered source availability first; publication remains gated.
https://chamanlawfirm.com/the-rights-and-responsibilities-of-landowners,The Rights And Responsibilities Of Landowners,the-rights-and-responsibilities-of-landowners,Sanity dotted hidden/source record,blog,yes,complete,no,yes,existing hidden/source record retained,yes before publication,dry-run only,current-law or procedure-sensitive topic; dispute-resolution wording requires lawyer review,lawyer review required,no configured redirect conflict detected,keep hidden for cleanup/lawyer review,0,Bulk track records recovered source availability first; publication remains gated.
https://chamanlawfirm.com/obtaining-a-certificate-of-occupancy-in-lagos,Obtaining A Certificate Of Occupancy In Lagos,obtaining-a-certificate-of-occupancy-in-lagos,Sanity dotted hidden/source record,blog,yes,complete,no,yes,existing hidden/source record retained,yes before publication,dry-run only,current-law or procedure-sensitive topic,lawyer review required,no configured redirect conflict detected,keep hidden for cleanup/lawyer review,0,Bulk track records recovered source availability first; publication remains gated.
https://chamanlawfirm.com/nigerian-courts-handle-class-action-lawsuits,Nigerian Courts Handle Class Action Lawsuits,nigerian-courts-handle-class-action-lawsuits,Sanity dotted hidden/source record,blog,yes,complete,no,yes,existing hidden/source record retained,yes before publication,dry-run only,low automated risk,low automated risk,no configured redirect conflict detected,keep hidden for cleanup/lawyer review,0,Bulk track records recovered source availability first; publication remains gated.
https://chamanlawfirm.com/what-is-land-excision-in-ogun-state,What Is Land Excision In Ogun State,what-is-land-excision-in-ogun-state,Sanity dotted hidden/source record,blog,yes,complete,no,yes,existing hidden/source record retained,yes before publication,dry-run only,current-law or procedure-sensitive topic,lawyer review required,no configured redirect conflict detected,keep hidden for cleanup/lawyer review,0,Bulk track records recovered source availability first; publication remains gated.
https://chamanlawfirm.com/child-custody-and-visitation-during-holidays,Child Custody And Visitation During Holidays,child-custody-and-visitation-during-holidays,Sanity dotted hidden/source record,blog,yes,complete,no,yes,existing hidden/source record retained,yes before publication,dry-run only,misleading free-service wording; family-status topic requires lawyer review; dispute-resolution wording requires lawyer review,low automated risk,no configured redirect conflict detected,keep hidden for cleanup/lawyer review,0,Bulk track records recovered source availability first; publication remains gated.
https://chamanlawfirm.com/how-to-start-oil-and-gas-company-in-nigeria,How To Start Oil And Gas Company In Nigeria,how-to-start-oil-and-gas-company-in-nigeria,Sanity dotted hidden/source record,blog,yes,thin/needs cleanup,no,yes,existing hidden/source record retained,yes before publication,dry-run only,low automated risk,low automated risk,no configured redirect conflict detected,keep hidden for cleanup/lawyer review,0,Bulk track records recovered source availability first; publication remains gated.
https://chamanlawfirm.com/how-has-the-land-use-act-in-nigeria-e,How Has The Land Use Act In Nigeria E,how-has-the-land-use-act-in-nigeria-e,Sanity dotted hidden/source record,blog,yes,complete,no,yes,existing hidden/source record retained,yes before publication,dry-run only,low automated risk,low automated risk,no configured redirect conflict detected,keep hidden for cleanup/lawyer review,0,Bulk track records recovered source availability first; publication remains gated.
https://chamanlawfirm.com/capital-gains-tax-calculated-on-property,Capital Gains Tax Calculated On Property,capital-gains-tax-calculated-on-property,Sanity dotted hidden/source record,blog,yes,complete,no,yes,existing hidden/source record retained,yes before publication,dry-run only,off-brand/property-sales wording; current-law or procedure-sensitive topic,lawyer review required,no configured redirect conflict detected,keep hidden for cleanup/lawyer review,0,Bulk track records recovered source availability first; publication remains gated.
https://chamanlawfirm.com/handling-tax-disputes-and-audits-in-nigeria,Handling Tax Disputes And Audits In Nigeria,handling-tax-disputes-and-audits-in-nigeria,Sanity dotted hidden/source record,blog,yes,complete,no,yes,existing hidden/source record retained,yes before publication,dry-run only,current-law or procedure-sensitive topic,lawyer review required,no configured redirect conflict detected,keep hidden for cleanup/lawyer review,0,Bulk track records recovered source availability first; publication remains gated.
https://chamanlawfirm.com/enhancing-nigerian-immigration-security,Enhancing Nigerian Immigration Security,enhancing-nigerian-immigration-security,Sanity dotted hidden/source record,blog,yes,complete,no,yes,existing hidden/source record retained,yes before publication,dry-run only,low automated risk,low automated risk,no configured redirect conflict detected,keep hidden for cleanup/lawyer review,0,Bulk track records recovered source availability first; publication remains gated.
https://chamanlawfirm.com/blockchain-technology-and-land-title-security,Blockchain Technology And Land Title Security,blockchain-technology-and-land-title-security,Sanity dotted hidden/source record,blog,yes,complete,no,yes,existing hidden/source record retained,yes before publication,dry-run only,dispute-resolution wording requires lawyer review,low automated risk,no configured redirect conflict detected,keep hidden for cleanup/lawyer review,0,Bulk track records recovered source availability first; publication remains gated.
https://chamanlawfirm.com/where-do-i-verify-land-documents-in-ogun-state,Where Do I Verify Land Documents In Ogun State,where-do-i-verify-land-documents-in-ogun-state,Sanity dotted hidden/source record,blog,yes,complete,no,yes,existing hidden/source record retained,yes before publication,dry-run only,current-law or procedure-sensitive topic,lawyer review required,no configured redirect conflict detected,keep hidden for cleanup/lawyer review,0,Bulk track records recovered source availability first; publication remains gated.
https://chamanlawfirm.com/subcontracting-in-nigerian-construction-projects,Subcontracting In Nigerian Construction Projects,subcontracting-in-nigerian-construction-projects,Sanity dotted hidden/source record,blog,yes,complete,no,yes,existing hidden/source record retained,yes before publication,dry-run only,low automated risk,low automated risk,no configured redirect conflict detected,keep hidden for cleanup/lawyer review,0,Bulk track records recovered source availability first; publication remains gated.
https://chamanlawfirm.com/rights-of-citizens-in-government-surveillance,Rights Of Citizens In Government Surveillance,rights-of-citizens-in-government-surveillance,Sanity dotted hidden/source record,blog,yes,complete,no,yes,existing hidden/source record retained,yes before publication,dry-run only,current-law or procedure-sensitive topic; unsupported outcome claim,lawyer review required,no configured redirect conflict detected,keep hidden for cleanup/lawyer review,0,Bulk track records recovered source availability first; publication remains gated.
https://chamanlawfirm.com/corporate-finance-laws-in-nigeria,Corporate Finance Laws In Nigeria,corporate-finance-laws-in-nigeria,Sanity dotted hidden/source record,blog,yes,complete,no,yes,existing hidden/source record retained,yes before publication,dry-run only,current-law or procedure-sensitive topic,lawyer review required,no configured redirect conflict detected,keep hidden for cleanup/lawyer review,0,Bulk track records recovered source availability first; publication remains gated.
https://chamanlawfirm.com/first-aid-certificate-in-nigeria,First Aid Certificate In Nigeria,first-aid-certificate-in-nigeria,Sanity dotted hidden/source record,blog,yes,complete,no,yes,existing hidden/source record retained,yes before publication,dry-run only,low automated risk,low automated risk,no configured redirect conflict detected,keep hidden for cleanup/lawyer review,0,Bulk track records recovered source availability first; publication remains gated.
https://chamanlawfirm.com/legal-steps-to-perfecting-title-documents,Legal Steps to Perfecting Title Documents in Nigeria,legal-steps-to-perfecting-title-documents,Sanity dotted hidden/source record,blog,yes,complete,yes,yes,existing hidden/source record retained,yes before publication,dry-run only,current-law or procedure-sensitive topic; unsupported outcome claim,lawyer review required,no configured redirect conflict detected,keep hidden for cleanup/lawyer review,0,Bulk track records recovered source availability first; publication remains gated.
https://chamanlawfirm.com/how-does-the-land-use-act-affect-land-title,How the Land Use Act Affects Land Title in Nigeria,how-does-the-land-use-act-affect-land-title,Sanity dotted hidden/source record,blog,yes,complete,yes,yes,existing hidden/source record retained,yes before publication,dry-run only,current-law or procedure-sensitive topic,lawyer review required,no configured redirect conflict detected,keep hidden for cleanup/lawyer review,0,Bulk track records recovered source availability first; publication remains gated.
https://chamanlawfirm.com/legal-remedies-for-breach-of-contract,Legal Remedies for Breach of Contract in Nigeria,legal-remedies-for-breach-of-contract,Sanity dotted hidden/source record,blog,yes,thin/needs cleanup,yes,yes,existing hidden/source record retained,yes before publication,dry-run only,off-brand/property-sales wording,low automated risk,no configured redirect conflict detected,keep hidden for cleanup/lawyer review,0,Bulk track records recovered source availability first; publication remains gated.
https://chamanlawfirm.com/when-a-loved-one-dies-without-a-will,What Happens When a Loved One Dies Without a Will in Nigeria,when-a-loved-one-dies-without-a-will,Sanity dotted hidden/source record,blog,yes,complete,yes,yes,existing hidden/source record retained,yes before publication,dry-run only,family-status topic requires lawyer review,low automated risk,no configured redirect conflict detected,keep hidden for cleanup/lawyer review,0,Bulk track records recovered source availability first; publication remains gated.
https://chamanlawfirm.com/contract-of-sale-of-land-and-what-it-takes,Contract of Sale of Land in Nigeria,contract-of-sale-of-land-and-what-it-takes,Sanity dotted hidden/source record,blog,yes,complete,yes,yes,existing hidden/source record retained,yes before publication,dry-run only,off-brand/property-sales wording,low automated risk,no configured redirect conflict detected,keep hidden for cleanup/lawyer review,0,Bulk track records recovered source availability first; publication remains gated.
https://chamanlawfirm.com/acquire-and-secure-industrial-land-in-ogun,How to Acquire and Secure Industrial Land in Ogun State,acquire-and-secure-industrial-land-in-ogun,Sanity dotted hidden/source record,blog,yes,complete,yes,yes,existing hidden/source record retained,yes before publication,dry-run only,current-law or procedure-sensitive topic,lawyer review required,no configured redirect conflict detected,keep hidden for cleanup/lawyer review,0,Bulk track records recovered source availability first; publication remains gated.
https://chamanlawfirm.com/8-steps-to-enforce-court-judgments-innigeria,Steps to Enforce Court Judgments in Nigeria,8-steps-to-enforce-court-judgments-innigeria,Sanity dotted hidden/source record,blog,yes,complete,yes,yes,existing hidden/source record retained,yes before publication,dry-run only,current-law or procedure-sensitive topic,lawyer review required,no configured redirect conflict detected,keep hidden for cleanup/lawyer review,0,Bulk track records recovered source availability first; publication remains gated.
https://chamanlawfirm.com/remedies-for-breach-of-maritime-contracts,Remedies For Breach Of Maritime Contracts,remedies-for-breach-of-maritime-contracts,Sanity dotted hidden/source record,blog,yes,complete,no,yes,existing hidden/source record retained,yes before publication,dry-run only,current-law or procedure-sensitive topic,lawyer review required,no configured redirect conflict detected,keep hidden for cleanup/lawyer review,0,Bulk track records recovered source availability first; publication remains gated.
https://chamanlawfirm.com/the-impact-of-the-land-use-act-on-land-allocation-for-public-marketplaces-in-nigeria,The Impact Of The Land Use Act On Land Allocation For Public Marketplaces In Nigeria,the-impact-of-the-land-use-act-on-land-allocation-for-public-marketplaces-in-nigeria,Sanity dotted hidden/source record,blog,yes,complete,no,yes,existing hidden/source record retained,yes before publication,dry-run only,current-law or procedure-sensitive topic,lawyer review required,no configured redirect conflict detected,keep hidden for cleanup/lawyer review,0,Bulk track records recovered source availability first; publication remains gated.
https://chamanlawfirm.com/intellectual-property-rights,Intellectual Property Rights,intellectual-property-rights,Sanity dotted hidden/source record,blog,yes,thin/needs cleanup,no,yes,existing hidden/source record retained,yes before publication,dry-run only,low automated risk,low automated risk,no configured redirect conflict detected,keep hidden for cleanup/lawyer review,0,Bulk track records recovered source availability first; publication remains gated.
https://chamanlawfirm.com/roles-of-a-cybercrime-lawyer-in-nigeria,Roles of a Cybercrime Lawyer in Nigeria,roles-of-a-cybercrime-lawyer-in-nigeria,Sanity dotted hidden/source record,blog,yes,complete,yes,yes,existing hidden/source record retained,yes before publication,dry-run only,current-law or procedure-sensitive topic,lawyer review required,no configured redirect conflict detected,keep hidden for cleanup/lawyer review,0,Bulk track records recovered source availability first; publication remains gated.
https://chamanlawfirm.com/dealing-with-land-encroachment-in-ogun-state,Dealing With Land Encroachment In Ogun State,dealing-with-land-encroachment-in-ogun-state,Sanity dotted hidden/source record,blog,yes,complete,no,yes,existing hidden/source record retained,yes before publication,dry-run only,possible unsafe self-help wording; current-law or procedure-sensitive topic; dispute-resolution wording requires lawyer review; unsupported outcome claim,lawyer review required,no configured redirect conflict detected,keep hidden for cleanup/lawyer review,0,Bulk track records recovered source availability first; publication remains gated.
https://chamanlawfirm.com/effects-of-exchange-of-contract,Effects of Exchange of Contract in Property Transactions,effects-of-exchange-of-contract,Sanity dotted hidden/source record,blog,yes,complete,yes,yes,existing hidden/source record retained,yes before publication,dry-run only,low automated risk,low automated risk,no configured redirect conflict detected,candidate for fast publish review,0,Bulk track records recovered source availability first; publication remains gated.
https://chamanlawfirm.com/hidden-costs-when-buying-land-in-lagos,Hidden Costs When Buying Land In Lagos,hidden-costs-when-buying-land-in-lagos,Sanity dotted hidden/source record,blog,yes,complete,no,yes,existing hidden/source record retained,yes before publication,dry-run only,current-law or procedure-sensitive topic,lawyer review required,no configured redirect conflict detected,keep hidden for cleanup/lawyer review,0,Bulk track records recovered source availability first; publication remains gated.
https://chamanlawfirm.com/floodplain-management-under-the-land-use-act,Floodplain Management Under the Land Use Act in Nigeria,floodplain-management-under-the-land-use-act,Sanity dotted hidden/source record,blog,yes,complete,yes,yes,existing hidden/source record retained,yes before publication,dry-run only,current-law or procedure-sensitive topic,lawyer review required,no configured redirect conflict detected,keep hidden for cleanup/lawyer review,0,Bulk track records recovered source availability first; publication remains gated.
https://chamanlawfirm.com/the-central-bank-of-nigeria-in-debt-recovery,The Central Bank Of Nigeria In Debt Recovery,the-central-bank-of-nigeria-in-debt-recovery,Sanity dotted hidden/source record,blog,yes,complete,no,yes,existing hidden/source record retained,yes before publication,dry-run only,low automated risk,low automated risk,no configured redirect conflict detected,keep hidden for cleanup/lawyer review,0,Bulk track records recovered source availability first; publication remains gated.
https://chamanlawfirm.com/ways-nigerian-lawprotectstherightsofchildren,Ways Nigerian Lawprotectstherightsofchildren,ways-nigerian-lawprotectstherightsofchildren,Sanity dotted hidden/source record,blog,yes,complete,no,yes,existing hidden/source record retained,yes before publication,dry-run only,family-status topic requires lawyer review,low automated risk,no configured redirect conflict detected,keep hidden for cleanup/lawyer review,0,Bulk track records recovered source availability first; publication remains gated.
https://chamanlawfirm.com/what-is-the-cost-of-perfecting-land-titles-2,Cost of Perfecting Land Titles in Nigeria,what-is-the-cost-of-perfecting-land-titles-2,Sanity dotted hidden/source record,blog,yes,complete,yes,yes,existing hidden/source record retained,yes before publication,dry-run only,current-law or procedure-sensitive topic,lawyer review required,no configured redirect conflict detected,keep hidden for cleanup/lawyer review,0,Bulk track records recovered source availability first; publication remains gated.
https://chamanlawfirm.com/the-custody-of-a-child-under-nigerian-law,The Custody Of A Child Under Nigerian Law,the-custody-of-a-child-under-nigerian-law,Sanity dotted hidden/source record,blog,yes,complete,no,yes,existing hidden/source record retained,yes before publication,dry-run only,family-status topic requires lawyer review,low automated risk,no configured redirect conflict detected,keep hidden for cleanup/lawyer review,0,Bulk track records recovered source availability first; publication remains gated.
https://chamanlawfirm.com/what-are-the-best-mechanism-in-recovery-of-debt,What Are The Best Mechanism In Recovery Of Debt,what-are-the-best-mechanism-in-recovery-of-debt,Sanity dotted hidden/source record,blog,yes,complete,no,yes,existing hidden/source record retained,yes before publication,dry-run only,current-law or procedure-sensitive topic; unsupported outcome claim,lawyer review required,no configured redirect conflict detected,keep hidden for cleanup/lawyer review,0,Bulk track records recovered source availability first; publication remains gated.
https://chamanlawfirm.com/what-is-the-relationship-between-mining-activities-and-the-land-use-act,What Is The Relationship Between Mining Activities And The Land Use Act,what-is-the-relationship-between-mining-activities-and-the-land-use-act,Sanity dotted hidden/source record,blog,yes,complete,no,yes,existing hidden/source record retained,yes before publication,dry-run only,low automated risk,low automated risk,no configured redirect conflict detected,keep hidden for cleanup/lawyer review,0,Bulk track records recovered source availability first; publication remains gated.
https://chamanlawfirm.com/what-is-the-process-of-obtaining-a-c-of-o,Process of Obtaining a Certificate of Occupancy in Nigeria,what-is-the-process-of-obtaining-a-c-of-o,Sanity dotted hidden/source record,blog,yes,complete,yes,yes,existing hidden/source record retained,yes before publication,dry-run only,current-law or procedure-sensitive topic; unsupported outcome claim,lawyer review required,no configured redirect conflict detected,keep hidden for cleanup/lawyer review,0,Bulk track records recovered source availability first; publication remains gated.
https://chamanlawfirm.com/difference-between-c-of-o-and-governors-consent,Difference Between C of O and Governor's Consent,difference-between-c-of-o-and-governors-consent,Sanity dotted hidden/source record,blog,yes,complete,yes,yes,existing hidden/source record retained,yes before publication,dry-run only,current-law or procedure-sensitive topic; unsupported outcome claim,lawyer review required,no configured redirect conflict detected,keep hidden for cleanup/lawyer review,0,Bulk track records recovered source availability first; publication remains gated.
https://chamanlawfirm.com/cyber-crime-investigation-techniques,Cybercrime Investigation Techniques in Nigeria,cyber-crime-investigation-techniques,Sanity dotted hidden/source record,blog,yes,complete,yes,yes,existing hidden/source record retained,yes before publication,dry-run only,current-law or procedure-sensitive topic,lawyer review required,no configured redirect conflict detected,keep hidden for cleanup/lawyer review,0,Bulk track records recovered source availability first; publication remains gated.
https://chamanlawfirm.com/family-law-issues-for-expatriate-families,Family Law Issues for Expatriate Families in Nigeria,family-law-issues-for-expatriate-families,Sanity dotted hidden/source record,blog,yes,complete,yes,yes,existing hidden/source record retained,yes before publication,dry-run only,family-status topic requires lawyer review,low automated risk,no configured redirect conflict detected,keep hidden for cleanup/lawyer review,0,Bulk track records recovered source availability first; publication remains gated.
https://chamanlawfirm.com/how-to-handle-land-encroachment-in-lagos,How To Handle Land Encroachment In Lagos,how-to-handle-land-encroachment-in-lagos,Sanity dotted hidden/source record,blog,yes,complete,no,yes,existing hidden/source record retained,yes before publication,dry-run only,current-law or procedure-sensitive topic,lawyer review required,no configured redirect conflict detected,keep hidden for cleanup/lawyer review,0,Bulk track records recovered source availability first; publication remains gated.
https://chamanlawfirm.com/the-role-of-town-planners-in-land-allocation-under-the-land-use-act,Role of Town Planners in Land Allocation Under the Land Use Act,the-role-of-town-planners-in-land-allocation-under-the-land-use-act,Sanity dotted hidden/source record,blog,yes,complete,yes,yes,existing hidden/source record retained,yes before publication,dry-run only,low automated risk,low automated risk,no configured redirect conflict detected,candidate for fast publish review,0,Bulk track records recovered source availability first; publication remains gated.
https://chamanlawfirm.com/ways-to-resolve-property-disputes-in-ogun,Ways to Resolve Property Disputes in Ogun State,ways-to-resolve-property-disputes-in-ogun,Sanity dotted hidden/source record,blog,yes,complete,yes,yes,existing hidden/source record retained,yes before publication,dry-run only,possible unsafe self-help wording; dispute-resolution wording requires lawyer review,low automated risk,no configured redirect conflict detected,keep hidden for cleanup/lawyer review,0,Bulk track records recovered source availability first; publication remains gated.
https://chamanlawfirm.com/land-encumbrances-and-burdens-be-addressed,Land Encumbrances And Burdens Be Addressed,land-encumbrances-and-burdens-be-addressed,Sanity dotted hidden/source record,blog,yes,complete,no,yes,existing hidden/source record retained,yes before publication,dry-run only,low automated risk,low automated risk,no configured redirect conflict detected,keep hidden for cleanup/lawyer review,0,Bulk track records recovered source availability first; publication remains gated.
https://chamanlawfirm.com/tax-clearance-in-lagos-for-property-sales,Tax Clearance In Lagos For Property Sales,tax-clearance-in-lagos-for-property-sales,Sanity dotted hidden/source record,blog,yes,complete,no,yes,existing hidden/source record retained,yes before publication,dry-run only,off-brand/property-sales wording; current-law or procedure-sensitive topic,lawyer review required,no configured redirect conflict detected,keep hidden for cleanup/lawyer review,0,Bulk track records recovered source availability first; publication remains gated.
https://chamanlawfirm.com/8-step-business-registration-process-in-lag,Business Registration Process in Lagos,8-step-business-registration-process-in-lag,Sanity dotted hidden/source record,blog,yes,complete,yes,yes,existing hidden/source record retained,yes before publication,dry-run only,low automated risk,low automated risk,no configured redirect conflict detected,candidate for fast publish review,0,Bulk track records recovered source availability first; publication remains gated.
https://chamanlawfirm.com/capital-gains-tax-a-step-by-step-guide,Capital Gains Tax A Step By Step Guide,capital-gains-tax-a-step-by-step-guide,Sanity dotted hidden/source record,blog,yes,complete,no,yes,existing hidden/source record retained,yes before publication,dry-run only,off-brand/property-sales wording; current-law or procedure-sensitive topic,lawyer review required,no configured redirect conflict detected,keep hidden for cleanup/lawyer review,0,Bulk track records recovered source availability first; publication remains gated.
https://chamanlawfirm.com/property-recovery-reclaim-your-rental-space,Property Recovery Reclaim Your Rental Space,property-recovery-reclaim-your-rental-space,Sanity dotted hidden/source record,blog,yes,complete,no,yes,existing hidden/source record retained,yes before publication,dry-run only,possible unsafe self-help wording; current-law or procedure-sensitive topic,lawyer review required,no configured redirect conflict detected,keep hidden for cleanup/lawyer review,0,Bulk track records recovered source availability first; publication remains gated.
https://chamanlawfirm.com/legal-pitfalls-in-debt-recovery,Legal Pitfalls in Debt Recovery in Nigeria,legal-pitfalls-in-debt-recovery,Sanity dotted hidden/source record,blog,yes,complete,yes,yes,existing hidden/source record retained,yes before publication,dry-run only,possible unsafe self-help wording; current-law or procedure-sensitive topic,lawyer review required,no configured redirect conflict detected,keep hidden for cleanup/lawyer review,0,Bulk track records recovered source availability first; publication remains gated.
https://chamanlawfirm.com/proven-steps-how-to-file-patent-in-nigeria,How to File a Patent in Nigeria,proven-steps-how-to-file-patent-in-nigeria,Sanity dotted hidden/source record,blog,yes,complete,yes,yes,existing hidden/source record retained,yes before publication,dry-run only,current-law or procedure-sensitive topic,lawyer review required,no configured redirect conflict detected,keep hidden for cleanup/lawyer review,0,Bulk track records recovered source availability first; publication remains gated.
https://chamanlawfirm.com/debt-recovery-in-banking-sector,Debt Recovery in the Banking Sector in Nigeria,debt-recovery-in-banking-sector,Sanity dotted hidden/source record,blog,yes,complete,yes,yes,existing hidden/source record retained,yes before publication,dry-run only,unsupported outcome claim,low automated risk,no configured redirect conflict detected,keep hidden for cleanup/lawyer review,0,Bulk track records recovered source availability first; publication remains gated.
https://chamanlawfirm.com/legal-aspects-of-commercial-litigation,Legal Aspects of Commercial Litigation in Nigeria,legal-aspects-of-commercial-litigation,Sanity dotted hidden/source record,blog,yes,complete,yes,yes,existing hidden/source record retained,yes before publication,dry-run only,unsupported outcome claim,low automated risk,no configured redirect conflict detected,keep hidden for cleanup/lawyer review,0,Bulk track records recovered source availability first; publication remains gated.
https://chamanlawfirm.com/what-are-the-property-taxes-in-ogun-state,What Are The Property Taxes In Ogun State,what-are-the-property-taxes-in-ogun-state,Sanity dotted hidden/source record,blog,yes,complete,no,yes,existing hidden/source record retained,yes before publication,dry-run only,current-law or procedure-sensitive topic,lawyer review required,no configured redirect conflict detected,keep hidden for cleanup/lawyer review,0,Bulk track records recovered source availability first; publication remains gated.
https://chamanlawfirm.com/proven-steps-on-capacity-to-make-a-will,Capacity to Make a Will in Nigeria,proven-steps-on-capacity-to-make-a-will,Sanity dotted hidden/source record,blog,yes,complete,yes,yes,existing hidden/source record retained,yes before publication,dry-run only,low automated risk,low automated risk,no configured redirect conflict detected,candidate for fast publish review,0,Bulk track records recovered source availability first; publication remains gated.
https://chamanlawfirm.com/landlord-and-tenant-relationship-on-property,Landlord and Tenant Relationship in Property Law,landlord-and-tenant-relationship-on-property,Sanity dotted hidden/source record,blog,yes,complete,yes,yes,existing hidden/source record retained,yes before publication,dry-run only,current-law or procedure-sensitive topic,lawyer review required,no configured redirect conflict detected,keep hidden for cleanup/lawyer review,0,Bulk track records recovered source availability first; publication remains gated.
https://chamanlawfirm.com/the-process-of-transferring-land-in-nigeria,Process of Transferring Land in Nigeria,the-process-of-transferring-land-in-nigeria,Sanity dotted hidden/source record,blog,yes,complete,yes,yes,existing hidden/source record retained,yes before publication,dry-run only,current-law or procedure-sensitive topic,lawyer review required,no configured redirect conflict detected,keep hidden for cleanup/lawyer review,0,Bulk track records recovered source availability first; publication remains gated.
https://chamanlawfirm.com/4-proven-cross-border-cybercrime-issues,Cross-Border Cybercrime Issues in Nigeria,4-proven-cross-border-cybercrime-issues,Sanity dotted hidden/source record,blog,yes,complete,yes,yes,existing hidden/source record retained,yes before publication,dry-run only,current-law or procedure-sensitive topic,lawyer review required,no configured redirect conflict detected,keep hidden for cleanup/lawyer review,0,Bulk track records recovered source availability first; publication remains gated.
https://chamanlawfirm.com/nigeria-visa-on-arrival-policy-eligibility,Nigeria Visa On Arrival Policy Eligibility,nigeria-visa-on-arrival-policy-eligibility,Sanity dotted hidden/source record,blog,yes,complete,no,yes,existing hidden/source record retained,yes before publication,dry-run only,current-law or procedure-sensitive topic,lawyer review required,no configured redirect conflict detected,keep hidden for cleanup/lawyer review,0,Bulk track records recovered source availability first; publication remains gated.
https://chamanlawfirm.com/contractual-dispute-resolution,Contractual Dispute Resolution in Nigeria,contractual-dispute-resolution,Sanity dotted hidden/source record,blog,yes,complete,yes,yes,existing hidden/source record retained,yes before publication,dry-run only,low automated risk,low automated risk,no configured redirect conflict detected,candidate for fast publish review,0,Bulk track records recovered source availability first; publication remains gated.
https://chamanlawfirm.com/fast-track-your-probate-process-in-nigeria,Fast Track Your Probate Process In Nigeria,fast-track-your-probate-process-in-nigeria,Sanity dotted hidden/source record,blog,yes,complete,no,yes,existing hidden/source record retained,yes before publication,dry-run only,current-law or procedure-sensitive topic,lawyer review required,no configured redirect conflict detected,keep hidden for cleanup/lawyer review,0,Bulk track records recovered source availability first; publication remains gated.
https://chamanlawfirm.com/why-do-i-need-a-family-lawyer-in-nigeria,Why Do I Need A Family Lawyer In Nigeria,why-do-i-need-a-family-lawyer-in-nigeria,Sanity dotted hidden/source record,blog,yes,complete,no,yes,existing hidden/source record retained,yes before publication,dry-run only,current-law or procedure-sensitive topic; family-status topic requires lawyer review; dispute-resolution wording requires lawyer review,lawyer review required,no configured redirect conflict detected,keep hidden for cleanup/lawyer review,0,Bulk track records recovered source availability first; publication remains gated.
https://chamanlawfirm.com/the-land-use-act-relate-to-land-conflicts,How the Land Use Act Relates to Land Conflicts,the-land-use-act-relate-to-land-conflicts,Sanity dotted hidden/source record,blog,yes,complete,yes,yes,existing hidden/source record retained,yes before publication,dry-run only,current-law or procedure-sensitive topic; dispute-resolution wording requires lawyer review,lawyer review required,no configured redirect conflict detected,keep hidden for cleanup/lawyer review,0,Bulk track records recovered source availability first; publication remains gated.
https://chamanlawfirm.com/consumer-contracts-and-guarantee,Consumer Contracts And Guarantee,consumer-contracts-and-guarantee,Sanity dotted hidden/source record,blog,yes,complete,no,yes,existing hidden/source record retained,yes before publication,dry-run only,unsupported outcome claim,low automated risk,no configured redirect conflict detected,keep hidden for cleanup/lawyer review,0,Bulk track records recovered source availability first; publication remains gated.
https://chamanlawfirm.com/mastering-nigerian-company-law-essentialstep,Essential Steps in Nigerian Company Law,mastering-nigerian-company-law-essentialstep,Sanity dotted hidden/source record,blog,yes,complete,yes,yes,existing hidden/source record retained,yes before publication,dry-run only,unsupported outcome claim,low automated risk,no configured redirect conflict detected,keep hidden for cleanup/lawyer review,0,Bulk track records recovered source availability first; publication remains gated.
https://chamanlawfirm.com/letter-of-administration-vs-grant-of-probate,Letter Of Administration Vs Grant Of Probate,letter-of-administration-vs-grant-of-probate,Sanity dotted hidden/source record,blog,yes,complete,no,yes,existing hidden/source record retained,yes before publication,dry-run only,low automated risk,low automated risk,no configured redirect conflict detected,keep hidden for cleanup/lawyer review,0,Bulk track records recovered source availability first; publication remains gated.
https://chamanlawfirm.com/how-does-the-land-use-act-influence-real-estate-development,How the Land Use Act Influences Real Estate Development,how-does-the-land-use-act-influence-real-estate-development,Sanity dotted hidden/source record,blog,yes,complete,yes,yes,existing hidden/source record retained,yes before publication,dry-run only,low automated risk,low automated risk,no configured redirect conflict detected,candidate for fast publish review,0,Bulk track records recovered source availability first; publication remains gated.
https://chamanlawfirm.com/company-registration-in-nigeria,Company Registration in Nigeria,company-registration-in-nigeria,Sanity dotted hidden/source record,blog,yes,complete,yes,yes,existing hidden/source record retained,yes before publication,dry-run only,current-law or procedure-sensitive topic,lawyer review required,no configured redirect conflict detected,keep hidden for cleanup/lawyer review,0,Bulk track records recovered source availability first; publication remains gated.
https://chamanlawfirm.com/land-tenure-systems-coexist-with-statutory-land,How Land Tenure Systems Coexist With Statutory Land Ownership,land-tenure-systems-coexist-with-statutory-land,Sanity dotted hidden/source record,blog,yes,complete,yes,yes,existing hidden/source record retained,yes before publication,dry-run only,current-law or procedure-sensitive topic; dispute-resolution wording requires lawyer review,lawyer review required,no configured redirect conflict detected,keep hidden for cleanup/lawyer review,0,Bulk track records recovered source availability first; publication remains gated.
https://chamanlawfirm.com/effective-legal-framework-for-loan-recovery,Effective Legal Framework For Loan Recovery,effective-legal-framework-for-loan-recovery,Sanity dotted hidden/source record,blog,yes,thin/needs cleanup,no,yes,existing hidden/source record retained,yes before publication,dry-run only,low automated risk,low automated risk,no configured redirect conflict detected,keep hidden for cleanup/lawyer review,0,Bulk track records recovered source availability first; publication remains gated.
https://chamanlawfirm.com/the-cyber-crime-investigation-procedure,Cybercrime Investigation Procedure in Nigeria,the-cyber-crime-investigation-procedure,Sanity dotted hidden/source record,blog,yes,complete,yes,yes,existing hidden/source record retained,yes before publication,dry-run only,current-law or procedure-sensitive topic,lawyer review required,no configured redirect conflict detected,keep hidden for cleanup/lawyer review,0,Bulk track records recovered source availability first; publication remains gated.
https://chamanlawfirm.com/aim-to-improve-land-titles-and-ownership,Reforms to Improve Land Titles and Ownership in Nigeria,aim-to-improve-land-titles-and-ownership,Sanity dotted hidden/source record,blog,yes,complete,yes,yes,existing hidden/source record retained,yes before publication,dry-run only,current-law or procedure-sensitive topic; dispute-resolution wording requires lawyer review,lawyer review required,no configured redirect conflict detected,keep hidden for cleanup/lawyer review,0,Bulk track records recovered source availability first; publication remains gated.
https://chamanlawfirm.com/investigating-title-in-property-transaction,Investigating Title in Property Transactions,investigating-title-in-property-transaction,Sanity dotted hidden/source record,blog,yes,complete,yes,yes,existing hidden/source record retained,yes before publication,dry-run only,low automated risk,low automated risk,no configured redirect conflict detected,candidate for fast publish review,0,Bulk track records recovered source availability first; publication remains gated.
https://chamanlawfirm.com/challenging-forged-property-documents-in-lagos,Challenging Forged Property Documents in Lagos,challenging-forged-property-documents-in-lagos,Sanity dotted hidden/source record,blog,yes,complete,yes,yes,existing hidden/source record retained,yes before publication,dry-run only,current-law or procedure-sensitive topic,lawyer review required,no configured redirect conflict detected,keep hidden for cleanup/lawyer review,0,Bulk track records recovered source availability first; publication remains gated.
https://chamanlawfirm.com/child-education-and-religious-upbringing,Child Education And Religious Upbringing,child-education-and-religious-upbringing,Sanity dotted hidden/source record,blog,yes,complete,no,yes,existing hidden/source record retained,yes before publication,dry-run only,misleading free-service wording; family-status topic requires lawyer review; unsupported outcome claim,low automated risk,no configured redirect conflict detected,keep hidden for cleanup/lawyer review,0,Bulk track records recovered source availability first; publication remains gated.
https://chamanlawfirm.com/process-probate-in-ogun-state-chaman-law-firm,Process Probate In Ogun State Chaman Law Firm,process-probate-in-ogun-state-chaman-law-firm,Sanity dotted hidden/source record,blog,yes,complete,no,yes,existing hidden/source record retained,yes before publication,dry-run only,unsupported outcome claim,low automated risk,no configured redirect conflict detected,keep hidden for cleanup/lawyer review,0,Bulk track records recovered source availability first; publication remains gated.
https://chamanlawfirm.com/how-long-does-a-title-search-take-in-nigeria,How Long Does A Title Search Take In Nigeria,how-long-does-a-title-search-take-in-nigeria,Sanity dotted hidden/source record,blog,yes,complete,no,yes,existing hidden/source record retained,yes before publication,dry-run only,low automated risk,low automated risk,no configured redirect conflict detected,keep hidden for cleanup/lawyer review,0,Bulk track records recovered source availability first; publication remains gated.
https://chamanlawfirm.com/how-can-issues-of-land-fraud-and-illegal-land-transactions-be-addressed-in-nigeria,Addressing Land Fraud and Illegal Land Transactions in Nigeria,how-can-issues-of-land-fraud-and-illegal-land-transactions-be-addressed-in-nigeria,Sanity dotted hidden/source record,blog,yes,complete,yes,yes,existing hidden/source record retained,yes before publication,dry-run only,low automated risk,low automated risk,no configured redirect conflict detected,candidate for fast publish review,0,Bulk track records recovered source availability first; publication remains gated.
https://chamanlawfirm.com/how-to-register-a-company-in-nigeria-2024,How to Register a Company in Nigeria,how-to-register-a-company-in-nigeria-2024,Sanity dotted hidden/source record,blog,yes,complete,yes,yes,existing hidden/source record retained,yes before publication,dry-run only,low automated risk,low automated risk,no configured redirect conflict detected,candidate for fast publish review,0,Bulk track records recovered source availability first; publication remains gated.
https://chamanlawfirm.com/duties-of-company-board-of-directors,Duties of Company Board Directors in Nigeria,duties-of-company-board-of-directors,Sanity dotted hidden/source record,blog,yes,complete,yes,yes,existing hidden/source record retained,yes before publication,dry-run only,low automated risk,low automated risk,no configured redirect conflict detected,candidate for fast publish review,0,Bulk track records recovered source availability first; publication remains gated.
https://chamanlawfirm.com/how-do-i-process-probate-for-an-estate,How Do I Process Probate For An Estate,how-do-i-process-probate-for-an-estate,Sanity dotted hidden/source record,blog,yes,complete,no,yes,existing hidden/source record retained,yes before publication,dry-run only,unsupported outcome claim,low automated risk,no configured redirect conflict detected,keep hidden for cleanup/lawyer review,0,Bulk track records recovered source availability first; publication remains gated.
https://chamanlawfirm.com/10-proven-insights-into-tenancy-law-in-lago,10 Proven Insights Into Tenancy Law In Lago,10-proven-insights-into-tenancy-law-in-lago,Sanity dotted hidden/source record,blog,yes,complete,no,yes,existing hidden/source record retained,yes before publication,dry-run only,current-law or procedure-sensitive topic,lawyer review required,no configured redirect conflict detected,keep hidden for cleanup/lawyer review,0,Bulk track records recovered source availability first; publication remains gated.
https://chamanlawfirm.com/termination-of-construction-contracts,Termination Of Construction Contracts,termination-of-construction-contracts,Sanity dotted hidden/source record,blog,yes,complete,no,yes,existing hidden/source record retained,yes before publication,dry-run only,low automated risk,low automated risk,no configured redirect conflict detected,keep hidden for cleanup/lawyer review,0,Bulk track records recovered source availability first; publication remains gated.
https://chamanlawfirm.com/steps-on-how-to-company-in-nigeria,Steps On How To Company In Nigeria,steps-on-how-to-company-in-nigeria,Sanity dotted hidden/source record,blog,yes,complete,no,yes,existing hidden/source record retained,yes before publication,dry-run only,low automated risk,low automated risk,no configured redirect conflict detected,keep hidden for cleanup/lawyer review,0,Bulk track records recovered source availability first; publication remains gated.
https://chamanlawfirm.com/foreigners-visa-challenges-in-nigeria,Foreigners Visa Challenges In Nigeria,foreigners-visa-challenges-in-nigeria,Sanity dotted hidden/source record,blog,yes,complete,no,yes,existing hidden/source record retained,yes before publication,dry-run only,current-law or procedure-sensitive topic,lawyer review required,no configured redirect conflict detected,keep hidden for cleanup/lawyer review,0,Bulk track records recovered source availability first; publication remains gated.
https://chamanlawfirm.com/compliance-with-debt-recovery-regulations,Compliance With Debt Recovery Regulations in Nigeria,compliance-with-debt-recovery-regulations,Sanity dotted hidden/source record,blog,yes,complete,yes,yes,existing hidden/source record retained,yes before publication,dry-run only,low automated risk,low automated risk,no configured redirect conflict detected,candidate for fast publish review,0,Bulk track records recovered source availability first; publication remains gated.
https://chamanlawfirm.com/due-diligence-in-real-estate-transaction,Due Diligence in Real Estate Transactions,due-diligence-in-real-estate-transaction,Sanity dotted hidden/source record,blog,yes,complete,yes,yes,existing hidden/source record retained,yes before publication,dry-run only,current-law or procedure-sensitive topic; unsupported outcome claim,lawyer review required,no configured redirect conflict detected,keep hidden for cleanup/lawyer review,0,Bulk track records recovered source availability first; publication remains gated.
https://chamanlawfirm.com/invest-in-land-banking-or-developed-estates,Invest In Land Banking Or Developed Estates,invest-in-land-banking-or-developed-estates,Sanity dotted hidden/source record,blog,yes,complete,no,yes,existing hidden/source record retained,yes before publication,dry-run only,current-law or procedure-sensitive topic,lawyer review required,no configured redirect conflict detected,keep hidden for cleanup/lawyer review,0,Bulk track records recovered source availability first; publication remains gated.
https://chamanlawfirm.com/key-differences-explained-deeds-chaman-law-firm,Key Differences Explained Deeds Chaman Law Firm,key-differences-explained-deeds-chaman-law-firm,Sanity dotted hidden/source record,blog,yes,complete,no,yes,existing hidden/source record retained,yes before publication,dry-run only,current-law or procedure-sensitive topic,lawyer review required,no configured redirect conflict detected,keep hidden for cleanup/lawyer review,0,Bulk track records recovered source availability first; publication remains gated.
https://chamanlawfirm.com/the-role-of-lawyers-in-debt-recovery-5-keys,Role of Lawyers in Debt Recovery in Nigeria,the-role-of-lawyers-in-debt-recovery-5-keys,Sanity dotted hidden/source record,blog,yes,complete,yes,yes,existing hidden/source record retained,yes before publication,dry-run only,unsupported outcome claim,low automated risk,no configured redirect conflict detected,keep hidden for cleanup/lawyer review,0,Bulk track records recovered source availability first; publication remains gated.
https://chamanlawfirm.com/intellectual-property-in-franchise-operations,Intellectual Property in Franchise Operations,intellectual-property-in-franchise-operations,Sanity dotted hidden/source record,blog,yes,complete,yes,yes,existing hidden/source record retained,yes before publication,dry-run only,low automated risk,low automated risk,no configured redirect conflict detected,candidate for fast publish review,0,Bulk track records recovered source availability first; publication remains gated.
https://chamanlawfirm.com/powerful-step-buying-family-land-in-lagos,Powerful Step Buying Family Land In Lagos,powerful-step-buying-family-land-in-lagos,Sanity dotted hidden/source record,blog,yes,complete,no,yes,existing hidden/source record retained,yes before publication,dry-run only,current-law or procedure-sensitive topic; dispute-resolution wording requires lawyer review,lawyer review required,no configured redirect conflict detected,keep hidden for cleanup/lawyer review,0,Bulk track records recovered source availability first; publication remains gated.
https://chamanlawfirm.com/the-role-of-real-estate-investment-trusts,The Role Of Real Estate Investment Trusts,the-role-of-real-estate-investment-trusts,Sanity dotted hidden/source record,blog,yes,complete,no,yes,existing hidden/source record retained,yes before publication,dry-run only,current-law or procedure-sensitive topic,lawyer review required,no configured redirect conflict detected,keep hidden for cleanup/lawyer review,0,Bulk track records recovered source availability first; publication remains gated.
https://chamanlawfirm.com/5-ways-to-avoid-property-scam-in-nigeria,5 Ways To Avoid Property Scam In Nigeria,5-ways-to-avoid-property-scam-in-nigeria,Sanity dotted hidden/source record,blog,yes,complete,no,yes,existing hidden/source record retained,yes before publication,dry-run only,low automated risk,low automated risk,no configured redirect conflict detected,keep hidden for cleanup/lawyer review,0,Bulk track records recovered source availability first; publication remains gated.
https://chamanlawfirm.com/disputes-arising-from-property-ownership,Disputes Arising From Property Ownership in Nigeria,disputes-arising-from-property-ownership,Sanity dotted hidden/source record,blog,yes,complete,yes,yes,existing hidden/source record retained,yes before publication,dry-run only,current-law or procedure-sensitive topic; family-status topic requires lawyer review; dispute-resolution wording requires lawyer review,lawyer review required,no configured redirect conflict detected,keep hidden for cleanup/lawyer review,0,Bulk track records recovered source availability first; publication remains gated.
https://chamanlawfirm.com/corporate-fraud-and-mismanagement,Corporate Fraud and Mismanagement in Nigeria,corporate-fraud-and-mismanagement,Sanity dotted hidden/source record,blog,yes,complete,yes,yes,existing hidden/source record retained,yes before publication,dry-run only,low automated risk,low automated risk,no configured redirect conflict detected,candidate for fast publish review,0,Bulk track records recovered source availability first; publication remains gated.
https://chamanlawfirm.com/environmental-law-and-corporate,Environmental Law And Corporate,environmental-law-and-corporate,Sanity dotted hidden/source record,blog,yes,thin/needs cleanup,no,yes,existing hidden/source record retained,yes before publication,dry-run only,current-law or procedure-sensitive topic,lawyer review required,no configured redirect conflict detected,keep hidden for cleanup/lawyer review,0,Bulk track records recovered source availability first; publication remains gated.
https://chamanlawfirm.com/corporate-governance-failures-on-debt,Corporate Governance Failures On Debt,corporate-governance-failures-on-debt,Sanity dotted hidden/source record,blog,yes,complete,no,yes,existing hidden/source record retained,yes before publication,dry-run only,current-law or procedure-sensitive topic; unsupported outcome claim,lawyer review required,no configured redirect conflict detected,keep hidden for cleanup/lawyer review,0,Bulk track records recovered source availability first; publication remains gated.
https://chamanlawfirm.com/available-remedies-in-civil-litigation,Available Remedies In Civil Litigation,available-remedies-in-civil-litigation,Sanity dotted hidden/source record,blog,yes,complete,no,yes,existing hidden/source record retained,yes before publication,dry-run only,low automated risk,low automated risk,no configured redirect conflict detected,keep hidden for cleanup/lawyer review,0,Bulk track records recovered source availability first; publication remains gated.
https://chamanlawfirm.com/legal-assistance-for-visa-appeals-5-step,Legal Assistance for Visa Appeals in Nigeria,legal-assistance-for-visa-appeals-5-step,Sanity dotted hidden/source record,blog,yes,complete,yes,yes,existing hidden/source record retained,yes before publication,dry-run only,current-law or procedure-sensitive topic,lawyer review required,no configured redirect conflict detected,keep hidden for cleanup/lawyer review,0,Bulk track records recovered source availability first; publication remains gated.
https://chamanlawfirm.com/thing-you-need-to-know-about-a-legal-will,What to Know About a Legal Will in Nigeria,thing-you-need-to-know-about-a-legal-will,Sanity dotted hidden/source record,blog,yes,complete,yes,yes,existing hidden/source record retained,yes before publication,dry-run only,low automated risk,low automated risk,no configured redirect conflict detected,candidate for fast publish review,0,Bulk track records recovered source availability first; publication remains gated.
https://chamanlawfirm.com/matrimonial-reliefs-in-nigeria,Matrimonial Reliefs In Nigeria,matrimonial-reliefs-in-nigeria,Sanity dotted hidden/source record,blog,yes,complete,no,yes,existing hidden/source record retained,yes before publication,dry-run only,family-status topic requires lawyer review,low automated risk,no configured redirect conflict detected,keep hidden for cleanup/lawyer review,0,Bulk track records recovered source availability first; publication remains gated.
https://chamanlawfirm.com/obtaining-land-titles-in-rural-areas,Obtaining Land Titles In Rural Areas,obtaining-land-titles-in-rural-areas,Sanity dotted hidden/source record,blog,yes,complete,no,yes,existing hidden/source record retained,yes before publication,dry-run only,current-law or procedure-sensitive topic; dispute-resolution wording requires lawyer review,lawyer review required,no configured redirect conflict detected,keep hidden for cleanup/lawyer review,0,Bulk track records recovered source availability first; publication remains gated.
https://chamanlawfirm.com/obtaining-letters-of-administration-in-ogun,Obtaining Letters Of Administration In Ogun,obtaining-letters-of-administration-in-ogun,Sanity dotted hidden/source record,blog,yes,complete,no,yes,existing hidden/source record retained,yes before publication,dry-run only,low automated risk,low automated risk,no configured redirect conflict detected,keep hidden for cleanup/lawyer review,0,Bulk track records recovered source availability first; publication remains gated.
https://chamanlawfirm.com/challenges-women-face-in-obtaining-land-titles,Challenges Women Face in Obtaining Land Titles in Nigeria,challenges-women-face-in-obtaining-land-titles,Sanity dotted hidden/source record,blog,yes,complete,yes,yes,existing hidden/source record retained,yes before publication,dry-run only,low automated risk,low automated risk,no configured redirect conflict detected,candidate for fast publish review,0,Bulk track records recovered source availability first; publication remains gated.
https://chamanlawfirm.com/what-are-the-implications-of-land-use-conversion-on-land-ownership-in-nigeria,What Are The Implications Of Land Use Conversion On Land Ownership In Nigeria,what-are-the-implications-of-land-use-conversion-on-land-ownership-in-nigeria,Sanity dotted hidden/source record,blog,yes,complete,no,yes,existing hidden/source record retained,yes before publication,dry-run only,low automated risk,low automated risk,no configured redirect conflict detected,keep hidden for cleanup/lawyer review,0,Bulk track records recovered source availability first; publication remains gated.
https://chamanlawfirm.com/digitization-impact-land-title-registration,Impact of Digitization on Land Title Registration,digitization-impact-land-title-registration,Sanity dotted hidden/source record,blog,yes,complete,yes,yes,existing hidden/source record retained,yes before publication,dry-run only,low automated risk,low automated risk,no configured redirect conflict detected,candidate for fast publish review,0,Bulk track records recovered source availability first; publication remains gated.
https://chamanlawfirm.com/newblogpost-ztnezvare-non-resident-companies-liable-to-tax-in-nigeria,Newblogpost Ztnezvare Non Resident Companies Liable To Tax In Nigeria,newblogpost-ztnezvare-non-resident-companies-liable-to-tax-in-nigeria,Sanity dotted hidden/source record,blog,yes,complete,no,yes,existing hidden/source record retained,yes before publication,dry-run only,current-law or procedure-sensitive topic,lawyer review required,no configured redirect conflict detected,keep hidden for cleanup/lawyer review,0,Bulk track records recovered source availability first; publication remains gated.
https://chamanlawfirm.com/a-will-made-abroad-cover-property-in-ogun,A Will Made Abroad Cover Property In Ogun,a-will-made-abroad-cover-property-in-ogun,Sanity dotted hidden/source record,blog,yes,complete,no,yes,existing hidden/source record retained,yes before publication,dry-run only,current-law or procedure-sensitive topic,lawyer review required,no configured redirect conflict detected,keep hidden for cleanup/lawyer review,0,Bulk track records recovered source availability first; publication remains gated.
https://chamanlawfirm.com/legally-binding-contracts,Legally Binding Contracts in Nigeria,legally-binding-contracts,Sanity dotted hidden/source record,blog,yes,complete,yes,yes,existing hidden/source record retained,yes before publication,dry-run only,unsupported outcome claim,low automated risk,no configured redirect conflict detected,keep hidden for cleanup/lawyer review,0,Bulk track records recovered source availability first; publication remains gated.
https://chamanlawfirm.com/why-is-lekki-the-best-location-for-luxury,Why Is Lekki The Best Location For Luxury,why-is-lekki-the-best-location-for-luxury,Sanity dotted hidden/source record,blog,yes,complete,no,yes,existing hidden/source record retained,yes before publication,dry-run only,off-brand/property-sales wording; current-law or procedure-sensitive topic; dispute-resolution wording requires lawyer review; unsupported outcome claim,lawyer review required,no configured redirect conflict detected,keep hidden for cleanup/lawyer review,0,Bulk track records recovered source availability first; publication remains gated.
https://chamanlawfirm.com/how-to-draft-a-commercial-contract-a-proven,How to Draft a Commercial Contract in Nigeria,how-to-draft-a-commercial-contract-a-proven,Sanity dotted hidden/source record,blog,yes,complete,yes,yes,existing hidden/source record retained,yes before publication,dry-run only,unsupported outcome claim,low automated risk,no configured redirect conflict detected,keep hidden for cleanup/lawyer review,0,Bulk track records recovered source availability first; publication remains gated.
https://chamanlawfirm.com/4-main-guide-to-land-ownership-in-nigeria,Guide to Land Ownership in Nigeria,4-main-guide-to-land-ownership-in-nigeria,Sanity dotted hidden/source record,blog,yes,complete,yes,yes,existing hidden/source record retained,yes before publication,dry-run only,current-law or procedure-sensitive topic; dispute-resolution wording requires lawyer review; unsupported outcome claim,lawyer review required,no configured redirect conflict detected,keep hidden for cleanup/lawyer review,0,Bulk track records recovered source availability first; publication remains gated.
https://chamanlawfirm.com/piracy-and-its-burden-on-copyright,Piracy and Copyright Protection in Nigeria,piracy-and-its-burden-on-copyright,Sanity dotted hidden/source record,blog,yes,complete,yes,yes,existing hidden/source record retained,yes before publication,dry-run only,low automated risk,low automated risk,no configured redirect conflict detected,candidate for fast publish review,0,Bulk track records recovered source availability first; publication remains gated.
https://chamanlawfirm.com/how-to-check-if-a-property-title-is-genuine,How to Check if a Property Title Is Genuine in Nigeria,how-to-check-if-a-property-title-is-genuine,Sanity dotted hidden/source record,blog,yes,complete,yes,yes,existing hidden/source record retained,yes before publication,dry-run only,current-law or procedure-sensitive topic; dispute-resolution wording requires lawyer review; unsupported outcome claim,lawyer review required,no configured redirect conflict detected,keep hidden for cleanup/lawyer review,0,Bulk track records recovered source availability first; publication remains gated.
https://chamanlawfirm.com/how-to-licence-a-trademark-in-nigeria,How To Licence A Trademark In Nigeria,how-to-licence-a-trademark-in-nigeria,Sanity dotted hidden/source record,blog,yes,complete,no,yes,existing hidden/source record retained,yes before publication,dry-run only,current-law or procedure-sensitive topic,lawyer review required,no configured redirect conflict detected,keep hidden for cleanup/lawyer review,0,Bulk track records recovered source availability first; publication remains gated.
https://chamanlawfirm.com/remedies-for-breach-of-property-contracts-in-lagos-a-legal-guide,Remedies for Breach of Property Contracts in Lagos,remedies-for-breach-of-property-contracts-in-lagos-a-legal-guide,Sanity dotted hidden/source record,blog,yes,complete,yes,yes,existing hidden/source record retained,yes before publication,dry-run only,current-law or procedure-sensitive topic,lawyer review required,no configured redirect conflict detected,keep hidden for cleanup/lawyer review,0,Bulk track records recovered source availability first; publication remains gated.
https://chamanlawfirm.com/insurance-in-construction-contracts,Insurance in Construction Contracts in Nigeria,insurance-in-construction-contracts,Sanity dotted hidden/source record,blog,yes,complete,yes,yes,existing hidden/source record retained,yes before publication,dry-run only,unsupported outcome claim,low automated risk,no configured redirect conflict detected,keep hidden for cleanup/lawyer review,0,Bulk track records recovered source availability first; publication remains gated.
https://chamanlawfirm.com/top-10-questions-about-probate-in-nigeria,Top 10 Questions About Probate In Nigeria,top-10-questions-about-probate-in-nigeria,Sanity dotted hidden/source record,blog,yes,complete,no,yes,existing hidden/source record retained,yes before publication,dry-run only,low automated risk,low automated risk,no configured redirect conflict detected,keep hidden for cleanup/lawyer review,0,Bulk track records recovered source availability first; publication remains gated.
https://chamanlawfirm.com/how-does-land-title-insurance-protect-property-owners-in-nigeria,How Land Title Insurance Protects Property Owners in Nigeria,how-does-land-title-insurance-protect-property-owners-in-nigeria,Sanity dotted hidden/source record,blog,yes,complete,yes,yes,existing hidden/source record retained,yes before publication,dry-run only,low automated risk,low automated risk,no configured redirect conflict detected,candidate for fast publish review,0,Bulk track records recovered source availability first; publication remains gated.
https://chamanlawfirm.com/corporate-tax-obligations-in-nigeria,Corporate Tax Obligations in Nigeria,corporate-tax-obligations-in-nigeria,Sanity dotted hidden/source record,blog,yes,complete,yes,yes,existing hidden/source record retained,yes before publication,dry-run only,current-law or procedure-sensitive topic,lawyer review required,no configured redirect conflict detected,keep hidden for cleanup/lawyer review,0,Bulk track records recovered source availability first; publication remains gated.
https://chamanlawfirm.com/what-is-the-legal-process-for-land-dispute,Legal Process for Land Disputes in Nigeria,what-is-the-legal-process-for-land-dispute,Sanity dotted hidden/source record,blog,yes,complete,yes,yes,existing hidden/source record retained,yes before publication,dry-run only,current-law or procedure-sensitive topic; dispute-resolution wording requires lawyer review,lawyer review required,no configured redirect conflict detected,keep hidden for cleanup/lawyer review,0,Bulk track records recovered source availability first; publication remains gated.
https://chamanlawfirm.com/setting-up-a-fintech-company-in-nigeria,Setting Up A Fintech Company In Nigeria,setting-up-a-fintech-company-in-nigeria,Sanity dotted hidden/source record,blog,yes,complete,no,yes,existing hidden/source record retained,yes before publication,dry-run only,low automated risk,low automated risk,no configured redirect conflict detected,keep hidden for cleanup/lawyer review,0,Bulk track records recovered source availability first; publication remains gated.
https://chamanlawfirm.com/lawyers-help-you-access-inherited-property,How Probate Lawyers Help Families Access Inherited Property,lawyers-help-you-access-inherited-property,Sanity dotted hidden/source record,blog,yes,complete,yes,yes,existing hidden/source record retained,yes before publication,dry-run only,current-law or procedure-sensitive topic,lawyer review required,no configured redirect conflict detected,keep hidden for cleanup/lawyer review,0,Bulk track records recovered source availability first; publication remains gated.
https://chamanlawfirm.com/how-does-land-title-regularization-affect-p,How Land Title Regularization Affects Property Owners,how-does-land-title-regularization-affect-p,Sanity dotted hidden/source record,blog,yes,thin/needs cleanup,yes,yes,existing hidden/source record retained,yes before publication,dry-run only,low automated risk,low automated risk,no configured redirect conflict detected,keep hidden for cleanup/lawyer review,0,Bulk track records recovered source availability first; publication remains gated.
https://chamanlawfirm.com/the-land-use-act-protect-the-environment,How the Land Use Act Relates to Environmental Protection,the-land-use-act-protect-the-environment,Sanity dotted hidden/source record,blog,yes,complete,yes,yes,existing hidden/source record retained,yes before publication,dry-run only,low automated risk,low automated risk,no configured redirect conflict detected,candidate for fast publish review,0,Bulk track records recovered source availability first; publication remains gated.
https://chamanlawfirm.com/immigration-law-at-chaman-law-firm,Immigration Law Services in Nigeria,immigration-law-at-chaman-law-firm,Sanity dotted hidden/source record,blog,yes,complete,yes,yes,existing hidden/source record retained,yes before publication,dry-run only,low automated risk,low automated risk,no configured redirect conflict detected,candidate for fast publish review,0,Bulk track records recovered source availability first; publication remains gated.
https://chamanlawfirm.com/land-record-keeping-ensure-accurate-land-titles,Land Record Keeping and Accurate Land Titles in Nigeria,land-record-keeping-ensure-accurate-land-titles,Sanity dotted hidden/source record,blog,yes,complete,yes,yes,existing hidden/source record retained,yes before publication,dry-run only,off-brand/property-sales wording; current-law or procedure-sensitive topic; dispute-resolution wording requires lawyer review,lawyer review required,no configured redirect conflict detected,keep hidden for cleanup/lawyer review,0,Bulk track records recovered source availability first; publication remains gated.
https://chamanlawfirm.com/5-proven-roles-of-a-child-adoption-lawyer,Roles of a Child Adoption Lawyer in Nigeria,5-proven-roles-of-a-child-adoption-lawyer,Sanity dotted hidden/source record,blog,yes,complete,yes,yes,existing hidden/source record retained,yes before publication,dry-run only,current-law or procedure-sensitive topic; family-status topic requires lawyer review,lawyer review required,no configured redirect conflict detected,keep hidden for cleanup/lawyer review,0,Bulk track records recovered source availability first; publication remains gated.
https://chamanlawfirm.com/legal-advice-for-expatriates-in-nigeria-ess,Legal Advice for Expatriates in Nigeria,legal-advice-for-expatriates-in-nigeria-ess,Sanity dotted hidden/source record,blog,yes,complete,yes,yes,existing hidden/source record retained,yes before publication,dry-run only,current-law or procedure-sensitive topic,lawyer review required,no configured redirect conflict detected,keep hidden for cleanup/lawyer review,0,Bulk track records recovered source availability first; publication remains gated.
https://chamanlawfirm.com/different-types-of-marriage-in-nigeria,Different Types of Marriage in Nigeria,different-types-of-marriage-in-nigeria,Sanity dotted hidden/source record,blog,yes,complete,yes,yes,existing hidden/source record retained,yes before publication,dry-run only,family-status topic requires lawyer review,low automated risk,no configured redirect conflict detected,keep hidden for cleanup/lawyer review,0,Bulk track records recovered source availability first; publication remains gated.
https://chamanlawfirm.com/land-titles-in-nigeria,Land Titles in Nigeria,land-titles-in-nigeria,Sanity dotted hidden/source record,blog,yes,complete,yes,yes,existing hidden/source record retained,yes before publication,dry-run only,current-law or procedure-sensitive topic,lawyer review required,no configured redirect conflict detected,keep hidden for cleanup/lawyer review,0,Bulk track records recovered source availability first; publication remains gated.
https://chamanlawfirm.com/reasons-yourland-title-verification-may-fail,Reasons Land Title Verification May Fail,reasons-yourland-title-verification-may-fail,Sanity dotted hidden/source record,blog,yes,complete,yes,yes,existing hidden/source record retained,yes before publication,dry-run only,current-law or procedure-sensitive topic,lawyer review required,no configured redirect conflict detected,keep hidden for cleanup/lawyer review,0,Bulk track records recovered source availability first; publication remains gated.
https://chamanlawfirm.com/why-you-need-a-certificate-of-occupancy-in-nigeria,Why You Need a Certificate of Occupancy in Nigeria,why-you-need-a-certificate-of-occupancy-in-nigeria,Sanity dotted hidden/source record,blog,yes,complete,yes,yes,existing hidden/source record retained,yes before publication,dry-run only,current-law or procedure-sensitive topic; dispute-resolution wording requires lawyer review,lawyer review required,no configured redirect conflict detected,keep hidden for cleanup/lawyer review,0,Bulk track records recovered source availability first; publication remains gated.
https://chamanlawfirm.com/what-challenges-are-associated-with-preserving-and-digitizing-historical-land-records,Challenges in Preserving and Digitizing Historical Land Records,what-challenges-are-associated-with-preserving-and-digitizing-historical-land-records,Sanity dotted hidden/source record,blog,yes,complete,yes,yes,existing hidden/source record retained,yes before publication,dry-run only,dispute-resolution wording requires lawyer review,low automated risk,no configured redirect conflict detected,keep hidden for cleanup/lawyer review,0,Bulk track records recovered source availability first; publication remains gated.
https://chamanlawfirm.com/real-estate-contracts,Real Estate Contracts in Nigeria,real-estate-contracts,Sanity dotted hidden/source record,blog,yes,complete,yes,yes,existing hidden/source record retained,yes before publication,dry-run only,unsupported outcome claim,low automated risk,no configured redirect conflict detected,keep hidden for cleanup/lawyer review,0,Bulk track records recovered source availability first; publication remains gated.
https://chamanlawfirm.com/what-is-the-role-of-the-surveyor-general-in-land-allocation-under-the-land-use-act,Role of the Surveyor-General in Land Allocation Under the Land Use Act,what-is-the-role-of-the-surveyor-general-in-land-allocation-under-the-land-use-act,Sanity dotted hidden/source record,blog,yes,complete,yes,yes,existing hidden/source record retained,yes before publication,dry-run only,dispute-resolution wording requires lawyer review,low automated risk,no configured redirect conflict detected,keep hidden for cleanup/lawyer review,0,Bulk track records recovered source availability first; publication remains gated.
https://chamanlawfirm.com/what-is-the-legal-way-to-safeguard-your-will,Legal Ways to Safeguard Your Will in Nigeria,what-is-the-legal-way-to-safeguard-your-will,Sanity dotted hidden/source record,blog,yes,complete,yes,yes,existing hidden/source record retained,yes before publication,dry-run only,low automated risk,low automated risk,no configured redirect conflict detected,candidate for fast publish review,0,Bulk track records recovered source availability first; publication remains gated.
https://chamanlawfirm.com/top-5-intellectual-property-enforcement-stra,Intellectual Property Enforcement Strategies in Nigeria,top-5-intellectual-property-enforcement-stra,Sanity dotted hidden/source record,blog,yes,complete,yes,yes,existing hidden/source record retained,yes before publication,dry-run only,low automated risk,low automated risk,no configured redirect conflict detected,candidate for fast publish review,0,Bulk track records recovered source availability first; publication remains gated.
https://chamanlawfirm.com/why-is-public-awareness-important-for-land-ownership-and-titles-in-nigeria,Why Public Awareness Matters for Land Ownership and Titles in Nigeria,why-is-public-awareness-important-for-land-ownership-and-titles-in-nigeria,Sanity dotted hidden/source record,blog,yes,complete,yes,yes,existing hidden/source record retained,yes before publication,dry-run only,dispute-resolution wording requires lawyer review,low automated risk,no configured redirect conflict detected,keep hidden for cleanup/lawyer review,0,Bulk track records recovered source availability first; publication remains gated.
https://chamanlawfirm.com/steps-to-understanding-financial-crimes,Understanding Financial Crimes in Nigeria,steps-to-understanding-financial-crimes,Sanity dotted hidden/source record,blog,yes,complete,yes,yes,existing hidden/source record retained,yes before publication,dry-run only,current-law or procedure-sensitive topic,lawyer review required,no configured redirect conflict detected,keep hidden for cleanup/lawyer review,0,Bulk track records recovered source availability first; publication remains gated.
https://chamanlawfirm.com/review-of-corporate-affairs-commission-share-capital-for-company-registration-in-nigeria,Corporate Affairs Commission Share Capital Requirements for Company Registration,review-of-corporate-affairs-commission-share-capital-for-company-registration-in-nigeria,Sanity dotted hidden/source record,blog,yes,complete,yes,yes,existing hidden/source record retained,yes before publication,dry-run only,low automated risk,low automated risk,no configured redirect conflict detected,candidate for fast publish review,0,Bulk track records recovered source availability first; publication remains gated.
https://chamanlawfirm.com/register-your-company-with-cac-in-nigeria,How to Register Your Company With CAC in Nigeria,register-your-company-with-cac-in-nigeria,Sanity dotted hidden/source record,blog,yes,complete,yes,yes,existing hidden/source record retained,yes before publication,dry-run only,current-law or procedure-sensitive topic,lawyer review required,no configured redirect conflict detected,keep hidden for cleanup/lawyer review,0,Bulk track records recovered source availability first; publication remains gated.
https://chamanlawfirm.com/land-use-act-in-nigeria,Land Use Act In Nigeria,land-use-act-in-nigeria,Sanity dotted hidden/source record,blog,yes,complete,no,yes,existing hidden/source record retained,yes before publication,dry-run only,current-law or procedure-sensitive topic,lawyer review required,no configured redirect conflict detected,keep hidden for cleanup/lawyer review,0,Bulk track records recovered source availability first; publication remains gated.
https://chamanlawfirm.com/obtain-a-certificate-of-occupancy-chaman-law,How to Obtain a Certificate of Occupancy in Nigeria,obtain-a-certificate-of-occupancy-chaman-law,Sanity dotted hidden/source record,blog,yes,complete,yes,yes,existing hidden/source record retained,yes before publication,dry-run only,current-law or procedure-sensitive topic; unsupported outcome claim,lawyer review required,no configured redirect conflict detected,keep hidden for cleanup/lawyer review,0,Bulk track records recovered source availability first; publication remains gated.
https://chamanlawfirm.com/powerful-ways-on-property-ownership-in-nigeria,Powerful Ways On Property Ownership In Nigeria,powerful-ways-on-property-ownership-in-nigeria,Sanity dotted hidden/source record,blog,yes,complete,no,yes,existing hidden/source record retained,yes before publication,dry-run only,low automated risk,low automated risk,no configured redirect conflict detected,keep hidden for cleanup/lawyer review,0,Bulk track records recovered source availability first; publication remains gated.
https://chamanlawfirm.com/how-to-start-a-private-lending-company,How To Start A Private Lending Company,how-to-start-a-private-lending-company,Sanity dotted hidden/source record,blog,yes,complete,no,yes,existing hidden/source record retained,yes before publication,dry-run only,low automated risk,low automated risk,no configured redirect conflict detected,keep hidden for cleanup/lawyer review,0,Bulk track records recovered source availability first; publication remains gated.
https://chamanlawfirm.com/land-valuation-under-the-land-use-act,Land Valuation Under The Land Use Act,land-valuation-under-the-land-use-act,Sanity dotted hidden/source record,blog,yes,complete,no,yes,existing hidden/source record retained,yes before publication,dry-run only,current-law or procedure-sensitive topic,lawyer review required,no configured redirect conflict detected,keep hidden for cleanup/lawyer review,0,Bulk track records recovered source availability first; publication remains gated.
https://chamanlawfirm.com/acquire-land-for-real-estate-development,Acquire Land For Real Estate Development,acquire-land-for-real-estate-development,Sanity dotted hidden/source record,blog,yes,complete,no,yes,existing hidden/source record retained,yes before publication,dry-run only,current-law or procedure-sensitive topic; unsupported outcome claim,lawyer review required,no configured redirect conflict detected,keep hidden for cleanup/lawyer review,0,Bulk track records recovered source availability first; publication remains gated.
https://chamanlawfirm.com/child-custody-and-visitations-emergencies,Child Custody And Visitations Emergencies,child-custody-and-visitations-emergencies,Sanity dotted hidden/source record,blog,yes,complete,no,yes,existing hidden/source record retained,yes before publication,dry-run only,possible unsafe self-help wording; family-status topic requires lawyer review,low automated risk,no configured redirect conflict detected,keep hidden for cleanup/lawyer review,0,Bulk track records recovered source availability first; publication remains gated.
https://chamanlawfirm.com/strategies-for-preventing-corporate-collapse,Strategies For Preventing Corporate Collapse,strategies-for-preventing-corporate-collapse,Sanity dotted hidden/source record,blog,yes,complete,no,yes,existing hidden/source record retained,yes before publication,dry-run only,unsupported outcome claim,low automated risk,no configured redirect conflict detected,keep hidden for cleanup/lawyer review,0,Bulk track records recovered source availability first; publication remains gated.
https://chamanlawfirm.com/force-majeure-clauses-in-business-contracts,Force Majeure Clauses In Business Contracts,force-majeure-clauses-in-business-contracts,Sanity dotted hidden/source record,blog,yes,complete,no,yes,existing hidden/source record retained,yes before publication,dry-run only,low automated risk,low automated risk,no configured redirect conflict detected,keep hidden for cleanup/lawyer review,0,Bulk track records recovered source availability first; publication remains gated.
https://chamanlawfirm.com/evaluating-real-estate-investment-returns,Evaluating Real Estate Investment Returns,evaluating-real-estate-investment-returns,Sanity dotted hidden/source record,blog,yes,complete,no,yes,existing hidden/source record retained,yes before publication,dry-run only,low automated risk,low automated risk,no configured redirect conflict detected,keep hidden for cleanup/lawyer review,0,Bulk track records recovered source availability first; publication remains gated.
https://chamanlawfirm.com/protect-your-properties-from-family-disputes,Protect Your Properties From Family Disputes,protect-your-properties-from-family-disputes,Sanity dotted hidden/source record,blog,yes,complete,no,yes,existing hidden/source record retained,yes before publication,dry-run only,low automated risk,low automated risk,no configured redirect conflict detected,keep hidden for cleanup/lawyer review,0,Bulk track records recovered source availability first; publication remains gated.
https://chamanlawfirm.com/notary-services-chaman-law-firm,Notary Services,notary-services-chaman-law-firm,Sanity dotted hidden/source record,blog,yes,complete,no,yes,existing hidden/source record retained,yes before publication,dry-run only,misleading free-service wording,low automated risk,redirect conflict: /practice-areas/notary-public-services,keep hidden for cleanup/lawyer review,0,Bulk track records recovered source availability first; publication remains gated.
https://chamanlawfirm.com/how-does-the-land-use-act-affect-forest-reserves,How Does The Land Use Act Affect Forest Reserves,how-does-the-land-use-act-affect-forest-reserves,Sanity dotted hidden/source record,blog,yes,complete,no,yes,existing hidden/source record retained,yes before publication,dry-run only,low automated risk,low automated risk,no configured redirect conflict detected,keep hidden for cleanup/lawyer review,0,Bulk track records recovered source availability first; publication remains gated.
https://chamanlawfirm.com/3-proven-steps-on-how-to-rolve-land-disputes,3 Proven Steps On How To Rolve Land Disputes,3-proven-steps-on-how-to-rolve-land-disputes,Sanity dotted hidden/source record,blog,yes,complete,no,yes,existing hidden/source record retained,yes before publication,dry-run only,dispute-resolution wording requires lawyer review,low automated risk,no configured redirect conflict detected,keep hidden for cleanup/lawyer review,0,Bulk track records recovered source availability first; publication remains gated.
https://chamanlawfirm.com/ultimate-legal-guide-to-buying-land-in-nigeria,Ultimate Legal Guide To Buying Land In Nigeria,ultimate-legal-guide-to-buying-land-in-nigeria,Sanity dotted hidden/source record,blog,yes,complete,yes,yes,existing hidden/source record retained,yes before publication,dry-run only,possible unsafe self-help wording; current-law or procedure-sensitive topic; dispute-resolution wording requires lawyer review; unsupported outcome claim,lawyer review required,no configured redirect conflict detected,keep hidden for cleanup/lawyer review,0,Bulk track records recovered source availability first; publication remains gated.
https://chamanlawfirm.com/lekki-property-when-owner-dies-without-will,Lekki Property When Owner Dies Without Will,lekki-property-when-owner-dies-without-will,Sanity dotted hidden/source record,blog,yes,complete,yes,yes,existing hidden/source record retained,yes before publication,dry-run only,current-law or procedure-sensitive topic; unsupported outcome claim,lawyer review required,no configured redirect conflict detected,keep hidden for cleanup/lawyer review,0,Bulk track records recovered source availability first; publication remains gated.
https://chamanlawfirm.com/property-developers-guide-to-tax-compliance,Property Developers Guide To Tax Compliance,property-developers-guide-to-tax-compliance,Sanity dotted hidden/source record,blog,yes,complete,yes,yes,existing hidden/source record retained,yes before publication,dry-run only,off-brand/property-sales wording; current-law or procedure-sensitive topic,lawyer review required,no configured redirect conflict detected,keep hidden for cleanup/lawyer review,0,Bulk track records recovered source availability first; publication remains gated.
