priority rank,old URL,new URL,redirect type,status,activation condition,notes
1,https://chamanlawfirm.com/,https://chamanlawfirm.com/resources/blog/,one-hop 301,pending,"target approved, visible, indexable, in sitemap, final launch approved",not article - route separately
2,https://chamanlawfirm.com/landlord-and-tenant-rights-in-nigeria/,https://chamanlawfirm.com/resources/blog/landlord-and-tenant-rights-in-nigeria,one-hop 301,pending,"target approved, visible, indexable, in sitemap, final launch approved",migrate - preserve and QA
3,https://www.chamanlawfirm.com/,https://chamanlawfirm.com/,one-hop 301,pending,"target approved, visible, indexable, in sitemap, final launch approved",redirect only - non-article or canonical route
4,https://chamanlawfirm.com/obtaining-a-certificate-of-occupancy-c-of-o/,https://chamanlawfirm.com/resources/blog/obtaining-a-certificate-of-occupancy-c-of-o,one-hop 301,pending,"target approved, visible, indexable, in sitemap, final launch approved",migrate - preserve and QA
5,https://chamanlawfirm.com/cac-public-search-guide-nigeria/,https://chamanlawfirm.com/resources/blog/cac-public-search-guide-nigeria,one-hop 301,pending,"target approved, visible, indexable, in sitemap, final launch approved",migrate - preserve and QA
6,https://chamanlawfirm.com/the-jurisdiction-of-courts-in-nigeria/,https://chamanlawfirm.com/resources/blog/the-jurisdiction-of-courts-in-nigeria,one-hop 301,pending,"target approved, visible, indexable, in sitemap, final launch approved",migrate - preserve and QA
7,https://chamanlawfirm.com/the-concept-of-rule-of-law-in-nigeria/,https://chamanlawfirm.com/resources/blog/the-concept-of-rule-of-law-in-nigeria,one-hop 301,pending,"target approved, visible, indexable, in sitemap, final launch approved",migrate - preserve and QA
8,https://chamanlawfirm.com/types-of-tenant-in-nigeria/,https://chamanlawfirm.com/resources/blog/types-of-tenant-in-nigeria,one-hop 301,pending,"target approved, visible, indexable, in sitemap, final launch approved",migrate - preserve and QA
9,https://chamanlawfirm.com/about-us/,https://chamanlawfirm.com/about,one-hop 301,pending,"target approved, visible, indexable, in sitemap, final launch approved",redirect only - non-article or canonical route
10,https://chamanlawfirm.com/how-to-change-car-ownership-in-nigeria/,https://chamanlawfirm.com/resources/blog/how-to-change-car-ownership-in-nigeria,one-hop 301,pending,"target approved, visible, indexable, in sitemap, final launch approved",rewrite then migrate
11,https://chamanlawfirm.com/proper-steps-to-eviction-of-tenants/,https://chamanlawfirm.com/resources/blog/proper-steps-to-eviction-of-tenants,one-hop 301,pending,"target approved, visible, indexable, in sitemap, final launch approved",migrate - preserve and QA
12,https://chamanlawfirm.com/how-to-track-a-stolen-phone-in-nigeria/,https://chamanlawfirm.com/resources/blog/how-to-track-a-stolen-phone-in-nigeria,one-hop 301,pending,"target approved, visible, indexable, in sitemap, final launch approved",rewrite then migrate
13,https://chamanlawfirm.com/the-ogun-state-tenancy-law-chaman-law-firm/,https://chamanlawfirm.com/resources/blog/the-ogun-state-tenancy-law-chaman-law-firm,one-hop 301,pending,"target approved, visible, indexable, in sitemap, final launch approved",migrate - preserve and QA
14,https://chamanlawfirm.com/building-permit-approval-in-ogun-state/,https://chamanlawfirm.com/resources/blog/building-permit-approval-in-ogun-state,one-hop 301,pending,"target approved, visible, indexable, in sitemap, final launch approved",migrate - preserve and QA
15,https://chamanlawfirm.com/list-of-government-agencies-of-nigeria/,https://chamanlawfirm.com/resources/blog/list-of-government-agencies-of-nigeria,one-hop 301,pending,"target approved, visible, indexable, in sitemap, final launch approved",rewrite then migrate
16,https://chamanlawfirm.com/4-steps-on-how-to-deal-with-a-bad-landlordin/,https://chamanlawfirm.com/resources/blog/4-steps-on-how-to-deal-with-a-bad-landlordin,one-hop 301,pending,"target approved, visible, indexable, in sitemap, final launch approved",rewrite then migrate
17,https://chamanlawfirm.com/joinder-of-parties-misjoinder-of-parties/,https://chamanlawfirm.com/resources/blog/joinder-of-parties-misjoinder-of-parties,one-hop 301,pending,"target approved, visible, indexable, in sitemap, final launch approved",rewrite then migrate
18,https://chamanlawfirm.com/how-to-change-name-with-deed-poll/,https://chamanlawfirm.com/resources/blog/how-to-change-name-with-deed-poll,one-hop 301,pending,"target approved, visible, indexable, in sitemap, final launch approved",migrate - preserve and QA
19,https://chamanlawfirm.com/gain-nigerian-citizenship-by-marriage/,https://chamanlawfirm.com/gain-nigerian-citizenship-by-marriage/,one-hop 301,pending,"target approved, visible, indexable, in sitemap, final launch approved",redirect only - non-article or canonical route
20,https://chamanlawfirm.com/statutory-right-of-occupancy-vs-customary-right/,https://chamanlawfirm.com/statutory-right-of-occupancy-vs-customary-right/,one-hop 301,pending,"target approved, visible, indexable, in sitemap, final launch approved",redirect only - non-article or canonical route
21,https://chamanlawfirm.com/ways-to-prove-ownership-of-land/,https://chamanlawfirm.com/resources/blog/ways-to-prove-ownership-of-land,one-hop 301,pending,"target approved, visible, indexable, in sitemap, final launch approved",migrate - preserve and QA
22,https://chamanlawfirm.com/5-steps-on-how-to-obtain-restraining-order/,https://chamanlawfirm.com/resources/blog/5-steps-on-how-to-obtain-restraining-order,one-hop 301,pending,"target approved, visible, indexable, in sitemap, final launch approved",rewrite then migrate
23,https://chamanlawfirm.com/steps-on-how-to-confidently-report-acrimelaw/,https://chamanlawfirm.com/resources/blog/steps-on-how-to-confidently-report-acrimelaw,one-hop 301,pending,"target approved, visible, indexable, in sitemap, final launch approved",rewrite then migrate
24,https://chamanlawfirm.com/what-are-elements-of-tax-law/,https://chamanlawfirm.com/resources/blog/what-are-elements-of-tax-law,one-hop 301,pending,"target approved, visible, indexable, in sitemap, final launch approved",rewrite then migrate
25,https://chamanlawfirm.com/tax-administration-in-nigeria/,https://chamanlawfirm.com/resources/blog/tax-administration-in-nigeria,one-hop 301,pending,"target approved, visible, indexable, in sitemap, final launch approved",rewrite then migrate
26,https://chamanlawfirm.com/difference-between-ownership-and-possession/,https://chamanlawfirm.com/resources/blog/difference-between-ownership-and-possession,one-hop 301,pending,"target approved, visible, indexable, in sitemap, final launch approved",migrate - preserve and QA
27,https://chamanlawfirm.com/apply-for-drivers-licence-in-nigeria/,https://chamanlawfirm.com/resources/blog/apply-for-drivers-licence-in-nigeria,one-hop 301,pending,"target approved, visible, indexable, in sitemap, final launch approved",rewrite then migrate
28,https://chamanlawfirm.com/community-development-associations-law/,https://chamanlawfirm.com/resources/blog/community-development-associations-law,one-hop 301,pending,"target approved, visible, indexable, in sitemap, final launch approved",migrate - preserve and QA
29,https://chamanlawfirm.com/child-support-and-maintenance-payment/,https://chamanlawfirm.com/resources/blog/child-support-and-maintenance-payment,one-hop 301,pending,"target approved, visible, indexable, in sitemap, final launch approved",rewrite then migrate
30,https://chamanlawfirm.com/how-to-notarize-a-document-in-nigeria/,https://chamanlawfirm.com/resources/blog/how-to-notarize-a-document-in-nigeria,one-hop 301,pending,"target approved, visible, indexable, in sitemap, final launch approved",migrate - preserve and QA
31,https://chamanlawfirm.com/how-to-replace-a-lost-a-marriage-certificate/,https://chamanlawfirm.com/resources/blog/how-to-replace-a-lost-a-marriage-certificate,one-hop 301,pending,"target approved, visible, indexable, in sitemap, final launch approved",migrate - preserve and QA
32,https://chamanlawfirm.com/the-statutory-right-of-occupancy-in-nigeria/,https://chamanlawfirm.com/resources/blog/the-statutory-right-of-occupancy-in-nigeria,one-hop 301,pending,"target approved, visible, indexable, in sitemap, final launch approved",migrate - preserve and QA
33,http://www.chamanlawfirm.com/,https://chamanlawfirm.com/,one-hop 301,pending,"target approved, visible, indexable, in sitemap, final launch approved",redirect only - non-article or canonical route
34,https://chamanlawfirm.com/legal-steps-to-take-when-our-land-has-been/,https://chamanlawfirm.com/resources/blog/legal-steps-to-take-when-our-land-has-been,one-hop 301,pending,"target approved, visible, indexable, in sitemap, final launch approved",migrate - preserve and QA
35,https://chamanlawfirm.com/transfer-of-company-shares-in-nigeria/,https://chamanlawfirm.com/resources/blog/transfer-of-company-shares-in-nigeria,one-hop 301,pending,"target approved, visible, indexable, in sitemap, final launch approved",migrate - preserve and QA
36,https://chamanlawfirm.com/rights-of-tenants-in-ogun-chaman-law-firm/,https://chamanlawfirm.com/resources/blog/rights-of-tenants-in-ogun-chaman-law-firm,one-hop 301,pending,"target approved, visible, indexable, in sitemap, final launch approved",migrate - preserve and QA
37,https://chamanlawfirm.com/5-vital-role-of-consumer-protection-agencies/,https://chamanlawfirm.com/resources/blog/5-vital-role-of-consumer-protection-agencies,one-hop 301,pending,"target approved, visible, indexable, in sitemap, final launch approved",rewrite then migrate
38,https://chamanlawfirm.com/what-is-the-implication-of-quit-notice/,https://chamanlawfirm.com/resources/blog/what-is-the-implication-of-quit-notice,one-hop 301,pending,"target approved, visible, indexable, in sitemap, final launch approved",rewrite then migrate
39,https://chamanlawfirm.com/the-overall-list-of-federal-laws-in-nigeria/,https://chamanlawfirm.com/resources/blog/the-overall-list-of-federal-laws-in-nigeria,one-hop 301,pending,"target approved, visible, indexable, in sitemap, final launch approved",migrate - preserve and QA
40,https://chamanlawfirm.com/polygamy-and-multiple-marriages-in-nigeria/,https://chamanlawfirm.com/resources/blog/polygamy-and-multiple-marriages-in-nigeria,one-hop 301,pending,"target approved, visible, indexable, in sitemap, final launch approved",rewrite then migrate
41,https://chamanlawfirm.com/steps-to-permanent-residency-in-nigeria/,https://chamanlawfirm.com/resources/blog/steps-to-permanent-residency-in-nigeria,one-hop 301,pending,"target approved, visible, indexable, in sitemap, final launch approved",rewrite then migrate
42,https://chamanlawfirm.com/taxation-of-the-construction-sector-in-nigeria/,https://chamanlawfirm.com/resources/blog/taxation-of-the-construction-sector-in-nigeria,one-hop 301,pending,"target approved, visible, indexable, in sitemap, final launch approved",rewrite then migrate
43,https://chamanlawfirm.com/what-are-the-sources-of-nigerian-law/,https://chamanlawfirm.com/resources/blog/what-are-the-sources-of-nigerian-law,one-hop 301,pending,"target approved, visible, indexable, in sitemap, final launch approved",rewrite then migrate
44,https://chamanlawfirm.com/sharing-of-property-after-divorce-in-nigeria/,https://chamanlawfirm.com/resources/blog/sharing-of-property-after-divorce-in-nigeria,one-hop 301,pending,"target approved, visible, indexable, in sitemap, final launch approved",rewrite then migrate
45,https://chamanlawfirm.com/challenges-facing-the-nigerian-court-system/,https://chamanlawfirm.com/resources/blog/challenges-facing-the-nigerian-court-system,one-hop 301,pending,"target approved, visible, indexable, in sitemap, final launch approved",rewrite then migrate
46,https://chamanlawfirm.com/statute-of-limitations-on-debt-in-nigeria/,https://chamanlawfirm.com/resources/blog/statute-of-limitations-on-debt-in-nigeria,one-hop 301,pending,"target approved, visible, indexable, in sitemap, final launch approved",migrate - preserve and QA
47,https://chamanlawfirm.com/registration-of-trade-union-in-nigeria/,https://chamanlawfirm.com/resources/blog/registration-of-trade-union-in-nigeria,one-hop 301,pending,"target approved, visible, indexable, in sitemap, final launch approved",rewrite then migrate
48,https://chamanlawfirm.com/is-foreign-marriage-under-the-nigerian-law/,https://chamanlawfirm.com/resources/blog/is-foreign-marriage-under-the-nigerian-law,one-hop 301,pending,"target approved, visible, indexable, in sitemap, final launch approved",migrate - preserve and QA
49,https://chamanlawfirm.com/how-to-file-complaint-against-police-officers-in-nigeria/,https://chamanlawfirm.com/resources/blog/how-to-file-complaint-against-police-officers-in-nigeria,one-hop 301,pending,"target approved, visible, indexable, in sitemap, final launch approved",rewrite then migrate
50,https://chamanlawfirm.com/abandonment-and-withdrew-of-court-action/,https://chamanlawfirm.com/resources/blog/abandonment-and-withdrew-of-court-action,one-hop 301,pending,"target approved, visible, indexable, in sitemap, final launch approved",migrate - preserve and QA
51,https://chamanlawfirm.com/taxation-of-sole-proprietorship/,https://chamanlawfirm.com/resources/blog/taxation-of-sole-proprietorship,one-hop 301,pending,"target approved, visible, indexable, in sitemap, final launch approved",rewrite then migrate
52,https://chamanlawfirm.com/customary-vs-statutory-marriage-in-nigeria/,https://chamanlawfirm.com/resources/blog/customary-vs-statutory-marriage-in-nigeria,one-hop 301,pending,"target approved, visible, indexable, in sitemap, final launch approved",rewrite then migrate
53,https://chamanlawfirm.com/powerful-steps-what-is-trespass-to-land-2/,https://chamanlawfirm.com/resources/blog/powerful-steps-what-is-trespass-to-land-2,one-hop 301,pending,"target approved, visible, indexable, in sitemap, final launch approved",migrate - preserve and QA
54,https://chamanlawfirm.com/the-role-of-technology-in-nigerian-education/,https://chamanlawfirm.com/resources/blog/the-role-of-technology-in-nigerian-education,one-hop 301,pending,"target approved, visible, indexable, in sitemap, final launch approved",rewrite then migrate
55,https://chamanlawfirm.com/certificate-of-occupancy-in-rivers-state/,https://chamanlawfirm.com/resources/blog/certificate-of-occupancy-in-rivers-state,one-hop 301,pending,"target approved, visible, indexable, in sitemap, final launch approved",rewrite then migrate
56,https://chamanlawfirm.com/the-duties-of-lawyers-to-client/,https://chamanlawfirm.com/resources/blog/the-duties-of-lawyers-to-client,one-hop 301,pending,"target approved, visible, indexable, in sitemap, final launch approved",migrate - preserve and QA
57,https://chamanlawfirm.com/duties-of-correctional-institutions-in-nigeria/,https://chamanlawfirm.com/resources/blog/duties-of-correctional-institutions-in-nigeria,one-hop 301,pending,"target approved, visible, indexable, in sitemap, final launch approved",rewrite then migrate
58,https://chamanlawfirm.com/how-to-secure-child-support-and-maintenance/,https://chamanlawfirm.com/resources/blog/how-to-secure-child-support-and-maintenance,one-hop 301,pending,"target approved, visible, indexable, in sitemap, final launch approved",rewrite then migrate
59,https://chamanlawfirm.com/to-apply-for-and-get-certificate-of-occupancy/,https://chamanlawfirm.com/resources/blog/to-apply-for-and-get-certificate-of-occupancy,one-hop 301,pending,"target approved, visible, indexable, in sitemap, final launch approved",rewrite then migrate
60,https://chamanlawfirm.com/stamping-and-up-stamping-of-a-mortgage-document/,https://chamanlawfirm.com/resources/blog/stamping-and-up-stamping-of-a-mortgage-document,one-hop 301,pending,"target approved, visible, indexable, in sitemap, final launch approved",migrate - preserve and QA
61,https://chamanlawfirm.com/how-to-legally-change-a-child-surname/,https://chamanlawfirm.com/how-to-legally-change-a-child-surname/,one-hop 301,pending,"target approved, visible, indexable, in sitemap, final launch approved",redirect only - non-article or canonical route
62,https://chamanlawfirm.com/the-role-of-the-judiciary-in-nigerian-democracy/,https://chamanlawfirm.com/the-role-of-the-judiciary-in-nigerian-democracy/,one-hop 301,pending,"target approved, visible, indexable, in sitemap, final launch approved",redirect only - non-article or canonical route
63,https://chamanlawfirm.com/void-and-voidable-marriages-in-nigeria/,https://chamanlawfirm.com/resources/blog/void-and-voidable-marriages-in-nigeria,one-hop 301,pending,"target approved, visible, indexable, in sitemap, final launch approved",migrate - preserve and QA
64,https://chamanlawfirm.com/dissolution-of-marriage-under-the-nigeria-law/,https://chamanlawfirm.com/resources/blog/dissolution-of-marriage-under-the-nigeria-law,one-hop 301,pending,"target approved, visible, indexable, in sitemap, final launch approved",migrate - preserve and QA
65,https://chamanlawfirm.com/can-a-minor-enter-into-a-valid-contract-in-nigeria/,https://chamanlawfirm.com/resources/blog/can-a-minor-enter-into-a-valid-contract-in-nigeria,one-hop 301,pending,"target approved, visible, indexable, in sitemap, final launch approved",migrate - preserve and QA
66,https://chamanlawfirm.com/family-property-and-right-of-individual-member-in-family-property/,https://chamanlawfirm.com/resources/blog/family-property-and-right-of-individual-member-in-family-property,one-hop 301,pending,"target approved, visible, indexable, in sitemap, final launch approved",migrate - preserve and QA
67,https://chamanlawfirm.com/conditions-for-granting-injunctions-and-types-of-injunctions/,https://chamanlawfirm.com/resources/blog/conditions-for-granting-injunctions-and-types-of-injunctions,one-hop 301,pending,"target approved, visible, indexable, in sitemap, final launch approved",rewrite then migrate
68,https://chamanlawfirm.com/annulment-of-marriage-under-the-nigerian-law/,https://chamanlawfirm.com/resources/blog/annulment-of-marriage-under-the-nigerian-law,one-hop 301,pending,"target approved, visible, indexable, in sitemap, final launch approved",migrate - preserve and QA
69,https://chamanlawfirm.com/how-to-verify-land-title-before-buying-land/,https://chamanlawfirm.com/how-to-verify-land-title-before-buying-land/,one-hop 301,pending,"target approved, visible, indexable, in sitemap, final launch approved",redirect only - non-article or canonical route
70,https://chamanlawfirm.com/what-are-rights-of-women-to-inheritance-in-nigeria/,https://chamanlawfirm.com/resources/blog/what-are-rights-of-women-to-inheritance-in-nigeria,one-hop 301,pending,"target approved, visible, indexable, in sitemap, final launch approved",migrate - preserve and QA
71,https://chamanlawfirm.com/communal-land-and-family-land/,https://chamanlawfirm.com/resources/blog/communal-land-and-family-land,one-hop 301,pending,"target approved, visible, indexable, in sitemap, final launch approved",migrate - preserve and QA
72,https://chamanlawfirm.com/land-ownership-disputes-in-nigeria/,https://chamanlawfirm.com/resources/blog/land-ownership-disputes-in-nigeria,one-hop 301,pending,"target approved, visible, indexable, in sitemap, final launch approved",migrate - preserve and QA
73,https://chamanlawfirm.com/overview-of-the-concept-recovery-of-premises/,https://chamanlawfirm.com/resources/blog/overview-of-the-concept-recovery-of-premises,one-hop 301,pending,"target approved, visible, indexable, in sitemap, final launch approved",migrate - preserve and QA
74,https://chamanlawfirm.com/how-do-i-legally-evict-a-tenant-in-ogun-state/,https://chamanlawfirm.com/resources/blog/how-do-i-legally-evict-a-tenant-in-ogun-state,one-hop 301,pending,"target approved, visible, indexable, in sitemap, final launch approved",migrate - preserve and QA
75,https://chamanlawfirm.com/types-of-land-registration-in-nigeria/,https://chamanlawfirm.com/resources/blog/types-of-land-registration-in-nigeria,one-hop 301,pending,"target approved, visible, indexable, in sitemap, final launch approved",migrate - preserve and QA
76,https://chamanlawfirm.com/how-to-apply-for-certificate-of-good-conduct-in-nigeria/,https://chamanlawfirm.com/resources/blog/how-to-apply-for-certificate-of-good-conduct-in-nigeria,one-hop 301,pending,"target approved, visible, indexable, in sitemap, final launch approved",rewrite then migrate
77,https://chamanlawfirm.com/overview-of-latches-and-acquiescence/,https://chamanlawfirm.com/resources/blog/overview-of-latches-and-acquiescence,one-hop 301,pending,"target approved, visible, indexable, in sitemap, final launch approved",rewrite then migrate
78,https://chamanlawfirm.com/land-grabbing-the-legal-consequences-of/,https://chamanlawfirm.com/resources/blog/land-grabbing-the-legal-consequences-of,one-hop 301,pending,"target approved, visible, indexable, in sitemap, final launch approved",migrate - preserve and QA
79,https://chamanlawfirm.com/is-police-bail-free-in-nigeria/,https://chamanlawfirm.com/resources/blog/is-police-bail-free-in-nigeria,one-hop 301,pending,"target approved, visible, indexable, in sitemap, final launch approved",rewrite then migrate
80,https://chamanlawfirm.com/what-to-know-about-company-resolution/,https://chamanlawfirm.com/resources/blog/what-to-know-about-company-resolution,one-hop 301,pending,"target approved, visible, indexable, in sitemap, final launch approved",migrate - preserve and QA
81,https://chamanlawfirm.com/powerful-steps-sources-of-tax-law-in-nigeria/,https://chamanlawfirm.com/resources/blog/powerful-steps-sources-of-tax-law-in-nigeria,one-hop 301,pending,"target approved, visible, indexable, in sitemap, final launch approved",rewrite then migrate
82,https://chamanlawfirm.com/the-nigerian-legal-system/,https://chamanlawfirm.com/the-nigerian-legal-system/,one-hop 301,pending,"target approved, visible, indexable, in sitemap, final launch approved",redirect only - non-article or canonical route
83,https://chamanlawfirm.com/what-is-the-process-of-land-acquisition/,https://chamanlawfirm.com/resources/blog/what-is-the-process-of-land-acquisition,one-hop 301,pending,"target approved, visible, indexable, in sitemap, final launch approved",migrate - preserve and QA
84,https://chamanlawfirm.com/the-role-of-family-court-in-relation-to-child-protect-in-nigeria/,https://chamanlawfirm.com/resources/blog/the-role-of-family-court-in-relation-to-child-protect-in-nigeria,one-hop 301,pending,"target approved, visible, indexable, in sitemap, final launch approved",migrate - preserve and QA
85,https://chamanlawfirm.com/cost-of-building-approval-chaman-law-firm/,https://chamanlawfirm.com/resources/blog/cost-of-building-approval-chaman-law-firm,one-hop 301,pending,"target approved, visible, indexable, in sitemap, final launch approved",migrate - preserve and QA
86,https://chamanlawfirm.com/complete-guide-to-probate-registry-in-lagos/,https://chamanlawfirm.com/resources/blog/complete-guide-to-probate-registry-in-lagos,one-hop 301,pending,"target approved, visible, indexable, in sitemap, final launch approved",rewrite then migrate
87,https://chamanlawfirm.com/property-how-to-place-a-caveat/,https://chamanlawfirm.com/resources/blog/property-how-to-place-a-caveat,one-hop 301,pending,"target approved, visible, indexable, in sitemap, final launch approved",rewrite then migrate
88,https://chamanlawfirm.com/tthe-legal-rights-of-a-wife-after-divorce/,https://chamanlawfirm.com/tthe-legal-rights-of-a-wife-after-divorce/,one-hop 301,pending,"target approved, visible, indexable, in sitemap, final launch approved",redirect only - non-article or canonical route
89,https://chamanlawfirm.com/how-to-calculate-stamp-duty-chaman-law-firm/,https://chamanlawfirm.com/resources/blog/how-to-calculate-stamp-duty-chaman-law-firm,one-hop 301,pending,"target approved, visible, indexable, in sitemap, final launch approved",migrate - preserve and QA
90,https://chamanlawfirm.com/can-a-landlord-increase-rent-arbitrarily-in-ogun/,https://chamanlawfirm.com/resources/blog/can-a-landlord-increase-rent-arbitrarily-in-ogun,one-hop 301,pending,"target approved, visible, indexable, in sitemap, final launch approved",migrate - preserve and QA
91,https://chamanlawfirm.com/deal-with-and-bad-tenant-as-a-landlord/,https://chamanlawfirm.com/resources/blog/deal-with-and-bad-tenant-as-a-landlord,one-hop 301,pending,"target approved, visible, indexable, in sitemap, final launch approved",migrate - preserve and QA
92,https://chamanlawfirm.com/nigeria-prohibited-items-list/,https://chamanlawfirm.com/resources/blog/nigeria-prohibited-items-list,one-hop 301,pending,"target approved, visible, indexable, in sitemap, final launch approved",rewrite then migrate
93,https://chamanlawfirm.com/types-of-parties-to-a-civil-action/,https://chamanlawfirm.com/resources/blog/types-of-parties-to-a-civil-action,one-hop 301,pending,"target approved, visible, indexable, in sitemap, final launch approved",rewrite then migrate
94,https://chamanlawfirm.com/how-to-legally-sublet-a-property-in-nigeria/,https://chamanlawfirm.com/resources/blog/how-to-legally-sublet-a-property-in-nigeria,one-hop 301,pending,"target approved, visible, indexable, in sitemap, final launch approved",migrate - preserve and QA
95,https://chamanlawfirm.com/how-do-i-obtain-a-certificate-of-occupancy/,https://chamanlawfirm.com/resources/blog/how-do-i-obtain-a-certificate-of-occupancy,one-hop 301,pending,"target approved, visible, indexable, in sitemap, final launch approved",migrate - preserve and QA
96,https://chamanlawfirm.com/powerful-steps-valid-survey/,https://chamanlawfirm.com/powerful-steps-valid-survey/,one-hop 301,pending,"target approved, visible, indexable, in sitemap, final launch approved",redirect only - non-article or canonical route
97,https://chamanlawfirm.com/what-governs-contract-in-nigeria/,https://chamanlawfirm.com/resources/blog/what-governs-contract-in-nigeria,one-hop 301,pending,"target approved, visible, indexable, in sitemap, final launch approved",rewrite then migrate
98,https://chamanlawfirm.com/understanding-rent-increase-laws-in-lagos/,https://chamanlawfirm.com/resources/blog/understanding-rent-increase-laws-in-lagos,one-hop 301,pending,"target approved, visible, indexable, in sitemap, final launch approved",rewrite then migrate
99,https://chamanlawfirm.com/obtaining-governor-consent-for-land-transactions/,https://chamanlawfirm.com/resources/blog/obtaining-governor-consent-for-land-transactions,one-hop 301,pending,"target approved, visible, indexable, in sitemap, final launch approved",rewrite then migrate
100,https://chamanlawfirm.com/deed-of-assignment-in-nigeria/,https://chamanlawfirm.com/resources/blog/deed-of-assignment-in-nigeria,one-hop 301,pending,"target approved, visible, indexable, in sitemap, final launch approved",migrate - preserve and QA
101,https://chamanlawfirm.com/the-land-use-and-allocation-committee-luac/,https://chamanlawfirm.com/resources/blog/the-land-use-and-allocation-committee-luac,one-hop 301,pending,"target approved, visible, indexable, in sitemap, final launch approved",migrate - preserve and QA
102,https://chamanlawfirm.com/legal-implications-of-joint-property/,https://chamanlawfirm.com/resources/blog/legal-implications-of-joint-property,one-hop 301,pending,"target approved, visible, indexable, in sitemap, final launch approved",migrate - preserve and QA
103,https://chamanlawfirm.com/enforcing-fundamental-human-right/,https://chamanlawfirm.com/resources/blog/enforcing-fundamental-human-right,one-hop 301,pending,"target approved, visible, indexable, in sitemap, final launch approved",rewrite then migrate
104,https://chamanlawfirm.com/revocation-of-power-of-attorney/,https://chamanlawfirm.com/resources/blog/revocation-of-power-of-attorney,one-hop 301,pending,"target approved, visible, indexable, in sitemap, final launch approved",migrate - preserve and QA
105,https://chamanlawfirm.com/property-insurance-in-nigeria/,https://chamanlawfirm.com/resources/blog/property-insurance-in-nigeria,one-hop 301,pending,"target approved, visible, indexable, in sitemap, final launch approved",rewrite then migrate
106,https://chamanlawfirm.com/documents-apostilled-in-nigeria/,https://chamanlawfirm.com/resources/blog/documents-apostilled-in-nigeria,one-hop 301,pending,"target approved, visible, indexable, in sitemap, final launch approved",rewrite then migrate
107,https://chamanlawfirm.com/insightful-overview-of-family-law-in-nigeria/,https://chamanlawfirm.com/resources/blog/insightful-overview-of-family-law-in-nigeria,one-hop 301,pending,"target approved, visible, indexable, in sitemap, final launch approved",migrate - preserve and QA
108,https://chamanlawfirm.com/rights-of-a-property-owner-in-nigeria/,https://chamanlawfirm.com/rights-of-a-property-owner-in-nigeria/,one-hop 301,pending,"target approved, visible, indexable, in sitemap, final launch approved",redirect only - non-article or canonical route
109,https://chamanlawfirm.com/the-concept-of-restitution-of-conjugal-rights/,https://chamanlawfirm.com/resources/blog/the-concept-of-restitution-of-conjugal-rights,one-hop 301,pending,"target approved, visible, indexable, in sitemap, final launch approved",rewrite then migrate
110,https://chamanlawfirm.com/5-lis-pendens-understanding-the-doctrine/,https://chamanlawfirm.com/resources/blog/5-lis-pendens-understanding-the-doctrine,one-hop 301,pending,"target approved, visible, indexable, in sitemap, final launch approved",rewrite then migrate
111,https://chamanlawfirm.com/how-to-obtain-tax-clearance-certificate/,https://chamanlawfirm.com/resources/blog/how-to-obtain-tax-clearance-certificate,one-hop 301,pending,"target approved, visible, indexable, in sitemap, final launch approved",rewrite then migrate
112,https://chamanlawfirm.com/who-holds-authority-over-land-under-the-land/,https://chamanlawfirm.com/resources/blog/who-holds-authority-over-land-under-the-land,one-hop 301,pending,"target approved, visible, indexable, in sitemap, final launch approved",migrate - preserve and QA
113,https://chamanlawfirm.com/developer-fails-to-deliver-property/,https://chamanlawfirm.com/resources/blog/developer-fails-to-deliver-property,one-hop 301,pending,"target approved, visible, indexable, in sitemap, final launch approved",rewrite then migrate
114,https://chamanlawfirm.com/pohistory-of-legal-profession-in-nigeria/,https://chamanlawfirm.com/resources/blog/pohistory-of-legal-profession-in-nigeria,one-hop 301,pending,"target approved, visible, indexable, in sitemap, final launch approved",migrate - preserve and QA
115,https://chamanlawfirm.com/land-registration-system-in-nigeria/,https://chamanlawfirm.com/resources/blog/land-registration-system-in-nigeria,one-hop 301,pending,"target approved, visible, indexable, in sitemap, final launch approved",migrate - preserve and QA
116,https://chamanlawfirm.com/lagos-tenancy-fixed-and-periodic-tenancies/,https://chamanlawfirm.com/resources/blog/lagos-tenancy-fixed-and-periodic-tenancies,one-hop 301,pending,"target approved, visible, indexable, in sitemap, final launch approved",migrate - preserve and QA
117,https://chamanlawfirm.com/expert-witnesses-in-nigeria-court-proceeding/,https://chamanlawfirm.com/resources/blog/expert-witnesses-in-nigeria-court-proceeding,one-hop 301,pending,"target approved, visible, indexable, in sitemap, final launch approved",migrate - preserve and QA
118,https://chamanlawfirm.com/how-to-conduct-search-at-land-registry/,https://chamanlawfirm.com/resources/blog/how-to-conduct-search-at-land-registry,one-hop 301,pending,"target approved, visible, indexable, in sitemap, final launch approved",migrate - preserve and QA
119,https://chamanlawfirm.com/importance-of-covenants-in-a-tenancy-agreement/,https://chamanlawfirm.com/resources/blog/importance-of-covenants-in-a-tenancy-agreement,one-hop 301,pending,"target approved, visible, indexable, in sitemap, final launch approved",rewrite then migrate
120,https://chamanlawfirm.com/how-to-prove-ownership-of-land-in-nigeria/,https://chamanlawfirm.com/resources/blog/how-to-prove-ownership-of-land-in-nigeria,one-hop 301,pending,"target approved, visible, indexable, in sitemap, final launch approved",migrate - preserve and QA
121,https://chamanlawfirm.com/deed-of-partition-in-nigeria/,https://chamanlawfirm.com/resources/blog/deed-of-partition-in-nigeria,one-hop 301,pending,"target approved, visible, indexable, in sitemap, final launch approved",migrate - preserve and QA
122,https://chamanlawfirm.com/land-use-act-1978/,https://chamanlawfirm.com/land-use-act-1978/,one-hop 301,pending,"target approved, visible, indexable, in sitemap, final launch approved",redirect only - non-article or canonical route
123,https://chamanlawfirm.com/landlords-and-tenants-in-nigeria/,https://chamanlawfirm.com/resources/blog/landlords-and-tenants-in-nigeria,one-hop 301,pending,"target approved, visible, indexable, in sitemap, final launch approved",rewrite then migrate
124,https://chamanlawfirm.com/maxims-of-equity/,https://chamanlawfirm.com/resources/blog/maxims-of-equity,one-hop 301,pending,"target approved, visible, indexable, in sitemap, final launch approved",rewrite then migrate
125,https://chamanlawfirm.com/of-the-securities-and-exchange-commission/,https://chamanlawfirm.com/resources/blog/of-the-securities-and-exchange-commission,one-hop 301,pending,"target approved, visible, indexable, in sitemap, final launch approved",rewrite then migrate
126,https://chamanlawfirm.com/step-by-step-guide-on-how-to-conduct-a-statutory-marriage-in-nigeria/,https://chamanlawfirm.com/resources/blog/step-by-step-guide-on-how-to-conduct-a-statutory-marriage-in-nigeria,one-hop 301,pending,"target approved, visible, indexable, in sitemap, final launch approved",rewrite then migrate
127,https://chamanlawfirm.com/digital-evidence-admissibility-in-nigeria/,https://chamanlawfirm.com/resources/blog/digital-evidence-admissibility-in-nigeria,one-hop 301,pending,"target approved, visible, indexable, in sitemap, final launch approved",rewrite then migrate
128,https://chamanlawfirm.com/probate-in-lagos-everything-you-need-to-know/,https://chamanlawfirm.com/resources/blog/probate-in-lagos-everything-you-need-to-know,one-hop 301,pending,"target approved, visible, indexable, in sitemap, final launch approved",rewrite then migrate
129,https://chamanlawfirm.com/how-to-register-a-deed-of-assignment-in-ogun/,https://chamanlawfirm.com/resources/blog/how-to-register-a-deed-of-assignment-in-ogun,one-hop 301,pending,"target approved, visible, indexable, in sitemap, final launch approved",migrate - preserve and QA
130,https://chamanlawfirm.com/how-to-handle-land-grabbers-in-ogun-state/,https://chamanlawfirm.com/resources/blog/how-to-handle-land-grabbers-in-ogun-state,one-hop 301,pending,"target approved, visible, indexable, in sitemap, final launch approved",migrate - preserve and QA
131,https://chamanlawfirm.com/proven-steps-the-canons-of-interpretation/,https://chamanlawfirm.com/resources/blog/proven-steps-the-canons-of-interpretation,one-hop 301,pending,"target approved, visible, indexable, in sitemap, final launch approved",migrate - preserve and QA
132,https://chamanlawfirm.com/how-to-file-a-lawsuit-in-nigeria/,https://chamanlawfirm.com/resources/blog/how-to-file-a-lawsuit-in-nigeria,one-hop 301,pending,"target approved, visible, indexable, in sitemap, final launch approved",migrate - preserve and QA
133,https://chamanlawfirm.com/legally-combat-police-harassment-in-nigeria/,https://chamanlawfirm.com/resources/blog/legally-combat-police-harassment-in-nigeria,one-hop 301,pending,"target approved, visible, indexable, in sitemap, final launch approved",rewrite then migrate
134,https://chamanlawfirm.com/rights-of-parties-to-a-mortgage/,https://chamanlawfirm.com/resources/blog/rights-of-parties-to-a-mortgage,one-hop 301,pending,"target approved, visible, indexable, in sitemap, final launch approved",migrate - preserve and QA
135,https://chamanlawfirm.com/legal-obligations-for-debt-collectors/,https://chamanlawfirm.com/resources/blog/legal-obligations-for-debt-collectors,one-hop 301,pending,"target approved, visible, indexable, in sitemap, final launch approved",migrate - preserve and QA
136,https://chamanlawfirm.com/challenges-of-implementing-the-land-use-act/,https://chamanlawfirm.com/resources/blog/challenges-of-implementing-the-land-use-act,one-hop 301,pending,"target approved, visible, indexable, in sitemap, final launch approved",migrate - preserve and QA
137,https://chamanlawfirm.com/board-of-directors-in-nigerian-companies/,https://chamanlawfirm.com/resources/blog/board-of-directors-in-nigerian-companies,one-hop 301,pending,"target approved, visible, indexable, in sitemap, final launch approved",migrate - preserve and QA
138,https://chamanlawfirm.com/how-to-legally-evict-a-tenant-in-lagos-state/,https://chamanlawfirm.com/resources/blog/how-to-legally-evict-a-tenant-in-lagos-state,one-hop 301,pending,"target approved, visible, indexable, in sitemap, final launch approved",migrate - preserve and QA
139,https://chamanlawfirm.com/legal-processofobtaininga-deed-of-assignment/,https://chamanlawfirm.com/resources/blog/legal-processofobtaininga-deed-of-assignment,one-hop 301,pending,"target approved, visible, indexable, in sitemap, final launch approved",migrate - preserve and QA
140,https://chamanlawfirm.com/methods-of-transfer-of-shares/,https://chamanlawfirm.com/resources/blog/methods-of-transfer-of-shares,one-hop 301,pending,"target approved, visible, indexable, in sitemap, final launch approved",rewrite then migrate
141,https://chamanlawfirm.com/laspppa-what-it-is-and-why-it-matters-in-lagos/,https://chamanlawfirm.com/resources/blog/laspppa-what-it-is-and-why-it-matters-in-lagos,one-hop 301,pending,"target approved, visible, indexable, in sitemap, final launch approved",rewrite then migrate
142,https://chamanlawfirm.com/land-tenures-and-customary-land-tenure-systems/,https://chamanlawfirm.com/resources/blog/land-tenures-and-customary-land-tenure-systems,one-hop 301,pending,"target approved, visible, indexable, in sitemap, final launch approved",rewrite then migrate
143,https://chamanlawfirm.com/can-a-member-be-expelled-from-a-trade-union/,https://chamanlawfirm.com/resources/blog/can-a-member-be-expelled-from-a-trade-union,one-hop 301,pending,"target approved, visible, indexable, in sitemap, final launch approved",rewrite then migrate
144,https://chamanlawfirm.com/property-with-existing-tenants-in-nigeria/,https://chamanlawfirm.com/resources/blog/property-with-existing-tenants-in-nigeria,one-hop 301,pending,"target approved, visible, indexable, in sitemap, final launch approved",migrate - preserve and QA
145,https://chamanlawfirm.com/letter-of-administration-in-ogun-state/,https://chamanlawfirm.com/resources/blog/letter-of-administration-in-ogun-state,one-hop 301,pending,"target approved, visible, indexable, in sitemap, final launch approved",migrate - preserve and QA
146,https://chamanlawfirm.com/land-use-act-and-land-tenure-systems/,https://chamanlawfirm.com/resources/blog/land-use-act-and-land-tenure-systems,one-hop 301,pending,"target approved, visible, indexable, in sitemap, final launch approved",migrate - preserve and QA
147,https://chamanlawfirm.com/international-law-in-conflict-resolution/,https://chamanlawfirm.com/resources/blog/international-law-in-conflict-resolution,one-hop 301,pending,"target approved, visible, indexable, in sitemap, final launch approved",migrate - preserve and QA
148,https://chamanlawfirm.com/where-marriage-under-the-act-can-be-conducted/,https://chamanlawfirm.com/resources/blog/where-marriage-under-the-act-can-be-conducted,one-hop 301,pending,"target approved, visible, indexable, in sitemap, final launch approved",rewrite then migrate
149,https://chamanlawfirm.com/how-nigerian-courts-handle-electronic-evidence/,https://chamanlawfirm.com/resources/blog/how-nigerian-courts-handle-electronic-evidence,one-hop 301,pending,"target approved, visible, indexable, in sitemap, final launch approved",rewrite then migrate
150,https://chamanlawfirm.com/the-role-of-regulatory-bodies/,https://chamanlawfirm.com/resources/blog/the-role-of-regulatory-bodies,one-hop 301,pending,"target approved, visible, indexable, in sitemap, final launch approved",rewrite then migrate
151,https://chamanlawfirm.com/who-can-be-a-notary-public/,https://chamanlawfirm.com/resources/blog/who-can-be-a-notary-public,one-hop 301,pending,"target approved, visible, indexable, in sitemap, final launch approved",rewrite then migrate
152,https://chamanlawfirm.com/doctrine-of-ultra-vires/,https://chamanlawfirm.com/resources/blog/doctrine-of-ultra-vires,one-hop 301,pending,"target approved, visible, indexable, in sitemap, final launch approved",rewrite then migrate
153,https://chamanlawfirm.com/about-chaman-law-firm/,https://chamanlawfirm.com/resources/blog/about-chaman-law-firm,one-hop 301,pending,"target approved, visible, indexable, in sitemap, final launch approved",migrate - preserve and QA
154,https://chamanlawfirm.com/minority-protection-rights-and-remedies/,https://chamanlawfirm.com/resources/blog/minority-protection-rights-and-remedies,one-hop 301,pending,"target approved, visible, indexable, in sitemap, final launch approved",rewrite then migrate
155,https://chamanlawfirm.com/types-of-company-in-nigeria/,https://chamanlawfirm.com/resources/blog/types-of-company-in-nigeria,one-hop 301,pending,"target approved, visible, indexable, in sitemap, final launch approved",rewrite then migrate
156,https://chamanlawfirm.com/contract-breach-and-remedies/,https://chamanlawfirm.com/resources/blog/contract-breach-and-remedies,one-hop 301,pending,"target approved, visible, indexable, in sitemap, final launch approved",migrate - preserve and QA
157,https://chamanlawfirm.com/tax-clearance-certificate-in-nigeria/,https://chamanlawfirm.com/resources/blog/tax-clearance-certificate-in-nigeria,one-hop 301,pending,"target approved, visible, indexable, in sitemap, final launch approved",rewrite then migrate
158,https://chamanlawfirm.com/legal-restrictions-to-sale-of-land/,https://chamanlawfirm.com/legal-restrictions-to-sale-of-land/,one-hop 301,pending,"target approved, visible, indexable, in sitemap, final launch approved",redirect only - non-article or canonical route
159,https://chamanlawfirm.com/two-years-rule-as-regards-dissolution-of/,https://chamanlawfirm.com/resources/blog/two-years-rule-as-regards-dissolution-of,one-hop 301,pending,"target approved, visible, indexable, in sitemap, final launch approved",migrate - preserve and QA
160,https://chamanlawfirm.com/how-to-calculate-and-pay-land-use-charge/,https://chamanlawfirm.com/resources/blog/how-to-calculate-and-pay-land-use-charge,one-hop 301,pending,"target approved, visible, indexable, in sitemap, final launch approved",rewrite then migrate
161,https://chamanlawfirm.com/establishing-paternity-and-maternity-under/,https://chamanlawfirm.com/resources/blog/establishing-paternity-and-maternity-under,one-hop 301,pending,"target approved, visible, indexable, in sitemap, final launch approved",rewrite then migrate
162,https://chamanlawfirm.com/the-difference-between-adoption-and-fostering-in-nigeria/,https://chamanlawfirm.com/resources/blog/the-difference-between-adoption-and-fostering-in-nigeria,one-hop 301,pending,"target approved, visible, indexable, in sitemap, final launch approved",rewrite then migrate
163,https://chamanlawfirm.com/selling-a-family-land-without-everyones-consent/,https://chamanlawfirm.com/resources/blog/selling-a-family-land-without-everyones-consent,one-hop 301,pending,"target approved, visible, indexable, in sitemap, final launch approved",migrate - preserve and QA
164,https://chamanlawfirm.com/limitations-to-testamentary-freedom/,https://chamanlawfirm.com/resources/blog/limitations-to-testamentary-freedom,one-hop 301,pending,"target approved, visible, indexable, in sitemap, final launch approved",migrate - preserve and QA
165,https://chamanlawfirm.com/legalisation-authentication-of-marriage-certificate-in-nigeria/,https://chamanlawfirm.com/resources/blog/legalisation-authentication-of-marriage-certificate-in-nigeria,one-hop 301,pending,"target approved, visible, indexable, in sitemap, final launch approved",migrate - preserve and QA
166,https://chamanlawfirm.com/the-valid-procession-of-a-statutory-marriage/,https://chamanlawfirm.com/the-valid-procession-of-a-statutory-marriage/,one-hop 301,pending,"target approved, visible, indexable, in sitemap, final launch approved",redirect only - non-article or canonical route
167,https://chamanlawfirm.com/successfully-obtain-a-building-plan-approval/,https://chamanlawfirm.com/resources/blog/successfully-obtain-a-building-plan-approval,one-hop 301,pending,"target approved, visible, indexable, in sitemap, final launch approved",rewrite then migrate
168,https://chamanlawfirm.com/the-morgage-sell-the-mortgaged-property/,https://chamanlawfirm.com/resources/blog/the-morgage-sell-the-mortgaged-property,one-hop 301,pending,"target approved, visible, indexable, in sitemap, final launch approved",migrate - preserve and QA
169,https://chamanlawfirm.com/what-is-the-legal-status-of-collective-agreement/,https://chamanlawfirm.com/resources/blog/what-is-the-legal-status-of-collective-agreement,one-hop 301,pending,"target approved, visible, indexable, in sitemap, final launch approved",migrate - preserve and QA
170,https://chamanlawfirm.com/how-to-obtain-dual-citizenship-in-nigeria-a/,https://chamanlawfirm.com/resources/blog/how-to-obtain-dual-citizenship-in-nigeria-a,one-hop 301,pending,"target approved, visible, indexable, in sitemap, final launch approved",rewrite then migrate
171,https://chamanlawfirm.com/powerful-steps-who-is-mercantile-agent/,https://chamanlawfirm.com/resources/blog/powerful-steps-who-is-mercantile-agent,one-hop 301,pending,"target approved, visible, indexable, in sitemap, final launch approved",rewrite then migrate
172,https://chamanlawfirm.com/what-is-a-deed-of-assent-in-nigeria/,https://chamanlawfirm.com/resources/blog/what-is-a-deed-of-assent-in-nigeria,one-hop 301,pending,"target approved, visible, indexable, in sitemap, final launch approved",rewrite then migrate
173,https://chamanlawfirm.com/contact-for-legal-consultation/,https://chamanlawfirm.com/resources/blog/contact-for-legal-consultation,one-hop 301,pending,"target approved, visible, indexable, in sitemap, final launch approved",migrate - preserve and QA
174,https://chamanlawfirm.com/child-custody-in-customary-marriage/,https://chamanlawfirm.com/child-custody-in-customary-marriage/,one-hop 301,pending,"target approved, visible, indexable, in sitemap, final launch approved",redirect only - non-article or canonical route
175,https://chamanlawfirm.com/digital-rights-and-freedom-of-expression/,https://chamanlawfirm.com/resources/blog/digital-rights-and-freedom-of-expression,one-hop 301,pending,"target approved, visible, indexable, in sitemap, final launch approved",rewrite then migrate
176,https://chamanlawfirm.com/powerful-steps-nimasacertificate/,https://chamanlawfirm.com/resources/blog/powerful-steps-nimasacertificate,one-hop 301,pending,"target approved, visible, indexable, in sitemap, final launch approved",rewrite then migrate
177,https://chamanlawfirm.com/legal-remedies-for-breach-of-land-sale-contract/,https://chamanlawfirm.com/resources/blog/legal-remedies-for-breach-of-land-sale-contract,one-hop 301,pending,"target approved, visible, indexable, in sitemap, final launch approved",migrate - preserve and QA
178,https://chamanlawfirm.com/procedure-and-guprivate-placement-in-nigeria/,https://chamanlawfirm.com/resources/blog/procedure-and-guprivate-placement-in-nigeria,one-hop 301,pending,"target approved, visible, indexable, in sitemap, final launch approved",rewrite then migrate
179,https://chamanlawfirm.com/how-to-obtain-an-infant-visa-in-nigeria/,https://chamanlawfirm.com/resources/blog/how-to-obtain-an-infant-visa-in-nigeria,one-hop 301,pending,"target approved, visible, indexable, in sitemap, final launch approved",rewrite then migrate
180,https://chamanlawfirm.com/employers-vicarious-liability/,https://chamanlawfirm.com/resources/blog/employers-vicarious-liability,one-hop 301,pending,"target approved, visible, indexable, in sitemap, final launch approved",rewrite then migrate
181,https://chamanlawfirm.com/individual-tax-clearance-certificate/,https://chamanlawfirm.com/resources/blog/individual-tax-clearance-certificate,one-hop 301,pending,"target approved, visible, indexable, in sitemap, final launch approved",rewrite then migrate
182,https://chamanlawfirm.com/the-defence-of-laches-in-customary-law-in-nigeria/,https://chamanlawfirm.com/resources/blog/the-defence-of-laches-in-customary-law-in-nigeria,one-hop 301,pending,"target approved, visible, indexable, in sitemap, final launch approved",migrate - preserve and QA
183,https://chamanlawfirm.com/how-to-obtain-legal-guardianship-of-a-child/,https://chamanlawfirm.com/how-to-obtain-legal-guardianship-of-a-child/,one-hop 301,pending,"target approved, visible, indexable, in sitemap, final launch approved",redirect only - non-article or canonical route
184,https://chamanlawfirm.com/how-to-legalize-or-attest-a-document-in-nigeria/,https://chamanlawfirm.com/resources/blog/how-to-legalize-or-attest-a-document-in-nigeria,one-hop 301,pending,"target approved, visible, indexable, in sitemap, final launch approved",rewrite then migrate
185,https://chamanlawfirm.com/real-estate-taxes-in-nigeria-transactions/,https://chamanlawfirm.com/resources/blog/real-estate-taxes-in-nigeria-transactions,one-hop 301,pending,"target approved, visible, indexable, in sitemap, final launch approved",rewrite then migrate
186,https://chamanlawfirm.com/taxes-on-real-estate-transactions-in-nigeria/,https://chamanlawfirm.com/resources/blog/taxes-on-real-estate-transactions-in-nigeria,one-hop 301,pending,"target approved, visible, indexable, in sitemap, final launch approved",rewrite then migrate
187,https://chamanlawfirm.com/basic-elements-of-defamatory-statement/,https://chamanlawfirm.com/resources/blog/basic-elements-of-defamatory-statement,one-hop 301,pending,"target approved, visible, indexable, in sitemap, final launch approved",rewrite then migrate
188,https://chamanlawfirm.com/domestic-violence-ground-for-dissolution-of-marriage-and-its-criminal-implications/,https://chamanlawfirm.com/resources/blog/domestic-violence-ground-for-dissolution-of-marriage-and-its-criminal-implications,one-hop 301,pending,"target approved, visible, indexable, in sitemap, final launch approved",rewrite then migrate
189,https://chamanlawfirm.com/how-do-i-process-survey-plan-approval-in-ogun/,https://chamanlawfirm.com/resources/blog/how-do-i-process-survey-plan-approval-in-ogun,one-hop 301,pending,"target approved, visible, indexable, in sitemap, final launch approved",migrate - preserve and QA
190,https://chamanlawfirm.com/7-effective-steps-to-take-when-a-landlord-refuses-to-return-your-rent-deposit/,https://chamanlawfirm.com/resources/blog/7-effective-steps-to-take-when-a-landlord-refuses-to-return-your-rent-deposit,one-hop 301,pending,"target approved, visible, indexable, in sitemap, final launch approved",migrate - preserve and QA
191,https://chamanlawfirm.com/how-to-resolve-land-disputes-in-nigeria-with/,https://chamanlawfirm.com/resources/blog/how-to-resolve-land-disputes-in-nigeria-with,one-hop 301,pending,"target approved, visible, indexable, in sitemap, final launch approved",migrate - preserve and QA
192,https://chamanlawfirm.com/statute-limitations-and-limitation-periods/,https://chamanlawfirm.com/resources/blog/statute-limitations-and-limitation-periods,one-hop 301,pending,"target approved, visible, indexable, in sitemap, final launch approved",rewrite then migrate
193,https://chamanlawfirm.com/family-courts-and-specialized-tribunals-2/,https://chamanlawfirm.com/resources/blog/family-courts-and-specialized-tribunals-2,one-hop 301,pending,"target approved, visible, indexable, in sitemap, final launch approved",migrate - preserve and QA
194,https://chamanlawfirm.com/how-to-make-complaint-for-estimated-bills-in-nigeria/,https://chamanlawfirm.com/resources/blog/how-to-make-complaint-for-estimated-bills-in-nigeria,one-hop 301,pending,"target approved, visible, indexable, in sitemap, final launch approved",rewrite then migrate
195,https://chamanlawfirm.com/defenses-and-bars-to-a-petition-for-divorce-2/,https://chamanlawfirm.com/resources/blog/defenses-and-bars-to-a-petition-for-divorce-2,one-hop 301,pending,"target approved, visible, indexable, in sitemap, final launch approved",rewrite then migrate
196,https://chamanlawfirm.com/or-filing-interlocutory-applications/,https://chamanlawfirm.com/resources/blog/or-filing-interlocutory-applications,one-hop 301,pending,"target approved, visible, indexable, in sitemap, final launch approved",rewrite then migrate
197,https://chamanlawfirm.com/breach-of-promise-to-marriage-in-nigeria/,https://chamanlawfirm.com/resources/blog/breach-of-promise-to-marriage-in-nigeria,one-hop 301,pending,"target approved, visible, indexable, in sitemap, final launch approved",rewrite then migrate
198,https://chamanlawfirm.com/procedure-for-mergers-and-acquisitions-in-nigeria/,https://chamanlawfirm.com/resources/blog/procedure-for-mergers-and-acquisitions-in-nigeria,one-hop 301,pending,"target approved, visible, indexable, in sitemap, final launch approved",rewrite then migrate
199,https://chamanlawfirm.com/government-acquisition-in-ogun-state/,https://chamanlawfirm.com/resources/blog/government-acquisition-in-ogun-state,one-hop 301,pending,"target approved, visible, indexable, in sitemap, final launch approved",rewrite then migrate
200,https://chamanlawfirm.com/fencing-approval-in-lagos-key-requirements/,https://chamanlawfirm.com/resources/blog/fencing-approval-in-lagos-key-requirements,one-hop 301,pending,"target approved, visible, indexable, in sitemap, final launch approved",migrate - preserve and QA
201,https://chamanlawfirm.com/immigration-service-in-border-management/,https://chamanlawfirm.com/resources/blog/immigration-service-in-border-management,one-hop 301,pending,"target approved, visible, indexable, in sitemap, final launch approved",rewrite then migrate
202,https://chamanlawfirm.com/analysis-of-the-nigerian-legal-system/,https://chamanlawfirm.com/resources/blog/analysis-of-the-nigerian-legal-system,one-hop 301,pending,"target approved, visible, indexable, in sitemap, final launch approved",rewrite then migrate
203,https://chamanlawfirm.com/how-to-apply-for-certificate-of-occupancy-in-nigeria/,https://chamanlawfirm.com/resources/blog/how-to-apply-for-certificate-of-occupancy-in-nigeria,one-hop 301,pending,"target approved, visible, indexable, in sitemap, final launch approved",migrate - preserve and QA
204,https://chamanlawfirm.com/proven-steps-onoverview-of-the-child-right-act/,https://chamanlawfirm.com/resources/blog/proven-steps-onoverview-of-the-child-right-act,one-hop 301,pending,"target approved, visible, indexable, in sitemap, final launch approved",rewrite then migrate
205,https://chamanlawfirm.com/certificate-of-occupancy-in-oyo-state/,https://chamanlawfirm.com/resources/blog/certificate-of-occupancy-in-oyo-state,one-hop 301,pending,"target approved, visible, indexable, in sitemap, final launch approved",rewrite then migrate
206,https://chamanlawfirm.com/mastering-nigeria-law-for-contract-an-in/,https://chamanlawfirm.com/resources/blog/mastering-nigeria-law-for-contract-an-in,one-hop 301,pending,"target approved, visible, indexable, in sitemap, final launch approved",rewrite then migrate
207,https://chamanlawfirm.com/clauses-for-drafting-a-tenancy-agreement/,https://chamanlawfirm.com/resources/blog/clauses-for-drafting-a-tenancy-agreement,one-hop 301,pending,"target approved, visible, indexable, in sitemap, final launch approved",migrate - preserve and QA
208,https://chamanlawfirm.com/documents-to-verify-before-buying-property/,https://chamanlawfirm.com/documents-to-verify-before-buying-property/,one-hop 301,pending,"target approved, visible, indexable, in sitemap, final launch approved",redirect only - non-article or canonical route
209,https://chamanlawfirm.com/landlord-and-tenant-relationship/,https://chamanlawfirm.com/resources/blog/landlord-and-tenant-relationship,one-hop 301,pending,"target approved, visible, indexable, in sitemap, final launch approved",migrate - preserve and QA
210,https://chamanlawfirm.com/how-to-apply-for-and-get-a-certificate-of-occupancy-in-enugu-state-nigeria/,https://chamanlawfirm.com/resources/blog/how-to-apply-for-and-get-a-certificate-of-occupancy-in-enugu-state-nigeria,one-hop 301,pending,"target approved, visible, indexable, in sitemap, final launch approved",migrate - preserve and QA
211,https://chamanlawfirm.com/charles-chukwuma-nkwoka/,https://chamanlawfirm.com/resources/blog/charles-chukwuma-nkwoka,one-hop 301,pending,"target approved, visible, indexable, in sitemap, final launch approved",rewrite then migrate
212,https://chamanlawfirm.com/challenges-of-customary-marriage/,https://chamanlawfirm.com/challenges-of-customary-marriage/,one-hop 301,pending,"target approved, visible, indexable, in sitemap, final launch approved",redirect only - non-article or canonical route
213,https://chamanlawfirm.com/how-do-i-regularize-land-documents-in-ogun-state/,https://chamanlawfirm.com/resources/blog/how-do-i-regularize-land-documents-in-ogun-state,one-hop 301,pending,"target approved, visible, indexable, in sitemap, final launch approved",migrate - preserve and QA
214,https://chamanlawfirm.com/how-to-file-for-child-custody-in-nigeria-a/,https://chamanlawfirm.com/resources/blog/how-to-file-for-child-custody-in-nigeria-a,one-hop 301,pending,"target approved, visible, indexable, in sitemap, final launch approved",rewrite then migrate
215,https://chamanlawfirm.com/right-of-an-illegitimate-child/,https://chamanlawfirm.com/resources/blog/right-of-an-illegitimate-child,one-hop 301,pending,"target approved, visible, indexable, in sitemap, final launch approved",rewrite then migrate
216,https://chamanlawfirm.com/what-are-the-top-gated-estates-in-lekki/,https://chamanlawfirm.com/resources/blog/what-are-the-top-gated-estates-in-lekki,one-hop 301,pending,"target approved, visible, indexable, in sitemap, final launch approved",rewrite then migrate
217,https://chamanlawfirm.com/governors-consent/,https://chamanlawfirm.com/resources/blog/governors-consent,one-hop 301,pending,"target approved, visible, indexable, in sitemap, final launch approved",rewrite then migrate
218,https://chamanlawfirm.com/how-to-obtain-standard-organisat-certificate/,https://chamanlawfirm.com/resources/blog/how-to-obtain-standard-organisat-certificate,one-hop 301,pending,"target approved, visible, indexable, in sitemap, final launch approved",rewrite then migrate
219,https://chamanlawfirm.com/overview-of-statutory-marriage-in-nigeria/,https://chamanlawfirm.com/resources/blog/overview-of-statutory-marriage-in-nigeria,one-hop 301,pending,"target approved, visible, indexable, in sitemap, final launch approved",rewrite then migrate
220,https://chamanlawfirm.com/sell-family-land-without-everyones-consent/,https://chamanlawfirm.com/resources/blog/sell-family-land-without-everyones-consent,one-hop 301,pending,"target approved, visible, indexable, in sitemap, final launch approved",rewrite then migrate
221,https://chamanlawfirm.com/rights-of-children-born-outside-wedlock/,https://chamanlawfirm.com/resources/blog/rights-of-children-born-outside-wedlock,one-hop 301,pending,"target approved, visible, indexable, in sitemap, final launch approved",rewrite then migrate
222,https://chamanlawfirm.com/limitation-of-action-in-nigeria/,https://chamanlawfirm.com/resources/blog/limitation-of-action-in-nigeria,one-hop 301,pending,"target approved, visible, indexable, in sitemap, final launch approved",rewrite then migrate
223,https://chamanlawfirm.com/how-to-legally-subdivide-and-develop-land/,https://chamanlawfirm.com/resources/blog/how-to-legally-subdivide-and-develop-land,one-hop 301,pending,"target approved, visible, indexable, in sitemap, final launch approved",migrate - preserve and QA
224,https://chamanlawfirm.com/difference-between-a-parent-company-and-a-subsidiary/,https://chamanlawfirm.com/resources/blog/difference-between-a-parent-company-and-a-subsidiary,one-hop 301,pending,"target approved, visible, indexable, in sitemap, final launch approved",rewrite then migrate
225,https://chamanlawfirm.com/tenancy-law-of-lagos-state-2011/,https://chamanlawfirm.com/resources/blog/tenancy-law-of-lagos-state-2011,one-hop 301,pending,"target approved, visible, indexable, in sitemap, final launch approved",rewrite then migrate
226,https://chamanlawfirm.com/inheritance-rights-of-step-children/,https://chamanlawfirm.com/inheritance-rights-of-step-children/,one-hop 301,pending,"target approved, visible, indexable, in sitemap, final launch approved",redirect only - non-article or canonical route
227,https://chamanlawfirm.com/procedure-for-ejecting-a-squatter-in-lagos/,https://chamanlawfirm.com/resources/blog/procedure-for-ejecting-a-squatter-in-lagos,one-hop 301,pending,"target approved, visible, indexable, in sitemap, final launch approved",migrate - preserve and QA
228,https://chamanlawfirm.com/how-to-get-international-passport-in-nigeria/,https://chamanlawfirm.com/resources/blog/how-to-get-international-passport-in-nigeria,one-hop 301,pending,"target approved, visible, indexable, in sitemap, final launch approved",rewrite then migrate
229,https://chamanlawfirm.com/procedures-for-land-registration-in-nigeria/,https://chamanlawfirm.com/resources/blog/procedures-for-land-registration-in-nigeria,one-hop 301,pending,"target approved, visible, indexable, in sitemap, final launch approved",rewrite then migrate
230,https://chamanlawfirm.com/the-le-a-legally-binding-contracts-in-nigeri/,https://chamanlawfirm.com/resources/blog/the-le-a-legally-binding-contracts-in-nigeri,one-hop 301,pending,"target approved, visible, indexable, in sitemap, final launch approved",migrate - preserve and QA
231,https://chamanlawfirm.com/recovery-of-premises/,https://chamanlawfirm.com/resources/blog/recovery-of-premises,one-hop 301,pending,"target approved, visible, indexable, in sitemap, final launch approved",migrate - preserve and QA
232,https://chamanlawfirm.com/role-of-stamp-duty-in-property-transactions/,https://chamanlawfirm.com/resources/blog/role-of-stamp-duty-in-property-transactions,one-hop 301,pending,"target approved, visible, indexable, in sitemap, final launch approved",rewrite then migrate
233,https://chamanlawfirm.com/guide-for-transfer-of-land-ownership-and/,https://chamanlawfirm.com/resources/blog/guide-for-transfer-of-land-ownership-and,one-hop 301,pending,"target approved, visible, indexable, in sitemap, final launch approved",rewrite then migrate
234,https://chamanlawfirm.com/registration-of-deed-of-assignment-in-nigeria/,https://chamanlawfirm.com/resources/blog/registration-of-deed-of-assignment-in-nigeria,one-hop 301,pending,"target approved, visible, indexable, in sitemap, final launch approved",migrate - preserve and QA
235,https://chamanlawfirm.com/can-a-landlord-increase-rent-arbitrarily/,https://chamanlawfirm.com/resources/blog/can-a-landlord-increase-rent-arbitrarily,one-hop 301,pending,"target approved, visible, indexable, in sitemap, final launch approved",migrate - preserve and QA
236,https://chamanlawfirm.com/legal-title-versus-equity-title/,https://chamanlawfirm.com/resources/blog/legal-title-versus-equity-title,one-hop 301,pending,"target approved, visible, indexable, in sitemap, final launch approved",rewrite then migrate
237,https://chamanlawfirm.com/tenancy-dispute-resolution-in-ogun-state/,https://chamanlawfirm.com/resources/blog/tenancy-dispute-resolution-in-ogun-state,one-hop 301,pending,"target approved, visible, indexable, in sitemap, final launch approved",migrate - preserve and QA
238,https://chamanlawfirm.com/what-are-the-requirements-for-compulsory-acquisition-of-land-in-nigeria/,https://chamanlawfirm.com/resources/blog/what-are-the-requirements-for-compulsory-acquisition-of-land-in-nigeria,one-hop 301,pending,"target approved, visible, indexable, in sitemap, final launch approved",migrate - preserve and QA
239,https://chamanlawfirm.com/how-to-be-a-good-property-lawyer/,https://chamanlawfirm.com/resources/blog/how-to-be-a-good-property-lawyer,one-hop 301,pending,"target approved, visible, indexable, in sitemap, final launch approved",rewrite then migrate
240,https://chamanlawfirm.com/the-basics-of-statutory-right-of-occupancy/,https://chamanlawfirm.com/resources/blog/the-basics-of-statutory-right-of-occupancy,one-hop 301,pending,"target approved, visible, indexable, in sitemap, final launch approved",rewrite then migrate
241,https://chamanlawfirm.com/chaman-legal-team-2/,https://chamanlawfirm.com/resources/blog/chaman-legal-team-2,one-hop 301,pending,"target approved, visible, indexable, in sitemap, final launch approved",rewrite then migrate
242,https://chamanlawfirm.com/role-of-shareholder-in-corporate-decision-making/,https://chamanlawfirm.com/role-of-shareholder-in-corporate-decision-making/,one-hop 301,pending,"target approved, visible, indexable, in sitemap, final launch approved",redirect only - non-article or canonical route
243,https://chamanlawfirm.com/family-law-disputes-and-child-abduction/,https://chamanlawfirm.com/resources/blog/family-law-disputes-and-child-abduction,one-hop 301,pending,"target approved, visible, indexable, in sitemap, final launch approved",migrate - preserve and QA
244,https://chamanlawfirm.com/how-to-write-a-demand-letter/,https://chamanlawfirm.com/resources/blog/how-to-write-a-demand-letter,one-hop 301,pending,"target approved, visible, indexable, in sitemap, final launch approved",rewrite then migrate
245,https://chamanlawfirm.com/ownership-understanding-the-legal/,https://chamanlawfirm.com/resources/blog/ownership-understanding-the-legal,one-hop 301,pending,"target approved, visible, indexable, in sitemap, final launch approved",migrate - preserve and QA
246,https://chamanlawfirm.com/building-completion-certificate-in-lagos/,https://chamanlawfirm.com/resources/blog/building-completion-certificate-in-lagos,one-hop 301,pending,"target approved, visible, indexable, in sitemap, final launch approved",rewrite then migrate
247,https://chamanlawfirm.com/court-procedures-and-efficient-case/,https://chamanlawfirm.com/resources/blog/court-procedures-and-efficient-case,one-hop 301,pending,"target approved, visible, indexable, in sitemap, final launch approved",migrate - preserve and QA
248,https://chamanlawfirm.com/government-acquired-lands-in-nigeria/,https://chamanlawfirm.com/resources/blog/government-acquired-lands-in-nigeria,one-hop 301,pending,"target approved, visible, indexable, in sitemap, final launch approved",migrate - preserve and QA
249,https://chamanlawfirm.com/overview-of-citizenship-in-nigeria/,https://chamanlawfirm.com/resources/blog/overview-of-citizenship-in-nigeria,one-hop 301,pending,"target approved, visible, indexable, in sitemap, final launch approved",rewrite then migrate
250,https://chamanlawfirm.com/duration-to-get-governors-consent/,https://chamanlawfirm.com/resources/blog/duration-to-get-governors-consent,one-hop 301,pending,"target approved, visible, indexable, in sitemap, final launch approved",rewrite then migrate
251,https://chamanlawfirm.com/what-is-the-cost-of-perfecting-land-titles/,https://chamanlawfirm.com/resources/blog/what-is-the-cost-of-perfecting-land-titles,one-hop 301,pending,"target approved, visible, indexable, in sitemap, final launch approved",migrate - preserve and QA
252,https://chamanlawfirm.com/how-long-does-it-take-to-get-c-of-o-in-ogun-sta/,https://chamanlawfirm.com/resources/blog/how-long-does-it-take-to-get-c-of-o-in-ogun-sta,one-hop 301,pending,"target approved, visible, indexable, in sitemap, final launch approved",migrate - preserve and QA
253,https://chamanlawfirm.com/survey-plans-and-certificates-of-occupancy/,https://chamanlawfirm.com/resources/blog/survey-plans-and-certificates-of-occupancy,one-hop 301,pending,"target approved, visible, indexable, in sitemap, final launch approved",rewrite then migrate
254,https://chamanlawfirm.com/unveiling-5-proven-vital-role-of-evidence/,https://chamanlawfirm.com/resources/blog/unveiling-5-proven-vital-role-of-evidence,one-hop 301,pending,"target approved, visible, indexable, in sitemap, final launch approved",migrate - preserve and QA
255,https://chamanlawfirm.com/registation-for-branch-or-subisidiary-of-a-c/,https://chamanlawfirm.com/resources/blog/registation-for-branch-or-subisidiary-of-a-c,one-hop 301,pending,"target approved, visible, indexable, in sitemap, final launch approved",rewrite then migrate
256,https://chamanlawfirm.com/remedies-for-wrongful-dismissal-in-nigeria/,https://chamanlawfirm.com/resources/blog/remedies-for-wrongful-dismissal-in-nigeria,one-hop 301,pending,"target approved, visible, indexable, in sitemap, final launch approved",migrate - preserve and QA
257,https://chamanlawfirm.com/how-to-apply-for-south-africa-qualification/,https://chamanlawfirm.com/resources/blog/how-to-apply-for-south-africa-qualification,one-hop 301,pending,"target approved, visible, indexable, in sitemap, final launch approved",rewrite then migrate
258,https://chamanlawfirm.com/how-to-obtain-building-in-lagos-state/,https://chamanlawfirm.com/how-to-obtain-building-in-lagos-state/,one-hop 301,pending,"target approved, visible, indexable, in sitemap, final launch approved",redirect only - non-article or canonical route
259,https://chamanlawfirm.com/nigerian-court-system-challenges/,https://chamanlawfirm.com/nigerian-court-system-challenges/,one-hop 301,pending,"target approved, visible, indexable, in sitemap, final launch approved",redirect only - non-article or canonical route
260,https://chamanlawfirm.com/powerful-steps-what-is-trespass-to-land/,https://chamanlawfirm.com/resources/blog/powerful-steps-what-is-trespass-to-land,one-hop 301,pending,"target approved, visible, indexable, in sitemap, final launch approved",migrate - preserve and QA
261,https://chamanlawfirm.com/how-to-use-cac-public-search-for-your-business/,https://chamanlawfirm.com/resources/blog/how-to-use-cac-public-search-for-your-business,one-hop 301,pending,"target approved, visible, indexable, in sitemap, final launch approved",rewrite then migrate
262,https://chamanlawfirm.com/how-to-apply-for-letter-of-administration/,https://chamanlawfirm.com/resources/blog/how-to-apply-for-letter-of-administration,one-hop 301,pending,"target approved, visible, indexable, in sitemap, final launch approved",rewrite then migrate
263,https://chamanlawfirm.com/how-to-claim-third-party-insurance-in-nigeria/,https://chamanlawfirm.com/resources/blog/how-to-claim-third-party-insurance-in-nigeria,one-hop 301,pending,"target approved, visible, indexable, in sitemap, final launch approved",rewrite then migrate
264,https://chamanlawfirm.com/basic-procedure-for-dissolution-of-marriage/,https://chamanlawfirm.com/resources/blog/basic-procedure-for-dissolution-of-marriage,one-hop 301,pending,"target approved, visible, indexable, in sitemap, final launch approved",migrate - preserve and QA
265,https://chamanlawfirm.com/effect-of-witness-as-beneficiary-in-will/,https://chamanlawfirm.com/resources/blog/effect-of-witness-as-beneficiary-in-will,one-hop 301,pending,"target approved, visible, indexable, in sitemap, final launch approved",rewrite then migrate
266,https://chamanlawfirm.com/issues-land-grabbing-and-encroachment-in-nigeria/,https://chamanlawfirm.com/resources/blog/issues-land-grabbing-and-encroachment-in-nigeria,one-hop 301,pending,"target approved, visible, indexable, in sitemap, final launch approved",migrate - preserve and QA
267,https://chamanlawfirm.com/legal-advice-for-joint-ventures-in-nigeria-a-comprehensive-guide/,https://chamanlawfirm.com/resources/blog/legal-advice-for-joint-ventures-in-nigeria-a-comprehensive-guide,one-hop 301,pending,"target approved, visible, indexable, in sitemap, final launch approved",migrate - preserve and QA
268,https://chamanlawfirm.com/what-are-the-implications-of-unregistered-land-titles-in-nigeria/,https://chamanlawfirm.com/resources/blog/what-are-the-implications-of-unregistered-land-titles-in-nigeria,one-hop 301,pending,"target approved, visible, indexable, in sitemap, final launch approved",migrate - preserve and QA
269,https://chamanlawfirm.com/steps-taken-in-registering-an-ngo-in-nigeria/,https://chamanlawfirm.com/resources/blog/steps-taken-in-registering-an-ngo-in-nigeria,one-hop 301,pending,"target approved, visible, indexable, in sitemap, final launch approved",rewrite then migrate
270,https://chamanlawfirm.com/trade-associations-and-chambers-of-commerce/,https://chamanlawfirm.com/resources/blog/trade-associations-and-chambers-of-commerce,one-hop 301,pending,"target approved, visible, indexable, in sitemap, final launch approved",rewrite then migrate
271,https://chamanlawfirm.com/difference-between-assault-and-battery/,https://chamanlawfirm.com/resources/blog/difference-between-assault-and-battery,one-hop 301,pending,"target approved, visible, indexable, in sitemap, final launch approved",rewrite then migrate
272,https://chamanlawfirm.com/guardianship-and-custody-rights-of-minors/,https://chamanlawfirm.com/resources/blog/guardianship-and-custody-rights-of-minors,one-hop 301,pending,"target approved, visible, indexable, in sitemap, final launch approved",rewrite then migrate
273,https://chamanlawfirm.com/how-do-i-get-building-approval-in-ogun-state/,https://chamanlawfirm.com/resources/blog/how-do-i-get-building-approval-in-ogun-state,one-hop 301,pending,"target approved, visible, indexable, in sitemap, final launch approved",migrate - preserve and QA
274,https://chamanlawfirm.com/formation-of-joint-ventures-in-nigeria/,https://chamanlawfirm.com/resources/blog/formation-of-joint-ventures-in-nigeria,one-hop 301,pending,"target approved, visible, indexable, in sitemap, final launch approved",migrate - preserve and QA
275,https://chamanlawfirm.com/careers/,https://chamanlawfirm.com/resources/blog/careers,one-hop 301,pending,"target approved, visible, indexable, in sitemap, final launch approved",migrate - preserve and QA
276,https://chamanlawfirm.com/corporate-affairs-commission-in-nigeria/,https://chamanlawfirm.com/resources/blog/corporate-affairs-commission-in-nigeria,one-hop 301,pending,"target approved, visible, indexable, in sitemap, final launch approved",rewrite then migrate
277,https://chamanlawfirm.com/deed-of-assignment-guide-to-register/,https://chamanlawfirm.com/resources/blog/deed-of-assignment-guide-to-register,one-hop 301,pending,"target approved, visible, indexable, in sitemap, final launch approved",migrate - preserve and QA
278,https://chamanlawfirm.com/transfer-property-ownership-to-my-children/,https://chamanlawfirm.com/transfer-property-ownership-to-my-children/,one-hop 301,pending,"target approved, visible, indexable, in sitemap, final launch approved",redirect only - non-article or canonical route
279,https://chamanlawfirm.com/how-to-create-legal-mortgages-in-nigeria/,https://chamanlawfirm.com/resources/blog/how-to-create-legal-mortgages-in-nigeria,one-hop 301,pending,"target approved, visible, indexable, in sitemap, final launch approved",migrate - preserve and QA
280,https://chamanlawfirm.com/essential-requir-trust-the-three-creation/,https://chamanlawfirm.com/resources/blog/essential-requir-trust-the-three-creation,one-hop 301,pending,"target approved, visible, indexable, in sitemap, final launch approved",rewrite then migrate
281,https://chamanlawfirm.com/title-documents-much-does-it-cost-in-lagos/,https://chamanlawfirm.com/resources/blog/title-documents-much-does-it-cost-in-lagos,one-hop 301,pending,"target approved, visible, indexable, in sitemap, final launch approved",migrate - preserve and QA
282,https://chamanlawfirm.com/how-to-file-a-complaint-with-nigerian-civil-aviation-authority/,https://chamanlawfirm.com/resources/blog/how-to-file-a-complaint-with-nigerian-civil-aviation-authority,one-hop 301,pending,"target approved, visible, indexable, in sitemap, final launch approved",rewrite then migrate
283,https://chamanlawfirm.com/corporate-governance-challenges-in-companies/,https://chamanlawfirm.com/resources/blog/corporate-governance-challenges-in-companies,one-hop 301,pending,"target approved, visible, indexable, in sitemap, final launch approved",rewrite then migrate
284,https://chamanlawfirm.com/what-is-the-importance-of-certifi-occupancy/,https://chamanlawfirm.com/resources/blog/what-is-the-importance-of-certifi-occupancy,one-hop 301,pending,"target approved, visible, indexable, in sitemap, final launch approved",migrate - preserve and QA
285,https://chamanlawfirm.com/obtaining-a-c-of-o-in-ogun-state/,https://chamanlawfirm.com/resources/blog/obtaining-a-c-of-o-in-ogun-state,one-hop 301,pending,"target approved, visible, indexable, in sitemap, final launch approved",migrate - preserve and QA
286,https://chamanlawfirm.com/heritage-conservation-law-in-nigeria/,https://chamanlawfirm.com/resources/blog/heritage-conservation-law-in-nigeria,one-hop 301,pending,"target approved, visible, indexable, in sitemap, final launch approved",rewrite then migrate
287,https://chamanlawfirm.com/proven-steps-on-land-allocation-and-ownership/,https://chamanlawfirm.com/resources/blog/proven-steps-on-land-allocation-and-ownership,one-hop 301,pending,"target approved, visible, indexable, in sitemap, final launch approved",migrate - preserve and QA
288,https://chamanlawfirm.com/land-acquisition-in-nigeria-2/,https://chamanlawfirm.com/land-acquisition-in-nigeria-2/,one-hop 301,pending,"target approved, visible, indexable, in sitemap, final launch approved",redirect only - non-article or canonical route
289,https://chamanlawfirm.com/right-of-membership-limited-by-shares/,https://chamanlawfirm.com/resources/blog/right-of-membership-limited-by-shares,one-hop 301,pending,"target approved, visible, indexable, in sitemap, final launch approved",rewrite then migrate
290,https://chamanlawfirm.com/how-to-get-travel-insurance-in-nigeria/,https://chamanlawfirm.com/resources/blog/how-to-get-travel-insurance-in-nigeria,one-hop 301,pending,"target approved, visible, indexable, in sitemap, final launch approved",rewrite then migrate
291,https://chamanlawfirm.com/land-use-act-and-its-role-in-land-allocation/,https://chamanlawfirm.com/resources/blog/land-use-act-and-its-role-in-land-allocation,one-hop 301,pending,"target approved, visible, indexable, in sitemap, final launch approved",rewrite then migrate
292,https://chamanlawfirm.com/what-to-know-about-warranties-and-conditions/,https://chamanlawfirm.com/resources/blog/what-to-know-about-warranties-and-conditions,one-hop 301,pending,"target approved, visible, indexable, in sitemap, final launch approved",rewrite then migrate
293,https://chamanlawfirm.com/legal-aspects-of-employment-contracts/,https://chamanlawfirm.com/resources/blog/legal-aspects-of-employment-contracts,one-hop 301,pending,"target approved, visible, indexable, in sitemap, final launch approved",migrate - preserve and QA
294,https://chamanlawfirm.com/5-reasonsthe-importance-of-pleading/,https://chamanlawfirm.com/resources/blog/5-reasonsthe-importance-of-pleading,one-hop 301,pending,"target approved, visible, indexable, in sitemap, final launch approved",rewrite then migrate
295,https://chamanlawfirm.com/how-do-i-draft-tenancy-agreement-in-lagos/,https://chamanlawfirm.com/resources/blog/how-do-i-draft-tenancy-agreement-in-lagos,one-hop 301,pending,"target approved, visible, indexable, in sitemap, final launch approved",migrate - preserve and QA
296,https://chamanlawfirm.com/attestation-of-certificate-in-nigeria/,https://chamanlawfirm.com/resources/blog/attestation-of-certificate-in-nigeria,one-hop 301,pending,"target approved, visible, indexable, in sitemap, final launch approved",rewrite then migrate
297,https://chamanlawfirm.com/diff-between-testate-and-intestate-succession/,https://chamanlawfirm.com/resources/blog/diff-between-testate-and-intestate-succession,one-hop 301,pending,"target approved, visible, indexable, in sitemap, final launch approved",rewrite then migrate
298,https://chamanlawfirm.com/what-is-ancillary-reliefs/,https://chamanlawfirm.com/resources/blog/what-is-ancillary-reliefs,one-hop 301,pending,"target approved, visible, indexable, in sitemap, final launch approved",rewrite then migrate
299,https://chamanlawfirm.com/probate-vs-letter-of-administration-in-nigeria-key-differences-you-must-know/,https://chamanlawfirm.com/resources/blog/probate-vs-letter-of-administration-in-nigeria-key-differences-you-must-know,one-hop 301,pending,"target approved, visible, indexable, in sitemap, final launch approved",migrate - preserve and QA
300,https://chamanlawfirm.com/how-to-appoint-a-company-secretary-in-nigeria/,https://chamanlawfirm.com/resources/blog/how-to-appoint-a-company-secretary-in-nigeria,one-hop 301,pending,"target approved, visible, indexable, in sitemap, final launch approved",migrate - preserve and QA
301,https://chamanlawfirm.com/are-verbal-agreement-binding-legally/,https://chamanlawfirm.com/resources/blog/are-verbal-agreement-binding-legally,one-hop 301,pending,"target approved, visible, indexable, in sitemap, final launch approved",rewrite then migrate
302,https://chamanlawfirm.com/procedures-for-private-placement-in-nigeria/,https://chamanlawfirm.com/resources/blog/procedures-for-private-placement-in-nigeria,one-hop 301,pending,"target approved, visible, indexable, in sitemap, final launch approved",rewrite then migrate
303,https://chamanlawfirm.com/newblogpost-znqwc8what-are-the-la-in-nigeria/,https://chamanlawfirm.com/resources/blog/newblogpost-znqwc8what-are-the-la-in-nigeria,one-hop 301,pending,"target approved, visible, indexable, in sitemap, final launch approved",rewrite then migrate
304,https://chamanlawfirm.com/company-management-in-nigeria/,https://chamanlawfirm.com/resources/blog/company-management-in-nigeria,one-hop 301,pending,"target approved, visible, indexable, in sitemap, final launch approved",rewrite then migrate
305,https://chamanlawfirm.com/non-justiciable-constitutional-provisions/,https://chamanlawfirm.com/resources/blog/non-justiciable-constitutional-provisions,one-hop 301,pending,"target approved, visible, indexable, in sitemap, final launch approved",rewrite then migrate
306,https://chamanlawfirm.com/accountability-in-corporate-governance/,https://chamanlawfirm.com/resources/blog/accountability-in-corporate-governance,one-hop 301,pending,"target approved, visible, indexable, in sitemap, final launch approved",rewrite then migrate
307,https://chamanlawfirm.com/how-do-i-resolve-landlord-tenant-disputes/,https://chamanlawfirm.com/how-do-i-resolve-landlord-tenant-disputes/,one-hop 301,pending,"target approved, visible, indexable, in sitemap, final launch approved",redirect only - non-article or canonical route
308,https://chamanlawfirm.com/0btain-guide-on-how-to-obtain-tax/,https://chamanlawfirm.com/resources/blog/0btain-guide-on-how-to-obtain-tax,one-hop 301,pending,"target approved, visible, indexable, in sitemap, final launch approved",rewrite then migrate
309,https://chamanlawfirm.com/business-name-and-a-company-limited-by-shares/,https://chamanlawfirm.com/resources/blog/business-name-and-a-company-limited-by-shares,one-hop 301,pending,"target approved, visible, indexable, in sitemap, final launch approved",rewrite then migrate
310,https://chamanlawfirm.com/when-you-can-legally-define-the-tort-of-negligence/,https://chamanlawfirm.com/resources/blog/when-you-can-legally-define-the-tort-of-negligence,one-hop 301,pending,"target approved, visible, indexable, in sitemap, final launch approved",rewrite then migrate
311,https://chamanlawfirm.com/regulatory-compliance-in-nigerian-construction/,https://chamanlawfirm.com/resources/blog/regulatory-compliance-in-nigerian-construction,one-hop 301,pending,"target approved, visible, indexable, in sitemap, final launch approved",migrate - preserve and QA
312,https://chamanlawfirm.com/legalimplicationsof-co-ownership-of-property/,https://chamanlawfirm.com/resources/blog/legalimplicationsof-co-ownership-of-property,one-hop 301,pending,"target approved, visible, indexable, in sitemap, final launch approved",migrate - preserve and QA
313,https://chamanlawfirm.com/process-of-making-law-in-nigeria/,https://chamanlawfirm.com/resources/blog/process-of-making-law-in-nigeria,one-hop 301,pending,"target approved, visible, indexable, in sitemap, final launch approved",rewrite then migrate
314,https://chamanlawfirm.com/how-long-can-a-law-enforcement-validly-detain-you-in-nigeria/,https://chamanlawfirm.com/resources/blog/how-long-can-a-law-enforcement-validly-detain-you-in-nigeria,one-hop 301,pending,"target approved, visible, indexable, in sitemap, final launch approved",rewrite then migrate
315,https://chamanlawfirm.com/relationship-between-parent-and-subsidiary/,https://chamanlawfirm.com/resources/blog/relationship-between-parent-and-subsidiary,one-hop 301,pending,"target approved, visible, indexable, in sitemap, final launch approved",rewrite then migrate
316,https://chamanlawfirm.com/application-of-ignorance-of-the-law/,https://chamanlawfirm.com/resources/blog/application-of-ignorance-of-the-law,one-hop 301,pending,"target approved, visible, indexable, in sitemap, final launch approved",migrate - preserve and QA
317,https://chamanlawfirm.com/lagos-inheritance-law-explained-family-rights/,https://chamanlawfirm.com/resources/blog/lagos-inheritance-law-explained-family-rights,one-hop 301,pending,"target approved, visible, indexable, in sitemap, final launch approved",migrate - preserve and QA
318,https://chamanlawfirm.com/draft-a-perfect-lease-agreement/,https://chamanlawfirm.com/resources/blog/draft-a-perfect-lease-agreement,one-hop 301,pending,"target approved, visible, indexable, in sitemap, final launch approved",rewrite then migrate
319,https://chamanlawfirm.com/roles-of-a-property-lawyer-in-real-estate/,https://chamanlawfirm.com/resources/blog/roles-of-a-property-lawyer-in-real-estate,one-hop 301,pending,"target approved, visible, indexable, in sitemap, final launch approved",migrate - preserve and QA
320,https://chamanlawfirm.com/understanding-the-ogun-anti-land-grabbing-law/,https://chamanlawfirm.com/resources/blog/understanding-the-ogun-anti-land-grabbing-law,one-hop 301,pending,"target approved, visible, indexable, in sitemap, final launch approved",migrate - preserve and QA
321,https://chamanlawfirm.com/title-search-and-land-ownership-in-nigeria/,https://chamanlawfirm.com/title-search-and-land-ownership-in-nigeria/,one-hop 301,pending,"target approved, visible, indexable, in sitemap, final launch approved",redirect only - non-article or canonical route
322,https://chamanlawfirm.com/membership-of-trade-unions-in-nigeria/,https://chamanlawfirm.com/resources/blog/membership-of-trade-unions-in-nigeria,one-hop 301,pending,"target approved, visible, indexable, in sitemap, final launch approved",rewrite then migrate
323,https://chamanlawfirm.com/verify-a-property-title-in-lagos/,https://chamanlawfirm.com/resources/blog/verify-a-property-title-in-lagos,one-hop 301,pending,"target approved, visible, indexable, in sitemap, final launch approved",migrate - preserve and QA
324,https://chamanlawfirm.com/how-tohandle-land-disputes-withfamilymembers/,https://chamanlawfirm.com/resources/blog/how-tohandle-land-disputes-withfamilymembers,one-hop 301,pending,"target approved, visible, indexable, in sitemap, final launch approved",migrate - preserve and QA
325,https://chamanlawfirm.com/strategies-for-effective-conservation/,https://chamanlawfirm.com/resources/blog/strategies-for-effective-conservation,one-hop 301,pending,"target approved, visible, indexable, in sitemap, final launch approved",rewrite then migrate
326,https://chamanlawfirm.com/who-are-personal-representatives/,https://chamanlawfirm.com/resources/blog/who-are-personal-representatives,one-hop 301,pending,"target approved, visible, indexable, in sitemap, final launch approved",rewrite then migrate
327,https://chamanlawfirm.com/what-are-the-legal-rights-of-a-wife-after-divorce-or-separation-in-nigeria/,https://chamanlawfirm.com/resources/blog/what-are-the-legal-rights-of-a-wife-after-divorce-or-separation-in-nigeria,one-hop 301,pending,"target approved, visible, indexable, in sitemap, final launch approved",rewrite then migrate
328,https://chamanlawfirm.com/what-is-the-cost-of-perfecting-land-title/,https://chamanlawfirm.com/resources/blog/what-is-the-cost-of-perfecting-land-title,one-hop 301,pending,"target approved, visible, indexable, in sitemap, final launch approved",migrate - preserve and QA
329,https://chamanlawfirm.com/police-clearance-certificate-pcc-in-nigeria/,https://chamanlawfirm.com/resources/blog/police-clearance-certificate-pcc-in-nigeria,one-hop 301,pending,"target approved, visible, indexable, in sitemap, final launch approved",rewrite then migrate
330,https://chamanlawfirm.com/what-makes-up-a-valid-employment-contract/,https://chamanlawfirm.com/resources/blog/what-makes-up-a-valid-employment-contract,one-hop 301,pending,"target approved, visible, indexable, in sitemap, final launch approved",rewrite then migrate
331,https://chamanlawfirm.com/legal-process-for-tenant-eviction-in-lagos/,https://chamanlawfirm.com/resources/blog/legal-process-for-tenant-eviction-in-lagos,one-hop 301,pending,"target approved, visible, indexable, in sitemap, final launch approved",rewrite then migrate
332,https://chamanlawfirm.com/what-needs-to-be-in-your-lease/,https://chamanlawfirm.com/resources/blog/what-needs-to-be-in-your-lease,one-hop 301,pending,"target approved, visible, indexable, in sitemap, final launch approved",migrate - preserve and QA
333,https://chamanlawfirm.com/letters-of-administration-in-lagos-state/,https://chamanlawfirm.com/resources/blog/letters-of-administration-in-lagos-state,one-hop 301,pending,"target approved, visible, indexable, in sitemap, final launch approved",migrate - preserve and QA
334,https://chamanlawfirm.com/tenant-rights-during-property-sale-in-lagos/,https://chamanlawfirm.com/resources/blog/tenant-rights-during-property-sale-in-lagos,one-hop 301,pending,"target approved, visible, indexable, in sitemap, final launch approved",migrate - preserve and QA
335,https://chamanlawfirm.com/testate-and-intestate-succession-in-nigeria/,https://chamanlawfirm.com/resources/blog/testate-and-intestate-succession-in-nigeria,one-hop 301,pending,"target approved, visible, indexable, in sitemap, final launch approved",migrate - preserve and QA
336,https://chamanlawfirm.com/what-are-the-tax-disputes-in-nigeria/,https://chamanlawfirm.com/resources/blog/what-are-the-tax-disputes-in-nigeria,one-hop 301,pending,"target approved, visible, indexable, in sitemap, final launch approved",rewrite then migrate
337,https://chamanlawfirm.com/how-to-replace-a-national-identification-number/,https://chamanlawfirm.com/resources/blog/how-to-replace-a-national-identification-number,one-hop 301,pending,"target approved, visible, indexable, in sitemap, final launch approved",rewrite then migrate
338,https://chamanlawfirm.com/procedure-for-company-registration-in-nigeria/,https://chamanlawfirm.com/resources/blog/procedure-for-company-registration-in-nigeria,one-hop 301,pending,"target approved, visible, indexable, in sitemap, final launch approved",rewrite then migrate
339,https://chamanlawfirm.com/a-complete-guide-on-how-to-register-a-company-in-nigeria/,https://chamanlawfirm.com/resources/blog/a-complete-guide-on-how-to-register-a-company-in-nigeria,one-hop 301,pending,"target approved, visible, indexable, in sitemap, final launch approved",rewrite then migrate
340,https://chamanlawfirm.com/real-estate-law-in-nigeria/,https://chamanlawfirm.com/resources/blog/real-estate-law-in-nigeria,one-hop 301,pending,"target approved, visible, indexable, in sitemap, final launch approved",rewrite then migrate
341,https://chamanlawfirm.com/property-ownership-structures-in-nigeria/,https://chamanlawfirm.com/resources/blog/property-ownership-structures-in-nigeria,one-hop 301,pending,"target approved, visible, indexable, in sitemap, final launch approved",rewrite then migrate
342,https://chamanlawfirm.com/how-to-apply-for-certificate-of-occupancy-in-lagos-state-nigeria/,https://chamanlawfirm.com/resources/blog/how-to-apply-for-certificate-of-occupancy-in-lagos-state-nigeria,one-hop 301,pending,"target approved, visible, indexable, in sitemap, final launch approved",migrate - preserve and QA
343,https://chamanlawfirm.com/challenges-of-real-estate-development-in-nigeria/,https://chamanlawfirm.com/resources/blog/challenges-of-real-estate-development-in-nigeria,one-hop 301,pending,"target approved, visible, indexable, in sitemap, final launch approved",rewrite then migrate
344,https://chamanlawfirm.com/stadium-and-sports-facility-construction/,https://chamanlawfirm.com/resources/blog/stadium-and-sports-facility-construction,one-hop 301,pending,"target approved, visible, indexable, in sitemap, final launch approved",rewrite then migrate
345,https://chamanlawfirm.com/appointment-of-arbitrators-in-nigeria/,https://chamanlawfirm.com/resources/blog/appointment-of-arbitrators-in-nigeria,one-hop 301,pending,"target approved, visible, indexable, in sitemap, final launch approved",rewrite then migrate
346,https://chamanlawfirm.com/maritime-contracts-in-nigeria/,https://chamanlawfirm.com/resources/blog/maritime-contracts-in-nigeria,one-hop 301,pending,"target approved, visible, indexable, in sitemap, final launch approved",migrate - preserve and QA
347,https://chamanlawfirm.com/land-use-planning-and-development-regulation/,https://chamanlawfirm.com/resources/blog/land-use-planning-and-development-regulation,one-hop 301,pending,"target approved, visible, indexable, in sitemap, final launch approved",rewrite then migrate
348,https://chamanlawfirm.com/top-legal-services/,https://chamanlawfirm.com/resources/blog/top-legal-services,one-hop 301,pending,"target approved, visible, indexable, in sitemap, final launch approved",rewrite then migrate
349,https://chamanlawfirm.com/taxation-vat-and-other-indirect-taxes-in-nigeria/,https://chamanlawfirm.com/resources/blog/taxation-vat-and-other-indirect-taxes-in-nigeria,one-hop 301,pending,"target approved, visible, indexable, in sitemap, final launch approved",rewrite then migrate
350,https://chamanlawfirm.com/transfer-land-ownership-and-land-document/,https://chamanlawfirm.com/resources/blog/transfer-land-ownership-and-land-document,one-hop 301,pending,"target approved, visible, indexable, in sitemap, final launch approved",rewrite then migrate
351,https://chamanlawfirm.com/property-valuation-in-nigerian-real-estate/,https://chamanlawfirm.com/resources/blog/property-valuation-in-nigerian-real-estate,one-hop 301,pending,"target approved, visible, indexable, in sitemap, final launch approved",rewrite then migrate
352,https://chamanlawfirm.com/project-management-in-nigerian-construction/,https://chamanlawfirm.com/project-management-in-nigerian-construction/,one-hop 301,pending,"target approved, visible, indexable, in sitemap, final launch approved",redirect only - non-article or canonical route
353,https://chamanlawfirm.com/registration-of-a-money-lending-company/,https://chamanlawfirm.com/resources/blog/registration-of-a-money-lending-company,one-hop 301,pending,"target approved, visible, indexable, in sitemap, final launch approved",rewrite then migrate
354,https://chamanlawfirm.com/how-to-legally-void-a-marriage/,https://chamanlawfirm.com/how-to-legally-void-a-marriage/,one-hop 301,pending,"target approved, visible, indexable, in sitemap, final launch approved",redirect only - non-article or canonical route
355,https://chamanlawfirm.com/how-to-conduct-due-diligence-in-nigeria/,https://chamanlawfirm.com/resources/blog/how-to-conduct-due-diligence-in-nigeria,one-hop 301,pending,"target approved, visible, indexable, in sitemap, final launch approved",migrate - preserve and QA
356,https://chamanlawfirm.com/4-proven-steps-on-how-to-enforce-a-contract/,https://chamanlawfirm.com/resources/blog/4-proven-steps-on-how-to-enforce-a-contract,one-hop 301,pending,"target approved, visible, indexable, in sitemap, final launch approved",migrate - preserve and QA
357,https://chamanlawfirm.com/8-steps-on-how-to-file-a-lawsuit-in-nigeria-a-comprehensive-guide-to-the-legal-process/,https://chamanlawfirm.com/resources/blog/8-steps-on-how-to-file-a-lawsuit-in-nigeria-a-comprehensive-guide-to-the-legal-process,one-hop 301,pending,"target approved, visible, indexable, in sitemap, final launch approved",rewrite then migrate
358,https://chamanlawfirm.com/how-to-obtain-licence-for-seeds-importation/,https://chamanlawfirm.com/resources/blog/how-to-obtain-licence-for-seeds-importation,one-hop 301,pending,"target approved, visible, indexable, in sitemap, final launch approved",rewrite then migrate
359,https://chamanlawfirm.com/defense-of-fair-dealing-in-nigeria-copyright/,https://chamanlawfirm.com/resources/blog/defense-of-fair-dealing-in-nigeria-copyright,one-hop 301,pending,"target approved, visible, indexable, in sitemap, final launch approved",rewrite then migrate
360,https://chamanlawfirm.com/7-step-citizenship-application-in-nigeria/,https://chamanlawfirm.com/resources/blog/7-step-citizenship-application-in-nigeria,one-hop 301,pending,"target approved, visible, indexable, in sitemap, final launch approved",rewrite then migrate
361,https://chamanlawfirm.com/rules-and-regulations-of-doing-business-in-niger/,https://chamanlawfirm.com/resources/blog/rules-and-regulations-of-doing-business-in-niger,one-hop 301,pending,"target approved, visible, indexable, in sitemap, final launch approved",rewrite then migrate
362,https://chamanlawfirm.com/property-acquisition-in-nigeria/,https://chamanlawfirm.com/property-acquisition-in-nigeria/,one-hop 301,pending,"target approved, visible, indexable, in sitemap, final launch approved",redirect only - non-article or canonical route
363,https://chamanlawfirm.com/how-to-increase-a-company-share/,https://chamanlawfirm.com/resources/blog/how-to-increase-a-company-share,one-hop 301,pending,"target approved, visible, indexable, in sitemap, final launch approved",migrate - preserve and QA
364,https://chamanlawfirm.com/what-tenancy-laws-apply-to-landlords/,https://chamanlawfirm.com/resources/blog/what-tenancy-laws-apply-to-landlords,one-hop 301,pending,"target approved, visible, indexable, in sitemap, final launch approved",migrate - preserve and QA
365,https://chamanlawfirm.com/land-use-charge-in-ogun-state-chaman-law-firm/,https://chamanlawfirm.com/resources/blog/land-use-charge-in-ogun-state-chaman-law-firm,one-hop 301,pending,"target approved, visible, indexable, in sitemap, final launch approved",migrate - preserve and QA
366,https://chamanlawfirm.com/consequences-of-fail-to-pay-taxes-in-nigeria/,https://chamanlawfirm.com/resources/blog/consequences-of-fail-to-pay-taxes-in-nigeria,one-hop 301,pending,"target approved, visible, indexable, in sitemap, final launch approved",rewrite then migrate
367,https://chamanlawfirm.com/consequences-of-not-paying-land-use-charge/,https://chamanlawfirm.com/resources/blog/consequences-of-not-paying-land-use-charge,one-hop 301,pending,"target approved, visible, indexable, in sitemap, final launch approved",migrate - preserve and QA
368,https://chamanlawfirm.com/what-is-the-statutory-right-of-occupancy-in-nigeria,https://chamanlawfirm.com/resources/blog/what-is-the-statutory-right-of-occupancy-in-nigeria,one-hop 301,pending,"target approved, visible, indexable, in sitemap, final launch approved",migrate - preserve and QA
369,https://chamanlawfirm.com/examination-of-power-of-attorney/,https://chamanlawfirm.com/resources/blog/examination-of-power-of-attorney,one-hop 301,pending,"target approved, visible, indexable, in sitemap, final launch approved",rewrite then migrate
370,https://www.chamanlawfirm.com/the-different-types-of-marriage-in-nigeria/,https://chamanlawfirm.com/the-different-types-of-marriage-in-nigeria/,one-hop 301,pending,"target approved, visible, indexable, in sitemap, final launch approved",redirect only - non-article or canonical route
371,https://chamanlawfirm.com/safest-estates-in-ogun-for-diaspora-investors/,https://chamanlawfirm.com/resources/blog/safest-estates-in-ogun-for-diaspora-investors,one-hop 301,pending,"target approved, visible, indexable, in sitemap, final launch approved",rewrite then migrate
372,https://chamanlawfirm.com/pro-bono-legal-service/,https://chamanlawfirm.com/resources/blog/pro-bono-legal-service,one-hop 301,pending,"target approved, visible, indexable, in sitemap, final launch approved",rewrite then migrate
373,https://chamanlawfirm.com/survey-plan-registration-how-do-i-process-it/,https://chamanlawfirm.com/resources/blog/survey-plan-registration-how-do-i-process-it,one-hop 301,pending,"target approved, visible, indexable, in sitemap, final launch approved",rewrite then migrate
374,https://chamanlawfirm.com/the-procedure-and-documents-for-perfecting-t/,https://chamanlawfirm.com/resources/blog/the-procedure-and-documents-for-perfecting-t,one-hop 301,pending,"target approved, visible, indexable, in sitemap, final launch approved",rewrite then migrate
375,https://chamanlawfirm.com/mortgage-vis-a-vis-similar-transactions/,https://chamanlawfirm.com/resources/blog/mortgage-vis-a-vis-similar-transactions,one-hop 301,pending,"target approved, visible, indexable, in sitemap, final launch approved",migrate - preserve and QA
376,https://chamanlawfirm.com/insurance-fraud-in-nigeria/,https://chamanlawfirm.com/resources/blog/insurance-fraud-in-nigeria,one-hop 301,pending,"target approved, visible, indexable, in sitemap, final launch approved",migrate - preserve and QA
377,https://chamanlawfirm.com/how-to-open-a-company-bank-account-in-nigeria/,https://chamanlawfirm.com/resources/blog/how-to-open-a-company-bank-account-in-nigeria,one-hop 301,pending,"target approved, visible, indexable, in sitemap, final launch approved",rewrite then migrate
378,https://chamanlawfirm.com/how-to-terminate-a-tenancy-relationship-in/,https://chamanlawfirm.com/resources/blog/how-to-terminate-a-tenancy-relationship-in,one-hop 301,pending,"target approved, visible, indexable, in sitemap, final launch approved",rewrite then migrate
379,https://chamanlawfirm.com/urban-redevelopment-challenges-in-nigeria/,https://chamanlawfirm.com/resources/blog/urban-redevelopment-challenges-in-nigeria,one-hop 301,pending,"target approved, visible, indexable, in sitemap, final launch approved",rewrite then migrate
380,https://chamanlawfirm.com/obtaining-a-certificate-of-occupancy/,https://chamanlawfirm.com/resources/blog/obtaining-a-certificate-of-occupancy,one-hop 301,pending,"target approved, visible, indexable, in sitemap, final launch approved",rewrite then migrate
381,https://chamanlawfirm.com/legal-implications-of-overstaying-a-visa-inn/,https://chamanlawfirm.com/resources/blog/legal-implications-of-overstaying-a-visa-inn,one-hop 301,pending,"target approved, visible, indexable, in sitemap, final launch approved",rewrite then migrate
382,https://chamanlawfirm.com/nigerian-citizens-in-government-surveillance/,https://chamanlawfirm.com/resources/blog/nigerian-citizens-in-government-surveillance,one-hop 301,pending,"target approved, visible, indexable, in sitemap, final launch approved",rewrite then migrate
383,https://chamanlawfirm.com/corporate-governance-and-business-ethics/,https://chamanlawfirm.com/resources/blog/corporate-governance-and-business-ethics,one-hop 301,pending,"target approved, visible, indexable, in sitemap, final launch approved",rewrite then migrate
384,https://chamanlawfirm.com/7-steps-on-how-to-use-small-claims-court/,https://chamanlawfirm.com/resources/blog/7-steps-on-how-to-use-small-claims-court,one-hop 301,pending,"target approved, visible, indexable, in sitemap, final launch approved",rewrite then migrate
385,https://chamanlawfirm.com/stamp-duty-what-buyers-and-sellers-must-know/,https://chamanlawfirm.com/resources/blog/stamp-duty-what-buyers-and-sellers-must-know,one-hop 301,pending,"target approved, visible, indexable, in sitemap, final launch approved",rewrite then migrate
386,https://chamanlawfirm.com/how-to-apply-and-get-a-governors-consent/,https://chamanlawfirm.com/resources/blog/how-to-apply-and-get-a-governors-consent,one-hop 301,pending,"target approved, visible, indexable, in sitemap, final launch approved",rewrite then migrate
387,https://chamanlawfirm.com/legal-requirementsfor-registering-a-property/,https://chamanlawfirm.com/resources/blog/legal-requirementsfor-registering-a-property,one-hop 301,pending,"target approved, visible, indexable, in sitemap, final launch approved",rewrite then migrate
388,https://chamanlawfirm.com/obtain-letter-of-administration/,https://chamanlawfirm.com/obtain-letter-of-administration/,one-hop 301,pending,"target approved, visible, indexable, in sitemap, final launch approved",redirect only - non-article or canonical route
389,https://chamanlawfirm.com/cyber-crime-awareness-campaigns-10-powerful/,https://chamanlawfirm.com/resources/blog/cyber-crime-awareness-campaigns-10-powerful,one-hop 301,pending,"target approved, visible, indexable, in sitemap, final launch approved",rewrite then migrate
390,https://chamanlawfirm.com/inheritance-rights-under-ogun-customary-law/,https://chamanlawfirm.com/resources/blog/inheritance-rights-under-ogun-customary-law,one-hop 301,pending,"target approved, visible, indexable, in sitemap, final launch approved",migrate - preserve and QA
391,https://chamanlawfirm.com/top-gated-estates-in-ogun-state-chaman-law/,https://chamanlawfirm.com/resources/blog/top-gated-estates-in-ogun-state-chaman-law,one-hop 301,pending,"target approved, visible, indexable, in sitemap, final launch approved",migrate - preserve and QA
392,https://chamanlawfirm.com/family-property-disputes-in-lagos/,https://chamanlawfirm.com/resources/blog/family-property-disputes-in-lagos,one-hop 301,pending,"target approved, visible, indexable, in sitemap, final launch approved",migrate - preserve and QA
393,https://chamanlawfirm.com/defenses-and-bars-to-a-petition-for-divorce/,https://chamanlawfirm.com/resources/blog/defenses-and-bars-to-a-petition-for-divorce,one-hop 301,pending,"target approved, visible, indexable, in sitemap, final launch approved",rewrite then migrate
394,https://chamanlawfirm.com/challenges-in-debt-recovery-and-solutions/,https://chamanlawfirm.com/resources/blog/challenges-in-debt-recovery-and-solutions,one-hop 301,pending,"target approved, visible, indexable, in sitemap, final launch approved",migrate - preserve and QA
395,https://chamanlawfirm.com/land-use-act-impact-land-ownership-and-titles/,https://chamanlawfirm.com/resources/blog/land-use-act-impact-land-ownership-and-titles,one-hop 301,pending,"target approved, visible, indexable, in sitemap, final launch approved",rewrite then migrate
396,https://chamanlawfirm.com/filing-for-divorce-in-nigeria-a-comprehen/,https://chamanlawfirm.com/resources/blog/filing-for-divorce-in-nigeria-a-comprehen,one-hop 301,pending,"target approved, visible, indexable, in sitemap, final launch approved",rewrite then migrate
397,https://chamanlawfirm.com/registering-a-private-security-company/,https://chamanlawfirm.com/resources/blog/registering-a-private-security-company,one-hop 301,pending,"target approved, visible, indexable, in sitemap, final launch approved",rewrite then migrate
398,https://chamanlawfirm.com/how-to-obtain-government-approvals-and-permits/,https://chamanlawfirm.com/how-to-obtain-government-approvals-and-permits/,one-hop 301,pending,"target approved, visible, indexable, in sitemap, final launch approved",redirect only - non-article or canonical route
399,https://chamanlawfirm.com/the-ways-trade-union-activities-are-settled/,https://chamanlawfirm.com/resources/blog/the-ways-trade-union-activities-are-settled,one-hop 301,pending,"target approved, visible, indexable, in sitemap, final launch approved",rewrite then migrate
400,https://chamanlawfirm.com/cyber-bullying-laws-in-nigeria/,https://chamanlawfirm.com/resources/blog/cyber-bullying-laws-in-nigeria,one-hop 301,pending,"target approved, visible, indexable, in sitemap, final launch approved",rewrite then migrate
401,https://chamanlawfirm.com/bankruptcy-and-insolvency-in-nigeria/,https://chamanlawfirm.com/resources/blog/bankruptcy-and-insolvency-in-nigeria,one-hop 301,pending,"target approved, visible, indexable, in sitemap, final launch approved",rewrite then migrate
402,https://chamanlawfirm.com/powerful-steps-grant-of-probate-in-lagos-state/,https://chamanlawfirm.com/resources/blog/powerful-steps-grant-of-probate-in-lagos-state,one-hop 301,pending,"target approved, visible, indexable, in sitemap, final launch approved",migrate - preserve and QA
403,https://chamanlawfirm.com/family-disputes-with-international-dimension/,https://chamanlawfirm.com/resources/blog/family-disputes-with-international-dimension,one-hop 301,pending,"target approved, visible, indexable, in sitemap, final launch approved",migrate - preserve and QA
404,https://chamanlawfirm.com/navigating-the-probate-registry-in-ogun-state/,https://chamanlawfirm.com/resources/blog/navigating-the-probate-registry-in-ogun-state,one-hop 301,pending,"target approved, visible, indexable, in sitemap, final launch approved",migrate - preserve and QA
405,https://chamanlawfirm.com/real-estate-agents-and-brokers-in-nigeria/,https://chamanlawfirm.com/resources/blog/real-estate-agents-and-brokers-in-nigeria,one-hop 301,pending,"target approved, visible, indexable, in sitemap, final launch approved",rewrite then migrate
406,https://chamanlawfirm.com/how-to-verify-property-titles-in-nigeria/,https://chamanlawfirm.com/resources/blog/how-to-verify-property-titles-in-nigeria,one-hop 301,pending,"target approved, visible, indexable, in sitemap, final launch approved",rewrite then migrate
407,https://chamanlawfirm.com/understandingof4typesofinvestmentagreements/,https://chamanlawfirm.com/resources/blog/understandingof4typesofinvestmentagreements,one-hop 301,pending,"target approved, visible, indexable, in sitemap, final launch approved",rewrite then migrate
408,https://chamanlawfirm.com/division-in-divorce-proceedings/,https://chamanlawfirm.com/resources/blog/division-in-divorce-proceedings,one-hop 301,pending,"target approved, visible, indexable, in sitemap, final launch approved",rewrite then migrate
409,https://chamanlawfirm.com/bridge-and-highway-construction-in-nigeria/,https://chamanlawfirm.com/resources/blog/bridge-and-highway-construction-in-nigeria,one-hop 301,pending,"target approved, visible, indexable, in sitemap, final launch approved",rewrite then migrate
410,https://chamanlawfirm.com/how-to-verify-a-propertys-survey-plan-in-lagos/,https://chamanlawfirm.com/resources/blog/how-to-verify-a-propertys-survey-plan-in-lagos,one-hop 301,pending,"target approved, visible, indexable, in sitemap, final launch approved",rewrite then migrate
411,https://chamanlawfirm.com/calculate-land-use-charge-chaman-law-firm/,https://chamanlawfirm.com/resources/blog/calculate-land-use-charge-chaman-law-firm,one-hop 301,pending,"target approved, visible, indexable, in sitemap, final launch approved",migrate - preserve and QA
412,https://chamanlawfirm.com/how-to-know-the-nature-of-lease-agreement/,https://chamanlawfirm.com/resources/blog/how-to-know-the-nature-of-lease-agreement,one-hop 301,pending,"target approved, visible, indexable, in sitemap, final launch approved",migrate - preserve and QA
413,https://chamanlawfirm.com/how-does-the-land-use-act-involve-the-surveyor-generals-office/,https://chamanlawfirm.com/resources/blog/how-does-the-land-use-act-involve-the-surveyor-generals-office,one-hop 301,pending,"target approved, visible, indexable, in sitemap, final launch approved",migrate - preserve and QA
414,https://chamanlawfirm.com/strategies-to-handle-a-bad-tenant-legally/,https://chamanlawfirm.com/resources/blog/strategies-to-handle-a-bad-tenant-legally,one-hop 301,pending,"target approved, visible, indexable, in sitemap, final launch approved",migrate - preserve and QA
415,https://chamanlawfirm.com/book-consultation/,https://chamanlawfirm.com/resources/blog/book-consultation,one-hop 301,pending,"target approved, visible, indexable, in sitemap, final launch approved",rewrite then migrate
416,https://chamanlawfirm.com/registration-with-the-nigerian-investment/,https://chamanlawfirm.com/resources/blog/registration-with-the-nigerian-investment,one-hop 301,pending,"target approved, visible, indexable, in sitemap, final launch approved",rewrite then migrate
417,https://chamanlawfirm.com/verify-land-titles-before-buying-property/,https://chamanlawfirm.com/resources/blog/verify-land-titles-before-buying-property,one-hop 301,pending,"target approved, visible, indexable, in sitemap, final launch approved",rewrite then migrate
418,https://chamanlawfirm.com/business-registration-process-in-lagosa-com/,https://chamanlawfirm.com/resources/blog/business-registration-process-in-lagosa-com,one-hop 301,pending,"target approved, visible, indexable, in sitemap, final launch approved",rewrite then migrate
419,https://chamanlawfirm.com/difference-between-excision-gazette-c-of-o/,https://chamanlawfirm.com/resources/blog/difference-between-excision-gazette-c-of-o,one-hop 301,pending,"target approved, visible, indexable, in sitemap, final launch approved",rewrite then migrate
420,https://chamanlawfirm.com/family-courts-and-specialized-tribunals/,https://chamanlawfirm.com/resources/blog/family-courts-and-specialized-tribunals,one-hop 301,pending,"target approved, visible, indexable, in sitemap, final launch approved",rewrite then migrate
421,https://chamanlawfirm.com/9-cyber-crime-prosecution-breakthrough-ch/,https://chamanlawfirm.com/resources/blog/9-cyber-crime-prosecution-breakthrough-ch,one-hop 301,pending,"target approved, visible, indexable, in sitemap, final launch approved",rewrite then migrate
422,https://chamanlawfirm.com/regarding-the-custody-of-a-child/,https://chamanlawfirm.com/resources/blog/regarding-the-custody-of-a-child,one-hop 301,pending,"target approved, visible, indexable, in sitemap, final launch approved",rewrite then migrate
423,https://chamanlawfirm.com/how-to-apmanufacturer-certificate-in-nigeria/,https://chamanlawfirm.com/resources/blog/how-to-apmanufacturer-certificate-in-nigeria,one-hop 301,pending,"target approved, visible, indexable, in sitemap, final launch approved",rewrite then migrate
424,https://chamanlawfirm.com/real-estate-title-frauds-in-nigeria/,https://chamanlawfirm.com/resources/blog/real-estate-title-frauds-in-nigeria,one-hop 301,pending,"target approved, visible, indexable, in sitemap, final launch approved",migrate - preserve and QA
425,https://chamanlawfirm.com/dealing-with-abadtenantinlagos-for-landlords/,https://chamanlawfirm.com/resources/blog/dealing-with-abadtenantinlagos-for-landlords,one-hop 301,pending,"target approved, visible, indexable, in sitemap, final launch approved",migrate - preserve and QA
426,https://chamanlawfirm.com/how-to-perfect-a-property-title-in-nigeria/,https://chamanlawfirm.com/resources/blog/how-to-perfect-a-property-title-in-nigeria,one-hop 301,pending,"target approved, visible, indexable, in sitemap, final launch approved",migrate - preserve and QA
427,https://chamanlawfirm.com/criteria-for-patent-in-nigeria/,https://chamanlawfirm.com/resources/blog/criteria-for-patent-in-nigeria,one-hop 301,pending,"target approved, visible, indexable, in sitemap, final launch approved",rewrite then migrate
428,https://chamanlawfirm.com/the-role-of-ethics-in-commercial-law/,https://chamanlawfirm.com/resources/blog/the-role-of-ethics-in-commercial-law,one-hop 301,pending,"target approved, visible, indexable, in sitemap, final launch approved",migrate - preserve and QA
429,https://chamanlawfirm.com/of-role-of-alternative-disputes-in-nigeria/,https://chamanlawfirm.com/resources/blog/of-role-of-alternative-disputes-in-nigeria,one-hop 301,pending,"target approved, visible, indexable, in sitemap, final launch approved",migrate - preserve and QA
430,https://chamanlawfirm.com/index.php//?detail/78805755806437,https://chamanlawfirm.com/index.php/,one-hop 301,pending,"target approved, visible, indexable, in sitemap, final launch approved",redirect only - non-article or canonical route
431,https://chamanlawfirm.com/step-by-step-guide-to-buying-properties/,https://chamanlawfirm.com/step-by-step-guide-to-buying-properties/,one-hop 301,pending,"target approved, visible, indexable, in sitemap, final launch approved",redirect only - non-article or canonical route
432,https://chamanlawfirm.com/what-are-the-penalties-for-fake-land-documents/,https://chamanlawfirm.com/resources/blog/what-are-the-penalties-for-fake-land-documents,one-hop 301,pending,"target approved, visible, indexable, in sitemap, final launch approved",rewrite then migrate
433,https://chamanlawfirm.com/how-to-draft-legal-contract/,https://chamanlawfirm.com/how-to-draft-legal-contract/,one-hop 301,pending,"target approved, visible, indexable, in sitemap, final launch approved",redirect only - non-article or canonical route
434,https://chamanlawfirm.com/joint-venture-real-estate-projects-in-lagos/,https://chamanlawfirm.com/resources/blog/joint-venture-real-estate-projects-in-lagos,one-hop 301,pending,"target approved, visible, indexable, in sitemap, final launch approved",rewrite then migrate
435,https://chamanlawfirm.com/online-payment-system-legal-aspects/,https://chamanlawfirm.com/online-payment-system-legal-aspects/,one-hop 301,pending,"target approved, visible, indexable, in sitemap, final launch approved",redirect only - non-article or canonical route
436,https://chamanlawfirm.com/estate-administration-in-lagos-state/,https://chamanlawfirm.com/resources/blog/estate-administration-in-lagos-state,one-hop 301,pending,"target approved, visible, indexable, in sitemap, final launch approved",migrate - preserve and QA
437,https://chamanlawfirm.com/mechanisms-for-the-childs-rights-act/,https://chamanlawfirm.com/resources/blog/mechanisms-for-the-childs-rights-act,one-hop 301,pending,"target approved, visible, indexable, in sitemap, final launch approved",rewrite then migrate
438,https://chamanlawfirm.com/unapproved-buildings-step-by-step-guide/,https://chamanlawfirm.com/resources/blog/unapproved-buildings-step-by-step-guide,one-hop 301,pending,"target approved, visible, indexable, in sitemap, final launch approved",migrate - preserve and QA
439,https://chamanlawfirm.com/solar-energy-projects/,https://chamanlawfirm.com/resources/blog/solar-energy-projects,one-hop 301,pending,"target approved, visible, indexable, in sitemap, final launch approved",rewrite then migrate
440,https://chamanlawfirm.com/drafting-company-bylaws-in-nigeria-a-compre/,https://chamanlawfirm.com/resources/blog/drafting-company-bylaws-in-nigeria-a-compre,one-hop 301,pending,"target approved, visible, indexable, in sitemap, final launch approved",migrate - preserve and QA
441,https://chamanlawfirm.com/construction-standard-and-regulations-in-nigeria/,https://chamanlawfirm.com/resources/blog/construction-standard-and-regulations-in-nigeria,one-hop 301,pending,"target approved, visible, indexable, in sitemap, final launch approved",migrate - preserve and QA
442,https://chamanlawfirm.com/government-ministries-and-parastatals/,https://chamanlawfirm.com/resources/blog/government-ministries-and-parastatals,one-hop 301,pending,"target approved, visible, indexable, in sitemap, final launch approved",rewrite then migrate
443,https://chamanlawfirm.com/the-essential-ethics-of-debt-recovery/,https://chamanlawfirm.com/resources/blog/the-essential-ethics-of-debt-recovery,one-hop 301,pending,"target approved, visible, indexable, in sitemap, final launch approved",rewrite then migrate
444,https://chamanlawfirm.com/4-proven-features-of-customary-marriage-and-the-bill-of-rights-conflicting-interests/,https://chamanlawfirm.com/resources/blog/4-proven-features-of-customary-marriage-and-the-bill-of-rights-conflicting-interests,one-hop 301,pending,"target approved, visible, indexable, in sitemap, final launch approved",rewrite then migrate
445,https://chamanlawfirm.com/financing-real-estate-investments-in-nigeria/,https://chamanlawfirm.com/resources/blog/financing-real-estate-investments-in-nigeria,one-hop 301,pending,"target approved, visible, indexable, in sitemap, final launch approved",exclude - Chaman Properties/off-brand review
446,https://chamanlawfirm.com/how-to-register-a-tech-company-in-nigeria/,https://chamanlawfirm.com/resources/blog/how-to-register-a-tech-company-in-nigeria,one-hop 301,pending,"target approved, visible, indexable, in sitemap, final launch approved",rewrite then migrate
447,https://chamanlawfirm.com/understanding-the-land-use-act-in-nigeria/,https://chamanlawfirm.com/resources/blog/understanding-the-land-use-act-in-nigeria,one-hop 301,pending,"target approved, visible, indexable, in sitemap, final launch approved",rewrite then migrate
448,https://chamanlawfirm.com/modernizing-customary-marriage/,https://chamanlawfirm.com/resources/blog/modernizing-customary-marriage,one-hop 301,pending,"target approved, visible, indexable, in sitemap, final launch approved",rewrite then migrate
449,https://chamanlawfirm.com/priority-in-entitlement/,https://chamanlawfirm.com/resources/blog/priority-in-entitlement,one-hop 301,pending,"target approved, visible, indexable, in sitemap, final launch approved",rewrite then migrate
450,https://chamanlawfirm.com/understanding-the-certificate-of-occupancy-c/,https://chamanlawfirm.com/resources/blog/understanding-the-certificate-of-occupancy-c,one-hop 301,pending,"target approved, visible, indexable, in sitemap, final launch approved",rewrite then migrate
451,https://chamanlawfirm.com/environmental-law-and-climate-change/,https://chamanlawfirm.com/resources/blog/environmental-law-and-climate-change,one-hop 301,pending,"target approved, visible, indexable, in sitemap, final launch approved",rewrite then migrate
452,https://chamanlawfirm.com/3-cybersecurity-laws-and-regulations-in-nig/,https://chamanlawfirm.com/resources/blog/3-cybersecurity-laws-and-regulations-in-nig,one-hop 301,pending,"target approved, visible, indexable, in sitemap, final launch approved",rewrite then migrate
453,https://chamanlawfirm.com/corporate-governance-principles-in-nigeria/,https://chamanlawfirm.com/resources/blog/corporate-governance-principles-in-nigeria,one-hop 301,pending,"target approved, visible, indexable, in sitemap, final launch approved",rewrite then migrate
454,https://chamanlawfirm.com/legal-protection-against-domestic-violence/,https://chamanlawfirm.com/resources/blog/legal-protection-against-domestic-violence,one-hop 301,pending,"target approved, visible, indexable, in sitemap, final launch approved",rewrite then migrate
455,https://chamanlawfirm.com/telecom-infrastructure-projects-in-nigeria/,https://chamanlawfirm.com/resources/blog/telecom-infrastructure-projects-in-nigeria,one-hop 301,pending,"target approved, visible, indexable, in sitemap, final launch approved",rewrite then migrate
456,https://chamanlawfirm.com/how-to-fix-mistakes-in-your-property-documents/,https://chamanlawfirm.com/resources/blog/how-to-fix-mistakes-in-your-property-documents,one-hop 301,pending,"target approved, visible, indexable, in sitemap, final launch approved",migrate - preserve and QA
457,https://chamanlawfirm.com/how-does-the-land-use-act-interact-with-the-petroleum-industry/,https://chamanlawfirm.com/resources/blog/how-does-the-land-use-act-interact-with-the-petroleum-industry,one-hop 301,pending,"target approved, visible, indexable, in sitemap, final launch approved",migrate - preserve and QA
458,https://chamanlawfirm.com/legal-bonds-of-marriage-in-nigeria/,https://chamanlawfirm.com/resources/blog/legal-bonds-of-marriage-in-nigeria,one-hop 301,pending,"target approved, visible, indexable, in sitemap, final launch approved",rewrite then migrate
459,https://chamanlawfirm.com/the-industrial-incentives-in-nigeria/,https://chamanlawfirm.com/resources/blog/the-industrial-incentives-in-nigeria,one-hop 301,pending,"target approved, visible, indexable, in sitemap, final launch approved",rewrite then migrate
460,https://chamanlawfirm.com/understanding-spousal-maintenance-in-nigeria/,https://chamanlawfirm.com/resources/blog/understanding-spousal-maintenance-in-nigeria,one-hop 301,pending,"target approved, visible, indexable, in sitemap, final launch approved",rewrite then migrate
461,https://chamanlawfirm.com/performance-bonds-and-guarantees/,https://chamanlawfirm.com/resources/blog/performance-bonds-and-guarantees,one-hop 301,pending,"target approved, visible, indexable, in sitemap, final launch approved",rewrite then migrate
462,https://chamanlawfirm.com/is-a-woman-a-property-to-be-inherited/,https://chamanlawfirm.com/resources/blog/is-a-woman-a-property-to-be-inherited,one-hop 301,pending,"target approved, visible, indexable, in sitemap, final launch approved",rewrite then migrate
463,https://chamanlawfirm.com/railway-and-transit-construction/,https://chamanlawfirm.com/resources/blog/railway-and-transit-construction,one-hop 301,pending,"target approved, visible, indexable, in sitemap, final launch approved",rewrite then migrate
464,https://chamanlawfirm.com/fire-safety-regulations-in-nigeria/,https://chamanlawfirm.com/resources/blog/fire-safety-regulations-in-nigeria,one-hop 301,pending,"target approved, visible, indexable, in sitemap, final launch approved",rewrite then migrate
465,https://chamanlawfirm.com/how-to-seek-redress-in-human-rights-violatio/,https://chamanlawfirm.com/resources/blog/how-to-seek-redress-in-human-rights-violatio,one-hop 301,pending,"target approved, visible, indexable, in sitemap, final launch approved",rewrite then migrate
466,https://chamanlawfirm.com/legal-steps-in-nigeria/,https://chamanlawfirm.com/resources/blog/legal-steps-in-nigeria,one-hop 301,pending,"target approved, visible, indexable, in sitemap, final launch approved",rewrite then migrate
467,https://chamanlawfirm.com/enforcement-of-arbitral-award/,https://chamanlawfirm.com/enforcement-of-arbitral-award/,one-hop 301,pending,"target approved, visible, indexable, in sitemap, final launch approved",redirect only - non-article or canonical route
468,https://chamanlawfirm.com/non-disclosure-agreement-nda-lawyer-5-effic/,https://chamanlawfirm.com/resources/blog/non-disclosure-agreement-nda-lawyer-5-effic,one-hop 301,pending,"target approved, visible, indexable, in sitemap, final launch approved",rewrite then migrate
469,https://chamanlawfirm.com/how-to-alter-a-will/,https://chamanlawfirm.com/resources/blog/how-to-alter-a-will,one-hop 301,pending,"target approved, visible, indexable, in sitemap, final launch approved",rewrite then migrate
470,https://chamanlawfirm.com/why-a-certificate-of-occupancy-c-of-o-is/,https://chamanlawfirm.com/resources/blog/why-a-certificate-of-occupancy-c-of-o-is,one-hop 301,pending,"target approved, visible, indexable, in sitemap, final launch approved",rewrite then migrate
471,https://chamanlawfirm.com/an-overview-onder-the-nigerian-customary-law/,https://chamanlawfirm.com/resources/blog/an-overview-onder-the-nigerian-customary-law,one-hop 301,pending,"target approved, visible, indexable, in sitemap, final launch approved",rewrite then migrate
472,https://chamanlawfirm.com/newblogpost-zlsyg1admisibility-of-computer-g/,https://chamanlawfirm.com/resources/blog/newblogpost-zlsyg1admisibility-of-computer-g,one-hop 301,pending,"target approved, visible, indexable, in sitemap, final launch approved",rewrite then migrate
473,https://chamanlawfirm.com/consumer-protection-and-disputes-resolution/,https://chamanlawfirm.com/resources/blog/consumer-protection-and-disputes-resolution,one-hop 301,pending,"target approved, visible, indexable, in sitemap, final launch approved",rewrite then migrate
474,https://chamanlawfirm.com/corporate-restructuring-in-nigeria/,https://chamanlawfirm.com/resources/blog/corporate-restructuring-in-nigeria,one-hop 301,pending,"target approved, visible, indexable, in sitemap, final launch approved",migrate - preserve and QA
475,https://chamanlawfirm.com/insurance-coverage-for-construction-in-nigeria/,https://chamanlawfirm.com/resources/blog/insurance-coverage-for-construction-in-nigeria,one-hop 301,pending,"target approved, visible, indexable, in sitemap, final launch approved",rewrite then migrate
476,https://chamanlawfirm.com/legal-research-for-nigerian-litigation-cases/,https://chamanlawfirm.com/resources/blog/legal-research-for-nigerian-litigation-cases,one-hop 301,pending,"target approved, visible, indexable, in sitemap, final launch approved",migrate - preserve and QA
477,https://chamanlawfirm.com/minimum-wage-and-the-regulatory-laws/,https://chamanlawfirm.com/resources/blog/minimum-wage-and-the-regulatory-laws,one-hop 301,pending,"target approved, visible, indexable, in sitemap, final launch approved",rewrite then migrate
478,https://chamanlawfirm.com/how-to-get-a-nigerian-ip-address-using-vpn/,https://chamanlawfirm.com/resources/blog/how-to-get-a-nigerian-ip-address-using-vpn,one-hop 301,pending,"target approved, visible, indexable, in sitemap, final launch approved",rewrite then migrate
479,https://chamanlawfirm.com/challenges-of-urbanization-in-nigerian/,https://chamanlawfirm.com/resources/blog/challenges-of-urbanization-in-nigerian,one-hop 301,pending,"target approved, visible, indexable, in sitemap, final launch approved",rewrite then migrate
480,https://chamanlawfirm.com/retention-money-in-construction-contracts/,https://chamanlawfirm.com/retention-money-in-construction-contracts/,one-hop 301,pending,"target approved, visible, indexable, in sitemap, final launch approved",redirect only - non-article or canonical route
481,https://chamanlawfirm.com/discover-real-estate-hotspots-in-ogun-state/,https://chamanlawfirm.com/resources/blog/discover-real-estate-hotspots-in-ogun-state,one-hop 301,pending,"target approved, visible, indexable, in sitemap, final launch approved",rewrite then migrate
482,https://chamanlawfirm.com/how-to-lodge-complaint-against-banks-in-nigeria/,https://chamanlawfirm.com/resources/blog/how-to-lodge-complaint-against-banks-in-nigeria,one-hop 301,pending,"target approved, visible, indexable, in sitemap, final launch approved",rewrite then migrate
483,https://chamanlawfirm.com/how-is-land-registry-practice-in-nigeria/,https://chamanlawfirm.com/resources/blog/how-is-land-registry-practice-in-nigeria,one-hop 301,pending,"target approved, visible, indexable, in sitemap, final launch approved",rewrite then migrate
484,https://chamanlawfirm.com/hidden-costs-of-buying-property-in-ogun-state/,https://chamanlawfirm.com/resources/blog/hidden-costs-of-buying-property-in-ogun-state,one-hop 301,pending,"target approved, visible, indexable, in sitemap, final launch approved",rewrite then migrate
485,https://chamanlawfirm.com/effect-of-not-paying-child-support/,https://chamanlawfirm.com/resources/blog/effect-of-not-paying-child-support,one-hop 301,pending,"target approved, visible, indexable, in sitemap, final launch approved",rewrite then migrate
486,https://chamanlawfirm.com/how-to-file-a-complaint-with-commission/,https://chamanlawfirm.com/resources/blog/how-to-file-a-complaint-with-commission,one-hop 301,pending,"target approved, visible, indexable, in sitemap, final launch approved",rewrite then migrate
487,https://chamanlawfirm.com/role-of-community-leaders-in-land-allocation/,https://chamanlawfirm.com/resources/blog/role-of-community-leaders-in-land-allocation,one-hop 301,pending,"target approved, visible, indexable, in sitemap, final launch approved",migrate - preserve and QA
488,https://chamanlawfirm.com/powerful-ways-on-adoption-services/,https://chamanlawfirm.com/resources/blog/powerful-ways-on-adoption-services,one-hop 301,pending,"target approved, visible, indexable, in sitemap, final launch approved",rewrite then migrate
489,https://chamanlawfirm.com/how-does-the-land-use-act-address-the-issue-of-abandoned-properties-in-nigeria/,https://chamanlawfirm.com/resources/blog/how-does-the-land-use-act-address-the-issue-of-abandoned-properties-in-nigeria,one-hop 301,pending,"target approved, visible, indexable, in sitemap, final launch approved",migrate - preserve and QA
490,https://chamanlawfirm.com/lagos-property-succession-without-a-will/,https://chamanlawfirm.com/resources/blog/lagos-property-succession-without-a-will,one-hop 301,pending,"target approved, visible, indexable, in sitemap, final launch approved",migrate - preserve and QA
491,https://chamanlawfirm.com/consequences-of-intestacy-on-business/,https://chamanlawfirm.com/consequences-of-intestacy-on-business/,one-hop 301,pending,"target approved, visible, indexable, in sitemap, final launch approved",redirect only - non-article or canonical route
492,https://chamanlawfirm.com/5-cyber-law-and-digital-rights-management/,https://chamanlawfirm.com/resources/blog/5-cyber-law-and-digital-rights-management,one-hop 301,pending,"target approved, visible, indexable, in sitemap, final launch approved",migrate - preserve and QA
493,https://chamanlawfirm.com/foreign-wills-and-lagos-property-what-to-know/,https://chamanlawfirm.com/resources/blog/foreign-wills-and-lagos-property-what-to-know,one-hop 301,pending,"target approved, visible, indexable, in sitemap, final launch approved",migrate - preserve and QA
494,https://chamanlawfirm.com/where-is-the-proper-custody-of-a-will/,https://chamanlawfirm.com/resources/blog/where-is-the-proper-custody-of-a-will,one-hop 301,pending,"target approved, visible, indexable, in sitemap, final launch approved",rewrite then migrate
495,https://chamanlawfirm.com/requirements-for-starting-a-business-in-nigeria/,https://chamanlawfirm.com/resources/blog/requirements-for-starting-a-business-in-nigeria,one-hop 301,pending,"target approved, visible, indexable, in sitemap, final launch approved",rewrite then migrate
496,https://chamanlawfirm.com/retail-advertising-and-marketing-law-in-nigeria/,https://chamanlawfirm.com/retail-advertising-and-marketing-law-in-nigeria/,one-hop 301,pending,"target approved, visible, indexable, in sitemap, final launch approved",redirect only - non-article or canonical route
497,https://chamanlawfirm.com/police-prosecution-in-nigerian-courts/,https://chamanlawfirm.com/resources/blog/police-prosecution-in-nigerian-courts,one-hop 301,pending,"target approved, visible, indexable, in sitemap, final launch approved",rewrite then migrate
498,https://chamanlawfirm.com/nuisance-and-trespass/,https://chamanlawfirm.com/resources/blog/nuisance-and-trespass,one-hop 301,pending,"target approved, visible, indexable, in sitemap, final launch approved",rewrite then migrate
499,https://chamanlawfirm.com/what-are-the-legal-rights-of-private-property-owners/,https://chamanlawfirm.com/resources/blog/what-are-the-legal-rights-of-private-property-owners,one-hop 301,pending,"target approved, visible, indexable, in sitemap, final launch approved",migrate - preserve and QA
500,https://chamanlawfirm.com/an-examination-of-the-employees-compensation-act/,https://chamanlawfirm.com/resources/blog/an-examination-of-the-employees-compensation-act,one-hop 301,pending,"target approved, visible, indexable, in sitemap, final launch approved",rewrite then migrate
501,https://chamanlawfirm.com/limitations-of-foreign-investments-in-nigeria/,https://chamanlawfirm.com/resources/blog/limitations-of-foreign-investments-in-nigeria,one-hop 301,pending,"target approved, visible, indexable, in sitemap, final launch approved",rewrite then migrate
502,https://chamanlawfirm.com/use-arbitration-for-property-disputes-lagos/,https://chamanlawfirm.com/resources/blog/use-arbitration-for-property-disputes-lagos,one-hop 301,pending,"target approved, visible, indexable, in sitemap, final launch approved",migrate - preserve and QA
503,https://chamanlawfirm.com/import-and-export-procedures-in-nigeria/,https://chamanlawfirm.com/resources/blog/import-and-export-procedures-in-nigeria,one-hop 301,pending,"target approved, visible, indexable, in sitemap, final launch approved",rewrite then migrate
504,https://chamanlawfirm.com/how-to-acquire-citizenship-in-nigeria/,https://chamanlawfirm.com/resources/blog/how-to-acquire-citizenship-in-nigeria,one-hop 301,pending,"target approved, visible, indexable, in sitemap, final launch approved",rewrite then migrate
505,https://chamanlawfirm.com/employment-law-7-compliance-for-nigerian/,https://chamanlawfirm.com/resources/blog/employment-law-7-compliance-for-nigerian,one-hop 301,pending,"target approved, visible, indexable, in sitemap, final launch approved",rewrite then migrate
506,https://chamanlawfirm.com/peaceful-assembly-and-association/,https://chamanlawfirm.com/resources/blog/peaceful-assembly-and-association,one-hop 301,pending,"target approved, visible, indexable, in sitemap, final launch approved",rewrite then migrate
507,https://chamanlawfirm.com/what-step-should-i-take-if-someone-encroaches/,https://chamanlawfirm.com/resources/blog/what-step-should-i-take-if-someone-encroaches,one-hop 301,pending,"target approved, visible, indexable, in sitemap, final launch approved",rewrite then migrate
508,https://chamanlawfirm.com/understanding-the-land-use-act-6-proven/,https://chamanlawfirm.com/resources/blog/understanding-the-land-use-act-6-proven,one-hop 301,pending,"target approved, visible, indexable, in sitemap, final launch approved",rewrite then migrate
509,https://chamanlawfirm.com/understanding-intestate-succession-in-nigeria/,https://chamanlawfirm.com/understanding-intestate-succession-in-nigeria/,one-hop 301,pending,"target approved, visible, indexable, in sitemap, final launch approved",redirect only - non-article or canonical route
510,https://chamanlawfirm.com/corporate-governance-and-ethical-responsibility/,https://chamanlawfirm.com/corporate-governance-and-ethical-responsibility/,one-hop 301,pending,"target approved, visible, indexable, in sitemap, final launch approved",redirect only - non-article or canonical route
511,https://chamanlawfirm.com/understanding-the-nigerian-tax-law/,https://chamanlawfirm.com/understanding-the-nigerian-tax-law/,one-hop 301,pending,"target approved, visible, indexable, in sitemap, final launch approved",redirect only - non-article or canonical route
512,https://chamanlawfirm.com/powerful-steps-raising-capital-in-nigeria/,https://chamanlawfirm.com/resources/blog/powerful-steps-raising-capital-in-nigeria,one-hop 301,pending,"target approved, visible, indexable, in sitemap, final launch approved",rewrite then migrate
513,https://chamanlawfirm.com/how-do-i-draft-a-tenancy-agreement/,https://chamanlawfirm.com/how-do-i-draft-a-tenancy-agreement/,one-hop 301,pending,"target approved, visible, indexable, in sitemap, final launch approved",redirect only - non-article or canonical route
514,https://chamanlawfirm.com/nigeria-leading-immigration-lawyers/,https://chamanlawfirm.com/nigeria-leading-immigration-lawyers/,one-hop 301,pending,"target approved, visible, indexable, in sitemap, final launch approved",redirect only - non-article or canonical route
515,https://chamanlawfirm.com/who-are-the-type-of-people-that-can-write-a-will/,https://chamanlawfirm.com/resources/blog/who-are-the-type-of-people-that-can-write-a-will,one-hop 301,pending,"target approved, visible, indexable, in sitemap, final launch approved",rewrite then migrate
516,https://chamanlawfirm.com/types-of-wills/,https://chamanlawfirm.com/resources/blog/types-of-wills,one-hop 301,pending,"target approved, visible, indexable, in sitemap, final launch approved",rewrite then migrate
517,https://chamanlawfirm.com/what-is-trespass-to-land2/,https://chamanlawfirm.com/resources/blog/what-is-trespass-to-land2,one-hop 301,pending,"target approved, visible, indexable, in sitemap, final launch approved",rewrite then migrate
518,https://chamanlawfirm.com/bordersecurityin-nigerian-immigration-policy/,https://chamanlawfirm.com/resources/blog/bordersecurityin-nigerian-immigration-policy,one-hop 301,pending,"target approved, visible, indexable, in sitemap, final launch approved",rewrite then migrate
519,https://chamanlawfirm.com/learn-how-to-draft-tenancy-agreement-in-ogun/,https://chamanlawfirm.com/resources/blog/learn-how-to-draft-tenancy-agreement-in-ogun,one-hop 301,pending,"target approved, visible, indexable, in sitemap, final launch approved",migrate - preserve and QA
520,https://chamanlawfirm.com/challenging-a-fraudulent-probate-application/,https://chamanlawfirm.com/resources/blog/challenging-a-fraudulent-probate-application,one-hop 301,pending,"target approved, visible, indexable, in sitemap, final launch approved",migrate - preserve and QA
521,https://chamanlawfirm.com/what-are-arbitrable-matters/,https://chamanlawfirm.com/resources/blog/what-are-arbitrable-matters,one-hop 301,pending,"target approved, visible, indexable, in sitemap, final launch approved",rewrite then migrate
522,https://chamanlawfirm.com/lawful-methods-to-recover-debt-in-nigeria/,https://chamanlawfirm.com/resources/blog/lawful-methods-to-recover-debt-in-nigeria,one-hop 301,pending,"target approved, visible, indexable, in sitemap, final launch approved",migrate - preserve and QA
523,https://chamanlawfirm.com/legal-issues-in-binding-settlement-agreements/,https://chamanlawfirm.com/legal-issues-in-binding-settlement-agreements/,one-hop 301,pending,"target approved, visible, indexable, in sitemap, final launch approved",redirect only - non-article or canonical route
524,https://chamanlawfirm.com/how-to-handle-land-grabbers-in-lagos/,https://chamanlawfirm.com/resources/blog/how-to-handle-land-grabbers-in-lagos,one-hop 301,pending,"target approved, visible, indexable, in sitemap, final launch approved",migrate - preserve and QA
525,https://chamanlawfirm.com/land-dispute-resolution-in-nigeria-court-system/,https://chamanlawfirm.com/resources/blog/land-dispute-resolution-in-nigeria-court-system,one-hop 301,pending,"target approved, visible, indexable, in sitemap, final launch approved",migrate - preserve and QA
526,https://chamanlawfirm.com/what-are-the-duties-of-parties-to-an-agency-agreement-introduction/,https://chamanlawfirm.com/resources/blog/what-are-the-duties-of-parties-to-an-agency-agreement-introduction,one-hop 301,pending,"target approved, visible, indexable, in sitemap, final launch approved",migrate - preserve and QA
527,https://chamanlawfirm.com/guide-to-hire-lawyers-and-law-firms-in-nigeria/,https://chamanlawfirm.com/resources/blog/guide-to-hire-lawyers-and-law-firms-in-nigeria,one-hop 301,pending,"target approved, visible, indexable, in sitemap, final launch approved",rewrite then migrate
528,https://chamanlawfirm.com/draft-and-negotiation-in-lease-agreement/,https://chamanlawfirm.com/draft-and-negotiation-in-lease-agreement/,one-hop 301,pending,"target approved, visible, indexable, in sitemap, final launch approved",redirect only - non-article or canonical route
529,https://chamanlawfirm.com/bank-disputes-in-nigeria-modes-of-resolution/,https://chamanlawfirm.com/resources/blog/bank-disputes-in-nigeria-modes-of-resolution,one-hop 301,pending,"target approved, visible, indexable, in sitemap, final launch approved",rewrite then migrate
530,https://chamanlawfirm.com/powerful-steps-who-may-adopt/,https://chamanlawfirm.com/resources/blog/powerful-steps-who-may-adopt,one-hop 301,pending,"target approved, visible, indexable, in sitemap, final launch approved",rewrite then migrate
531,https://chamanlawfirm.com/taxes-exemptions-and-incentives-in-nigeria/,https://chamanlawfirm.com/resources/blog/taxes-exemptions-and-incentives-in-nigeria,one-hop 301,pending,"target approved, visible, indexable, in sitemap, final launch approved",rewrite then migrate
532,https://chamanlawfirm.com/health-and-safety-measures-in-construction/,https://chamanlawfirm.com/resources/blog/health-and-safety-measures-in-construction,one-hop 301,pending,"target approved, visible, indexable, in sitemap, final launch approved",rewrite then migrate
533,https://chamanlawfirm.com/impact-of-trade-policies-on-nigerian-business/,https://chamanlawfirm.com/impact-of-trade-policies-on-nigerian-business/,one-hop 301,pending,"target approved, visible, indexable, in sitemap, final launch approved",redirect only - non-article or canonical route
534,https://chamanlawfirm.com/the-legal-implications-of-breach-of-contract/,https://chamanlawfirm.com/resources/blog/the-legal-implications-of-breach-of-contract,one-hop 301,pending,"target approved, visible, indexable, in sitemap, final launch approved",rewrite then migrate
535,https://chamanlawfirm.com/what-is-a-demand-letters/,https://chamanlawfirm.com/resources/blog/what-is-a-demand-letters,one-hop 301,pending,"target approved, visible, indexable, in sitemap, final launch approved",rewrite then migrate
536,https://chamanlawfirm.com/deed-of-assignment-from-a-property/,https://chamanlawfirm.com/resources/blog/deed-of-assignment-from-a-property,one-hop 301,pending,"target approved, visible, indexable, in sitemap, final launch approved",rewrite then migrate
537,https://chamanlawfirm.com/legal-processes-of-transferring-property/,https://chamanlawfirm.com/resources/blog/legal-processes-of-transferring-property,one-hop 301,pending,"target approved, visible, indexable, in sitemap, final launch approved",rewrite then migrate
538,https://chamanlawfirm.com/overview-of-self-incrimination/,https://chamanlawfirm.com/resources/blog/overview-of-self-incrimination,one-hop 301,pending,"target approved, visible, indexable, in sitemap, final launch approved",rewrite then migrate
539,https://chamanlawfirm.com/tax-planning-and-avoidance-in-nigeria/,https://chamanlawfirm.com/resources/blog/tax-planning-and-avoidance-in-nigeria,one-hop 301,pending,"target approved, visible, indexable, in sitemap, final launch approved",rewrite then migrate
540,https://chamanlawfirm.com/all-you-need-to-know-about-the-e-manifest/,https://chamanlawfirm.com/resources/blog/all-you-need-to-know-about-the-e-manifest,one-hop 301,pending,"target approved, visible, indexable, in sitemap, final launch approved",rewrite then migrate
541,https://chamanlawfirm.com/verify-land-ownership-with-the-lagos-state/,https://chamanlawfirm.com/resources/blog/verify-land-ownership-with-the-lagos-state,one-hop 301,pending,"target approved, visible, indexable, in sitemap, final launch approved",rewrite then migrate
542,https://chamanlawfirm.com/resolving-disputes-over-properties/,https://chamanlawfirm.com/resources/blog/resolving-disputes-over-properties,one-hop 301,pending,"target approved, visible, indexable, in sitemap, final launch approved",rewrite then migrate
543,https://chamanlawfirm.com/probate-for-a-deceased-estate-in-nigeria/,https://chamanlawfirm.com/resources/blog/probate-for-a-deceased-estate-in-nigeria,one-hop 301,pending,"target approved, visible, indexable, in sitemap, final launch approved",rewrite then migrate
544,https://chamanlawfirm.com/legally-challenge-forged-land-documents-in-ogun/,https://chamanlawfirm.com/resources/blog/legally-challenge-forged-land-documents-in-ogun,one-hop 301,pending,"target approved, visible, indexable, in sitemap, final launch approved",migrate - preserve and QA
545,https://chamanlawfirm.com/alternative-dispute-resolution-in-real-estate/,https://chamanlawfirm.com/alternative-dispute-resolution-in-real-estate/,one-hop 301,pending,"target approved, visible, indexable, in sitemap, final launch approved",redirect only - non-article or canonical route
546,https://chamanlawfirm.com/legal-aspects-of-product-liability/,https://chamanlawfirm.com/resources/blog/legal-aspects-of-product-liability,one-hop 301,pending,"target approved, visible, indexable, in sitemap, final launch approved",migrate - preserve and QA
547,https://chamanlawfirm.com/taxation-of-retail-sector/,https://chamanlawfirm.com/resources/blog/taxation-of-retail-sector,one-hop 301,pending,"target approved, visible, indexable, in sitemap, final launch approved",rewrite then migrate
548,https://chamanlawfirm.com/how-can-nigerians-in-the-diaspora-buy-property/,https://chamanlawfirm.com/resources/blog/how-can-nigerians-in-the-diaspora-buy-property,one-hop 301,pending,"target approved, visible, indexable, in sitemap, final launch approved",rewrite then migrate
549,https://chamanlawfirm.com/remedies-for-breach-of-promise-to-marry/,https://chamanlawfirm.com/resources/blog/remedies-for-breach-of-promise-to-marry,one-hop 301,pending,"target approved, visible, indexable, in sitemap, final launch approved",migrate - preserve and QA
550,https://chamanlawfirm.com/lagos-property-succession-how-to-transfer-ownership-after-a-death/,https://chamanlawfirm.com/resources/blog/lagos-property-succession-how-to-transfer-ownership-after-a-death,one-hop 301,pending,"target approved, visible, indexable, in sitemap, final launch approved",migrate - preserve and QA
551,https://chamanlawfirm.com/companies-purchasing-properties-companies/,https://chamanlawfirm.com/resources/blog/companies-purchasing-properties-companies,one-hop 301,pending,"target approved, visible, indexable, in sitemap, final launch approved",rewrite then migrate
552,https://chamanlawfirm.com/how-does-the-land-ucapital-territory-federal/,https://chamanlawfirm.com/resources/blog/how-does-the-land-ucapital-territory-federal,one-hop 301,pending,"target approved, visible, indexable, in sitemap, final launch approved",migrate - preserve and QA
553,https://chamanlawfirm.com/moderationlaw-navigating-the-dynamic-digital/,https://chamanlawfirm.com/resources/blog/moderationlaw-navigating-the-dynamic-digital,one-hop 301,pending,"target approved, visible, indexable, in sitemap, final launch approved",migrate - preserve and QA
554,https://chamanlawfirm.com/the-concept-of-alimony-law/,https://chamanlawfirm.com/resources/blog/the-concept-of-alimony-law,one-hop 301,pending,"target approved, visible, indexable, in sitemap, final launch approved",rewrite then migrate
555,https://chamanlawfirm.com/fccpc-requirements-for-money-lending-companies/,https://chamanlawfirm.com/resources/blog/fccpc-requirements-for-money-lending-companies,one-hop 301,pending,"target approved, visible, indexable, in sitemap, final launch approved",rewrite then migrate
556,https://chamanlawfirm.com/analyzing-the-growth-of-real-estate-investment/,https://chamanlawfirm.com/resources/blog/analyzing-the-growth-of-real-estate-investment,one-hop 301,pending,"target approved, visible, indexable, in sitemap, final launch approved",exclude - Chaman Properties/off-brand review
557,https://chamanlawfirm.com/procedures-for-making-a-will-in-nigeria/,https://chamanlawfirm.com/resources/blog/procedures-for-making-a-will-in-nigeria,one-hop 301,pending,"target approved, visible, indexable, in sitemap, final launch approved",rewrite then migrate
558,https://chamanlawfirm.com/legal-requirements-for-land-purchase/,https://chamanlawfirm.com/resources/blog/legal-requirements-for-land-purchase,one-hop 301,pending,"target approved, visible, indexable, in sitemap, final launch approved",rewrite then migrate
559,https://chamanlawfirm.com/healthcare-facility-construction-in-nigeria/,https://chamanlawfirm.com/resources/blog/healthcare-facility-construction-in-nigeria,one-hop 301,pending,"target approved, visible, indexable, in sitemap, final launch approved",rewrite then migrate
560,https://chamanlawfirm.com/get-a-paymaster-and-escrow-attorney-in-nig-m/,https://chamanlawfirm.com/resources/blog/get-a-paymaster-and-escrow-attorney-in-nig-m,one-hop 301,pending,"target approved, visible, indexable, in sitemap, final launch approved",rewrite then migrate
561,https://chamanlawfirm.com/challenge-double-allocation-of-land/,https://chamanlawfirm.com/resources/blog/challenge-double-allocation-of-land,one-hop 301,pending,"target approved, visible, indexable, in sitemap, final launch approved",rewrite then migrate
562,https://chamanlawfirm.com/what-is-the-lagos-state-tenancy-law/,https://chamanlawfirm.com/resources/blog/what-is-the-lagos-state-tenancy-law,one-hop 301,pending,"target approved, visible, indexable, in sitemap, final launch approved",rewrite then migrate
563,https://chamanlawfirm.com/who-are-the-people-entitled-to-pro-b-service/,https://chamanlawfirm.com/resources/blog/who-are-the-people-entitled-to-pro-b-service,one-hop 301,pending,"target approved, visible, indexable, in sitemap, final launch approved",rewrite then migrate
564,https://chamanlawfirm.com/guide-to-resolvingproperty-boundary-disputes/,https://chamanlawfirm.com/resources/blog/guide-to-resolvingproperty-boundary-disputes,one-hop 301,pending,"target approved, visible, indexable, in sitemap, final launch approved",rewrite then migrate
565,https://chamanlawfirm.com/powerful-steps-rights-of-an-employee-under/,https://chamanlawfirm.com/resources/blog/powerful-steps-rights-of-an-employee-under,one-hop 301,pending,"target approved, visible, indexable, in sitemap, final launch approved",rewrite then migrate
566,https://chamanlawfirm.com/role-of-the-lagos-special-task-force/,https://chamanlawfirm.com/resources/blog/role-of-the-lagos-special-task-force,one-hop 301,pending,"target approved, visible, indexable, in sitemap, final launch approved",migrate - preserve and QA
567,https://chamanlawfirm.com/land-allocation-for-coastal-and-marine-areas/,https://chamanlawfirm.com/resources/blog/land-allocation-for-coastal-and-marine-areas,one-hop 301,pending,"target approved, visible, indexable, in sitemap, final launch approved",migrate - preserve and QA
568,https://chamanlawfirm.com/how-are-conflicts-resolved-under-the-land-use-act/,https://chamanlawfirm.com/resources/blog/how-are-conflicts-resolved-under-the-land-use-act,one-hop 301,pending,"target approved, visible, indexable, in sitemap, final launch approved",rewrite then migrate
569,https://chamanlawfirm.com/rights-of-stateless-persons-in-nigeria/,https://chamanlawfirm.com/resources/blog/rights-of-stateless-persons-in-nigeria,one-hop 301,pending,"target approved, visible, indexable, in sitemap, final launch approved",rewrite then migrate
570,https://chamanlawfirm.com/legal-news-and-updates/,https://chamanlawfirm.com/resources/blog/legal-news-and-updates,one-hop 301,pending,"target approved, visible, indexable, in sitemap, final launch approved",migrate - preserve and QA
571,https://chamanlawfirm.com/legal-considerations-in-real-estate-investing/,https://chamanlawfirm.com/resources/blog/legal-considerations-in-real-estate-investing,one-hop 301,pending,"target approved, visible, indexable, in sitemap, final launch approved",rewrite then migrate
572,https://chamanlawfirm.com/guardian-ad-litem-in-child-custody/,https://chamanlawfirm.com/resources/blog/guardian-ad-litem-in-child-custody,one-hop 301,pending,"target approved, visible, indexable, in sitemap, final launch approved",rewrite then migrate
573,https://chamanlawfirm.com/best-probate-lawyers-in-ogun-state/,https://chamanlawfirm.com/resources/blog/best-probate-lawyers-in-ogun-state,one-hop 301,pending,"target approved, visible, indexable, in sitemap, final launch approved",migrate - preserve and QA
574,https://chamanlawfirm.com/dispute-resolution-in-nigerian-construction/,https://chamanlawfirm.com/resources/blog/dispute-resolution-in-nigerian-construction,one-hop 301,pending,"target approved, visible, indexable, in sitemap, final launch approved",migrate - preserve and QA
575,https://chamanlawfirm.com/financial-contracts-and-agreement-in-nigeria/,https://chamanlawfirm.com/resources/blog/financial-contracts-and-agreement-in-nigeria,one-hop 301,pending,"target approved, visible, indexable, in sitemap, final launch approved",migrate - preserve and QA
576,https://chamanlawfirm.com/powerful-steps-land-surveyors-contribute/,https://chamanlawfirm.com/resources/blog/powerful-steps-land-surveyors-contribute,one-hop 301,pending,"target approved, visible, indexable, in sitemap, final launch approved",rewrite then migrate
577,https://chamanlawfirm.com/ejectment-vs-eviction-tenants/,https://chamanlawfirm.com/resources/blog/ejectment-vs-eviction-tenants,one-hop 301,pending,"target approved, visible, indexable, in sitemap, final launch approved",rewrite then migrate
578,https://chamanlawfirm.com/rural-infrastructure-development-in-nigeria/,https://chamanlawfirm.com/resources/blog/rural-infrastructure-development-in-nigeria,one-hop 301,pending,"target approved, visible, indexable, in sitemap, final launch approved",rewrite then migrate
579,https://chamanlawfirm.com/the-lagos-state-building-control-agency/,https://chamanlawfirm.com/resources/blog/the-lagos-state-building-control-agency,one-hop 301,pending,"target approved, visible, indexable, in sitemap, final launch approved",rewrite then migrate
580,https://chamanlawfirm.com/the-nigerian-tax-administration/,https://chamanlawfirm.com/resources/blog/the-nigerian-tax-administration,one-hop 301,pending,"target approved, visible, indexable, in sitemap, final launch approved",rewrite then migrate
581,https://chamanlawfirm.com/property-titles-in-nigeria/,https://chamanlawfirm.com/property-titles-in-nigeria/,one-hop 301,pending,"target approved, visible, indexable, in sitemap, final launch approved",redirect only - non-article or canonical route
582,https://chamanlawfirm.com/obtaining-consent-for-land-transactions/,https://chamanlawfirm.com/resources/blog/obtaining-consent-for-land-transactions,one-hop 301,pending,"target approved, visible, indexable, in sitemap, final launch approved",rewrite then migrate
583,https://chamanlawfirm.com/the-rights-and-responsibilities-of-landowners/,https://chamanlawfirm.com/resources/blog/the-rights-and-responsibilities-of-landowners,one-hop 301,pending,"target approved, visible, indexable, in sitemap, final launch approved",rewrite then migrate
584,https://chamanlawfirm.com/obtaining-a-certificate-of-occupancy-in-lagos/,https://chamanlawfirm.com/resources/blog/obtaining-a-certificate-of-occupancy-in-lagos,one-hop 301,pending,"target approved, visible, indexable, in sitemap, final launch approved",rewrite then migrate
585,https://chamanlawfirm.com/telecommunication-projects-in-nigeria/,https://chamanlawfirm.com/resources/blog/telecommunication-projects-in-nigeria,one-hop 301,pending,"target approved, visible, indexable, in sitemap, final launch approved",rewrite then migrate
586,https://chamanlawfirm.com/nigerian-courts-handle-class-action-lawsuits/,https://chamanlawfirm.com/resources/blog/nigerian-courts-handle-class-action-lawsuits,one-hop 301,pending,"target approved, visible, indexable, in sitemap, final launch approved",rewrite then migrate
587,https://chamanlawfirm.com/tips-to-conducting-home-inspections-in-nigeria/,https://chamanlawfirm.com/resources/blog/tips-to-conducting-home-inspections-in-nigeria,one-hop 301,pending,"target approved, visible, indexable, in sitemap, final launch approved",rewrite then migrate
588,https://chamanlawfirm.com/legal-expert-ondrug-offenses/,https://chamanlawfirm.com/resources/blog/legal-expert-ondrug-offenses,one-hop 301,pending,"target approved, visible, indexable, in sitemap, final launch approved",migrate - preserve and QA
589,https://chamanlawfirm.com/what-is-land-excision-in-ogun-state/,https://chamanlawfirm.com/resources/blog/what-is-land-excision-in-ogun-state,one-hop 301,pending,"target approved, visible, indexable, in sitemap, final launch approved",migrate - preserve and QA
590,https://chamanlawfirm.com/managing-cross-border-disputes-in-nigeria/,https://chamanlawfirm.com/resources/blog/managing-cross-border-disputes-in-nigeria,one-hop 301,pending,"target approved, visible, indexable, in sitemap, final launch approved",migrate - preserve and QA
591,https://chamanlawfirm.com/child-custody-and-visitation-during-holidays/,https://chamanlawfirm.com/resources/blog/child-custody-and-visitation-during-holidays,one-hop 301,pending,"target approved, visible, indexable, in sitemap, final launch approved",rewrite then migrate
592,https://chamanlawfirm.com/the-requirements-for-fencing-approval/,https://chamanlawfirm.com/resources/blog/the-requirements-for-fencing-approval,one-hop 301,pending,"target approved, visible, indexable, in sitemap, final launch approved",migrate - preserve and QA
593,https://www.chamanlawfirm.com/role-of-the-judiciary-in-nigerian-democracy/,https://chamanlawfirm.com/role-of-the-judiciary-in-nigerian-democracy/,one-hop 301,pending,"target approved, visible, indexable, in sitemap, final launch approved",redirect only - non-article or canonical route
594,https://chamanlawfirm.com/how-to-register-a-business-name-in-nigeria-2024/,https://chamanlawfirm.com/resources/blog/how-to-register-a-business-name-in-nigeria-2024,one-hop 301,pending,"target approved, visible, indexable, in sitemap, final launch approved",rewrite then migrate
595,https://chamanlawfirm.com/impact-of-regulatory-changes-on-business/,https://chamanlawfirm.com/resources/blog/impact-of-regulatory-changes-on-business,one-hop 301,pending,"target approved, visible, indexable, in sitemap, final launch approved",rewrite then migrate
596,https://chamanlawfirm.com/how-to-get-a-scuml-certificate/,https://chamanlawfirm.com/resources/blog/how-to-get-a-scuml-certificate,one-hop 301,pending,"target approved, visible, indexable, in sitemap, final launch approved",rewrite then migrate
597,https://chamanlawfirm.com/how-to-start-oil-and-gas-company-in-nigeria/,https://chamanlawfirm.com/resources/blog/how-to-start-oil-and-gas-company-in-nigeria,one-hop 301,pending,"target approved, visible, indexable, in sitemap, final launch approved",rewrite then migrate
598,https://chamanlawfirm.com/how-has-the-land-use-act-in-nigeria-e/,https://chamanlawfirm.com/resources/blog/how-has-the-land-use-act-in-nigeria-e,one-hop 301,pending,"target approved, visible, indexable, in sitemap, final launch approved",rewrite then migrate
599,https://chamanlawfirm.com/capital-gains-tax-calculated-on-property/,https://chamanlawfirm.com/resources/blog/capital-gains-tax-calculated-on-property,one-hop 301,pending,"target approved, visible, indexable, in sitemap, final launch approved",rewrite then migrate
600,https://chamanlawfirm.com/handling-tax-disputes-and-audits-in-nigeria/,https://chamanlawfirm.com/resources/blog/handling-tax-disputes-and-audits-in-nigeria,one-hop 301,pending,"target approved, visible, indexable, in sitemap, final launch approved",rewrite then migrate
601,https://chamanlawfirm.com/impact-of-technology-on-real-estate/,https://chamanlawfirm.com/resources/blog/impact-of-technology-on-real-estate,one-hop 301,pending,"target approved, visible, indexable, in sitemap, final launch approved",rewrite then migrate
602,https://chamanlawfirm.com/5-essential-steps-for-establishing-legal-paternity-and-maternity/,https://chamanlawfirm.com/resources/blog/5-essential-steps-for-establishing-legal-paternity-and-maternity,one-hop 301,pending,"target approved, visible, indexable, in sitemap, final launch approved",rewrite then migrate
603,https://chamanlawfirm.com/commercial-mixed-use-projects-in-nigeria/,https://chamanlawfirm.com/resources/blog/commercial-mixed-use-projects-in-nigeria,one-hop 301,pending,"target approved, visible, indexable, in sitemap, final launch approved",rewrite then migrate
604,https://chamanlawfirm.com/innovative-material-techniques-in-construction/,https://chamanlawfirm.com/resources/blog/innovative-material-techniques-in-construction,one-hop 301,pending,"target approved, visible, indexable, in sitemap, final launch approved",rewrite then migrate
605,https://chamanlawfirm.com/enhancing-nigerian-immigration-security/,https://chamanlawfirm.com/resources/blog/enhancing-nigerian-immigration-security,one-hop 301,pending,"target approved, visible, indexable, in sitemap, final launch approved",rewrite then migrate
606,https://chamanlawfirm.com/blockchain-technology-and-land-title-security/,https://chamanlawfirm.com/resources/blog/blockchain-technology-and-land-title-security,one-hop 301,pending,"target approved, visible, indexable, in sitemap, final launch approved",rewrite then migrate
607,https://chamanlawfirm.com/where-do-i-verify-land-documents-in-ogun-state/,https://chamanlawfirm.com/resources/blog/where-do-i-verify-land-documents-in-ogun-state,one-hop 301,pending,"target approved, visible, indexable, in sitemap, final launch approved",rewrite then migrate
608,https://chamanlawfirm.com/why-is-governors-consent-compulsory/,https://chamanlawfirm.com/resources/blog/why-is-governors-consent-compulsory,one-hop 301,pending,"target approved, visible, indexable, in sitemap, final launch approved",rewrite then migrate
609,https://chamanlawfirm.com/modular-construction-in-nigeria/,https://chamanlawfirm.com/resources/blog/modular-construction-in-nigeria,one-hop 301,pending,"target approved, visible, indexable, in sitemap, final launch approved",migrate - preserve and QA
610,https://chamanlawfirm.com/subcontracting-in-nigerian-construction-projects/,https://chamanlawfirm.com/resources/blog/subcontracting-in-nigerian-construction-projects,one-hop 301,pending,"target approved, visible, indexable, in sitemap, final launch approved",migrate - preserve and QA
611,https://chamanlawfirm.com/rights-of-citizens-in-government-surveillance/,https://chamanlawfirm.com/resources/blog/rights-of-citizens-in-government-surveillance,one-hop 301,pending,"target approved, visible, indexable, in sitemap, final launch approved",rewrite then migrate
612,https://chamanlawfirm.com/corporate-finance-laws-in-nigeria/,https://chamanlawfirm.com/resources/blog/corporate-finance-laws-in-nigeria,one-hop 301,pending,"target approved, visible, indexable, in sitemap, final launch approved",rewrite then migrate
613,https://chamanlawfirm.com/renovation-and-restoration-projects-in-nigeria/,https://chamanlawfirm.com/resources/blog/renovation-and-restoration-projects-in-nigeria,one-hop 301,pending,"target approved, visible, indexable, in sitemap, final launch approved",migrate - preserve and QA
614,https://chamanlawfirm.com/what-challenges-are-associated-with-resolving-boundary-disputes-in-nigeria/,https://chamanlawfirm.com/resources/blog/what-challenges-are-associated-with-resolving-boundary-disputes-in-nigeria,one-hop 301,pending,"target approved, visible, indexable, in sitemap, final launch approved",migrate - preserve and QA
615,https://chamanlawfirm.com/building-demolition-key-steps-to-compliance/,https://chamanlawfirm.com/resources/blog/building-demolition-key-steps-to-compliance,one-hop 301,pending,"target approved, visible, indexable, in sitemap, final launch approved",rewrite then migrate
616,https://chamanlawfirm.com/nigerian-data-protection-regulation-2019/,https://chamanlawfirm.com/resources/blog/nigerian-data-protection-regulation-2019,one-hop 301,pending,"target approved, visible, indexable, in sitemap, final launch approved",rewrite then migrate
617,https://chamanlawfirm.com/first-aid-certificate-in-nigeria/,https://chamanlawfirm.com/resources/blog/first-aid-certificate-in-nigeria,one-hop 301,pending,"target approved, visible, indexable, in sitemap, final launch approved",rewrite then migrate
618,https://chamanlawfirm.com/nigerias-security-law/,https://chamanlawfirm.com/resources/blog/nigerias-security-law,one-hop 301,pending,"target approved, visible, indexable, in sitemap, final launch approved",rewrite then migrate
619,https://chamanlawfirm.com/how-to-get-your-money-back-bank-transfer/,https://chamanlawfirm.com/resources/blog/how-to-get-your-money-back-bank-transfer,one-hop 301,pending,"target approved, visible, indexable, in sitemap, final launch approved",rewrite then migrate
620,https://chamanlawfirm.com/environmental-impact-assessments/,https://chamanlawfirm.com/resources/blog/environmental-impact-assessments,one-hop 301,pending,"target approved, visible, indexable, in sitemap, final launch approved",rewrite then migrate
621,https://chamanlawfirm.com/a-complete-guide-on-how-to-legalize-or-attes/,https://chamanlawfirm.com/resources/blog/a-complete-guide-on-how-to-legalize-or-attes,one-hop 301,pending,"target approved, visible, indexable, in sitemap, final launch approved",rewrite then migrate
622,https://chamanlawfirm.com/road-construction-project/,https://chamanlawfirm.com/resources/blog/road-construction-project,one-hop 301,pending,"target approved, visible, indexable, in sitemap, final launch approved",rewrite then migrate
623,https://chamanlawfirm.com/legal-steps-to-perfecting-title-documents/,https://chamanlawfirm.com/resources/blog/legal-steps-to-perfecting-title-documents,one-hop 301,pending,"target approved, visible, indexable, in sitemap, final launch approved",rewrite then migrate
624,https://chamanlawfirm.com/how-does-the-land-use-act-affect-land-title/,https://chamanlawfirm.com/resources/blog/how-does-the-land-use-act-affect-land-title,one-hop 301,pending,"target approved, visible, indexable, in sitemap, final launch approved",rewrite then migrate
625,https://chamanlawfirm.com/public-complaint-commission-in-nigeria/,https://chamanlawfirm.com/resources/blog/public-complaint-commission-in-nigeria,one-hop 301,pending,"target approved, visible, indexable, in sitemap, final launch approved",rewrite then migrate
626,https://chamanlawfirm.com/extension-of-time-in-construction/,https://chamanlawfirm.com/resources/blog/extension-of-time-in-construction,one-hop 301,pending,"target approved, visible, indexable, in sitemap, final launch approved",rewrite then migrate
627,https://chamanlawfirm.com/legal-remedies-for-breach-of-contract/,https://chamanlawfirm.com/resources/blog/legal-remedies-for-breach-of-contract,one-hop 301,pending,"target approved, visible, indexable, in sitemap, final launch approved",rewrite then migrate
628,https://chamanlawfirm.com/autonomous-vehicles-nigerian-traffic-law/,https://chamanlawfirm.com/resources/blog/autonomous-vehicles-nigerian-traffic-law,one-hop 301,pending,"target approved, visible, indexable, in sitemap, final launch approved",rewrite then migrate
629,https://chamanlawfirm.com/when-a-loved-one-dies-without-a-will/,https://chamanlawfirm.com/resources/blog/when-a-loved-one-dies-without-a-will,one-hop 301,pending,"target approved, visible, indexable, in sitemap, final launch approved",rewrite then migrate
630,https://chamanlawfirm.com/contract-of-sale-of-land-and-what-it-takes/,https://chamanlawfirm.com/resources/blog/contract-of-sale-of-land-and-what-it-takes,one-hop 301,pending,"target approved, visible, indexable, in sitemap, final launch approved",migrate - preserve and QA
631,https://chamanlawfirm.com/acquire-and-secure-industrial-land-in-ogun/,https://chamanlawfirm.com/resources/blog/acquire-and-secure-industrial-land-in-ogun,one-hop 301,pending,"target approved, visible, indexable, in sitemap, final launch approved",migrate - preserve and QA
632,https://chamanlawfirm.com/nigerian-e-commerce-operations/,https://chamanlawfirm.com/resources/blog/nigerian-e-commerce-operations,one-hop 301,pending,"target approved, visible, indexable, in sitemap, final launch approved",migrate - preserve and QA
633,https://chamanlawfirm.com/8-steps-to-enforce-court-judgments-innigeria/,https://chamanlawfirm.com/resources/blog/8-steps-to-enforce-court-judgments-innigeria,one-hop 301,pending,"target approved, visible, indexable, in sitemap, final launch approved",rewrite then migrate
634,https://chamanlawfirm.com/remedies-for-breach-of-maritime-contracts/,https://chamanlawfirm.com/resources/blog/remedies-for-breach-of-maritime-contracts,one-hop 301,pending,"target approved, visible, indexable, in sitemap, final launch approved",migrate - preserve and QA
635,https://chamanlawfirm.com/the-impact-of-the-land-use-act-on-land-allocation-for-public-marketplaces-in-nigeria/,https://chamanlawfirm.com/resources/blog/the-impact-of-the-land-use-act-on-land-allocation-for-public-marketplaces-in-nigeria,one-hop 301,pending,"target approved, visible, indexable, in sitemap, final launch approved",migrate - preserve and QA
636,https://chamanlawfirm.com/mastering-commercial-dispute-resolution/,https://chamanlawfirm.com/resources/blog/mastering-commercial-dispute-resolution,one-hop 301,pending,"target approved, visible, indexable, in sitemap, final launch approved",migrate - preserve and QA
637,https://chamanlawfirm.com/intellectual-property-rights/,https://chamanlawfirm.com/resources/blog/intellectual-property-rights,one-hop 301,pending,"target approved, visible, indexable, in sitemap, final launch approved",migrate - preserve and QA
638,https://chamanlawfirm.com/roles-of-a-cybercrime-lawyer-in-nigeria/,https://chamanlawfirm.com/resources/blog/roles-of-a-cybercrime-lawyer-in-nigeria,one-hop 301,pending,"target approved, visible, indexable, in sitemap, final launch approved",rewrite then migrate
639,https://chamanlawfirm.com/newblogpost-zjlntshistory-of-womens-right-in-nigeria/,https://chamanlawfirm.com/resources/blog/newblogpost-zjlntshistory-of-womens-right-in-nigeria,one-hop 301,pending,"target approved, visible, indexable, in sitemap, final launch approved",rewrite then migrate
640,https://chamanlawfirm.com/legal-development-scheme-and-labour-city/,https://chamanlawfirm.com/resources/blog/legal-development-scheme-and-labour-city,one-hop 301,pending,"target approved, visible, indexable, in sitemap, final launch approved",migrate - preserve and QA
641,https://chamanlawfirm.com/dealing-with-land-encroachment-in-ogun-state/,https://chamanlawfirm.com/resources/blog/dealing-with-land-encroachment-in-ogun-state,one-hop 301,pending,"target approved, visible, indexable, in sitemap, final launch approved",migrate - preserve and QA
642,https://chamanlawfirm.com/what-is-community-land-in-nigeria-and-how-is-it-understood/,https://chamanlawfirm.com/resources/blog/what-is-community-land-in-nigeria-and-how-is-it-understood,one-hop 301,pending,"target approved, visible, indexable, in sitemap, final launch approved",migrate - preserve and QA
643,https://chamanlawfirm.com/effects-of-exchange-of-contract/,https://chamanlawfirm.com/resources/blog/effects-of-exchange-of-contract,one-hop 301,pending,"target approved, visible, indexable, in sitemap, final launch approved",migrate - preserve and QA
644,https://chamanlawfirm.com/the-crucial-impact-of-ageofconsentprotection/,https://chamanlawfirm.com/resources/blog/the-crucial-impact-of-ageofconsentprotection,one-hop 301,pending,"target approved, visible, indexable, in sitemap, final launch approved",rewrite then migrate
645,https://chamanlawfirm.com/cyber-law-in-nigeria/,https://chamanlawfirm.com/resources/blog/cyber-law-in-nigeria,one-hop 301,pending,"target approved, visible, indexable, in sitemap, final launch approved",rewrite then migrate
646,https://chamanlawfirm.com/hidden-costs-when-buying-land-in-lagos/,https://chamanlawfirm.com/resources/blog/hidden-costs-when-buying-land-in-lagos,one-hop 301,pending,"target approved, visible, indexable, in sitemap, final launch approved",rewrite then migrate
647,https://chamanlawfirm.com/proven-steps-qualities-of-good-mediator/,https://chamanlawfirm.com/resources/blog/proven-steps-qualities-of-good-mediator,one-hop 301,pending,"target approved, visible, indexable, in sitemap, final launch approved",rewrite then migrate
648,https://chamanlawfirm.com/high-rise-construction-challenges-in-nigeria/,https://chamanlawfirm.com/resources/blog/high-rise-construction-challenges-in-nigeria,one-hop 301,pending,"target approved, visible, indexable, in sitemap, final launch approved",rewrite then migrate
649,https://chamanlawfirm.com/importance-of-energy-and-natural-resources-law/,https://chamanlawfirm.com/resources/blog/importance-of-energy-and-natural-resources-law,one-hop 301,pending,"target approved, visible, indexable, in sitemap, final launch approved",rewrite then migrate
650,https://chamanlawfirm.com/floodplain-management-under-the-land-use-act/,https://chamanlawfirm.com/resources/blog/floodplain-management-under-the-land-use-act,one-hop 301,pending,"target approved, visible, indexable, in sitemap, final launch approved",rewrite then migrate
651,https://chamanlawfirm.com/the-central-bank-of-nigeria-in-debt-recovery/,https://chamanlawfirm.com/resources/blog/the-central-bank-of-nigeria-in-debt-recovery,one-hop 301,pending,"target approved, visible, indexable, in sitemap, final launch approved",rewrite then migrate
652,https://chamanlawfirm.com/overview-of-real-estate-law-in-nigeria/,https://chamanlawfirm.com/resources/blog/overview-of-real-estate-law-in-nigeria,one-hop 301,pending,"target approved, visible, indexable, in sitemap, final launch approved",rewrite then migrate
653,https://chamanlawfirm.com/ways-nigerian-lawprotectstherightsofchildren/,https://chamanlawfirm.com/resources/blog/ways-nigerian-lawprotectstherightsofchildren,one-hop 301,pending,"target approved, visible, indexable, in sitemap, final launch approved",rewrite then migrate
654,https://chamanlawfirm.com/how-do-i-appoint-a-lawyer-to-represent-me/,https://chamanlawfirm.com/resources/blog/how-do-i-appoint-a-lawyer-to-represent-me,one-hop 301,pending,"target approved, visible, indexable, in sitemap, final launch approved",rewrite then migrate
655,https://chamanlawfirm.com/how-to-convert-a-sole-proprietorship/,https://chamanlawfirm.com/resources/blog/how-to-convert-a-sole-proprietorship,one-hop 301,pending,"target approved, visible, indexable, in sitemap, final launch approved",rewrite then migrate
656,https://chamanlawfirm.com/what-is-the-cost-of-perfecting-land-titles-2/,https://chamanlawfirm.com/resources/blog/what-is-the-cost-of-perfecting-land-titles-2,one-hop 301,pending,"target approved, visible, indexable, in sitemap, final launch approved",rewrite then migrate
657,https://chamanlawfirm.com/litigation-lawyers-in-nigeria/,https://chamanlawfirm.com/litigation-lawyers-in-nigeria/,one-hop 301,pending,"target approved, visible, indexable, in sitemap, final launch approved",redirect only - non-article or canonical route
658,https://chamanlawfirm.com/importance-of-biometric-data-protection/,https://chamanlawfirm.com/resources/blog/importance-of-biometric-data-protection,one-hop 301,pending,"target approved, visible, indexable, in sitemap, final launch approved",rewrite then migrate
659,https://chamanlawfirm.com/how-to-obtain-letter-of-administration-in-nigeria/,https://chamanlawfirm.com/resources/blog/how-to-obtain-letter-of-administration-in-nigeria,one-hop 301,pending,"target approved, visible, indexable, in sitemap, final launch approved",migrate - preserve and QA
660,https://chamanlawfirm.com/necessary-document-to-prepare-upon-relocation/,https://chamanlawfirm.com/resources/blog/necessary-document-to-prepare-upon-relocation,one-hop 301,pending,"target approved, visible, indexable, in sitemap, final launch approved",rewrite then migrate
661,https://chamanlawfirm.com/the-custody-of-a-child-under-nigerian-law/,https://chamanlawfirm.com/resources/blog/the-custody-of-a-child-under-nigerian-law,one-hop 301,pending,"target approved, visible, indexable, in sitemap, final launch approved",rewrite then migrate
662,https://chamanlawfirm.com/powerful-steps-probate-lawyer-in-nigeria/,https://chamanlawfirm.com/powerful-steps-probate-lawyer-in-nigeria/,one-hop 301,pending,"target approved, visible, indexable, in sitemap, final launch approved",redirect only - non-article or canonical route
663,https://chamanlawfirm.com/strategies-to-protect-your-real-estate/,https://chamanlawfirm.com/resources/blog/strategies-to-protect-your-real-estate,one-hop 301,pending,"target approved, visible, indexable, in sitemap, final launch approved",rewrite then migrate
664,https://chamanlawfirm.com/joint-ventures-in-construction-projects/,https://chamanlawfirm.com/resources/blog/joint-ventures-in-construction-projects,one-hop 301,pending,"target approved, visible, indexable, in sitemap, final launch approved",rewrite then migrate
665,https://chamanlawfirm.com/navigating-legal-surrogacy-in-nigeria/,https://chamanlawfirm.com/resources/blog/navigating-legal-surrogacy-in-nigeria,one-hop 301,pending,"target approved, visible, indexable, in sitemap, final launch approved",migrate - preserve and QA
666,https://chamanlawfirm.com/understanding-the-lagos-state-amnesty-progra/,https://chamanlawfirm.com/resources/blog/understanding-the-lagos-state-amnesty-progra,one-hop 301,pending,"target approved, visible, indexable, in sitemap, final launch approved",rewrite then migrate
667,https://chamanlawfirm.com/real-estate-practice-in-nigeria/,https://chamanlawfirm.com/resources/blog/real-estate-practice-in-nigeria,one-hop 301,pending,"target approved, visible, indexable, in sitemap, final launch approved",migrate - preserve and QA
668,https://chamanlawfirm.com/what-are-the-best-mechanism-in-recovery-of-debt/,https://chamanlawfirm.com/resources/blog/what-are-the-best-mechanism-in-recovery-of-debt,one-hop 301,pending,"target approved, visible, indexable, in sitemap, final launch approved",migrate - preserve and QA
669,https://chamanlawfirm.com/ip-real-estate-development-the-role-of/,https://chamanlawfirm.com/resources/blog/ip-real-estate-development-the-role-of,one-hop 301,pending,"target approved, visible, indexable, in sitemap, final launch approved",rewrite then migrate
670,https://chamanlawfirm.com/handling-cross-border-insolvency-issues/,https://chamanlawfirm.com/resources/blog/handling-cross-border-insolvency-issues,one-hop 301,pending,"target approved, visible, indexable, in sitemap, final launch approved",migrate - preserve and QA
671,https://chamanlawfirm.com/what-is-the-relationship-between-mining-activities-and-the-land-use-act/,https://chamanlawfirm.com/resources/blog/what-is-the-relationship-between-mining-activities-and-the-land-use-act,one-hop 301,pending,"target approved, visible, indexable, in sitemap, final launch approved",migrate - preserve and QA
672,https://chamanlawfirm.com/real-estate-syndication-and-group-investment-in-nigeria-a-comprehensive-guide/,https://chamanlawfirm.com/resources/blog/real-estate-syndication-and-group-investment-in-nigeria-a-comprehensive-guide,one-hop 301,pending,"target approved, visible, indexable, in sitemap, final launch approved",rewrite then migrate
673,https://chamanlawfirm.com/empowering-safe-construction/,https://chamanlawfirm.com/resources/blog/empowering-safe-construction,one-hop 301,pending,"target approved, visible, indexable, in sitemap, final launch approved",rewrite then migrate
674,https://chamanlawfirm.com/post-description-investing-in-retail-spaces-and-shopping-malls-in-nigeria-can-be-a-profitable-venture-this-article-explores-the-advantages-key-considerations-and-strategies-for-success-in-this-growin/,https://chamanlawfirm.com/resources/blog/post-description-investing-in-retail-spaces-and-shopping-malls-in-nigeria-can-be-a-profitable-venture-this-article-explores-the-advantages-key-considerations-and-strategies-for-success-in-this-growin,one-hop 301,pending,"target approved, visible, indexable, in sitemap, final launch approved",rewrite then migrate
675,https://chamanlawfirm.com/the-land-use-act-on-real-estate-transactions/,https://chamanlawfirm.com/the-land-use-act-on-real-estate-transactions/,one-hop 301,pending,"target approved, visible, indexable, in sitemap, final launch approved",redirect only - non-article or canonical route
676,https://chamanlawfirm.com/assault-and-battery-chaman-law-firm/,https://chamanlawfirm.com/resources/blog/assault-and-battery-chaman-law-firm,one-hop 301,pending,"target approved, visible, indexable, in sitemap, final launch approved",rewrite then migrate
677,https://chamanlawfirm.com/requirements-for-foreign-participation-in/,https://chamanlawfirm.com/resources/blog/requirements-for-foreign-participation-in,one-hop 301,pending,"target approved, visible, indexable, in sitemap, final launch approved",rewrite then migrate
678,https://chamanlawfirm.com/what-is-the-process-of-obtaining-a-c-of-o/,https://chamanlawfirm.com/resources/blog/what-is-the-process-of-obtaining-a-c-of-o,one-hop 301,pending,"target approved, visible, indexable, in sitemap, final launch approved",rewrite then migrate
679,https://chamanlawfirm.com/difference-between-c-of-o-and-governors-consent/,https://chamanlawfirm.com/resources/blog/difference-between-c-of-o-and-governors-consent,one-hop 301,pending,"target approved, visible, indexable, in sitemap, final launch approved",rewrite then migrate
680,https://chamanlawfirm.com/legal-rights-of-online-consumers/,https://chamanlawfirm.com/resources/blog/legal-rights-of-online-consumers,one-hop 301,pending,"target approved, visible, indexable, in sitemap, final launch approved",rewrite then migrate
681,https://chamanlawfirm.com/cyber-crime-investigation-techniques/,https://chamanlawfirm.com/resources/blog/cyber-crime-investigation-techniques,one-hop 301,pending,"target approved, visible, indexable, in sitemap, final launch approved",rewrite then migrate
682,https://chamanlawfirm.com/technology-integration-in-construction/,https://chamanlawfirm.com/resources/blog/technology-integration-in-construction,one-hop 301,pending,"target approved, visible, indexable, in sitemap, final launch approved",rewrite then migrate
683,https://chamanlawfirm.com/impact-of-labor-laws-on-business-operations/,https://chamanlawfirm.com/impact-of-labor-laws-on-business-operations/,one-hop 301,pending,"target approved, visible, indexable, in sitemap, final launch approved",redirect only - non-article or canonical route
684,https://chamanlawfirm.com/poven-steps-on-what-are-the-stages-of-mediation/,https://chamanlawfirm.com/resources/blog/poven-steps-on-what-are-the-stages-of-mediation,one-hop 301,pending,"target approved, visible, indexable, in sitemap, final launch approved",rewrite then migrate
685,https://chamanlawfirm.com/cyber-law-and-privacy-issues-in-nigerian-iot/,https://chamanlawfirm.com/resources/blog/cyber-law-and-privacy-issues-in-nigerian-iot,one-hop 301,pending,"target approved, visible, indexable, in sitemap, final launch approved",rewrite then migrate
686,https://chamanlawfirm.com/family-law-issues-for-expatriate-families/,https://chamanlawfirm.com/resources/blog/family-law-issues-for-expatriate-families,one-hop 301,pending,"target approved, visible, indexable, in sitemap, final launch approved",rewrite then migrate
687,https://chamanlawfirm.com/labour-relations-in-nigerian-construction/,https://chamanlawfirm.com/resources/blog/labour-relations-in-nigerian-construction,one-hop 301,pending,"target approved, visible, indexable, in sitemap, final launch approved",rewrite then migrate
688,https://chamanlawfirm.com/legal-proven-expertise-joint-ownership/,https://chamanlawfirm.com/resources/blog/legal-proven-expertise-joint-ownership,one-hop 301,pending,"target approved, visible, indexable, in sitemap, final launch approved",migrate - preserve and QA
689,https://chamanlawfirm.com/a-complete-guide-on-how-to-legalise-or-attest-a-document-in-nigeria/,https://chamanlawfirm.com/resources/blog/a-complete-guide-on-how-to-legalise-or-attest-a-document-in-nigeria,one-hop 301,pending,"target approved, visible, indexable, in sitemap, final launch approved",rewrite then migrate
690,https://chamanlawfirm.com/our-legal-team/,https://chamanlawfirm.com/resources/blog/our-legal-team,one-hop 301,pending,"target approved, visible, indexable, in sitemap, final launch approved",migrate - preserve and QA
691,https://chamanlawfirm.com/safety-and-security-in-nigerian-construction/,https://chamanlawfirm.com/resources/blog/safety-and-security-in-nigerian-construction,one-hop 301,pending,"target approved, visible, indexable, in sitemap, final launch approved",rewrite then migrate
692,https://chamanlawfirm.com/documents-apostilled-in-nigeria/?utm_source=rss&utm_medium=rss&utm_campaign=documents-apostilled-in-nigeria,https://chamanlawfirm.com/documents-apostilled-in-nigeria/,one-hop 301,pending,"target approved, visible, indexable, in sitemap, final launch approved",redirect only - non-article or canonical route
693,https://chamanlawfirm.com/boardroom-disputes-and-governance-challenge/,https://chamanlawfirm.com/boardroom-disputes-and-governance-challenge/,one-hop 301,pending,"target approved, visible, indexable, in sitemap, final launch approved",redirect only - non-article or canonical route
694,https://chamanlawfirm.com/establishment-of-resolution-funds-in-nigeria/,https://chamanlawfirm.com/resources/blog/establishment-of-resolution-funds-in-nigeria,one-hop 301,pending,"target approved, visible, indexable, in sitemap, final launch approved",rewrite then migrate
695,https://chamanlawfirm.com/how-to-handle-land-encroachment-in-lagos/,https://chamanlawfirm.com/resources/blog/how-to-handle-land-encroachment-in-lagos,one-hop 301,pending,"target approved, visible, indexable, in sitemap, final launch approved",migrate - preserve and QA
696,https://chamanlawfirm.com/the-role-of-town-planners-in-land-allocation-under-the-land-use-act/,https://chamanlawfirm.com/resources/blog/the-role-of-town-planners-in-land-allocation-under-the-land-use-act,one-hop 301,pending,"target approved, visible, indexable, in sitemap, final launch approved",migrate - preserve and QA
697,https://chamanlawfirm.com/ways-to-resolve-property-disputes-in-ogun/,https://chamanlawfirm.com/resources/blog/ways-to-resolve-property-disputes-in-ogun,one-hop 301,pending,"target approved, visible, indexable, in sitemap, final launch approved",migrate - preserve and QA
698,https://chamanlawfirm.com/land-encumbrances-and-burdens-be-addressed/,https://chamanlawfirm.com/resources/blog/land-encumbrances-and-burdens-be-addressed,one-hop 301,pending,"target approved, visible, indexable, in sitemap, final launch approved",migrate - preserve and QA
699,https://chamanlawfirm.com/steps-on-how-to-prepare-for-and-conduct-oral/,https://chamanlawfirm.com/resources/blog/steps-on-how-to-prepare-for-and-conduct-oral,one-hop 301,pending,"target approved, visible, indexable, in sitemap, final launch approved",rewrite then migrate
700,https://chamanlawfirm.com/what-are-the-required-permits-for-estate-development-in-ogun/,https://chamanlawfirm.com/resources/blog/what-are-the-required-permits-for-estate-development-in-ogun,one-hop 301,pending,"target approved, visible, indexable, in sitemap, final launch approved",rewrite then migrate
701,https://chamanlawfirm.com/proven-steps-on-student-loan-act-in-nigeria/,https://chamanlawfirm.com/resources/blog/proven-steps-on-student-loan-act-in-nigeria,one-hop 301,pending,"target approved, visible, indexable, in sitemap, final launch approved",rewrite then migrate
702,https://chamanlawfirm.com/tax-clearance-in-lagos-for-property-sales/,https://chamanlawfirm.com/resources/blog/tax-clearance-in-lagos-for-property-sales,one-hop 301,pending,"target approved, visible, indexable, in sitemap, final launch approved",rewrite then migrate
703,https://chamanlawfirm.com/8-step-business-registration-process-in-lag/,https://chamanlawfirm.com/resources/blog/8-step-business-registration-process-in-lag,one-hop 301,pending,"target approved, visible, indexable, in sitemap, final launch approved",rewrite then migrate
704,https://chamanlawfirm.com/environmental-permits-and-approvals-in-lagos/,https://chamanlawfirm.com/resources/blog/environmental-permits-and-approvals-in-lagos,one-hop 301,pending,"target approved, visible, indexable, in sitemap, final launch approved",rewrite then migrate
705,https://chamanlawfirm.com/capital-gains-tax-a-step-by-step-guide/,https://chamanlawfirm.com/resources/blog/capital-gains-tax-a-step-by-step-guide,one-hop 301,pending,"target approved, visible, indexable, in sitemap, final launch approved",rewrite then migrate
706,https://chamanlawfirm.com/environmental-and-zoning-regulations/,https://chamanlawfirm.com/resources/blog/environmental-and-zoning-regulations,one-hop 301,pending,"target approved, visible, indexable, in sitemap, final launch approved",rewrite then migrate
707,https://chamanlawfirm.com/property-recovery-reclaim-your-rental-space/,https://chamanlawfirm.com/resources/blog/property-recovery-reclaim-your-rental-space,one-hop 301,pending,"target approved, visible, indexable, in sitemap, final launch approved",rewrite then migrate
708,https://chamanlawfirm.com/solution-to-building-collapse-incidences/,https://chamanlawfirm.com/resources/blog/solution-to-building-collapse-incidences,one-hop 301,pending,"target approved, visible, indexable, in sitemap, final launch approved",rewrite then migrate
709,https://chamanlawfirm.com/legal-pitfalls-in-debt-recovery/,https://chamanlawfirm.com/resources/blog/legal-pitfalls-in-debt-recovery,one-hop 301,pending,"target approved, visible, indexable, in sitemap, final launch approved",rewrite then migrate
710,https://chamanlawfirm.com/construction-safety-and-certification/,https://chamanlawfirm.com/resources/blog/construction-safety-and-certification,one-hop 301,pending,"target approved, visible, indexable, in sitemap, final launch approved",rewrite then migrate
711,https://chamanlawfirm.com/boundary-disputes-and-encroachments/,https://chamanlawfirm.com/resources/blog/boundary-disputes-and-encroachments,one-hop 301,pending,"target approved, visible, indexable, in sitemap, final launch approved",rewrite then migrate
712,https://chamanlawfirm.com/religious-institutions/,https://chamanlawfirm.com/resources/blog/religious-institutions,one-hop 301,pending,"target approved, visible, indexable, in sitemap, final launch approved",rewrite then migrate
713,https://chamanlawfirm.com/proven-steps-how-to-file-patent-in-nigeria/,https://chamanlawfirm.com/resources/blog/proven-steps-how-to-file-patent-in-nigeria,one-hop 301,pending,"target approved, visible, indexable, in sitemap, final launch approved",rewrite then migrate
714,https://www.chamanlawfirm.com/statute-of-limitations-on-debt-in-nigeria-2/,https://chamanlawfirm.com/statute-of-limitations-on-debt-in-nigeria-2/,one-hop 301,pending,"target approved, visible, indexable, in sitemap, final launch approved",redirect only - non-article or canonical route
715,https://chamanlawfirm.com/logistics-and-supply-chain-management/,https://chamanlawfirm.com/resources/blog/logistics-and-supply-chain-management,one-hop 301,pending,"target approved, visible, indexable, in sitemap, final launch approved",rewrite then migrate
716,https://chamanlawfirm.com/what-is-the-documentation-and-registration/,https://chamanlawfirm.com/resources/blog/what-is-the-documentation-and-registration,one-hop 301,pending,"target approved, visible, indexable, in sitemap, final launch approved",rewrite then migrate
717,https://chamanlawfirm.com/service/human-right-law/,https://chamanlawfirm.com/resources/blog/service/human-right-law,one-hop 301,pending,"target approved, visible, indexable, in sitemap, final launch approved",rewrite then migrate
718,https://chamanlawfirm.com/mixed-use-residential-projects-in-nigeria/,https://chamanlawfirm.com/mixed-use-residential-projects-in-nigeria/,one-hop 301,pending,"target approved, visible, indexable, in sitemap, final launch approved",redirect only - non-article or canonical route
719,https://chamanlawfirm.com/debt-recovery-in-banking-sector/,https://chamanlawfirm.com/resources/blog/debt-recovery-in-banking-sector,one-hop 301,pending,"target approved, visible, indexable, in sitemap, final launch approved",rewrite then migrate
720,https://chamanlawfirm.com/legal-research-in-nigerian-law/,https://chamanlawfirm.com/resources/blog/legal-research-in-nigerian-law,one-hop 301,pending,"target approved, visible, indexable, in sitemap, final launch approved",rewrite then migrate
721,https://chamanlawfirm.com/legal-aspects-of-commercial-litigation/,https://chamanlawfirm.com/resources/blog/legal-aspects-of-commercial-litigation,one-hop 301,pending,"target approved, visible, indexable, in sitemap, final launch approved",rewrite then migrate
722,https://chamanlawfirm.com/governors-consent-how-long-does-it-take/,https://chamanlawfirm.com/resources/blog/governors-consent-how-long-does-it-take,one-hop 301,pending,"target approved, visible, indexable, in sitemap, final launch approved",rewrite then migrate
723,https://chamanlawfirm.com/when-is-summary-dismissal-appropriate-in-nigeria-labour-law/,https://chamanlawfirm.com/resources/blog/when-is-summary-dismissal-appropriate-in-nigeria-labour-law,one-hop 301,pending,"target approved, visible, indexable, in sitemap, final launch approved",migrate - preserve and QA
724,https://chamanlawfirm.com/rights-of-persons-living-with-disabilities/,https://chamanlawfirm.com/resources/blog/rights-of-persons-living-with-disabilities,one-hop 301,pending,"target approved, visible, indexable, in sitemap, final launch approved",migrate - preserve and QA
725,https://chamanlawfirm.com/what-are-the-property-taxes-in-ogun-state/,https://chamanlawfirm.com/resources/blog/what-are-the-property-taxes-in-ogun-state,one-hop 301,pending,"target approved, visible, indexable, in sitemap, final launch approved",rewrite then migrate
726,https://chamanlawfirm.com/proven-steps-on-capacity-to-make-a-will/,https://chamanlawfirm.com/resources/blog/proven-steps-on-capacity-to-make-a-will,one-hop 301,pending,"target approved, visible, indexable, in sitemap, final launch approved",migrate - preserve and QA
727,https://chamanlawfirm.com/cyber-law-nigerian-cultural-heritage/,https://chamanlawfirm.com/resources/blog/cyber-law-nigerian-cultural-heritage,one-hop 301,pending,"target approved, visible, indexable, in sitemap, final launch approved",migrate - preserve and QA
728,https://chamanlawfirm.com/legal-framework-for-affordable-housing/,https://chamanlawfirm.com/resources/blog/legal-framework-for-affordable-housing,one-hop 301,pending,"target approved, visible, indexable, in sitemap, final launch approved",migrate - preserve and QA
729,https://chamanlawfirm.com/understanding-of-the-rights-of-stakeholders/,https://chamanlawfirm.com/resources/blog/understanding-of-the-rights-of-stakeholders,one-hop 301,pending,"target approved, visible, indexable, in sitemap, final launch approved",rewrite then migrate
730,https://chamanlawfirm.com/exclusive-possession-in-a-lease/,https://chamanlawfirm.com/resources/blog/exclusive-possession-in-a-lease,one-hop 301,pending,"target approved, visible, indexable, in sitemap, final launch approved",migrate - preserve and QA
731,https://chamanlawfirm.com/landlord-and-tenant-relationship-on-property/,https://chamanlawfirm.com/resources/blog/landlord-and-tenant-relationship-on-property,one-hop 301,pending,"target approved, visible, indexable, in sitemap, final launch approved",migrate - preserve and QA
732,https://chamanlawfirm.com/the-process-of-transferring-land-in-nigeria/,https://chamanlawfirm.com/resources/blog/the-process-of-transferring-land-in-nigeria,one-hop 301,pending,"target approved, visible, indexable, in sitemap, final launch approved",migrate - preserve and QA
733,https://chamanlawfirm.com/4-proven-cross-border-cybercrime-issues/,https://chamanlawfirm.com/resources/blog/4-proven-cross-border-cybercrime-issues,one-hop 301,pending,"target approved, visible, indexable, in sitemap, final launch approved",rewrite then migrate
734,https://chamanlawfirm.com/steps-on-how-to-navigate-parental-rights/,https://chamanlawfirm.com/resources/blog/steps-on-how-to-navigate-parental-rights,one-hop 301,pending,"target approved, visible, indexable, in sitemap, final launch approved",rewrite then migrate
735,https://chamanlawfirm.com/who-can-liable-when-there-are-defects-in-construction/,https://chamanlawfirm.com/resources/blog/who-can-liable-when-there-are-defects-in-construction,one-hop 301,pending,"target approved, visible, indexable, in sitemap, final launch approved",rewrite then migrate
736,https://chamanlawfirm.com/how-to-legally-change-a-childs-surname/,https://chamanlawfirm.com/resources/blog/how-to-legally-change-a-childs-surname,one-hop 301,pending,"target approved, visible, indexable, in sitemap, final launch approved",migrate - preserve and QA
737,https://chamanlawfirm.com/index.php//?detail/89079306861229,https://chamanlawfirm.com/index.php/,one-hop 301,pending,"target approved, visible, indexable, in sitemap, final launch approved",redirect only - non-article or canonical route
738,https://chamanlawfirm.com/duties-of-correctional-institutions-in-nigeria/#elementor-toc__heading-anchor-4,https://chamanlawfirm.com/duties-of-correctional-institutions-in-nigeria/,one-hop 301,pending,"target approved, visible, indexable, in sitemap, final launch approved",redirect only - non-article or canonical route
739,https://chamanlawfirm.com/duties-of-correctional-institutions-in-nigeria/#elementor-toc__heading-anchor-1,https://chamanlawfirm.com/duties-of-correctional-institutions-in-nigeria/,one-hop 301,pending,"target approved, visible, indexable, in sitemap, final launch approved",redirect only - non-article or canonical route
740,https://chamanlawfirm.com/obtaining-a-certificate-of-occupancy-c-of-o/#elementor-toc__heading-anchor-1,https://chamanlawfirm.com/obtaining-a-certificate-of-occupancy-c-of-o/,one-hop 301,pending,"target approved, visible, indexable, in sitemap, final launch approved",redirect only - non-article or canonical route
741,https://chamanlawfirm.com/implications-of-co-signing-a-lease-agreement/,https://chamanlawfirm.com/resources/blog/implications-of-co-signing-a-lease-agreement,one-hop 301,pending,"target approved, visible, indexable, in sitemap, final launch approved",rewrite then migrate
742,https://chamanlawfirm.com/procedure-by-the-nigeria-customs-service/,https://chamanlawfirm.com/resources/blog/procedure-by-the-nigeria-customs-service,one-hop 301,pending,"target approved, visible, indexable, in sitemap, final launch approved",rewrite then migrate
743,https://chamanlawfirm.com/nigeria-visa-on-arrival-policy-eligibility/,https://chamanlawfirm.com/resources/blog/nigeria-visa-on-arrival-policy-eligibility,one-hop 301,pending,"target approved, visible, indexable, in sitemap, final launch approved",rewrite then migrate
744,https://chamanlawfirm.com/labour-and-employment-law-in-nigeria/,https://chamanlawfirm.com/resources/blog/labour-and-employment-law-in-nigeria,one-hop 301,pending,"target approved, visible, indexable, in sitemap, final launch approved",rewrite then migrate
745,https://chamanlawfirm.com/how-to-register-an-ngo-in-nigeria-a-proven/,https://chamanlawfirm.com/resources/blog/how-to-register-an-ngo-in-nigeria-a-proven,one-hop 301,pending,"target approved, visible, indexable, in sitemap, final launch approved",rewrite then migrate
746,https://chamanlawfirm.com/real-estate-investment-financing-in-nigeria/,https://chamanlawfirm.com/real-estate-investment-financing-in-nigeria/,one-hop 301,pending,"target approved, visible, indexable, in sitemap, final launch approved",redirect only - non-article or canonical route
747,https://chamanlawfirm.com/contractual-dispute-resolution/,https://chamanlawfirm.com/resources/blog/contractual-dispute-resolution,one-hop 301,pending,"target approved, visible, indexable, in sitemap, final launch approved",rewrite then migrate
748,https://chamanlawfirm.com/fast-track-your-probate-process-in-nigeria/,https://chamanlawfirm.com/resources/blog/fast-track-your-probate-process-in-nigeria,one-hop 301,pending,"target approved, visible, indexable, in sitemap, final launch approved",rewrite then migrate
749,https://chamanlawfirm.com/why-do-i-need-a-family-lawyer-in-nigeria/,https://chamanlawfirm.com/resources/blog/why-do-i-need-a-family-lawyer-in-nigeria,one-hop 301,pending,"target approved, visible, indexable, in sitemap, final launch approved",rewrite then migrate
750,https://chamanlawfirm.com/the-land-use-act-relate-to-land-conflicts/,https://chamanlawfirm.com/resources/blog/the-land-use-act-relate-to-land-conflicts,one-hop 301,pending,"target approved, visible, indexable, in sitemap, final launch approved",rewrite then migrate
751,https://chamanlawfirm.com/consumer-contracts-and-guarantee/,https://chamanlawfirm.com/resources/blog/consumer-contracts-and-guarantee,one-hop 301,pending,"target approved, visible, indexable, in sitemap, final launch approved",rewrite then migrate
752,https://chamanlawfirm.com/mastering-nigerian-company-law-essentialstep/,https://chamanlawfirm.com/resources/blog/mastering-nigerian-company-law-essentialstep,one-hop 301,pending,"target approved, visible, indexable, in sitemap, final launch approved",rewrite then migrate
753,https://chamanlawfirm.com/multi-national-franchises-in-nigeria/,https://chamanlawfirm.com/resources/blog/multi-national-franchises-in-nigeria,one-hop 301,pending,"target approved, visible, indexable, in sitemap, final launch approved",rewrite then migrate
754,https://chamanlawfirm.com/letter-of-administration-vs-grant-of-probate/,https://chamanlawfirm.com/resources/blog/letter-of-administration-vs-grant-of-probate,one-hop 301,pending,"target approved, visible, indexable, in sitemap, final launch approved",rewrite then migrate
755,https://chamanlawfirm.com/how-does-the-land-use-act-influence-real-estate-development/,https://chamanlawfirm.com/resources/blog/how-does-the-land-use-act-influence-real-estate-development,one-hop 301,pending,"target approved, visible, indexable, in sitemap, final launch approved",rewrite then migrate
756,https://chamanlawfirm.com/when-can-an-arrest-be-validly-made/,https://chamanlawfirm.com/resources/blog/when-can-an-arrest-be-validly-made,one-hop 301,pending,"target approved, visible, indexable, in sitemap, final launch approved",rewrite then migrate
757,https://chamanlawfirm.com/safety-standard-in-nigeria-construction/,https://chamanlawfirm.com/resources/blog/safety-standard-in-nigeria-construction,one-hop 301,pending,"target approved, visible, indexable, in sitemap, final launch approved",rewrite then migrate
758,https://chamanlawfirm.com/company-registration-in-nigeria/,https://chamanlawfirm.com/resources/blog/company-registration-in-nigeria,one-hop 301,pending,"target approved, visible, indexable, in sitemap, final launch approved",rewrite then migrate
759,https://chamanlawfirm.com/public-infrastructure-projects-in-nigeria/,https://chamanlawfirm.com/resources/blog/public-infrastructure-projects-in-nigeria,one-hop 301,pending,"target approved, visible, indexable, in sitemap, final launch approved",rewrite then migrate
760,https://chamanlawfirm.com/land-tenure-systems-coexist-with-statutory-land/,https://chamanlawfirm.com/resources/blog/land-tenure-systems-coexist-with-statutory-land,one-hop 301,pending,"target approved, visible, indexable, in sitemap, final launch approved",migrate - preserve and QA
761,https://chamanlawfirm.com/effective-legal-framework-for-loan-recovery/,https://chamanlawfirm.com/resources/blog/effective-legal-framework-for-loan-recovery,one-hop 301,pending,"target approved, visible, indexable, in sitemap, final launch approved",migrate - preserve and QA
762,https://chamanlawfirm.com/how-do-la-neighboring-communities-in-nigeria/,https://chamanlawfirm.com/resources/blog/how-do-la-neighboring-communities-in-nigeria,one-hop 301,pending,"target approved, visible, indexable, in sitemap, final launch approved",rewrite then migrate
763,https://chamanlawfirm.com/the-cyber-crime-investigation-procedure/,https://chamanlawfirm.com/resources/blog/the-cyber-crime-investigation-procedure,one-hop 301,pending,"target approved, visible, indexable, in sitemap, final launch approved",rewrite then migrate
764,https://chamanlawfirm.com/aim-to-improve-land-titles-and-ownership/,https://chamanlawfirm.com/resources/blog/aim-to-improve-land-titles-and-ownership,one-hop 301,pending,"target approved, visible, indexable, in sitemap, final launch approved",migrate - preserve and QA
765,https://chamanlawfirm.com/investigating-title-in-property-transaction/,https://chamanlawfirm.com/resources/blog/investigating-title-in-property-transaction,one-hop 301,pending,"target approved, visible, indexable, in sitemap, final launch approved",migrate - preserve and QA
766,https://chamanlawfirm.com/challenging-forged-property-documents-in-lagos/,https://chamanlawfirm.com/resources/blog/challenging-forged-property-documents-in-lagos,one-hop 301,pending,"target approved, visible, indexable, in sitemap, final launch approved",rewrite then migrate
767,https://chamanlawfirm.com/child-education-and-religious-upbringing/,https://chamanlawfirm.com/resources/blog/child-education-and-religious-upbringing,one-hop 301,pending,"target approved, visible, indexable, in sitemap, final launch approved",migrate - preserve and QA
768,https://chamanlawfirm.com/process-probate-in-ogun-state-chaman-law-firm/,https://chamanlawfirm.com/resources/blog/process-probate-in-ogun-state-chaman-law-firm,one-hop 301,pending,"target approved, visible, indexable, in sitemap, final launch approved",migrate - preserve and QA
769,https://chamanlawfirm.com/northern-infrastructure-projects/,https://chamanlawfirm.com/resources/blog/northern-infrastructure-projects,one-hop 301,pending,"target approved, visible, indexable, in sitemap, final launch approved",rewrite then migrate
770,https://chamanlawfirm.com/crucial-role-of-insolvency-practitioners/,https://chamanlawfirm.com/crucial-role-of-insolvency-practitioners/,one-hop 301,pending,"target approved, visible, indexable, in sitemap, final launch approved",redirect only - non-article or canonical route
771,https://chamanlawfirm.com/newblogpost-zjg4hvhow-to-obtain-a-business-permit-in-nigeria/,https://chamanlawfirm.com/resources/blog/newblogpost-zjg4hvhow-to-obtain-a-business-permit-in-nigeria,one-hop 301,pending,"target approved, visible, indexable, in sitemap, final launch approved",migrate - preserve and QA
772,https://chamanlawfirm.com/how-long-does-a-title-search-take-in-nigeria/,https://chamanlawfirm.com/resources/blog/how-long-does-a-title-search-take-in-nigeria,one-hop 301,pending,"target approved, visible, indexable, in sitemap, final launch approved",rewrite then migrate
773,https://chamanlawfirm.com/how-to-get-a-judgment-enforced-in-nigeria/,https://chamanlawfirm.com/resources/blog/how-to-get-a-judgment-enforced-in-nigeria,one-hop 301,pending,"target approved, visible, indexable, in sitemap, final launch approved",archive candidate - weak or unsafe
774,https://www.chamanlawfirm.com/types-of-tenant-in-nigeria/,https://chamanlawfirm.com/types-of-tenant-in-nigeria/,one-hop 301,pending,"target approved, visible, indexable, in sitemap, final launch approved",redirect only - non-article or canonical route
775,https://chamanlawfirm.com/how-can-issues-of-land-fraud-and-illegal-land-transactions-be-addressed-in-nigeria/,https://chamanlawfirm.com/resources/blog/how-can-issues-of-land-fraud-and-illegal-land-transactions-be-addressed-in-nigeria,one-hop 301,pending,"target approved, visible, indexable, in sitemap, final launch approved",rewrite then migrate
776,https://chamanlawfirm.com/how-to-register-a-company-in-nigeria-2024/,https://chamanlawfirm.com/resources/blog/how-to-register-a-company-in-nigeria-2024,one-hop 301,pending,"target approved, visible, indexable, in sitemap, final launch approved",rewrite then migrate
777,https://chamanlawfirm.com/duties-of-company-board-of-directors/,https://chamanlawfirm.com/resources/blog/duties-of-company-board-of-directors,one-hop 301,pending,"target approved, visible, indexable, in sitemap, final launch approved",rewrite then migrate
778,https://chamanlawfirm.com/international-business-legal-considerations/,https://chamanlawfirm.com/resources/blog/international-business-legal-considerations,one-hop 301,pending,"target approved, visible, indexable, in sitemap, final launch approved",rewrite then migrate
779,https://chamanlawfirm.com/rights-of-tenants-in-ogun-chaman-law-firm/#elementor-toc__heading-anchor-0,https://chamanlawfirm.com/rights-of-tenants-in-ogun-chaman-law-firm/,one-hop 301,pending,"target approved, visible, indexable, in sitemap, final launch approved",redirect only - non-article or canonical route
780,https://chamanlawfirm.com/how-do-i-process-probate-for-an-estate/,https://chamanlawfirm.com/resources/blog/how-do-i-process-probate-for-an-estate,one-hop 301,pending,"target approved, visible, indexable, in sitemap, final launch approved",rewrite then migrate
781,https://chamanlawfirm.com/overview-of-laws-governing/,https://chamanlawfirm.com/resources/blog/overview-of-laws-governing,one-hop 301,pending,"target approved, visible, indexable, in sitemap, final launch approved",rewrite then migrate
782,https://chamanlawfirm.com/10-proven-insights-into-tenancy-law-in-lago/,https://chamanlawfirm.com/resources/blog/10-proven-insights-into-tenancy-law-in-lago,one-hop 301,pending,"target approved, visible, indexable, in sitemap, final launch approved",rewrite then migrate
783,https://chamanlawfirm.com/termination-of-construction-contracts/,https://chamanlawfirm.com/resources/blog/termination-of-construction-contracts,one-hop 301,pending,"target approved, visible, indexable, in sitemap, final launch approved",rewrite then migrate
784,https://chamanlawfirm.com/legal-compliance-issues-facing-e-commerce/,https://chamanlawfirm.com/legal-compliance-issues-facing-e-commerce/,one-hop 301,pending,"target approved, visible, indexable, in sitemap, final launch approved",redirect only - non-article or canonical route
785,https://chamanlawfirm.com/steps-on-how-to-company-in-nigeria/,https://chamanlawfirm.com/resources/blog/steps-on-how-to-company-in-nigeria,one-hop 301,pending,"target approved, visible, indexable, in sitemap, final launch approved",rewrite then migrate
786,https://chamanlawfirm.com/foreigners-visa-challenges-in-nigeria/,https://chamanlawfirm.com/resources/blog/foreigners-visa-challenges-in-nigeria,one-hop 301,pending,"target approved, visible, indexable, in sitemap, final launch approved",rewrite then migrate
787,https://chamanlawfirm.com/compliance-with-debt-recovery-regulations/,https://chamanlawfirm.com/resources/blog/compliance-with-debt-recovery-regulations,one-hop 301,pending,"target approved, visible, indexable, in sitemap, final launch approved",rewrite then migrate
788,https://chamanlawfirm.com/due-diligence-in-real-estate-transaction/,https://chamanlawfirm.com/resources/blog/due-diligence-in-real-estate-transaction,one-hop 301,pending,"target approved, visible, indexable, in sitemap, final launch approved",rewrite then migrate
789,https://chamanlawfirm.com/invest-in-land-banking-or-developed-estates/,https://chamanlawfirm.com/resources/blog/invest-in-land-banking-or-developed-estates,one-hop 301,pending,"target approved, visible, indexable, in sitemap, final launch approved",rewrite then migrate
790,https://chamanlawfirm.com/key-differences-explained-deeds-chaman-law-firm/,https://chamanlawfirm.com/resources/blog/key-differences-explained-deeds-chaman-law-firm,one-hop 301,pending,"target approved, visible, indexable, in sitemap, final launch approved",rewrite then migrate
791,https://chamanlawfirm.com/the-role-of-lawyers-in-debt-recovery-5-keys/,https://chamanlawfirm.com/resources/blog/the-role-of-lawyers-in-debt-recovery-5-keys,one-hop 301,pending,"target approved, visible, indexable, in sitemap, final launch approved",rewrite then migrate
792,https://chamanlawfirm.com/intellectual-property-in-franchise-operations/,https://chamanlawfirm.com/resources/blog/intellectual-property-in-franchise-operations,one-hop 301,pending,"target approved, visible, indexable, in sitemap, final launch approved",rewrite then migrate
793,https://chamanlawfirm.com/powerful-step-buying-family-land-in-lagos/,https://chamanlawfirm.com/resources/blog/powerful-step-buying-family-land-in-lagos,one-hop 301,pending,"target approved, visible, indexable, in sitemap, final launch approved",rewrite then migrate
794,https://chamanlawfirm.com/confirm-if-an-estate-developer-is-genuine/,https://chamanlawfirm.com/resources/blog/confirm-if-an-estate-developer-is-genuine,one-hop 301,pending,"target approved, visible, indexable, in sitemap, final launch approved",rewrite then migrate
795,https://chamanlawfirm.com/the-role-of-real-estate-investment-trusts/,https://chamanlawfirm.com/resources/blog/the-role-of-real-estate-investment-trusts,one-hop 301,pending,"target approved, visible, indexable, in sitemap, final launch approved",exclude - Chaman Properties/off-brand review
796,https://chamanlawfirm.com/venture-capital-in-nigeria/,https://chamanlawfirm.com/resources/blog/venture-capital-in-nigeria,one-hop 301,pending,"target approved, visible, indexable, in sitemap, final launch approved",rewrite then migrate
797,https://chamanlawfirm.com/requirements-for-a-broker-dealer-in-nigeria/,https://chamanlawfirm.com/resources/blog/requirements-for-a-broker-dealer-in-nigeria,one-hop 301,pending,"target approved, visible, indexable, in sitemap, final launch approved",rewrite then migrate
798,https://chamanlawfirm.com/5-ways-to-avoid-property-scam-in-nigeria/,https://chamanlawfirm.com/resources/blog/5-ways-to-avoid-property-scam-in-nigeria,one-hop 301,pending,"target approved, visible, indexable, in sitemap, final launch approved",rewrite then migrate
799,https://chamanlawfirm.com/how-to-apply-for-building-permit-in-nigeria/,https://chamanlawfirm.com/resources/blog/how-to-apply-for-building-permit-in-nigeria,one-hop 301,pending,"target approved, visible, indexable, in sitemap, final launch approved",rewrite then migrate
800,https://chamanlawfirm.com/disputes-arising-from-property-ownership/,https://chamanlawfirm.com/resources/blog/disputes-arising-from-property-ownership,one-hop 301,pending,"target approved, visible, indexable, in sitemap, final launch approved",rewrite then migrate
801,https://chamanlawfirm.com/cross-border-transactions-in-nigeria/,https://chamanlawfirm.com/resources/blog/cross-border-transactions-in-nigeria,one-hop 301,pending,"target approved, visible, indexable, in sitemap, final launch approved",rewrite then migrate
802,https://chamanlawfirm.com/what-is-unfair-competition-in-business/,https://chamanlawfirm.com/resources/blog/what-is-unfair-competition-in-business,one-hop 301,pending,"target approved, visible, indexable, in sitemap, final launch approved",rewrite then migrate
803,https://chamanlawfirm.com/corporate-fraud-and-mismanagement/,https://chamanlawfirm.com/resources/blog/corporate-fraud-and-mismanagement,one-hop 301,pending,"target approved, visible, indexable, in sitemap, final launch approved",rewrite then migrate
804,https://chamanlawfirm.com/environmental-law-and-corporate/,https://chamanlawfirm.com/resources/blog/environmental-law-and-corporate,one-hop 301,pending,"target approved, visible, indexable, in sitemap, final launch approved",migrate - preserve and QA
805,https://chamanlawfirm.com/corporate-governance-failures-on-debt/,https://chamanlawfirm.com/resources/blog/corporate-governance-failures-on-debt,one-hop 301,pending,"target approved, visible, indexable, in sitemap, final launch approved",migrate - preserve and QA
806,https://chamanlawfirm.com/available-remedies-in-civil-litigation/,https://chamanlawfirm.com/resources/blog/available-remedies-in-civil-litigation,one-hop 301,pending,"target approved, visible, indexable, in sitemap, final launch approved",migrate - preserve and QA
807,https://chamanlawfirm.com/legal-assistance-for-visa-appeals-5-step/,https://chamanlawfirm.com/resources/blog/legal-assistance-for-visa-appeals-5-step,one-hop 301,pending,"target approved, visible, indexable, in sitemap, final launch approved",rewrite then migrate
808,https://chamanlawfirm.com/thing-you-need-to-know-about-a-legal-will/,https://chamanlawfirm.com/resources/blog/thing-you-need-to-know-about-a-legal-will,one-hop 301,pending,"target approved, visible, indexable, in sitemap, final launch approved",migrate - preserve and QA
809,https://chamanlawfirm.com/insurance-in-construction-projects/,https://chamanlawfirm.com/resources/blog/insurance-in-construction-projects,one-hop 301,pending,"target approved, visible, indexable, in sitemap, final launch approved",migrate - preserve and QA
810,https://chamanlawfirm.com/legal-framework-for-virtual-reality-4-key-n/,https://chamanlawfirm.com/resources/blog/legal-framework-for-virtual-reality-4-key-n,one-hop 301,pending,"target approved, visible, indexable, in sitemap, final launch approved",migrate - preserve and QA
811,https://chamanlawfirm.com/matrimonial-reliefs-in-nigeria/,https://chamanlawfirm.com/resources/blog/matrimonial-reliefs-in-nigeria,one-hop 301,pending,"target approved, visible, indexable, in sitemap, final launch approved",rewrite then migrate
812,https://chamanlawfirm.com/obtaining-land-titles-in-rural-areas/,https://chamanlawfirm.com/resources/blog/obtaining-land-titles-in-rural-areas,one-hop 301,pending,"target approved, visible, indexable, in sitemap, final launch approved",migrate - preserve and QA
813,https://chamanlawfirm.com/real-estate-business-plan/,https://chamanlawfirm.com/resources/blog/real-estate-business-plan,one-hop 301,pending,"target approved, visible, indexable, in sitemap, final launch approved",migrate - preserve and QA
814,https://chamanlawfirm.com/the-overview-of-pre-trial-conferencing/,https://chamanlawfirm.com/resources/blog/the-overview-of-pre-trial-conferencing,one-hop 301,pending,"target approved, visible, indexable, in sitemap, final launch approved",rewrite then migrate
815,https://chamanlawfirm.com/obtaining-letters-of-administration-in-ogun/,https://chamanlawfirm.com/resources/blog/obtaining-letters-of-administration-in-ogun,one-hop 301,pending,"target approved, visible, indexable, in sitemap, final launch approved",rewrite then migrate
816,https://chamanlawfirm.com/challenges-women-face-in-obtaining-land-titles/,https://chamanlawfirm.com/resources/blog/challenges-women-face-in-obtaining-land-titles,one-hop 301,pending,"target approved, visible, indexable, in sitemap, final launch approved",rewrite then migrate
817,https://chamanlawfirm.com/top-law-firm-blog/,https://chamanlawfirm.com/resources/blog/top-law-firm-blog,one-hop 301,pending,"target approved, visible, indexable, in sitemap, final launch approved",rewrite then migrate
818,https://chamanlawfirm.com/how-to-prepare-a-deed-of-assignment-in-nigeria/,https://chamanlawfirm.com/resources/blog/how-to-prepare-a-deed-of-assignment-in-nigeria,one-hop 301,pending,"target approved, visible, indexable, in sitemap, final launch approved",rewrite then migrate
819,https://chamanlawfirm.com/investment-agreement-lawyer-in-nigeria-ensu/,https://chamanlawfirm.com/resources/blog/investment-agreement-lawyer-in-nigeria-ensu,one-hop 301,pending,"target approved, visible, indexable, in sitemap, final launch approved",rewrite then migrate
820,https://chamanlawfirm.com/what-are-the-implications-of-land-use-conversion-on-land-ownership-in-nigeria/,https://chamanlawfirm.com/resources/blog/what-are-the-implications-of-land-use-conversion-on-land-ownership-in-nigeria,one-hop 301,pending,"target approved, visible, indexable, in sitemap, final launch approved",rewrite then migrate
821,https://chamanlawfirm.com/digitization-impact-land-title-registration/,https://chamanlawfirm.com/resources/blog/digitization-impact-land-title-registration,one-hop 301,pending,"target approved, visible, indexable, in sitemap, final launch approved",rewrite then migrate
822,https://chamanlawfirm.com/newblogpost-ztnezvare-non-resident-companies-liable-to-tax-in-nigeria/,https://chamanlawfirm.com/resources/blog/newblogpost-ztnezvare-non-resident-companies-liable-to-tax-in-nigeria,one-hop 301,pending,"target approved, visible, indexable, in sitemap, final launch approved",rewrite then migrate
823,https://chamanlawfirm.com/a-will-made-abroad-cover-property-in-ogun/,https://chamanlawfirm.com/resources/blog/a-will-made-abroad-cover-property-in-ogun,one-hop 301,pending,"target approved, visible, indexable, in sitemap, final launch approved",rewrite then migrate
824,https://chamanlawfirm.com/beyond-the-spin-explore-premium-games-and/,https://chamanlawfirm.com/resources/blog/beyond-the-spin-explore-premium-games-and,one-hop 301,pending,"target approved, visible, indexable, in sitemap, final launch approved",archive candidate - weak or unsafe
825,https://chamanlawfirm.com/legally-binding-contracts/,https://chamanlawfirm.com/resources/blog/legally-binding-contracts,one-hop 301,pending,"target approved, visible, indexable, in sitemap, final launch approved",rewrite then migrate
826,https://chamanlawfirm.com/powerful-steps-tips-to-prevent-identity-fraud/,https://chamanlawfirm.com/resources/blog/powerful-steps-tips-to-prevent-identity-fraud,one-hop 301,pending,"target approved, visible, indexable, in sitemap, final launch approved",rewrite then migrate
827,https://chamanlawfirm.com/why-is-lekki-the-best-location-for-luxury/,https://chamanlawfirm.com/resources/blog/why-is-lekki-the-best-location-for-luxury,one-hop 301,pending,"target approved, visible, indexable, in sitemap, final launch approved",exclude - Chaman Properties/off-brand review
828,https://chamanlawfirm.com/ultimate-legal-guide-to-buying-land-in-niger/,https://chamanlawfirm.com/resources/blog/ultimate-legal-guide-to-buying-land-in-niger,one-hop 301,pending,"target approved, visible, indexable, in sitemap, final launch approved",rewrite then migrate
829,https://chamanlawfirm.com/managing-corporate-reputation/,https://chamanlawfirm.com/resources/blog/managing-corporate-reputation,one-hop 301,pending,"target approved, visible, indexable, in sitemap, final launch approved",rewrite then migrate
830,https://chamanlawfirm.com/robbery-and-theft-chaman-lw-firm/,https://chamanlawfirm.com/resources/blog/robbery-and-theft-chaman-lw-firm,one-hop 301,pending,"target approved, visible, indexable, in sitemap, final launch approved",rewrite then migrate
831,https://chamanlawfirm.com/land-registration-in-lagos/,https://chamanlawfirm.com/resources/blog/land-registration-in-lagos,one-hop 301,pending,"target approved, visible, indexable, in sitemap, final launch approved",rewrite then migrate
832,https://chamanlawfirm.com/what-property-taxes-must-i-pay-when-buying/,https://chamanlawfirm.com/resources/blog/what-property-taxes-must-i-pay-when-buying,one-hop 301,pending,"target approved, visible, indexable, in sitemap, final launch approved",rewrite then migrate
833,https://chamanlawfirm.com/enhancing-nigerian-immigration-security-2/,https://chamanlawfirm.com/resources/blog/enhancing-nigerian-immigration-security-2,one-hop 301,pending,"target approved, visible, indexable, in sitemap, final launch approved",rewrite then migrate
834,https://chamanlawfirm.com/compliance-and-governance-for-ngos/,https://chamanlawfirm.com/resources/blog/compliance-and-governance-for-ngos,one-hop 301,pending,"target approved, visible, indexable, in sitemap, final launch approved",rewrite then migrate
835,https://chamanlawfirm.com/protection-of-critical-infrastructure/,https://chamanlawfirm.com/resources/blog/protection-of-critical-infrastructure,one-hop 301,pending,"target approved, visible, indexable, in sitemap, final launch approved",rewrite then migrate
836,https://chamanlawfirm.com/how-to-draft-a-commercial-contract-a-proven/,https://chamanlawfirm.com/resources/blog/how-to-draft-a-commercial-contract-a-proven,one-hop 301,pending,"target approved, visible, indexable, in sitemap, final launch approved",rewrite then migrate
837,https://chamanlawfirm.com/4-main-guide-to-land-ownership-in-nigeria/,https://chamanlawfirm.com/resources/blog/4-main-guide-to-land-ownership-in-nigeria,one-hop 301,pending,"target approved, visible, indexable, in sitemap, final launch approved",rewrite then migrate
838,https://chamanlawfirm.com/how-to-start-a-private-lending-company/,https://chamanlawfirm.com/resources/blog/how-to-start-a-private-lending-company,one-hop 301,pending,"target approved, visible, indexable, in sitemap, final launch approved",rewrite then migrate
839,https://chamanlawfirm.com/piracy-and-its-burden-on-copyright/,https://chamanlawfirm.com/resources/blog/piracy-and-its-burden-on-copyright,one-hop 301,pending,"target approved, visible, indexable, in sitemap, final launch approved",rewrite then migrate
840,https://chamanlawfirm.com/lekki-property-when-owner-dies-without-will/,https://chamanlawfirm.com/resources/blog/lekki-property-when-owner-dies-without-will,one-hop 301,pending,"target approved, visible, indexable, in sitemap, final launch approved",rewrite then migrate
841,https://chamanlawfirm.com/property-developers-guide-to-tax-compliance/,https://chamanlawfirm.com/resources/blog/property-developers-guide-to-tax-compliance,one-hop 301,pending,"target approved, visible, indexable, in sitemap, final launch approved",rewrite then migrate
842,https://chamanlawfirm.com/challenge-a-fraudulent-probate-application/,https://chamanlawfirm.com/resources/blog/challenge-a-fraudulent-probate-application,one-hop 301,pending,"target approved, visible, indexable, in sitemap, final launch approved",rewrite then migrate
843,https://chamanlawfirm.com/secure-governors-consent-in-ikoyi/,https://chamanlawfirm.com/resources/blog/secure-governors-consent-in-ikoyi,one-hop 301,pending,"target approved, visible, indexable, in sitemap, final launch approved",rewrite then migrate
844,https://chamanlawfirm.com/how-to-check-if-a-property-title-is-genuine/,https://chamanlawfirm.com/resources/blog/how-to-check-if-a-property-title-is-genuine,one-hop 301,pending,"target approved, visible, indexable, in sitemap, final launch approved",rewrite then migrate
845,https://chamanlawfirm.com/dispute-in-nigerian-real-estate-transactions/,https://chamanlawfirm.com/resources/blog/dispute-in-nigerian-real-estate-transactions,one-hop 301,pending,"target approved, visible, indexable, in sitemap, final launch approved",rewrite then migrate
846,https://chamanlawfirm.com/impact-of-dispute-resolution/,https://chamanlawfirm.com/resources/blog/impact-of-dispute-resolution,one-hop 301,pending,"target approved, visible, indexable, in sitemap, final launch approved",migrate - preserve and QA
847,https://chamanlawfirm.com/how-to-licence-a-trademark-in-nigeria/,https://chamanlawfirm.com/resources/blog/how-to-licence-a-trademark-in-nigeria,one-hop 301,pending,"target approved, visible, indexable, in sitemap, final launch approved",migrate - preserve and QA
848,https://chamanlawfirm.com/remedies-for-breach-of-property-contracts-in-lagos-a-legal-guide/,https://chamanlawfirm.com/resources/blog/remedies-for-breach-of-property-contracts-in-lagos-a-legal-guide,one-hop 301,pending,"target approved, visible, indexable, in sitemap, final launch approved",migrate - preserve and QA
849,https://chamanlawfirm.com/consumer-complaints-and-returns-in-nigeria/,https://chamanlawfirm.com/resources/blog/consumer-complaints-and-returns-in-nigeria,one-hop 301,pending,"target approved, visible, indexable, in sitemap, final launch approved",rewrite then migrate
850,https://chamanlawfirm.com/insurance-in-construction-contracts/,https://chamanlawfirm.com/resources/blog/insurance-in-construction-contracts,one-hop 301,pending,"target approved, visible, indexable, in sitemap, final launch approved",migrate - preserve and QA
851,https://chamanlawfirm.com/proven-steps-on-creating-a-lease-agreement/,https://chamanlawfirm.com/resources/blog/proven-steps-on-creating-a-lease-agreement,one-hop 301,pending,"target approved, visible, indexable, in sitemap, final launch approved",migrate - preserve and QA
852,https://chamanlawfirm.com/top-10-questions-about-probate-in-nigeria/,https://chamanlawfirm.com/resources/blog/top-10-questions-about-probate-in-nigeria,one-hop 301,pending,"target approved, visible, indexable, in sitemap, final launch approved",migrate - preserve and QA
853,https://chamanlawfirm.com/what-is-the-significan-and-titles-in-nigeria/,https://chamanlawfirm.com/resources/blog/what-is-the-significan-and-titles-in-nigeria,one-hop 301,pending,"target approved, visible, indexable, in sitemap, final launch approved",migrate - preserve and QA
854,https://chamanlawfirm.com/real-estate-and-property-law/,https://chamanlawfirm.com/resources/blog/real-estate-and-property-law,one-hop 301,pending,"target approved, visible, indexable, in sitemap, final launch approved",migrate - preserve and QA
855,https://chamanlawfirm.com/breach-of-property-contracts-in-lekki/,https://chamanlawfirm.com/resources/blog/breach-of-property-contracts-in-lekki,one-hop 301,pending,"target approved, visible, indexable, in sitemap, final launch approved",migrate - preserve and QA
856,https://chamanlawfirm.com/how-does-land-title-insurance-protect-property-owners-in-nigeria/,https://chamanlawfirm.com/resources/blog/how-does-land-title-insurance-protect-property-owners-in-nigeria,one-hop 301,pending,"target approved, visible, indexable, in sitemap, final launch approved",migrate - preserve and QA
857,https://chamanlawfirm.com/risk-management-strategies-for-real-estate-investment-in-nigeria/,https://chamanlawfirm.com/resources/blog/risk-management-strategies-for-real-estate-investment-in-nigeria,one-hop 301,pending,"target approved, visible, indexable, in sitemap, final launch approved",exclude - Chaman Properties/off-brand review
858,https://chamanlawfirm.com/legally-terminate-shipping-contract-in-nigeria/,https://chamanlawfirm.com/resources/blog/legally-terminate-shipping-contract-in-nigeria,one-hop 301,pending,"target approved, visible, indexable, in sitemap, final launch approved",rewrite then migrate
859,https://chamanlawfirm.com/what-you-need-to-know-when-buying-a-family-g/,https://chamanlawfirm.com/resources/blog/what-you-need-to-know-when-buying-a-family-g,one-hop 301,pending,"target approved, visible, indexable, in sitemap, final launch approved",rewrite then migrate
860,https://chamanlawfirm.com/what-challenges-arise-in-mapping-documenting/,https://chamanlawfirm.com/resources/blog/what-challenges-arise-in-mapping-documenting,one-hop 301,pending,"target approved, visible, indexable, in sitemap, final launch approved",archive candidate - weak or unsafe
861,https://chamanlawfirm.com/trademark-classes-in-nigeria-a-strategic-legal-guide-for-businesses/,https://chamanlawfirm.com/resources/blog/trademark-classes-in-nigeria-a-strategic-legal-guide-for-businesses,one-hop 301,pending,"target approved, visible, indexable, in sitemap, final launch approved",rewrite then migrate
862,https://chamanlawfirm.com/can-a-foreigner-buy-property-chaman-law-firm/,https://chamanlawfirm.com/resources/blog/can-a-foreigner-buy-property-chaman-law-firm,one-hop 301,pending,"target approved, visible, indexable, in sitemap, final launch approved",rewrite then migrate
863,https://chamanlawfirm.com/insurance-claims-chaman-law-firm/,https://chamanlawfirm.com/resources/blog/insurance-claims-chaman-law-firm,one-hop 301,pending,"target approved, visible, indexable, in sitemap, final launch approved",rewrite then migrate
864,https://chamanlawfirm.com/index.php//?detail/21717453419818,https://chamanlawfirm.com/index.php/,one-hop 301,pending,"target approved, visible, indexable, in sitemap, final launch approved",redirect only - non-article or canonical route
865,https://chamanlawfirm.com/landlord-and-tenant-rights-in-nigeria/#elementor-toc__heading-anchor-0,https://chamanlawfirm.com/landlord-and-tenant-rights-in-nigeria/,one-hop 301,pending,"target approved, visible, indexable, in sitemap, final launch approved",redirect only - non-article or canonical route
866,https://chamanlawfirm.com/the-requirements-bank/,https://chamanlawfirm.com/resources/blog/the-requirements-bank,one-hop 301,pending,"target approved, visible, indexable, in sitemap, final launch approved",rewrite then migrate
867,https://chamanlawfirm.com/strategies-for-successful-dispute-resolution/,https://chamanlawfirm.com/strategies-for-successful-dispute-resolution/,one-hop 301,pending,"target approved, visible, indexable, in sitemap, final launch approved",redirect only - non-article or canonical route
868,https://chamanlawfirm.com/corporate-tax-obligations-in-nigeria/,https://chamanlawfirm.com/resources/blog/corporate-tax-obligations-in-nigeria,one-hop 301,pending,"target approved, visible, indexable, in sitemap, final launch approved",rewrite then migrate
869,https://chamanlawfirm.com/registering-property-titles-in-nigeria/,https://chamanlawfirm.com/resources/blog/registering-property-titles-in-nigeria,one-hop 301,pending,"target approved, visible, indexable, in sitemap, final launch approved",rewrite then migrate
870,https://chamanlawfirm.com/an-overview-of-law-office-management/,https://chamanlawfirm.com/resources/blog/an-overview-of-law-office-management,one-hop 301,pending,"target approved, visible, indexable, in sitemap, final launch approved",rewrite then migrate
871,https://chamanlawfirm.com/legal-considerations-for-cross-border-disputes/,https://chamanlawfirm.com/legal-considerations-for-cross-border-disputes/,one-hop 301,pending,"target approved, visible, indexable, in sitemap, final launch approved",redirect only - non-article or canonical route
872,https://chamanlawfirm.com/land-documentation-excision-vs-gazette/,https://chamanlawfirm.com/resources/blog/land-documentation-excision-vs-gazette,one-hop 301,pending,"target approved, visible, indexable, in sitemap, final launch approved",rewrite then migrate
873,https://chamanlawfirm.com/corporate-debt-management-practices/,https://chamanlawfirm.com/resources/blog/corporate-debt-management-practices,one-hop 301,pending,"target approved, visible, indexable, in sitemap, final launch approved",rewrite then migrate
874,https://chamanlawfirm.com/what-is-the-legal-process-for-land-dispute/,https://chamanlawfirm.com/resources/blog/what-is-the-legal-process-for-land-dispute,one-hop 301,pending,"target approved, visible, indexable, in sitemap, final launch approved",rewrite then migrate
875,https://chamanlawfirm.com/the-legal-framework-for-venture-capital/,https://chamanlawfirm.com/resources/blog/the-legal-framework-for-venture-capital,one-hop 301,pending,"target approved, visible, indexable, in sitemap, final launch approved",rewrite then migrate
876,https://chamanlawfirm.com/free-open-lawyer-software/,https://chamanlawfirm.com/free-open-lawyer-software/,one-hop 301,pending,"target approved, visible, indexable, in sitemap, final launch approved",redirect only - non-article or canonical route
877,https://chamanlawfirm.com/the-inheritance-rights-of-family-members/,https://chamanlawfirm.com/the-inheritance-rights-of-family-members/,one-hop 301,pending,"target approved, visible, indexable, in sitemap, final launch approved",redirect only - non-article or canonical route
878,https://chamanlawfirm.com/legal-aspects-of-mergers-and-acquisitions/,https://chamanlawfirm.com/resources/blog/legal-aspects-of-mergers-and-acquisitions,one-hop 301,pending,"target approved, visible, indexable, in sitemap, final launch approved",rewrite then migrate
879,https://chamanlawfirm.com/securities-and-exchange-commission-in-nigeria/,https://chamanlawfirm.com/securities-and-exchange-commission-in-nigeria/,one-hop 301,pending,"target approved, visible, indexable, in sitemap, final launch approved",redirect only - non-article or canonical route
880,https://chamanlawfirm.com/labour-relations-and-employment-law/,https://chamanlawfirm.com/labour-relations-and-employment-law/,one-hop 301,pending,"target approved, visible, indexable, in sitemap, final launch approved",redirect only - non-article or canonical route
881,https://chamanlawfirm.com/consequences-of-defaulting-on-property-tax/,https://chamanlawfirm.com/resources/blog/consequences-of-defaulting-on-property-tax,one-hop 301,pending,"target approved, visible, indexable, in sitemap, final launch approved",rewrite then migrate
882,https://chamanlawfirm.com/industrial-construction-projects-in-nigeria/,https://chamanlawfirm.com/industrial-construction-projects-in-nigeria/,one-hop 301,pending,"target approved, visible, indexable, in sitemap, final launch approved",redirect only - non-article or canonical route
883,https://chamanlawfirm.com/setting-up-a-fintech-company-in-nigeria/,https://chamanlawfirm.com/resources/blog/setting-up-a-fintech-company-in-nigeria,one-hop 301,pending,"target approved, visible, indexable, in sitemap, final launch approved",rewrite then migrate
884,https://chamanlawfirm.com/how-do-i-legally-acquire-a-mansion-in-pinnock/,https://chamanlawfirm.com/resources/blog/how-do-i-legally-acquire-a-mansion-in-pinnock,one-hop 301,pending,"target approved, visible, indexable, in sitemap, final launch approved",rewrite then migrate
885,https://chamanlawfirm.com/expanding-trade-operations/,https://chamanlawfirm.com/resources/blog/expanding-trade-operations,one-hop 301,pending,"target approved, visible, indexable, in sitemap, final launch approved",rewrite then migrate
886,https://chamanlawfirm.com/legal-process-for-families-and-executors/,https://chamanlawfirm.com/resources/blog/legal-process-for-families-and-executors,one-hop 301,pending,"target approved, visible, indexable, in sitemap, final launch approved",migrate - preserve and QA
887,https://chamanlawfirm.com/lawyers-help-you-access-inherited-property/,https://chamanlawfirm.com/resources/blog/lawyers-help-you-access-inherited-property,one-hop 301,pending,"target approved, visible, indexable, in sitemap, final launch approved",migrate - preserve and QA
888,https://chamanlawfirm.com/cyber-law-and-e-commerce-ensuring-4-safe-online-transactions/,https://chamanlawfirm.com/resources/blog/cyber-law-and-e-commerce-ensuring-4-safe-online-transactions,one-hop 301,pending,"target approved, visible, indexable, in sitemap, final launch approved",migrate - preserve and QA
889,https://chamanlawfirm.com/what-is-a-gazette-and-excision-in-ogun-state/,https://chamanlawfirm.com/resources/blog/what-is-a-gazette-and-excision-in-ogun-state,one-hop 301,pending,"target approved, visible, indexable, in sitemap, final launch approved",migrate - preserve and QA
890,https://chamanlawfirm.com/how-does-land-title-regularization-affect-p/,https://chamanlawfirm.com/resources/blog/how-does-land-title-regularization-affect-p,one-hop 301,pending,"target approved, visible, indexable, in sitemap, final launch approved",migrate - preserve and QA
891,https://chamanlawfirm.com/nigerian-shipping-contracts/,https://chamanlawfirm.com/resources/blog/nigerian-shipping-contracts,one-hop 301,pending,"target approved, visible, indexable, in sitemap, final launch approved",migrate - preserve and QA
892,https://chamanlawfirm.com/what-are-the-steps-to-protect-trade-secret-under-the-nigerian-law/,https://chamanlawfirm.com/resources/blog/what-are-the-steps-to-protect-trade-secret-under-the-nigerian-law,one-hop 301,pending,"target approved, visible, indexable, in sitemap, final launch approved",migrate - preserve and QA
893,https://chamanlawfirm.com/the-land-use-act-protect-the-environment/,https://chamanlawfirm.com/resources/blog/the-land-use-act-protect-the-environment,one-hop 301,pending,"target approved, visible, indexable, in sitemap, final launch approved",migrate - preserve and QA
894,https://chamanlawfirm.com/what-are-the-laws-operating-in-lagos-state/,https://chamanlawfirm.com/resources/blog/what-are-the-laws-operating-in-lagos-state,one-hop 301,pending,"target approved, visible, indexable, in sitemap, final launch approved",migrate - preserve and QA
895,https://chamanlawfirm.com/what-is-trespass-to-land/,https://chamanlawfirm.com/resources/blog/what-is-trespass-to-land,one-hop 301,pending,"target approved, visible, indexable, in sitemap, final launch approved",migrate - preserve and QA
896,https://chamanlawfirm.com/gallery/,https://chamanlawfirm.com/resources/blog/gallery,one-hop 301,pending,"target approved, visible, indexable, in sitemap, final launch approved",migrate - preserve and QA
897,https://chamanlawfirm.com/ultimate-guide-how-to-apply-and-obtain-letter-of-administration-in-lagos-state-2025-update-authored-by-charles-chukwuma-nkwoka-esq-ksm-llb-bl-llm-cmc-fimc-aicmc-aciarb-managing-partner/,https://chamanlawfirm.com/resources/blog/ultimate-guide-how-to-apply-and-obtain-letter-of-administration-in-lagos-state-2025-update-authored-by-charles-chukwuma-nkwoka-esq-ksm-llb-bl-llm-cmc-fimc-aicmc-aciarb-managing-partner,one-hop 301,pending,"target approved, visible, indexable, in sitemap, final launch approved",rewrite then migrate
898,https://chamanlawfirm.com/breach-of-promise-to-marry/,https://chamanlawfirm.com/resources/blog/breach-of-promise-to-marry,one-hop 301,pending,"target approved, visible, indexable, in sitemap, final launch approved",rewrite then migrate
899,https://chamanlawfirm.com/land-valuation-under-the-land-use-act/,https://chamanlawfirm.com/resources/blog/land-valuation-under-the-land-use-act,one-hop 301,pending,"target approved, visible, indexable, in sitemap, final launch approved",rewrite then migrate
900,https://chamanlawfirm.com/gender-diversity-in-construction-industry/,https://chamanlawfirm.com/resources/blog/gender-diversity-in-construction-industry,one-hop 301,pending,"target approved, visible, indexable, in sitemap, final launch approved",archive candidate - weak or unsafe
901,https://chamanlawfirm.com/penalties-for-building-without-approval-chaman/,https://chamanlawfirm.com/resources/blog/penalties-for-building-without-approval-chaman,one-hop 301,pending,"target approved, visible, indexable, in sitemap, final launch approved",rewrite then migrate
902,https://chamanlawfirm.com/difference-between-testate-and-intestate-succession/,https://chamanlawfirm.com/resources/blog/difference-between-testate-and-intestate-succession,one-hop 301,pending,"target approved, visible, indexable, in sitemap, final launch approved",archive candidate - weak or unsafe
903,https://chamanlawfirm.com/immigration-law-at-chaman-law-firm/,https://chamanlawfirm.com/resources/blog/immigration-law-at-chaman-law-firm,one-hop 301,pending,"target approved, visible, indexable, in sitemap, final launch approved",rewrite then migrate
904,https://www.chamanlawfirm.com/how-to-terminate-a-tenancy-relationship-in/,https://chamanlawfirm.com/how-to-terminate-a-tenancy-relationship-in/,one-hop 301,pending,"target approved, visible, indexable, in sitemap, final launch approved",redirect only - non-article or canonical route
905,https://chamanlawfirm.com/what-is-the-process-for-land-allocation-for-agricultural-purposes-under-the-land-use-act/,https://chamanlawfirm.com/resources/blog/what-is-the-process-for-land-allocation-for-agricultural-purposes-under-the-land-use-act,one-hop 301,pending,"target approved, visible, indexable, in sitemap, final launch approved",rewrite then migrate
906,https://chamanlawfirm.com/acquire-land-for-real-estate-development/,https://chamanlawfirm.com/resources/blog/acquire-land-for-real-estate-development,one-hop 301,pending,"target approved, visible, indexable, in sitemap, final launch approved",rewrite then migrate
907,https://chamanlawfirm.com/legal-protection-of-foreign-investment/,https://chamanlawfirm.com/resources/blog/legal-protection-of-foreign-investment,one-hop 301,pending,"target approved, visible, indexable, in sitemap, final launch approved",rewrite then migrate
908,https://chamanlawfirm.com/role-of-cyber-law-innigerian-digital-markets/,https://chamanlawfirm.com/resources/blog/role-of-cyber-law-innigerian-digital-markets,one-hop 301,pending,"target approved, visible, indexable, in sitemap, final launch approved",rewrite then migrate
909,https://chamanlawfirm.com/who-is-the-best-decision-body-for-incor-cama/,https://chamanlawfirm.com/resources/blog/who-is-the-best-decision-body-for-incor-cama,one-hop 301,pending,"target approved, visible, indexable, in sitemap, final launch approved",archive candidate - weak or unsafe
910,https://chamanlawfirm.com/challenges-and-opportunities-in-real-estate-investment-financing-in-nigeria/,https://chamanlawfirm.com/resources/blog/challenges-and-opportunities-in-real-estate-investment-financing-in-nigeria,one-hop 301,pending,"target approved, visible, indexable, in sitemap, final launch approved",exclude - Chaman Properties/off-brand review
911,https://chamanlawfirm.com/2024/,https://chamanlawfirm.com/resources/blog/2024,one-hop 301,pending,"target approved, visible, indexable, in sitemap, final launch approved",archive candidate - weak or unsafe
912,https://chamanlawfirm.com/index.php//?detail/30873072632794,https://chamanlawfirm.com/index.php/,one-hop 301,pending,"target approved, visible, indexable, in sitemap, final launch approved",redirect only - non-article or canonical route
913,https://chamanlawfirm.com/stay-casino-no-deposit-bonus-play-online-casino-games-in-english-for-australian-players/,https://chamanlawfirm.com/resources/blog/stay-casino-no-deposit-bonus-play-online-casino-games-in-english-for-australian-players,one-hop 301,pending,"target approved, visible, indexable, in sitemap, final launch approved",archive candidate - weak or unsafe
914,https://chamanlawfirm.com/obtaining-a-certificate-of-occupancy-c-of-o/#elementor-toc__heading-anchor-0,https://chamanlawfirm.com/obtaining-a-certificate-of-occupancy-c-of-o/,one-hop 301,pending,"target approved, visible, indexable, in sitemap, final launch approved",redirect only - non-article or canonical route
915,https://chamanlawfirm.com/statutory-right-of-occupancy-vs-customary-right/#elementor-toc__heading-anchor-3,https://chamanlawfirm.com/statutory-right-of-occupancy-vs-customary-right/,one-hop 301,pending,"target approved, visible, indexable, in sitemap, final launch approved",redirect only - non-article or canonical route
916,https://chamanlawfirm.com/taxation-of-sole-proprietorship/#elementor-toc__heading-anchor-1,https://chamanlawfirm.com/taxation-of-sole-proprietorship/,one-hop 301,pending,"target approved, visible, indexable, in sitemap, final launch approved",redirect only - non-article or canonical route
917,https://chamanlawfirm.com/international-money-transfer-service-license/,https://chamanlawfirm.com/resources/blog/international-money-transfer-service-license,one-hop 301,pending,"target approved, visible, indexable, in sitemap, final launch approved",rewrite then migrate
918,https://chamanlawfirm.com/startup-legal-services-in-nigeria/,https://chamanlawfirm.com/resources/blog/startup-legal-services-in-nigeria,one-hop 301,pending,"target approved, visible, indexable, in sitemap, final launch approved",rewrite then migrate
919,https://chamanlawfirm.com/allocation-for-protected-areas-and-conserva/,https://chamanlawfirm.com/resources/blog/allocation-for-protected-areas-and-conserva,one-hop 301,pending,"target approved, visible, indexable, in sitemap, final launch approved",rewrite then migrate
920,https://chamanlawfirm.com/what-are-the-legal-steps-to-evict-a-tenant/,https://chamanlawfirm.com/what-are-the-legal-steps-to-evict-a-tenant/,one-hop 301,pending,"target approved, visible, indexable, in sitemap, final launch approved",redirect only - non-article or canonical route
921,https://chamanlawfirm.com/powerful-steps-sources-of-tax-law-in-nigeria/#elementor-toc__heading-anchor-0,https://chamanlawfirm.com/powerful-steps-sources-of-tax-law-in-nigeria/,one-hop 301,pending,"target approved, visible, indexable, in sitemap, final launch approved",redirect only - non-article or canonical route
922,https://chamanlawfirm.com/legal-issues-in-investment-and-fund-management/,https://chamanlawfirm.com/resources/blog/legal-issues-in-investment-and-fund-management,one-hop 301,pending,"target approved, visible, indexable, in sitemap, final launch approved",rewrite then migrate
923,https://chamanlawfirm.com/child-custody-and-visitations-emergencies/,https://chamanlawfirm.com/resources/blog/child-custody-and-visitations-emergencies,one-hop 301,pending,"target approved, visible, indexable, in sitemap, final launch approved",rewrite then migrate
924,https://chamanlawfirm.com/strategies-for-preventing-corporate-collapse/,https://chamanlawfirm.com/resources/blog/strategies-for-preventing-corporate-collapse,one-hop 301,pending,"target approved, visible, indexable, in sitemap, final launch approved",rewrite then migrate
925,https://chamanlawfirm.com/land-record-keeping-ensure-accurate-land-titles/,https://chamanlawfirm.com/resources/blog/land-record-keeping-ensure-accurate-land-titles,one-hop 301,pending,"target approved, visible, indexable, in sitemap, final launch approved",rewrite then migrate
926,https://chamanlawfirm.com/strategies-for-managing-financial-distress/,https://chamanlawfirm.com/strategies-for-managing-financial-distress/,one-hop 301,pending,"target approved, visible, indexable, in sitemap, final launch approved",redirect only - non-article or canonical route
927,https://chamanlawfirm.com/force-majeure-clauses-in-business-contracts/,https://chamanlawfirm.com/resources/blog/force-majeure-clauses-in-business-contracts,one-hop 301,pending,"target approved, visible, indexable, in sitemap, final launch approved",rewrite then migrate
928,https://chamanlawfirm.com/law/,https://chamanlawfirm.com/resources/blog/law,one-hop 301,pending,"target approved, visible, indexable, in sitemap, final launch approved",rewrite then migrate
929,https://chamanlawfirm.com/of-immigration-compliance-lawyers/,https://chamanlawfirm.com/resources/blog/of-immigration-compliance-lawyers,one-hop 301,pending,"target approved, visible, indexable, in sitemap, final launch approved",rewrite then migrate
930,https://chamanlawfirm.com/why-you-need-to-register-a-limited-liabilit/,https://chamanlawfirm.com/resources/blog/why-you-need-to-register-a-limited-liabilit,one-hop 301,pending,"target approved, visible, indexable, in sitemap, final launch approved",rewrite then migrate
931,https://chamanlawfirm.com/5-proven-roles-of-a-child-adoption-lawyer/,https://chamanlawfirm.com/resources/blog/5-proven-roles-of-a-child-adoption-lawyer,one-hop 301,pending,"target approved, visible, indexable, in sitemap, final launch approved",rewrite then migrate
932,https://chamanlawfirm.com/nigerian-real-estate-investment-pitfalls/,https://chamanlawfirm.com/nigerian-real-estate-investment-pitfalls/,one-hop 301,pending,"target approved, visible, indexable, in sitemap, final launch approved",redirect only - non-article or canonical route
933,https://chamanlawfirm.com/what-are-the-essential-things-to-know-when-purchasing-a-house1/,https://chamanlawfirm.com/resources/blog/what-are-the-essential-things-to-know-when-purchasing-a-house1,one-hop 301,pending,"target approved, visible, indexable, in sitemap, final launch approved",rewrite then migrate
934,https://chamanlawfirm.com/family-law-issues-in-inter-country-adoption/,https://chamanlawfirm.com/family-law-issues-in-inter-country-adoption/,one-hop 301,pending,"target approved, visible, indexable, in sitemap, final launch approved",redirect only - non-article or canonical route
935,https://chamanlawfirm.com/evaluating-real-estate-investment-returns/,https://chamanlawfirm.com/resources/blog/evaluating-real-estate-investment-returns,one-hop 301,pending,"target approved, visible, indexable, in sitemap, final launch approved",exclude - Chaman Properties/off-brand review
936,https://chamanlawfirm.com/water-management-in-nigeria/,https://chamanlawfirm.com/resources/blog/water-management-in-nigeria,one-hop 301,pending,"target approved, visible, indexable, in sitemap, final launch approved",rewrite then migrate
937,https://chamanlawfirm.com/sustainability-and-green-real-estate-initiatives/,https://chamanlawfirm.com/resources/blog/sustainability-and-green-real-estate-initiatives,one-hop 301,pending,"target approved, visible, indexable, in sitemap, final launch approved",rewrite then migrate
938,https://chamanlawfirm.com/legal-advice-for-expatriates-in-nigeria-ess/,https://chamanlawfirm.com/resources/blog/legal-advice-for-expatriates-in-nigeria-ess,one-hop 301,pending,"target approved, visible, indexable, in sitemap, final launch approved",migrate - preserve and QA
939,https://chamanlawfirm.com/nigerian-urban-development/,https://chamanlawfirm.com/resources/blog/nigerian-urban-development,one-hop 301,pending,"target approved, visible, indexable, in sitemap, final launch approved",rewrite then migrate
940,https://chamanlawfirm.com/considerations-for-cross-border-transactions/,https://chamanlawfirm.com/resources/blog/considerations-for-cross-border-transactions,one-hop 301,pending,"target approved, visible, indexable, in sitemap, final launch approved",migrate - preserve and QA
941,https://chamanlawfirm.com/different-types-of-marriage-in-nigeria/,https://chamanlawfirm.com/resources/blog/different-types-of-marriage-in-nigeria,one-hop 301,pending,"target approved, visible, indexable, in sitemap, final launch approved",migrate - preserve and QA
942,https://chamanlawfirm.com/what-is-liability-for-negligence/,https://chamanlawfirm.com/resources/blog/what-is-liability-for-negligence,one-hop 301,pending,"target approved, visible, indexable, in sitemap, final launch approved",rewrite then migrate
943,https://chamanlawfirm.com/6-proven-steps-to-labor-dispute-resolution/,https://chamanlawfirm.com/resources/blog/6-proven-steps-to-labor-dispute-resolution,one-hop 301,pending,"target approved, visible, indexable, in sitemap, final launch approved",migrate - preserve and QA
944,https://chamanlawfirm.com/land-titles-in-nigeria/,https://chamanlawfirm.com/resources/blog/land-titles-in-nigeria,one-hop 301,pending,"target approved, visible, indexable, in sitemap, final launch approved",rewrite then migrate
945,https://chamanlawfirm.com/immigration-policy-in-attracting-foreign-talent/,https://chamanlawfirm.com/immigration-policy-in-attracting-foreign-talent/,one-hop 301,pending,"target approved, visible, indexable, in sitemap, final launch approved",redirect only - non-article or canonical route
946,https://chamanlawfirm.com/ogun-state-locations-for-diaspora-investment/,https://chamanlawfirm.com/ogun-state-locations-for-diaspora-investment/,one-hop 301,pending,"target approved, visible, indexable, in sitemap, final launch approved",redirect only - non-article or canonical route
947,https://chamanlawfirm.com/navigating-legal-issues-in-online-education/,https://chamanlawfirm.com/resources/blog/navigating-legal-issues-in-online-education,one-hop 301,pending,"target approved, visible, indexable, in sitemap, final launch approved",migrate - preserve and QA
948,https://chamanlawfirm.com/reasons-yourland-title-verification-may-fail/,https://chamanlawfirm.com/resources/blog/reasons-yourland-title-verification-may-fail,one-hop 301,pending,"target approved, visible, indexable, in sitemap, final launch approved",migrate - preserve and QA
949,https://chamanlawfirm.com/the-strategic-role-of-alternative-disputes/,https://chamanlawfirm.com/resources/blog/the-strategic-role-of-alternative-disputes,one-hop 301,pending,"target approved, visible, indexable, in sitemap, final launch approved",migrate - preserve and QA
950,https://chamanlawfirm.com/proven-benefits-of-international-arbitration/,https://chamanlawfirm.com/resources/blog/proven-benefits-of-international-arbitration,one-hop 301,pending,"target approved, visible, indexable, in sitemap, final launch approved",migrate - preserve and QA
951,https://chamanlawfirm.com/investment-in-ogun-state-chaman-law-firm/,https://chamanlawfirm.com/resources/blog/investment-in-ogun-state-chaman-law-firm,one-hop 301,pending,"target approved, visible, indexable, in sitemap, final launch approved",migrate - preserve and QA
952,https://chamanlawfirm.com/cargo-insurance-policies/,https://chamanlawfirm.com/resources/blog/cargo-insurance-policies,one-hop 301,pending,"target approved, visible, indexable, in sitemap, final launch approved",migrate - preserve and QA
953,https://chamanlawfirm.com/why-you-need-a-certificate-of-occupancy-in-nigeria/,https://chamanlawfirm.com/resources/blog/why-you-need-a-certificate-of-occupancy-in-nigeria,one-hop 301,pending,"target approved, visible, indexable, in sitemap, final launch approved",migrate - preserve and QA
954,https://chamanlawfirm.com/compliance-with-labor-standards/,https://chamanlawfirm.com/resources/blog/compliance-with-labor-standards,one-hop 301,pending,"target approved, visible, indexable, in sitemap, final launch approved",migrate - preserve and QA
955,https://chamanlawfirm.com/protect-your-properties-from-family-disputes/,https://chamanlawfirm.com/resources/blog/protect-your-properties-from-family-disputes,one-hop 301,pending,"target approved, visible, indexable, in sitemap, final launch approved",migrate - preserve and QA
956,https://chamanlawfirm.com/notary-services-chaman-law-firm/,https://chamanlawfirm.com/resources/blog/notary-services-chaman-law-firm,one-hop 301,pending,"target approved, visible, indexable, in sitemap, final launch approved",migrate - preserve and QA
957,https://chamanlawfirm.com/enforcement-of-arbitral-awards/,https://chamanlawfirm.com/resources/blog/enforcement-of-arbitral-awards,one-hop 301,pending,"target approved, visible, indexable, in sitemap, final launch approved",rewrite then migrate
958,https://chamanlawfirm.com/partnership-with-real-estate-developers/,https://chamanlawfirm.com/resources/blog/partnership-with-real-estate-developers,one-hop 301,pending,"target approved, visible, indexable, in sitemap, final launch approved",migrate - preserve and QA
959,https://chamanlawfirm.com/what-challenges-are-associated-with-preserving-and-digitizing-historical-land-records/,https://chamanlawfirm.com/resources/blog/what-challenges-are-associated-with-preserving-and-digitizing-historical-land-records,one-hop 301,pending,"target approved, visible, indexable, in sitemap, final launch approved",migrate - preserve and QA
960,https://chamanlawfirm.com/trade-policies/,https://chamanlawfirm.com/resources/blog/trade-policies,one-hop 301,pending,"target approved, visible, indexable, in sitemap, final launch approved",rewrite then migrate
961,https://chamanlawfirm.com/the-role-o-commecial-law-in-the-agricultural/,https://chamanlawfirm.com/resources/blog/the-role-o-commecial-law-in-the-agricultural,one-hop 301,pending,"target approved, visible, indexable, in sitemap, final launch approved",migrate - preserve and QA
962,https://chamanlawfirm.com/real-estate-contracts/,https://chamanlawfirm.com/resources/blog/real-estate-contracts,one-hop 301,pending,"target approved, visible, indexable, in sitemap, final launch approved",rewrite then migrate
963,https://chamanlawfirm.com/how-does-the-land-use-act-affect-forest-reserves/,https://chamanlawfirm.com/resources/blog/how-does-the-land-use-act-affect-forest-reserves,one-hop 301,pending,"target approved, visible, indexable, in sitemap, final launch approved",rewrite then migrate
964,https://chamanlawfirm.com/dispute-resolution-process-in-nigeria/,https://chamanlawfirm.com/resources/blog/dispute-resolution-process-in-nigeria,one-hop 301,pending,"target approved, visible, indexable, in sitemap, final launch approved",rewrite then migrate
965,https://chamanlawfirm.com/what-is-the-role-of-the-surveyor-general-in-land-allocation-under-the-land-use-act/,https://chamanlawfirm.com/resources/blog/what-is-the-role-of-the-surveyor-general-in-land-allocation-under-the-land-use-act,one-hop 301,pending,"target approved, visible, indexable, in sitemap, final launch approved",rewrite then migrate
966,https://chamanlawfirm.com/obtain-legal-guardianship-of-a-child/,https://chamanlawfirm.com/resources/blog/obtain-legal-guardianship-of-a-child,one-hop 301,pending,"target approved, visible, indexable, in sitemap, final launch approved",rewrite then migrate
967,https://chamanlawfirm.com/employment-disputes-and-grievances/,https://chamanlawfirm.com/resources/blog/employment-disputes-and-grievances,one-hop 301,pending,"target approved, visible, indexable, in sitemap, final launch approved",rewrite then migrate
968,https://chamanlawfirm.com/how-to-avoid-and-stop-foreclosure/,https://chamanlawfirm.com/resources/blog/how-to-avoid-and-stop-foreclosure,one-hop 301,pending,"target approved, visible, indexable, in sitemap, final launch approved",archive candidate - weak or unsafe
969,https://chamanlawfirm.com/what-is-the-legal-way-to-safeguard-your-will/,https://chamanlawfirm.com/resources/blog/what-is-the-legal-way-to-safeguard-your-will,one-hop 301,pending,"target approved, visible, indexable, in sitemap, final launch approved",rewrite then migrate
970,https://chamanlawfirm.com/how-does-the-land-use-act-impact-housing-development-in-nigeria/,https://chamanlawfirm.com/resources/blog/how-does-the-land-use-act-impact-housing-development-in-nigeria,one-hop 301,pending,"target approved, visible, indexable, in sitemap, final launch approved",rewrite then migrate
971,https://chamanlawfirm.com/top-10-legal-mistakes-property-buyers-make-i/,https://chamanlawfirm.com/resources/blog/top-10-legal-mistakes-property-buyers-make-i,one-hop 301,pending,"target approved, visible, indexable, in sitemap, final launch approved",rewrite then migrate
972,https://chamanlawfirm.com/3-proven-steps-on-how-to-rolve-land-disputes/,https://chamanlawfirm.com/resources/blog/3-proven-steps-on-how-to-rolve-land-disputes,one-hop 301,pending,"target approved, visible, indexable, in sitemap, final launch approved",rewrite then migrate
973,https://chamanlawfirm.com/marriage-annulment-in-nigeria-how-to-legally-void-a-marriage/,https://chamanlawfirm.com/resources/blog/marriage-annulment-in-nigeria-how-to-legally-void-a-marriage,one-hop 301,pending,"target approved, visible, indexable, in sitemap, final launch approved",rewrite then migrate
974,https://chamanlawfirm.com/top-5-intellectual-property-enforcement-stra/,https://chamanlawfirm.com/resources/blog/top-5-intellectual-property-enforcement-stra,one-hop 301,pending,"target approved, visible, indexable, in sitemap, final launch approved",rewrite then migrate
975,https://chamanlawfirm.com/professional-certification/,https://chamanlawfirm.com/resources/blog/professional-certification,one-hop 301,pending,"target approved, visible, indexable, in sitemap, final launch approved",archive candidate - weak or unsafe
976,https://chamanlawfirm.com/why-is-public-awareness-important-for-land-ownership-and-titles-in-nigeria/,https://chamanlawfirm.com/resources/blog/why-is-public-awareness-important-for-land-ownership-and-titles-in-nigeria,one-hop 301,pending,"target approved, visible, indexable, in sitemap, final launch approved",rewrite then migrate
977,https://chamanlawfirm.com/what-documents-should-i-check-before-purchasing-land-in-ogun-state/,https://chamanlawfirm.com/resources/blog/what-documents-should-i-check-before-purchasing-land-in-ogun-state,one-hop 301,pending,"target approved, visible, indexable, in sitemap, final launch approved",rewrite then migrate
978,https://chamanlawfirm.com/data-misuse-data-theft-protection-in-nigeria/,https://chamanlawfirm.com/resources/blog/data-misuse-data-theft-protection-in-nigeria,one-hop 301,pending,"target approved, visible, indexable, in sitemap, final launch approved",archive candidate - weak or unsafe
979,https://chamanlawfirm.com/steps-to-understanding-financial-crimes/,https://chamanlawfirm.com/resources/blog/steps-to-understanding-financial-crimes,one-hop 301,pending,"target approved, visible, indexable, in sitemap, final launch approved",rewrite then migrate
980,https://chamanlawfirm.com/disadvantages-of-not-getting-a-business-permit-in-lagos/,https://chamanlawfirm.com/resources/blog/disadvantages-of-not-getting-a-business-permit-in-lagos,one-hop 301,pending,"target approved, visible, indexable, in sitemap, final launch approved",rewrite then migrate
981,https://chamanlawfirm.com/category/top-law-firm-blog/page/2/,https://chamanlawfirm.com/resources/blog,one-hop 301,pending,"target approved, visible, indexable, in sitemap, final launch approved",redirect only - non-article or canonical route
982,https://chamanlawfirm.com/beyond-the-spin-elevate-your-play-with-thousands-2/,https://chamanlawfirm.com/resources/blog/beyond-the-spin-elevate-your-play-with-thousands-2,one-hop 301,pending,"target approved, visible, indexable, in sitemap, final launch approved",archive candidate - weak or unsafe
983,https://chamanlawfirm.com/nigerian-visa-requirements-and-legal-guide/,https://chamanlawfirm.com/resources/blog/nigerian-visa-requirements-and-legal-guide,one-hop 301,pending,"target approved, visible, indexable, in sitemap, final launch approved",rewrite then migrate
984,https://chamanlawfirm.com/does-a-consumer-has-rights-in-nigeria/,https://chamanlawfirm.com/resources/blog/does-a-consumer-has-rights-in-nigeria,one-hop 301,pending,"target approved, visible, indexable, in sitemap, final launch approved",rewrite then migrate
985,https://chamanlawfirm.com/review-of-corporate-affairs-commission-share-capital-for-company-registration-in-nigeria/,https://chamanlawfirm.com/resources/blog/review-of-corporate-affairs-commission-share-capital-for-company-registration-in-nigeria,one-hop 301,pending,"target approved, visible, indexable, in sitemap, final launch approved",rewrite then migrate
986,https://chamanlawfirm.com/discrimination-and-xenophobia-against-immigrants/,https://chamanlawfirm.com/resources/blog/discrimination-and-xenophobia-against-immigrants,one-hop 301,pending,"target approved, visible, indexable, in sitemap, final launch approved",rewrite then migrate
987,https://chamanlawfirm.com/regulations-understanding-of-nigerian-employment/,https://chamanlawfirm.com/regulations-understanding-of-nigerian-employment/,one-hop 301,pending,"target approved, visible, indexable, in sitemap, final launch approved",redirect only - non-article or canonical route
988,https://chamanlawfirm.com/debt-recovery-and-consumer-protection-laws/,https://chamanlawfirm.com/resources/blog/debt-recovery-and-consumer-protection-laws,one-hop 301,pending,"target approved, visible, indexable, in sitemap, final launch approved",rewrite then migrate
989,https://chamanlawfirm.com/banking-and-finance-law-in-lagos/,https://chamanlawfirm.com/resources/blog/banking-and-finance-law-in-lagos,one-hop 301,pending,"target approved, visible, indexable, in sitemap, final launch approved",rewrite then migrate
990,https://chamanlawfirm.com/register-your-company-with-cac-in-nigeria/,https://chamanlawfirm.com/resources/blog/register-your-company-with-cac-in-nigeria,one-hop 301,pending,"target approved, visible, indexable, in sitemap, final launch approved",rewrite then migrate
991,https://chamanlawfirm.com/how-to-navigate-the-federal-high-court/,https://chamanlawfirm.com/how-to-navigate-the-federal-high-court/,one-hop 301,pending,"target approved, visible, indexable, in sitemap, final launch approved",redirect only - non-article or canonical route
992,https://chamanlawfirm.com/roles-of-a-mediator/,https://chamanlawfirm.com/resources/blog/roles-of-a-mediator,one-hop 301,pending,"target approved, visible, indexable, in sitemap, final launch approved",rewrite then migrate
993,https://chamanlawfirm.com/corporate-affairs-commission-and-its-functions-in-nigeria/,https://chamanlawfirm.com/resources/blog/corporate-affairs-commission-and-its-functions-in-nigeria,one-hop 301,pending,"target approved, visible, indexable, in sitemap, final launch approved",rewrite then migrate
994,https://chamanlawfirm.com/land-use-act-in-nigeria/,https://chamanlawfirm.com/resources/blog/land-use-act-in-nigeria,one-hop 301,pending,"target approved, visible, indexable, in sitemap, final launch approved",rewrite then migrate
995,https://chamanlawfirm.com/7-legal-advice-for-employee-misconduct-cases/,https://chamanlawfirm.com/resources/blog/7-legal-advice-for-employee-misconduct-cases,one-hop 301,pending,"target approved, visible, indexable, in sitemap, final launch approved",rewrite then migrate
996,https://chamanlawfirm.com/understanding-the-nigerian-tax-law-a-comprehensive-guide-for-individuals-and-businesses/,https://chamanlawfirm.com/resources/blog/understanding-the-nigerian-tax-law-a-comprehensive-guide-for-individuals-and-businesses,one-hop 301,pending,"target approved, visible, indexable, in sitemap, final launch approved",rewrite then migrate
997,https://chamanlawfirm.com/powerful-ways-on-bail-applications/,https://chamanlawfirm.com/resources/blog/powerful-ways-on-bail-applications,one-hop 301,pending,"target approved, visible, indexable, in sitemap, final launch approved",rewrite then migrate
998,https://chamanlawfirm.com/obtain-a-certificate-of-occupancy-chaman-law/,https://chamanlawfirm.com/resources/blog/obtain-a-certificate-of-occupancy-chaman-law,one-hop 301,pending,"target approved, visible, indexable, in sitemap, final launch approved",rewrite then migrate
999,https://chamanlawfirm.com/ngos-in-supporting-immigrants-in-nigeria/,https://chamanlawfirm.com/resources/blog/ngos-in-supporting-immigrants-in-nigeria,one-hop 301,pending,"target approved, visible, indexable, in sitemap, final launch approved",rewrite then migrate
1000,https://chamanlawfirm.com/powerful-ways-on-property-ownership-in-nigeria/,https://chamanlawfirm.com/resources/blog/powerful-ways-on-property-ownership-in-nigeria,one-hop 301,pending,"target approved, visible, indexable, in sitemap, final launch approved",migrate - preserve and QA
