old URL,final URL,title,search intent answered early,H1,SEO title,meta description,canonical,internal links included,CTA included,image and alt text included,FAQ/short-answer section useful,keyword stuffing,unsupported legal claim,duplicate/cannibalization,sitemap inclusion,old URL redirect/canonical strategy,topic cluster/internal-link relevance,AEO readiness,GEO/local Nigerian legal relevance
https://chamanlawfirm.com/landlord-and-tenant-rights-in-nigeria/,https://chamanlawfirm.com/resources/blog/landlord-and-tenant-rights-in-nigeria,A comprehensive guide on Landlord and Tenant Rights in Nigeria,reviewed; answer-first intro recommended where useful,A comprehensive guide on Landlord and Tenant Rights in Nigeria,Landlord and Tenant Rights in Nigeria: Complete Legal Guide,"Understand your rights as a landlord or tenant in Nigeria. Learn about tenancy laws, and rent obligations under Nigerian property law.",https://chamanlawfirm.com/resources/blog/landlord-and-tenant-rights-in-nigeria,yes,yes via article template,yes,recommended where legal risk stays low,none detected by automated scan,none detected,low automated risk,public,https://chamanlawfirm.com/landlord-and-tenant-rights-in-nigeria/ -> https://chamanlawfirm.com/resources/blog/landlord-and-tenant-rights-in-nigeria after live QA,"Property and tenancy law; Tenancy, landlord and eviction",blocked,yes - Nigerian legal education framing
https://chamanlawfirm.com/obtaining-a-certificate-of-occupancy-c-of-o/,https://chamanlawfirm.com/resources/blog/obtaining-a-certificate-of-occupancy-c-of-o,REQUIREMENTS FOR OBTAINING A CERTIFICATE OF OCCUPANCY (CofO) IN NIGERIA (LAGOS AND OGUN STATE),reviewed; answer-first intro recommended where useful,REQUIREMENTS FOR OBTAINING A CERTIFICATE OF OCCUPANCY (CofO) IN NIGERIA (LAGOS AND OGUN STATE),The best way to obtain Certificate of Occupancy in Nigeria,"Certificate of Occupancy In Nigeria, for a person to successfully establish ownership or acquisition of land or landed property,",https://chamanlawfirm.com/resources/blog/obtaining-a-certificate-of-occupancy-c-of-o,yes,yes via article template,no,recommended where legal risk stays low,none detected by automated scan,none detected,review redirect conflict,hidden until approval,keep existing /resources/blog/how-do-i-obtain-a-certificate-of-occupancy,Property title and perfection; Certificate of Occupancy and right of occupancy; Real Estate & Property Law,candidate,yes - Nigerian legal education framing
https://chamanlawfirm.com/cac-public-search-guide-nigeria/,https://chamanlawfirm.com/resources/blog/cac-public-search-guide-nigeria,How to Use CAC Public Search for Your Business Registration,reviewed; answer-first intro recommended where useful,How to Use CAC Public Search for Your Business Registration,How to Use CAC Public Search for Your Business Registration,Learn how to use CAC public search for business registration. Chaman Law Firm provides expert guidance on company verification.,https://chamanlawfirm.com/resources/blog/cac-public-search-guide-nigeria,yes,yes via article template,no,recommended where legal risk stays low,none detected by automated scan,review,low automated risk,public,https://chamanlawfirm.com/cac-public-search-guide-nigeria/ -> https://chamanlawfirm.com/resources/blog/cac-public-search-guide-nigeria after live QA,"Corporate & Commercial Law; CAC, company registration and corporate compliance",blocked,yes - Nigerian legal education framing
https://chamanlawfirm.com/the-jurisdiction-of-courts-in-nigeria/,https://chamanlawfirm.com/resources/blog/the-jurisdiction-of-courts-in-nigeria,The Jurisdiction of Courts in Nigeria,reviewed; answer-first intro recommended where useful,The Jurisdiction of Courts in Nigeria,Powerful Steps: the jurisdiction of courts in Nigeria,the jurisdiction of courts in Nigeria and how judicial powers are defined. Chaman Law Firm provides expert legal analysis.,https://chamanlawfirm.com/resources/blog/the-jurisdiction-of-courts-in-nigeria,yes,yes via article template,yes,recommended where legal risk stays low,none detected by automated scan,none detected,low automated risk,public,https://chamanlawfirm.com/the-jurisdiction-of-courts-in-nigeria/ -> https://chamanlawfirm.com/resources/blog/the-jurisdiction-of-courts-in-nigeria after live QA,Litigation and dispute resolution; Court jurisdiction and civil procedure,blocked,yes - Nigerian legal education framing
https://chamanlawfirm.com/the-concept-of-rule-of-law-in-nigeria/,https://chamanlawfirm.com/resources/blog/the-concept-of-rule-of-law-in-nigeria,The Concept of Rule of Law In Nigeria,reviewed; answer-first intro recommended where useful,The Concept of Rule of Law In Nigeria,THE CONCEPT OF RULE OF LAW IN NIGERIA | Chaman Law Firm,"THE CONCEPT OF RULE OF LAW IN NIGERIA, Rule of law is a legal maxim that suggests that no one is above the law and governmental decisions....",https://chamanlawfirm.com/resources/blog/the-concept-of-rule-of-law-in-nigeria,yes,yes via article template,yes,recommended where legal risk stays low,none detected by automated scan,review,low automated risk,public,https://chamanlawfirm.com/the-concept-of-rule-of-law-in-nigeria/ -> https://chamanlawfirm.com/resources/blog/the-concept-of-rule-of-law-in-nigeria after live QA,Litigation and Dispute Resolution,blocked,yes - Nigerian legal education framing
https://chamanlawfirm.com/types-of-tenant-in-nigeria/,https://chamanlawfirm.com/resources/blog/types-of-tenant-in-nigeria,TYPES OF TENANT IN NIGERIA,reviewed; answer-first intro recommended where useful,TYPES OF TENANT IN NIGERIA,TYPES OF TENANT IN NIGERIA,"TYPES OF TENANT IN NIGERIA, Depending on the purpose, duration, and method of establishment, tenancies can be of different types...",https://chamanlawfirm.com/resources/blog/types-of-tenant-in-nigeria,yes,yes via article template,no,recommended where legal risk stays low,none detected by automated scan,none detected,low automated risk,public,https://chamanlawfirm.com/types-of-tenant-in-nigeria/ -> https://chamanlawfirm.com/resources/blog/types-of-tenant-in-nigeria after live QA,"Property and tenancy law; Tenancy, landlord and eviction; Real Estate & Property Law",blocked,yes - Nigerian legal education framing
https://chamanlawfirm.com/how-to-change-car-ownership-in-nigeria/,https://chamanlawfirm.com/resources/blog/how-to-change-car-ownership-in-nigeria,How To Change Car Ownership In Nigeria,reviewed; answer-first intro recommended where useful,How To Change Car Ownership In Nigeria,How To Change Car Ownership In Nigeria | Chaman Law Firm,Learn key Nigerian legal considerations on How To Change Car Ownership In Nigeria. Chaman Law Firm explains risk points and when to speak with a lawyer.,https://chamanlawfirm.com/resources/blog/how-to-change-car-ownership-in-nigeria,yes,yes via article template,no,recommended where legal risk stays low,none detected by automated scan,none detected,low automated risk,hidden until approval,https://chamanlawfirm.com/how-to-change-car-ownership-in-nigeria/ -> https://chamanlawfirm.com/resources/blog/how-to-change-car-ownership-in-nigeria after live QA,General Legal Education,blocked,yes - Nigerian legal education framing
https://chamanlawfirm.com/proper-steps-to-eviction-of-tenants/,https://chamanlawfirm.com/resources/blog/proper-steps-to-eviction-of-tenants,STEPS TO EVICTION OF TENANTS,reviewed; answer-first intro recommended where useful,STEPS TO EVICTION OF TENANTS,STEPS TO EVICTION OF TENANTS,"STEPS TO EVICTION OF TENANTS, It is never easy as a Landlord in Nigeria to have a Tenant that does not pay rent or causes so much trouble....",https://chamanlawfirm.com/resources/blog/proper-steps-to-eviction-of-tenants,yes,yes via article template,yes,recommended where legal risk stays low,none detected by automated scan,none detected,low automated risk,public,https://chamanlawfirm.com/proper-steps-to-eviction-of-tenants/ -> https://chamanlawfirm.com/resources/blog/proper-steps-to-eviction-of-tenants after live QA,"Property litigation and tenancy disputes; Tenancy, landlord and eviction; Corporate & Commercial Law",blocked,yes - Nigerian legal education framing
https://chamanlawfirm.com/how-to-track-a-stolen-phone-in-nigeria/,https://chamanlawfirm.com/resources/blog/how-to-track-a-stolen-phone-in-nigeria,How To Track A Stolen Phone In Nigeria,reviewed; answer-first intro recommended where useful,How To Track A Stolen Phone In Nigeria,How To Track A Stolen Phone In Nigeria | Chaman Law Firm,Learn key Nigerian legal considerations on How To Track A Stolen Phone In Nigeria. Chaman Law Firm explains risk points and when to speak with a lawyer.,https://chamanlawfirm.com/resources/blog/how-to-track-a-stolen-phone-in-nigeria,yes,yes via article template,no,recommended where legal risk stays low,none detected by automated scan,review,low automated risk,hidden until approval,https://chamanlawfirm.com/how-to-track-a-stolen-phone-in-nigeria/ -> https://chamanlawfirm.com/resources/blog/how-to-track-a-stolen-phone-in-nigeria after live QA,General Legal Education,blocked,yes - Nigerian legal education framing
https://chamanlawfirm.com/the-ogun-state-tenancy-law-chaman-law-firm/,https://chamanlawfirm.com/resources/blog/the-ogun-state-tenancy-law-chaman-law-firm,Understanding the Ogun State Tenancy Law: A Comprehensive Guide,reviewed; answer-first intro recommended where useful,Understanding the Ogun State Tenancy Law: A Comprehensive Guide,Powerful Steps:the Ogun State Tenancy Law / Chaman Law Firm,"the Ogun State Tenancy Law - Learn about its core provisions, legal responsibilities, and practical implications for both landlords and tenants.",https://chamanlawfirm.com/resources/blog/the-ogun-state-tenancy-law-chaman-law-firm,needs enhancement,yes via article template,yes,recommended where legal risk stays low,none detected by automated scan,none detected,low automated risk,public,https://chamanlawfirm.com/the-ogun-state-tenancy-law-chaman-law-firm/ -> https://chamanlawfirm.com/resources/blog/the-ogun-state-tenancy-law-chaman-law-firm after live QA,"Property and tenancy law; Tenancy, landlord and eviction",blocked,yes - Nigerian legal education framing
https://chamanlawfirm.com/building-permit-approval-in-ogun-state/,https://chamanlawfirm.com/resources/blog/building-permit-approval-in-ogun-state,How to Get Building Permit Approval in Ogun State (Full Guide),reviewed; answer-first intro recommended where useful,How to Get Building Permit Approval in Ogun State (Full Guide),Building Permit Approval in Ogun State : Effortless Steps to Secure Building Permit Approval in Ogun State (Full Guide),Building Permit Approval in Ogun State A complete legal guide to obtaining building permit approval in Ogun State...,https://chamanlawfirm.com/resources/blog/building-permit-approval-in-ogun-state,yes,yes via article template,yes,recommended where legal risk stays low,none detected by automated scan,none detected,low automated risk,public,https://chamanlawfirm.com/building-permit-approval-in-ogun-state/ -> https://chamanlawfirm.com/resources/blog/building-permit-approval-in-ogun-state after live QA,Property development compliance; Other legal/general information,blocked,yes - Nigerian legal education framing
https://chamanlawfirm.com/list-of-government-agencies-of-nigeria/,https://chamanlawfirm.com/resources/blog/list-of-government-agencies-of-nigeria,List of Government Agencies of Nigeria,reviewed; answer-first intro recommended where useful,List of Government Agencies of Nigeria,LIST OF GOVERNMENT AGENCIES OF NIGERIA | Chaman Law Firm,Learn key Nigerian legal considerations on LIST OF GOVERNMENT AGENCIES OF NIGERIA. Chaman Law Firm explains risk points and when to speak with a lawyer.,https://chamanlawfirm.com/resources/blog/list-of-government-agencies-of-nigeria,needs enhancement,yes via article template,no,recommended where legal risk stays low,none detected by automated scan,none detected,low automated risk,hidden until approval,https://chamanlawfirm.com/list-of-government-agencies-of-nigeria/ -> https://chamanlawfirm.com/resources/blog/list-of-government-agencies-of-nigeria after live QA,General Legal Education,candidate,yes - Nigerian legal education framing
https://chamanlawfirm.com/4-steps-on-how-to-deal-with-a-bad-landlordin/,https://chamanlawfirm.com/resources/blog/4-steps-on-how-to-deal-with-a-bad-landlordin,How to Deal with a Bad Landlord,reviewed; answer-first intro recommended where useful,How to Deal with a Bad Landlord,How to Deal with a Bad Landlord,"Introduction As a tenant in Lagos State, you may sometimes find yourself dealing with a landlord who doesn’t play by the rules. Some landlords can be quite difficult, using tactics like police intimidation, harassment,",https://chamanlawfirm.com/resources/blog/4-steps-on-how-to-deal-with-a-bad-landlordin,yes,yes via article template,yes,recommended where legal risk stays low,none detected by automated scan,none detected,low automated risk,public,https://chamanlawfirm.com/4-steps-on-how-to-deal-with-a-bad-landlordin/ -> https://chamanlawfirm.com/resources/blog/4-steps-on-how-to-deal-with-a-bad-landlordin after live QA,Property And Real Estate Law,blocked,yes - Nigerian legal education framing
https://chamanlawfirm.com/joinder-of-parties-misjoinder-of-parties/,https://chamanlawfirm.com/resources/blog/joinder-of-parties-misjoinder-of-parties,Joinder and Misjoinder of Parties,reviewed; answer-first intro recommended where useful,Joinder and Misjoinder of Parties,Joinder and Misjoinder of Parties,JOINDER OF PARTIES (MISJOINDER OF PARTIES) Nigerian jurisprudence generally allows the joinder of a person as co-plaintiff,https://chamanlawfirm.com/resources/blog/joinder-of-parties-misjoinder-of-parties,yes,yes via article template,yes,recommended where legal risk stays low,none detected by automated scan,none detected,low automated risk,public,https://chamanlawfirm.com/joinder-of-parties-misjoinder-of-parties/ -> https://chamanlawfirm.com/resources/blog/joinder-of-parties-misjoinder-of-parties after live QA,Litigation and dispute resolution,blocked,yes - Nigerian legal education framing
https://chamanlawfirm.com/how-to-change-name-with-deed-poll/,https://chamanlawfirm.com/resources/blog/how-to-change-name-with-deed-poll,Effortless Name Change: How to Change Name with Deed Poll Successfully,reviewed; answer-first intro recommended where useful,Effortless Name Change: How to Change Name with Deed Poll Successfully,Effortless Name Change: How to Change Name with Deed Poll Successfully,"HOW TO CHANGE NAME WITH DEED POLL, A Deed Poll is a legal document that binds an individual to a particular course of action...",https://chamanlawfirm.com/resources/blog/how-to-change-name-with-deed-poll,yes,yes via article template,no,recommended where legal risk stays low,none detected by automated scan,none detected,low automated risk,public,https://chamanlawfirm.com/how-to-change-name-with-deed-poll/ -> https://chamanlawfirm.com/resources/blog/how-to-change-name-with-deed-poll after live QA,"Notary and legal documentation; Land ownership, title and registration; Family and Estate Law",blocked,yes - Nigerian legal education framing
https://chamanlawfirm.com/statutory-right-of-occupancy-vs-customary-right/,https://chamanlawfirm.com/resources/blog/statutory-right-of-occupancy-vs-customary-right,Statutory Right of Occupancy vs Customary Right,reviewed; answer-first intro recommended where useful,Statutory Right of Occupancy vs Customary Right,Statutory Right of Occupancy vs Customary Right: Powerful Insight: Statutory vs Customary Right of Occupancy Explained,Statutory Right of Occupancy vs Customary Right Understand the difference between Statutory Right of Occupancy and Customary Right of Occupancy under Nigerian law...,https://chamanlawfirm.com/resources/blog/statutory-right-of-occupancy-vs-customary-right,yes,yes via article template,yes,recommended where legal risk stays low,none detected by automated scan,none detected,low automated risk,public,https://chamanlawfirm.com/statutory-right-of-occupancy-vs-customary-right/ -> https://chamanlawfirm.com/resources/blog/statutory-right-of-occupancy-vs-customary-right after live QA,Property And Real Estate Law,blocked,yes - Nigerian legal education framing
https://chamanlawfirm.com/ways-to-prove-ownership-of-land/,https://chamanlawfirm.com/resources/blog/ways-to-prove-ownership-of-land,What are Five Ways to Prove Ownership of Land,reviewed; answer-first intro recommended where useful,What are Five Ways to Prove Ownership of Land,Powerful Steps: Ways to Prove Ownership of Land,"Discover five ways to prove ownership of land in Nigeria, including legal documents, possession evidence, and registration with relevant authorities.",https://chamanlawfirm.com/resources/blog/ways-to-prove-ownership-of-land,yes,yes via article template,no,recommended where legal risk stays low,none detected by automated scan,none detected,low automated risk,public,https://chamanlawfirm.com/ways-to-prove-ownership-of-land/ -> https://chamanlawfirm.com/resources/blog/ways-to-prove-ownership-of-land after live QA,"Property title and perfection; Land ownership, title and registration; Corporate & Commercial Law",blocked,yes - Nigerian legal education framing
https://chamanlawfirm.com/5-steps-on-how-to-obtain-restraining-order/,https://chamanlawfirm.com/resources/blog/5-steps-on-how-to-obtain-restraining-order,How to Obtain a Restraining Order,reviewed; answer-first intro recommended where useful,How to Obtain a Restraining Order,How to Obtain a Restraining Order,"Introduction In Nigeria, restraining and protection orders are legal tools designed to safeguard individuals from threats, harassment, or violence. These orders are crucial in cases of domestic violence, stalking, hara",https://chamanlawfirm.com/resources/blog/5-steps-on-how-to-obtain-restraining-order,yes,yes via article template,yes,recommended where legal risk stays low,none detected by automated scan,none detected,low automated risk,public,https://chamanlawfirm.com/5-steps-on-how-to-obtain-restraining-order/ -> https://chamanlawfirm.com/resources/blog/5-steps-on-how-to-obtain-restraining-order after live QA,Litigation and dispute resolution,blocked,yes - Nigerian legal education framing
https://chamanlawfirm.com/steps-on-how-to-confidently-report-acrimelaw/,https://chamanlawfirm.com/resources/blog/steps-on-how-to-confidently-report-acrimelaw,Steps On How To Confidently Report Acrimelaw,reviewed; answer-first intro recommended where useful,Steps On How To Confidently Report Acrimelaw,Steps On How To Confidently Report Acrimelaw | Chaman Law Firm,"Introduction Reporting a crime is a crucial step in ensuring justice and maintaining public safety. In Nigeria, the process of reporting a crime can be straightforward, but understanding the appropriate steps can help",https://chamanlawfirm.com/resources/blog/steps-on-how-to-confidently-report-acrimelaw,yes,yes via article template,yes,recommended where legal risk stays low,none detected by automated scan,none detected,low automated risk,hidden until approval,https://chamanlawfirm.com/steps-on-how-to-confidently-report-acrimelaw/ -> https://chamanlawfirm.com/resources/blog/steps-on-how-to-confidently-report-acrimelaw after live QA,General Legal Education,blocked,yes - Nigerian legal education framing
https://chamanlawfirm.com/what-are-elements-of-tax-law/,https://chamanlawfirm.com/resources/blog/what-are-elements-of-tax-law,Elements of Tax Law,reviewed; answer-first intro recommended where useful,Elements of Tax Law,Elements of Tax Law,"Introduction Quality, not quantity We have made quality our habit. It’s not something that we just strive for – we live by this principle every day. WHAT ARE ELEMENTS OF TAXATION? Law is comprised of components or elem",https://chamanlawfirm.com/resources/blog/what-are-elements-of-tax-law,yes,yes via article template,yes,recommended where legal risk stays low,none detected by automated scan,none detected,low automated risk,public,https://chamanlawfirm.com/what-are-elements-of-tax-law/ -> https://chamanlawfirm.com/resources/blog/what-are-elements-of-tax-law after live QA,Corporate & Commercial Law,blocked,yes - Nigerian legal education framing
https://chamanlawfirm.com/apply-for-drivers-licence-in-nigeria/,https://chamanlawfirm.com/resources/blog/apply-for-drivers-licence-in-nigeria,Guide: How To Apply For A Driver'S Licence In Nigeria Without Stress,reviewed; answer-first intro recommended where useful,Guide: How To Apply For A Driver'S Licence In Nigeria Without Stress,Essential Guide: How To Apply For A Driver'S Licence In Nigeria Without Stress | Chaman Law Firm,Learn key Nigerian legal considerations on Essential Guide: How To Apply For A Driver'S Licence In Nigeria Without Stress. Chaman Law Firm explains risk points and when to speak with a lawyer.,https://chamanlawfirm.com/resources/blog/apply-for-drivers-licence-in-nigeria,yes,yes via article template,no,recommended where legal risk stays low,none detected by automated scan,none detected,low automated risk,hidden until approval,https://chamanlawfirm.com/apply-for-drivers-licence-in-nigeria/ -> https://chamanlawfirm.com/resources/blog/apply-for-drivers-licence-in-nigeria after live QA,General Legal Education,blocked,yes - Nigerian legal education framing
https://chamanlawfirm.com/tax-administration-in-nigeria/,https://chamanlawfirm.com/resources/blog/tax-administration-in-nigeria,Tax Administration in Nigeria,reviewed; answer-first intro recommended where useful,Tax Administration in Nigeria,Tax Administration in Nigeria,"TAX ADMINISTRATION IN NIGERIA In Nigeria, taxation is regulated by law. Implicitly, the passing of the applicable statute is required to make such a tax a legal obligation (Act, By-law, decree among others). The admini",https://chamanlawfirm.com/resources/blog/tax-administration-in-nigeria,yes,yes via article template,yes,recommended where legal risk stays low,none detected by automated scan,none detected,low automated risk,public,https://chamanlawfirm.com/tax-administration-in-nigeria/ -> https://chamanlawfirm.com/resources/blog/tax-administration-in-nigeria after live QA,Corporate & Commercial Law,blocked,yes - Nigerian legal education framing
https://chamanlawfirm.com/difference-between-ownership-and-possession/,https://chamanlawfirm.com/resources/blog/difference-between-ownership-and-possession,Difference Between Ownership and Possession,reviewed; answer-first intro recommended where useful,Difference Between Ownership and Possession,Powerful Steps: Difference Between Ownership and Possession,"the difference between ownership and possession in Nigerian law, including legal definitions, rights, and implications for property holders.",https://chamanlawfirm.com/resources/blog/difference-between-ownership-and-possession,yes,yes via article template,yes,recommended where legal risk stays low,none detected by automated scan,none detected,low automated risk,public,https://chamanlawfirm.com/difference-between-ownership-and-possession/ -> https://chamanlawfirm.com/resources/blog/difference-between-ownership-and-possession after live QA,Property title and possession; Other legal/general information; Real Estate & Property Law,blocked,yes - Nigerian legal education framing
https://chamanlawfirm.com/community-development-associations-law/,https://chamanlawfirm.com/resources/blog/community-development-associations-law,Transforming Communities: The Powerful Impact of the Community Development Associations Law of Lagos State,reviewed; answer-first intro recommended where useful,Transforming Communities: The Powerful Impact of the Community Development Associations Law of Lagos State,Powerful Ways: Community Development Associations Law,"Community Development Associations Law of Lagos State, The Lagos State House of Assembly enacted the Community....",https://chamanlawfirm.com/resources/blog/community-development-associations-law,yes,yes via article template,yes,recommended where legal risk stays low,none detected by automated scan,none detected,low automated risk,public,https://chamanlawfirm.com/community-development-associations-law/ -> https://chamanlawfirm.com/resources/blog/community-development-associations-law after live QA,Regulatory and community law; Other legal/general information; Human Rights,blocked,yes - Nigerian legal education framing
https://chamanlawfirm.com/child-support-and-maintenance-payment/,https://chamanlawfirm.com/resources/blog/child-support-and-maintenance-payment,Child Support and Maintenance Payment,reviewed; answer-first intro recommended where useful,Child Support and Maintenance Payment,Child Support And Maintenance-Payment; Essential Guide to Navigating Child Support and Maintenance Payments in Nigeria Without Stress,"Child Support And Maintenance-Payment Child support and maintenance payments are crucial aspects of family law, often arising in cases of divorce, separation, or disputes...",https://chamanlawfirm.com/resources/blog/child-support-and-maintenance-payment,yes,yes via article template,yes,recommended where legal risk stays low,none detected by automated scan,none detected,low automated risk,public,https://chamanlawfirm.com/child-support-and-maintenance-payment/ -> https://chamanlawfirm.com/resources/blog/child-support-and-maintenance-payment after live QA,Family Law,blocked,yes - Nigerian legal education framing
https://chamanlawfirm.com/how-to-notarize-a-document-in-nigeria/,https://chamanlawfirm.com/resources/blog/how-to-notarize-a-document-in-nigeria,Effortless Success: How to Notarize a Document in Nigeria Without Legal Hassles,reviewed; answer-first intro recommended where useful,Effortless Success: How to Notarize a Document in Nigeria Without Legal Hassles,How To Notarize a Document in Nigeria; Effortless Success: How to Notarize a Document in Nigeria Without Legal Hassles,"How To Notarize a Document in Nigeria In the dynamic world of business, commerce, real estate, immigration, and legal transactions, one critical step...",https://chamanlawfirm.com/resources/blog/how-to-notarize-a-document-in-nigeria,yes,yes via article template,no,recommended where legal risk stays low,none detected by automated scan,none detected,low automated risk,public,https://chamanlawfirm.com/how-to-notarize-a-document-in-nigeria/ -> https://chamanlawfirm.com/resources/blog/how-to-notarize-a-document-in-nigeria after live QA,"Notary and legal documentation; Notary, affidavits and document authentication",blocked,yes - Nigerian legal education framing
https://chamanlawfirm.com/how-to-replace-a-lost-a-marriage-certificate/,https://chamanlawfirm.com/resources/blog/how-to-replace-a-lost-a-marriage-certificate,HOW TO REPLACE A LOST A MARRIAGE CERTIFICATE,reviewed; answer-first intro recommended where useful,HOW TO REPLACE A LOST A MARRIAGE CERTIFICATE,HOW TO REPLACE A LOST A MARRIAGE CERTIFICATE,"To replace a lost marriage certificate in Nigeria, follow these general steps: 1. Report the loss: Inform the appropriate authorities about the lost marriage certificate. This may involve visiting the nearest police s...",https://chamanlawfirm.com/resources/blog/how-to-replace-a-lost-a-marriage-certificate,yes,yes via article template,yes,recommended where legal risk stays low,none detected by automated scan,none detected,low automated risk,public,https://chamanlawfirm.com/how-to-replace-a-lost-a-marriage-certificate/ -> https://chamanlawfirm.com/resources/blog/how-to-replace-a-lost-a-marriage-certificate after live QA,"Family law and documentation; Family, marriage and divorce",blocked,yes - Nigerian legal education framing
https://chamanlawfirm.com/the-statutory-right-of-occupancy-in-nigeria/,https://chamanlawfirm.com/resources/blog/the-statutory-right-of-occupancy-in-nigeria,What is the Statutory Right of Occupancy in Nigeria?,reviewed; answer-first intro recommended where useful,What is the Statutory Right of Occupancy in Nigeria?,Powerful Steps: The Statutory Right of Occupancy in Nigeria,"Learn what The Statutory Right of Occupancy in Nigeria is, including its legal basis, how it's granted, and its role in land ownership and control.",https://chamanlawfirm.com/resources/blog/the-statutory-right-of-occupancy-in-nigeria,yes,yes via article template,yes,recommended where legal risk stays low,none detected by automated scan,none detected,low automated risk,public,https://chamanlawfirm.com/the-statutory-right-of-occupancy-in-nigeria/ -> https://chamanlawfirm.com/resources/blog/the-statutory-right-of-occupancy-in-nigeria after live QA,Property title and perfection; Certificate of Occupancy and right of occupancy,blocked,yes - Nigerian legal education framing
https://chamanlawfirm.com/legal-steps-to-take-when-our-land-has-been/,https://chamanlawfirm.com/resources/blog/legal-steps-to-take-when-our-land-has-been,5 Powerful Legal Steps to Take When Your Land Has Been Encroached Upon in Nigeria,reviewed; answer-first intro recommended where useful,5 Powerful Legal Steps to Take When Your Land Has Been Encroached Upon in Nigeria,5 Powerful Legal Steps to Take When Your Land Has Been Encroached Upon in Nigeria,Introduction Land encroachment is a common legal challenge many property owners in Nigeria face. It occurs when another individual or entity unlawfully trespasses or occupies part of your land. Protecting your propert...,https://chamanlawfirm.com/resources/blog/legal-steps-to-take-when-our-land-has-been,yes,yes via article template,yes,recommended where legal risk stays low,none detected by automated scan,none detected,low automated risk,public,https://chamanlawfirm.com/legal-steps-to-take-when-our-land-has-been/ -> https://chamanlawfirm.com/resources/blog/legal-steps-to-take-when-our-land-has-been after live QA,Land dispute response; Other legal/general information,blocked,yes - Nigerian legal education framing
https://chamanlawfirm.com/transfer-of-company-shares-in-nigeria/,https://chamanlawfirm.com/resources/blog/transfer-of-company-shares-in-nigeria,TRANSFER OF COMPANY SHARES IN NIGERIA,reviewed; answer-first intro recommended where useful,TRANSFER OF COMPANY SHARES IN NIGERIA,TRANSFER OF COMPANY SHARES IN NIGERIA,"TRANSFER OF COMPANY SHARES IN NIGERIA, Units of ownership interests in the company make up the share capital....",https://chamanlawfirm.com/resources/blog/transfer-of-company-shares-in-nigeria,yes,yes via article template,yes,recommended where legal risk stays low,none detected by automated scan,none detected,low automated risk,public,https://chamanlawfirm.com/transfer-of-company-shares-in-nigeria/ -> https://chamanlawfirm.com/resources/blog/transfer-of-company-shares-in-nigeria after live QA,Corporate & Commercial Law; Other legal/general information,candidate,yes - Nigerian legal education framing
https://chamanlawfirm.com/rights-of-tenants-in-ogun-chaman-law-firm/,https://chamanlawfirm.com/resources/blog/rights-of-tenants-in-ogun-chaman-law-firm,What Are the Rights of Tenants in Ogun State?,reviewed; answer-first intro recommended where useful,What Are the Rights of Tenants in Ogun State?,Powerful Steps: Rights of Tenants in Ogun / Chaman Law Firm,Rights of Tenants in Ogun - Learn the legal protections to help tenants understand their rights and avoid common disputes with landlords.,https://chamanlawfirm.com/resources/blog/rights-of-tenants-in-ogun-chaman-law-firm,yes,yes via article template,yes,recommended where legal risk stays low,none detected by automated scan,none detected,low automated risk,public,https://chamanlawfirm.com/rights-of-tenants-in-ogun-chaman-law-firm/ -> https://chamanlawfirm.com/resources/blog/rights-of-tenants-in-ogun-chaman-law-firm after live QA,"Property and tenancy law; Tenancy, landlord and eviction",blocked,yes - Nigerian legal education framing
https://chamanlawfirm.com/5-vital-role-of-consumer-protection-agencies/,https://chamanlawfirm.com/resources/blog/5-vital-role-of-consumer-protection-agencies,Role of Consumer Protection Agencies,reviewed; answer-first intro recommended where useful,Role of Consumer Protection Agencies,Role of Consumer Protection Agencies,"Introduction The role In today's fast-paced and increasingly complex marketplace, consumers often find themselves at a disadvantage. With a plethora of products and services available, the risk of exploitation, fraud,",https://chamanlawfirm.com/resources/blog/5-vital-role-of-consumer-protection-agencies,yes,yes via article template,yes,recommended where legal risk stays low,none detected by automated scan,none detected,low automated risk,public,https://chamanlawfirm.com/5-vital-role-of-consumer-protection-agencies/ -> https://chamanlawfirm.com/resources/blog/5-vital-role-of-consumer-protection-agencies after live QA,Corporate & Commercial Law,candidate,yes - Nigerian legal education framing
https://chamanlawfirm.com/the-overall-list-of-federal-laws-in-nigeria/,https://chamanlawfirm.com/resources/blog/the-overall-list-of-federal-laws-in-nigeria,The Overall List of Federal Laws In Nigeria,reviewed; answer-first intro recommended where useful,The Overall List of Federal Laws In Nigeria,THE OVERALL LIST OF FEDERAL LAWS IN NIGERIA | Chaman Law Firm,"THE OVERALL LIST OF FEDERAL LAWS IN NIGERIA, The Laws of the Federation of Nigeria comprises all the laws in existence in Nigeria....",https://chamanlawfirm.com/resources/blog/the-overall-list-of-federal-laws-in-nigeria,yes,yes via article template,yes,recommended where legal risk stays low,none detected by automated scan,none detected,low automated risk,hidden until approval,https://chamanlawfirm.com/the-overall-list-of-federal-laws-in-nigeria/ -> https://chamanlawfirm.com/resources/blog/the-overall-list-of-federal-laws-in-nigeria after live QA,Litigation and Dispute Resolution,candidate,yes - Nigerian legal education framing
https://chamanlawfirm.com/polygamy-and-multiple-marriages-in-nigeria/,https://chamanlawfirm.com/resources/blog/polygamy-and-multiple-marriages-in-nigeria,Polygamy and Multiple Marriages in Nigeria,reviewed; answer-first intro recommended where useful,Polygamy and Multiple Marriages in Nigeria,Polygamy And Multiple Marriages In Nigeria; The Ultimate Guide to Polygamy under Nigerian Law: Proven Essential Insights,Polygamy And Multiple Marriages In Nigeria,https://chamanlawfirm.com/resources/blog/polygamy-and-multiple-marriages-in-nigeria,yes,yes via article template,no,recommended where legal risk stays low,none detected by automated scan,review,review redirect conflict,hidden until approval,keep existing /practice-areas/family-law,Family Law,blocked,yes - Nigerian legal education framing
https://chamanlawfirm.com/steps-to-permanent-residency-in-nigeria/,https://chamanlawfirm.com/resources/blog/steps-to-permanent-residency-in-nigeria,Steps to Permanent Residency in Nigeria,reviewed; answer-first intro recommended where useful,Steps to Permanent Residency in Nigeria,Steps to Permanent Residency in Nigeria,"Introduction Obtaining permanent residency in Nigeria is a crucial step for foreign nationals who wish to live, work, or invest in the country on a long-term basis. The process involves specific legal requirements and",https://chamanlawfirm.com/resources/blog/steps-to-permanent-residency-in-nigeria,yes,yes via article template,yes,recommended where legal risk stays low,none detected by automated scan,none detected,low automated risk,public,https://chamanlawfirm.com/steps-to-permanent-residency-in-nigeria/ -> https://chamanlawfirm.com/resources/blog/steps-to-permanent-residency-in-nigeria after live QA,Immigration Services,blocked,yes - Nigerian legal education framing
https://chamanlawfirm.com/what-are-the-sources-of-nigerian-law/,https://chamanlawfirm.com/resources/blog/what-are-the-sources-of-nigerian-law,What Are the Sources of Nigerian Law?,reviewed; answer-first intro recommended where useful,What Are the Sources of Nigerian Law?,What Are the Sources of Nigerian Law? | Chaman Law Firm,Learn key Nigerian legal considerations on WHAT ARE THE SOURCES OF NIGERIAN LAW. Chaman Law Firm explains risk points and when to speak with a lawyer.,https://chamanlawfirm.com/resources/blog/what-are-the-sources-of-nigerian-law,yes,yes via article template,yes,recommended where legal risk stays low,none detected by automated scan,none detected,low automated risk,public,https://chamanlawfirm.com/what-are-the-sources-of-nigerian-law/ -> https://chamanlawfirm.com/resources/blog/what-are-the-sources-of-nigerian-law after live QA,Litigation and Dispute Resolution,candidate,yes - Nigerian legal education framing
https://chamanlawfirm.com/taxation-of-the-construction-sector-in-nigeria/,https://chamanlawfirm.com/resources/blog/taxation-of-the-construction-sector-in-nigeria,Taxation of the Construction Sector in Nigeria,reviewed; answer-first intro recommended where useful,Taxation of the Construction Sector in Nigeria,Taxation of the Construction Sector in Nigeria,"TAXATION OF THE CONSTRUCTION SECTOR IN NIGERIA, In its most widely used context, construction covers the processes involved....",https://chamanlawfirm.com/resources/blog/taxation-of-the-construction-sector-in-nigeria,yes,yes via article template,no,recommended where legal risk stays low,none detected by automated scan,none detected,low automated risk,public,https://chamanlawfirm.com/taxation-of-the-construction-sector-in-nigeria/ -> https://chamanlawfirm.com/resources/blog/taxation-of-the-construction-sector-in-nigeria after live QA,Corporate & Commercial Law,blocked,yes - Nigerian legal education framing
https://chamanlawfirm.com/sharing-of-property-after-divorce-in-nigeria/,https://chamanlawfirm.com/resources/blog/sharing-of-property-after-divorce-in-nigeria,Sharing of Property after Divorce in Nigeria,reviewed; answer-first intro recommended where useful,Sharing of Property after Divorce in Nigeria,Sharing Of Property After Divorce In Nigeria: Crucial Insights into Fair and Unfair Sharing of Property After Divorce in Nigeria: Unlock Success,"Sharing Of Property After Divorce In Nigeria The court in determining the extent of the property to be settled, it would consider the circumstances of the case including the fortune of the parties and their responsibilit",https://chamanlawfirm.com/resources/blog/sharing-of-property-after-divorce-in-nigeria,yes,yes via article template,no,recommended where legal risk stays low,none detected by automated scan,none detected,low automated risk,public,https://chamanlawfirm.com/sharing-of-property-after-divorce-in-nigeria/ -> https://chamanlawfirm.com/resources/blog/sharing-of-property-after-divorce-in-nigeria after live QA,Family Law,candidate,yes - Nigerian legal education framing
https://chamanlawfirm.com/challenges-facing-the-nigerian-court-system/,https://chamanlawfirm.com/resources/blog/challenges-facing-the-nigerian-court-system,Challenges Facing the Nigerian Court System,reviewed; answer-first intro recommended where useful,Challenges Facing the Nigerian Court System,Challenges Facing the Nigerian Court System; 7 Critical Challenges Facing the Nigerian Court System in Resolving Disputes And How to Overcome Them,Challenges Facing the Nigerian Court System ;7 Critical Challenges Facing the Nigerian Court System in Resolving Disputes And How to Overcome Them...,https://chamanlawfirm.com/resources/blog/challenges-facing-the-nigerian-court-system,yes,yes via article template,no,recommended where legal risk stays low,none detected by automated scan,none detected,low automated risk,public,https://chamanlawfirm.com/challenges-facing-the-nigerian-court-system/ -> https://chamanlawfirm.com/resources/blog/challenges-facing-the-nigerian-court-system after live QA,Litigation and dispute resolution,blocked,yes - Nigerian legal education framing
https://chamanlawfirm.com/statute-of-limitations-on-debt-in-nigeria/,https://chamanlawfirm.com/resources/blog/statute-of-limitations-on-debt-in-nigeria,Empowering Insights: Understanding the Statute of Limitations on Debt in Nigeria: Unlock Success,reviewed; answer-first intro recommended where useful,Empowering Insights: Understanding the Statute of Limitations on Debt in Nigeria: Unlock Success,Empowering Insights: Understanding the Statute of Limitations on Debt in Nigeria: Unlock Success,Statute of Limitations on Debt in Nigeria The statute of limitations on debt is a crucial concept in the legal and financial landscape of Nigeria...,https://chamanlawfirm.com/resources/blog/statute-of-limitations-on-debt-in-nigeria,yes,yes via article template,no,recommended where legal risk stays low,none detected by automated scan,none detected,low automated risk,public,https://chamanlawfirm.com/statute-of-limitations-on-debt-in-nigeria/ -> https://chamanlawfirm.com/resources/blog/statute-of-limitations-on-debt-in-nigeria after live QA,Debt recovery and enforcement; Debt recovery; Financial Law,blocked,yes - Nigerian legal education framing
https://chamanlawfirm.com/is-foreign-marriage-under-the-nigerian-law/,https://chamanlawfirm.com/resources/blog/is-foreign-marriage-under-the-nigerian-law,HOW VALID IS FOREIGN MARRIAGE UNDER NIGERIAN LAW,reviewed; answer-first intro recommended where useful,HOW VALID IS FOREIGN MARRIAGE UNDER NIGERIAN LAW,HOW VALID IS FOREIGN MARRIAGE UNDER NIGERIAN LAW,"HOW VALID IS FOREIGN MARRIAGE UNDER THE NIGERIAN LAW, The customary procedure among Nigerians who reside abroad has been to..",https://chamanlawfirm.com/resources/blog/is-foreign-marriage-under-the-nigerian-law,yes,yes via article template,yes,recommended where legal risk stays low,none detected by automated scan,none detected,low automated risk,public,https://chamanlawfirm.com/is-foreign-marriage-under-the-nigerian-law/ -> https://chamanlawfirm.com/resources/blog/is-foreign-marriage-under-the-nigerian-law after live QA,"Family law and documentation; Family, marriage and divorce; Human Rights",candidate,yes - Nigerian legal education framing
https://chamanlawfirm.com/the-role-of-technology-in-nigerian-education/,https://chamanlawfirm.com/resources/blog/the-role-of-technology-in-nigerian-education,Learning: the Impact of Technology On Nigerian Education,reviewed; answer-first intro recommended where useful,Learning: the Impact of Technology On Nigerian Education,Revolutionizing Learning: The Powerful Impact Of Technology On Nigerian Education | Chaman Law Firm,Learn key Nigerian legal considerations on Revolutionizing Learning: The Powerful Impact Of Technology On Nigerian Education. Chaman Law Firm explains risk points and when to speak with a lawyer.,https://chamanlawfirm.com/resources/blog/the-role-of-technology-in-nigerian-education,yes,yes via article template,no,recommended where legal risk stays low,none detected by automated scan,none detected,low automated risk,hidden until approval,https://chamanlawfirm.com/the-role-of-technology-in-nigerian-education/ -> https://chamanlawfirm.com/resources/blog/the-role-of-technology-in-nigerian-education after live QA,General Legal Education,candidate,yes - Nigerian legal education framing
https://chamanlawfirm.com/taxation-of-sole-proprietorship/,https://chamanlawfirm.com/resources/blog/taxation-of-sole-proprietorship,Taxation of Sole Proprietorships in Nigeria,reviewed; answer-first intro recommended where useful,Taxation of Sole Proprietorships in Nigeria,Powerful Steps: Taxation of Sole Proprietorship,Explore taxation of sole proprietorships in Nigeria and stay compliant with Chaman Law Firm’s expert legal advice,https://chamanlawfirm.com/resources/blog/taxation-of-sole-proprietorship,yes,yes via article template,yes,recommended where legal risk stays low,none detected by automated scan,none detected,low automated risk,public,https://chamanlawfirm.com/taxation-of-sole-proprietorship/ -> https://chamanlawfirm.com/resources/blog/taxation-of-sole-proprietorship after live QA,Corporate & Commercial Law,blocked,yes - Nigerian legal education framing
https://chamanlawfirm.com/customary-vs-statutory-marriage-in-nigeria/,https://chamanlawfirm.com/resources/blog/customary-vs-statutory-marriage-in-nigeria,Customary vs Statutory Marriage in Nigeria,reviewed; answer-first intro recommended where useful,Customary vs Statutory Marriage in Nigeria,Powerful Steps:Customary vs Statutory Marriage in Nigeria,"Understand the key differences between Customary vs Statutory Marriage in Nigeria, including legal recognition, rights, and obligations.",https://chamanlawfirm.com/resources/blog/customary-vs-statutory-marriage-in-nigeria,needs enhancement,yes via article template,yes,recommended where legal risk stays low,none detected by automated scan,none detected,low automated risk,public,https://chamanlawfirm.com/customary-vs-statutory-marriage-in-nigeria/ -> https://chamanlawfirm.com/resources/blog/customary-vs-statutory-marriage-in-nigeria after live QA,Family Law,blocked,yes - Nigerian legal education framing
https://chamanlawfirm.com/powerful-steps-what-is-trespass-to-land-2/,https://chamanlawfirm.com/resources/blog/powerful-steps-what-is-trespass-to-land-2,What is Trespass to Land,reviewed; answer-first intro recommended where useful,What is Trespass to Land,Powerful Steps: What is Trespass to Land | Chaman Law Firm,"Learn What is Trespass to Land means, including its legal definition, examples, consequences, and remedies available under Nigerian property law.",https://chamanlawfirm.com/resources/blog/powerful-steps-what-is-trespass-to-land-2,yes,yes via article template,yes,recommended where legal risk stays low,none detected by automated scan,none detected,low automated risk,public,https://chamanlawfirm.com/powerful-steps-what-is-trespass-to-land-2/ -> https://chamanlawfirm.com/resources/blog/powerful-steps-what-is-trespass-to-land-2 after live QA,Land disputes and trespass; Other legal/general information,blocked,yes - Nigerian legal education framing
https://chamanlawfirm.com/duties-of-correctional-institutions-in-nigeria/,https://chamanlawfirm.com/resources/blog/duties-of-correctional-institutions-in-nigeria,What Are the Duties of Correctional Institutions In Nigeria?,reviewed; answer-first intro recommended where useful,What Are the Duties of Correctional Institutions In Nigeria?,What Are The Duties Of Correctional Institutions In Nigeria? | Chaman Law Firm,Learn key Nigerian legal considerations on What Are The Duties Of Correctional Institutions In Nigeria?. Chaman Law Firm explains risk points and when to speak with a lawyer.,https://chamanlawfirm.com/resources/blog/duties-of-correctional-institutions-in-nigeria,yes,yes via article template,no,recommended where legal risk stays low,none detected by automated scan,none detected,low automated risk,hidden until approval,https://chamanlawfirm.com/duties-of-correctional-institutions-in-nigeria/ -> https://chamanlawfirm.com/resources/blog/duties-of-correctional-institutions-in-nigeria after live QA,General Legal Education,blocked,yes - Nigerian legal education framing
https://chamanlawfirm.com/the-duties-of-lawyers-to-client/,https://chamanlawfirm.com/resources/blog/the-duties-of-lawyers-to-client,Duties of Lawyers to Clients in Nigeria,reviewed; answer-first intro recommended where useful,Duties of Lawyers to Clients in Nigeria,Duties of Lawyers to Clients in Nigeria | Chaman Law Firm,"Understand key professional duties lawyers owe clients in Nigeria, including confidentiality, competence, communication, and ethical representation.",https://chamanlawfirm.com/resources/blog/the-duties-of-lawyers-to-client,yes,yes via article template,yes,recommended where legal risk stays low,none detected by automated scan,none detected,low automated risk,public,https://chamanlawfirm.com/the-duties-of-lawyers-to-client/ -> https://chamanlawfirm.com/resources/blog/the-duties-of-lawyers-to-client after live QA,Professional ethics and client service; Other legal/general information,candidate,yes - Nigerian legal education framing
https://chamanlawfirm.com/how-to-secure-child-support-and-maintenance/,https://chamanlawfirm.com/resources/blog/how-to-secure-child-support-and-maintenance,How to Secure Child Support and Maintenance in Nigeria,reviewed; answer-first intro recommended where useful,How to Secure Child Support and Maintenance in Nigeria,Powerful Steps: How to Secure Child Support and Maintenance,"Discover how to secure child support and maintenance in Nigeria, including court procedures, parental duties, and help from Chaman Law Firm.",https://chamanlawfirm.com/resources/blog/how-to-secure-child-support-and-maintenance,needs enhancement,yes via article template,yes,recommended where legal risk stays low,none detected by automated scan,none detected,low automated risk,public,https://chamanlawfirm.com/how-to-secure-child-support-and-maintenance/ -> https://chamanlawfirm.com/resources/blog/how-to-secure-child-support-and-maintenance after live QA,Family Law,blocked,yes - Nigerian legal education framing
https://chamanlawfirm.com/to-apply-for-and-get-certificate-of-occupancy/,https://chamanlawfirm.com/resources/blog/to-apply-for-and-get-certificate-of-occupancy,How to Apply For and Obtain a Certificate of Occupancy in Nigeria,reviewed; answer-first intro recommended where useful,How to Apply For and Obtain a Certificate of Occupancy in Nigeria,Proven Steps: To Apply for and get Certificate of Occupancy,"Learn howto Apply for and get Certificate of Occupancy in FCT Abuja, Nigeria, including required documents, procedures, and legal guidelines.",https://chamanlawfirm.com/resources/blog/to-apply-for-and-get-certificate-of-occupancy,needs enhancement,yes via article template,yes,recommended where legal risk stays low,none detected by automated scan,none detected,low automated risk,public,https://chamanlawfirm.com/to-apply-for-and-get-certificate-of-occupancy/ -> https://chamanlawfirm.com/resources/blog/to-apply-for-and-get-certificate-of-occupancy after live QA,Property And Real Estate Law,blocked,yes - Nigerian legal education framing
https://chamanlawfirm.com/stamping-and-up-stamping-of-a-mortgage-document/,https://chamanlawfirm.com/resources/blog/stamping-and-up-stamping-of-a-mortgage-document,What Is Stamping and Up-Stamping of A Mortgage Document,reviewed; answer-first intro recommended where useful,What Is Stamping and Up-Stamping of A Mortgage Document,Stamping and Up-Stamping of Mortgage Documents,"Learn how mortgage stamping and up-stamping work in Nigeria, applicable duty, further advances, required documents, registration, penalties, and legal effects.",https://chamanlawfirm.com/resources/blog/stamping-and-up-stamping-of-a-mortgage-document,needs enhancement,yes via article template,yes,recommended where legal risk stays low,none detected by automated scan,review,review redirect conflict,hidden until approval,keep existing /practice-areas/property-real-estate-law/mortgage-document-review,Notary Public,blocked,yes - Nigerian legal education framing
https://chamanlawfirm.com/dissolution-of-marriage-under-the-nigeria-law/,https://chamanlawfirm.com/resources/blog/dissolution-of-marriage-under-the-nigeria-law,Ground for Dissolution of Marriage Under the Nigeria Law,reviewed; answer-first intro recommended where useful,Ground for Dissolution of Marriage Under the Nigeria Law,Powerful Step: Dissolution of Marriage Under the Nigeria Law,"Explore the grounds for Dissolution of Marriage Under the Nigeria Law, including legal reasons, court processes, and rights of the parties involved.",https://chamanlawfirm.com/resources/blog/dissolution-of-marriage-under-the-nigeria-law,yes,yes via article template,no,recommended where legal risk stays low,none detected by automated scan,none detected,low automated risk,public,https://chamanlawfirm.com/dissolution-of-marriage-under-the-nigeria-law/ -> https://chamanlawfirm.com/resources/blog/dissolution-of-marriage-under-the-nigeria-law after live QA,"Family law and documentation; Family, marriage and divorce",blocked,yes - Nigerian legal education framing
https://chamanlawfirm.com/family-property-and-right-of-individual-member-in-family-property/,https://chamanlawfirm.com/resources/blog/family-property-and-right-of-individual-member-in-family-property,FAMILY PROPERTY AND THE RIGHTS OF INDIVIDUAL MEMBER,reviewed; answer-first intro recommended where useful,FAMILY PROPERTY AND THE RIGHTS OF INDIVIDUAL MEMBER,FAMILY PROPERTY AND THE RIGHTS OF INDIVIDUAL MEMBER,"FAMILY PROPERTY AND RIGHTS OF INDIVIDUAL MEMBER IN FAMILY PROPERTY Family property is that property vested in a group of persons i.e family members, which is meant for the use and enjoyment of the family as a whole wh...",https://chamanlawfirm.com/resources/blog/family-property-and-right-of-individual-member-in-family-property,yes,yes via article template,no,recommended where legal risk stays low,none detected by automated scan,none detected,low automated risk,public,https://chamanlawfirm.com/family-property-and-right-of-individual-member-in-family-property/ -> https://chamanlawfirm.com/resources/blog/family-property-and-right-of-individual-member-in-family-property after live QA,Family property and inheritance; Other legal/general information,candidate,yes - Nigerian legal education framing
https://chamanlawfirm.com/annulment-of-marriage-under-the-nigerian-law/,https://chamanlawfirm.com/resources/blog/annulment-of-marriage-under-the-nigerian-law,Annulment of Marriage Under Nigerian Law: 5 Essential Insights for Positive Legal Clarity,reviewed; answer-first intro recommended where useful,Annulment of Marriage Under Nigerian Law: 5 Essential Insights for Positive Legal Clarity,Annulment of Marriage Under Nigerian Law: 5 Essential Insights for Positive Legal Clarity,Introduction ANNULMENT OF MARRIAGE UNDER THE NIGERIAN LAW An annulment of marriage is a procedure used in Nigeria where a party to a Statutory marriage tries to entirely void the union on the grounds that it is void o...,https://chamanlawfirm.com/resources/blog/annulment-of-marriage-under-the-nigerian-law,yes,yes via article template,yes,recommended where legal risk stays low,none detected by automated scan,none detected,low automated risk,public,https://chamanlawfirm.com/annulment-of-marriage-under-the-nigerian-law/ -> https://chamanlawfirm.com/resources/blog/annulment-of-marriage-under-the-nigerian-law after live QA,"Family law and documentation; Family, marriage and divorce",candidate,yes - Nigerian legal education framing
https://chamanlawfirm.com/the-nigerian-legal-system/,https://chamanlawfirm.com/resources/blog/the-nigerian-legal-system,The Strengths and Weaknesses of the Nigerian Legal System,reviewed; answer-first intro recommended where useful,The Strengths and Weaknesses of the Nigerian Legal System,Cracking The Code: The Hidden Strengths And Weaknesses Of The Nigerian Legal System | Chaman Law Firm,Learn key Nigerian legal considerations on Cracking The Code: The Hidden Strengths And Weaknesses Of The Nigerian Legal System. Chaman Law Firm explains risk points and when to speak with a lawyer.,https://chamanlawfirm.com/resources/blog/the-nigerian-legal-system,yes,yes via article template,yes,recommended where legal risk stays low,none detected by automated scan,none detected,low automated risk,public,https://chamanlawfirm.com/the-nigerian-legal-system/ -> https://chamanlawfirm.com/resources/blog/the-nigerian-legal-system after live QA,Litigation and Dispute Resolution,blocked,yes - Nigerian legal education framing
https://chamanlawfirm.com/what-are-rights-of-women-to-inheritance-in-nigeria/,https://chamanlawfirm.com/resources/blog/what-are-rights-of-women-to-inheritance-in-nigeria,WHAT ARE RIGHTS OF WOMEN TO INHERITANCE IN NIGERIA,reviewed; answer-first intro recommended where useful,WHAT ARE RIGHTS OF WOMEN TO INHERITANCE IN NIGERIA,WHAT ARE RIGHTS OF WOMEN TO INHERITANCE IN NIGERIA,"WHAT ARE RIGHTS OF WOMEN TO INHERITANCE IN NIGERIA This will be considergb(255, 0, 0) in two spheres: A woman as a daughter and a woman as a widow. The woman as a daughter: In most tribes in Nigeria, the female daught...",https://chamanlawfirm.com/resources/blog/what-are-rights-of-women-to-inheritance-in-nigeria,yes,yes via article template,no,recommended where legal risk stays low,none detected by automated scan,none detected,low automated risk,public,https://chamanlawfirm.com/what-are-rights-of-women-to-inheritance-in-nigeria/ -> https://chamanlawfirm.com/resources/blog/what-are-rights-of-women-to-inheritance-in-nigeria after live QA,"Probate and inheritance; Probate, wills and inheritance; Family and Estate Law",candidate,yes - Nigerian legal education framing
https://chamanlawfirm.com/communal-land-and-family-land/,https://chamanlawfirm.com/resources/blog/communal-land-and-family-land,WHAT ARE THE DIFFERENCES BETWEEN COMMUNAL LAND AND FAMILY LAND,reviewed; answer-first intro recommended where useful,WHAT ARE THE DIFFERENCES BETWEEN COMMUNAL LAND AND FAMILY LAND,Communal and Family Land: The 5 Key Differences Between Them,"Basically, communal land is land that is collectively own by member of a particular community, but family land is owe by member of a family.",https://chamanlawfirm.com/resources/blog/communal-land-and-family-land,yes,yes via article template,no,recommended where legal risk stays low,none detected by automated scan,none detected,low automated risk,public,https://chamanlawfirm.com/communal-land-and-family-land/ -> https://chamanlawfirm.com/resources/blog/communal-land-and-family-land after live QA,Family and communal land; Other legal/general information; Real Estate & Property Law,candidate,yes - Nigerian legal education framing
https://chamanlawfirm.com/land-ownership-disputes-in-nigeria/,https://chamanlawfirm.com/resources/blog/land-ownership-disputes-in-nigeria,The Role of Courts in Resolving Land Ownership Disputes in Nigeria: Legal Insights and Case Studies,reviewed; answer-first intro recommended where useful,The Role of Courts in Resolving Land Ownership Disputes in Nigeria: Legal Insights and Case Studies,Courts and Land Ownership Disputes in Nigeria,"Learn how Nigerian courts resolve land ownership disputes, determine title claims, handle boundary conflicts, and protect property rights.",https://chamanlawfirm.com/resources/blog/land-ownership-disputes-in-nigeria,yes,yes via article template,yes,recommended where legal risk stays low,none detected by automated scan,review,low automated risk,public,https://chamanlawfirm.com/land-ownership-disputes-in-nigeria/ -> https://chamanlawfirm.com/resources/blog/land-ownership-disputes-in-nigeria after live QA,Land disputes and trespass; Other legal/general information; Real Estate & Property Law,blocked,yes - Nigerian legal education framing
https://chamanlawfirm.com/overview-of-the-concept-recovery-of-premises/,https://chamanlawfirm.com/resources/blog/overview-of-the-concept-recovery-of-premises,Overview of the Concept Recovery of Premises in Lagos State,reviewed; answer-first intro recommended where useful,Overview of the Concept Recovery of Premises in Lagos State,Powerful Steps: Overview of the Concept Recovery of Premises,"Get an Overview of the Concept Recovery of Premises in Lagos State, covering legal processes, tenant eviction, and landlord rights under the law.",https://chamanlawfirm.com/resources/blog/overview-of-the-concept-recovery-of-premises,yes,yes via article template,no,recommended where legal risk stays low,none detected by automated scan,none detected,review redirect conflict,hidden until approval,keep existing /practice-areas/property-real-estate-law,Property litigation and tenancy disputes; Debt recovery,blocked,yes - Nigerian legal education framing
https://chamanlawfirm.com/how-do-i-legally-evict-a-tenant-in-ogun-state/,https://chamanlawfirm.com/resources/blog/how-do-i-legally-evict-a-tenant-in-ogun-state,How Do I Legally Evict a Tenant in Ogun State?,reviewed; answer-first intro recommended where useful,How Do I Legally Evict a Tenant in Ogun State?,How Do I Legally Evict a Tenant in Ogun State?,"Learn the legal process for evicting a tenant in Ogun State, including notices, court procedures, rent arrears recovery, mesne profits, and landlord rights.",https://www.chamanlawfirm.com/blog/how-do-i-legally-evict-a-tenant-in-ogun-state,needs enhancement,yes via article template,yes,recommended where legal risk stays low,none detected by automated scan,review,review redirect conflict,hidden until approval,keep existing /practice-areas/property-real-estate-law,"Property and tenancy law; Tenancy, landlord and eviction",blocked,yes - Nigerian legal education framing
https://chamanlawfirm.com/types-of-land-registration-in-nigeria/,https://chamanlawfirm.com/resources/blog/types-of-land-registration-in-nigeria,Types of Land Registration in Nigeria,reviewed; answer-first intro recommended where useful,Types of Land Registration in Nigeria,Powerful Steps: Types of Land Registration in Nigeria,"the Types of Land Registration in Nigeria, highlighting processes, legal frameworks, and benefits of proper land documentation and ownership.",https://chamanlawfirm.com/resources/blog/types-of-land-registration-in-nigeria,yes,yes via article template,no,recommended where legal risk stays low,none detected by automated scan,review,low automated risk,public,https://chamanlawfirm.com/types-of-land-registration-in-nigeria/ -> https://chamanlawfirm.com/resources/blog/types-of-land-registration-in-nigeria after live QA,"Property title and perfection; Land ownership, title and registration",blocked,yes - Nigerian legal education framing
https://chamanlawfirm.com/land-grabbing-the-legal-consequences-of/,https://chamanlawfirm.com/resources/blog/land-grabbing-the-legal-consequences-of,Severe Repercussions of Land Grabbing in Nigeria: What Property Owners Must Know,reviewed; answer-first intro recommended where useful,Severe Repercussions of Land Grabbing in Nigeria: What Property Owners Must Know,Severe Repercussions of Land Grabbing in Nigeria: What Property Owners Must Know,The Legal Consequences of Land Grabbing in Nigeria: What Property Owners Must Know...,https://chamanlawfirm.com/resources/blog/land-grabbing-the-legal-consequences-of,yes,yes via article template,no,recommended where legal risk stays low,none detected by automated scan,none detected,review redirect conflict,hidden until approval,keep existing /practice-areas/property-real-estate-law,Property And Real Estate Law; Land disputes and trespass,candidate,yes - Nigerian legal education framing
https://chamanlawfirm.com/what-to-know-about-company-resolution/,https://chamanlawfirm.com/resources/blog/what-to-know-about-company-resolution,What to Know About Company Resolution,reviewed; answer-first intro recommended where useful,What to Know About Company Resolution,Powerful Steps: What to Know About Company Resolution,"key aspects What to Know About Company Resolutions, their types, procedures, and legal significance in corporate governance under Nigerian law.",https://chamanlawfirm.com/resources/blog/what-to-know-about-company-resolution,yes,yes via article template,no,recommended where legal risk stays low,none detected by automated scan,review,low automated risk,public,https://chamanlawfirm.com/what-to-know-about-company-resolution/ -> https://chamanlawfirm.com/resources/blog/what-to-know-about-company-resolution after live QA,Corporate & Commercial Law; Other legal/general information; Corporate & Commercial Law,blocked,yes - Nigerian legal education framing
https://chamanlawfirm.com/powerful-steps-sources-of-tax-law-in-nigeria/,https://chamanlawfirm.com/resources/blog/powerful-steps-sources-of-tax-law-in-nigeria,Powerful Steps Sources Of Tax Law In Nigeria,reviewed; answer-first intro recommended where useful,Powerful Steps Sources Of Tax Law In Nigeria,Powerful Steps: Sources of Tax Law in Nigeria,Understanding Sources of Tax Law in Nigeria can be divided into primary and secondary sources.,https://chamanlawfirm.com/resources/blog/powerful-steps-sources-of-tax-law-in-nigeria,needs enhancement,yes via article template,yes,recommended where legal risk stays low,none detected by automated scan,none detected,review redirect conflict,hidden until approval,keep existing /practice-areas/corporate-commercial-law,Corporate & Commercial Law,blocked,yes - Nigerian legal education framing
https://chamanlawfirm.com/what-is-the-process-of-land-acquisition/,https://chamanlawfirm.com/resources/blog/what-is-the-process-of-land-acquisition,What is the Process of Land Acquisition in Nigeria?,reviewed; answer-first intro recommended where useful,What is the Process of Land Acquisition in Nigeria?,Powerful Steps: What is the Process of Land Acquisition,"What is the Process of Land Acquisition in Nigeria, including legal steps, documentation, and key government agencies involved in the transaction",https://chamanlawfirm.com/resources/blog/what-is-the-process-of-land-acquisition,yes,yes via article template,no,recommended where legal risk stays low,none detected by automated scan,none detected,low automated risk,public,https://chamanlawfirm.com/what-is-the-process-of-land-acquisition/ -> https://chamanlawfirm.com/resources/blog/what-is-the-process-of-land-acquisition after live QA,Property title and perfection; Other legal/general information,blocked,yes - Nigerian legal education framing
https://chamanlawfirm.com/the-role-of-family-court-in-relation-to-child-protect-in-nigeria/,https://chamanlawfirm.com/resources/blog/the-role-of-family-court-in-relation-to-child-protect-in-nigeria,THE ROLE OF FAMILY COURT IN RELATION TO CHILD PROTECTION IN NIGERIA,reviewed; answer-first intro recommended where useful,THE ROLE OF FAMILY COURT IN RELATION TO CHILD PROTECTION IN NIGERIA,THE ROLE OF FAMILY COURT IN RELATION TO CHILD PROTECTION IN NIGERIA,THE ROLE OF FAMILY COURT IN RELATION TO CHILD PROTECTION IN NIGERIA The Family Court is a special court designed to deal with legal problems involving children. The Court emerged for the purposes of hearing and determ...,https://chamanlawfirm.com/resources/blog/the-role-of-family-court-in-relation-to-child-protect-in-nigeria,yes,yes via article template,no,recommended where legal risk stays low,none detected by automated scan,none detected,low automated risk,public,https://chamanlawfirm.com/the-role-of-family-court-in-relation-to-child-protect-in-nigeria/ -> https://chamanlawfirm.com/resources/blog/the-role-of-family-court-in-relation-to-child-protect-in-nigeria after live QA,Family Law; Family litigation and child protection,blocked,yes - Nigerian legal education framing
https://chamanlawfirm.com/cost-of-building-approval-chaman-law-firm/,https://chamanlawfirm.com/resources/blog/cost-of-building-approval-chaman-law-firm,What is the Cost of Building Approval in Ogun State?,reviewed; answer-first intro recommended where useful,What is the Cost of Building Approval in Ogun State?,Powerful Steps: Cost of Building Approval / Chaman Law Firm,Cost of building approval in Ogun? Find out the estimated cost of obtaining building approval and other costs that influence total expenses.,https://chamanlawfirm.com/resources/blog/cost-of-building-approval-chaman-law-firm,yes,yes via article template,no,recommended where legal risk stays low,none detected by automated scan,none detected,review redirect conflict,hidden until approval,keep existing /practice-areas/property-real-estate-law,Property development compliance; Other legal/general information,blocked,yes - Nigerian legal education framing
https://chamanlawfirm.com/complete-guide-to-probate-registry-in-lagos/,https://chamanlawfirm.com/resources/blog/complete-guide-to-probate-registry-in-lagos,Complete Guide to the Probate Registry in Lagos,reviewed; answer-first intro recommended where useful,Complete Guide to the Probate Registry in Lagos,Powerful Steps: Complete Guide to Probate Registry in Lagos,"the Complete Guide to Probate Registry in Lagos, covering application process, documents, timelines, and support from Chaman Law Firm.",https://chamanlawfirm.com/resources/blog/complete-guide-to-probate-registry-in-lagos,needs enhancement,yes via article template,yes,recommended where legal risk stays low,none detected by automated scan,none detected,low automated risk,public,https://chamanlawfirm.com/complete-guide-to-probate-registry-in-lagos/ -> https://chamanlawfirm.com/resources/blog/complete-guide-to-probate-registry-in-lagos after live QA,Probate Estate Administration,candidate,yes - Nigerian legal education framing
https://chamanlawfirm.com/property-how-to-place-a-caveat/,https://chamanlawfirm.com/resources/blog/property-how-to-place-a-caveat,Property How To Place A Caveat,reviewed; answer-first intro recommended where useful,Property How To Place A Caveat,Property How To Place A Caveat,"Secure Your Property Rights; How to Place a Caveat on a Property in Ogun State, Nigeria",https://chamanlawfirm.com/resources/blog/property-how-to-place-a-caveat,yes,yes via article template,yes,recommended where legal risk stays low,none detected by automated scan,none detected,review redirect conflict,hidden until approval,keep existing /practice-areas/property-real-estate-law,Property And Real Estate Law; Property title and perfection,candidate,yes - Nigerian legal education framing
https://chamanlawfirm.com/how-to-calculate-stamp-duty-chaman-law-firm/,https://chamanlawfirm.com/resources/blog/how-to-calculate-stamp-duty-chaman-law-firm,How to calculate stamp duty for property transactions in Ogun?,reviewed; answer-first intro recommended where useful,How to calculate stamp duty for property transactions in Ogun?,Powerful Steps: How to calculate stamp duty /Chaman Law Firm,"How to calculate stamp duty in Ogun - Learn the applicable rates for property transactions, the property value basis, and who pays what - Chaman",https://chamanlawfirm.com/resources/blog/how-to-calculate-stamp-duty-chaman-law-firm,yes,yes via article template,no,recommended where legal risk stays low,none detected by automated scan,none detected,low automated risk,public,https://chamanlawfirm.com/how-to-calculate-stamp-duty-chaman-law-firm/ -> https://chamanlawfirm.com/resources/blog/how-to-calculate-stamp-duty-chaman-law-firm after live QA,Property And Real Estate Law; Property finance and stamp duties,blocked,yes - Nigerian legal education framing
https://chamanlawfirm.com/nigeria-prohibited-items-list/,https://chamanlawfirm.com/resources/blog/nigeria-prohibited-items-list,Truths Behind Nigeria'S Prohibited Items List; What You Must Know!,reviewed; answer-first intro recommended where useful,Truths Behind Nigeria'S Prohibited Items List; What You Must Know!,Shocking Truths Behind Nigeria'S Prohibited Items List; What You Must Know! | Chaman Law Firm,Learn key Nigerian legal considerations on Shocking Truths Behind Nigeria'S Prohibited Items List; What You Must Know!. Chaman Law Firm explains risk points and when to speak with a lawyer.,https://chamanlawfirm.com/resources/blog/nigeria-prohibited-items-list,yes,yes via article template,no,recommended where legal risk stays low,none detected by automated scan,none detected,low automated risk,hidden until approval,https://chamanlawfirm.com/nigeria-prohibited-items-list/ -> https://chamanlawfirm.com/resources/blog/nigeria-prohibited-items-list after live QA,General Legal Education,blocked,yes - Nigerian legal education framing
https://chamanlawfirm.com/can-a-landlord-increase-rent-arbitrarily-in-ogun/,https://chamanlawfirm.com/resources/blog/can-a-landlord-increase-rent-arbitrarily-in-ogun,Can A Landlord Increase Rent Arbitrarily In Ogun,reviewed; answer-first intro recommended where useful,Can A Landlord Increase Rent Arbitrarily In Ogun,Powerful Steps: Can a Landlord Increase Rent Arbitrarily,Increase Rent Arbitrarily - Learn when and how rent can be increased lawfully and what tenants can do if they believe a rent hike is unfair in Ogun,https://chamanlawfirm.com/resources/blog/can-a-landlord-increase-rent-arbitrarily-in-ogun,yes,yes via article template,yes,recommended where legal risk stays low,none detected by automated scan,none detected,review redirect conflict,hidden until approval,keep existing /practice-areas/property-real-estate-law,"Property and tenancy law; Tenancy, landlord and eviction",blocked,yes - Nigerian legal education framing
https://chamanlawfirm.com/how-to-legally-sublet-a-property-in-nigeria/,https://chamanlawfirm.com/resources/blog/how-to-legally-sublet-a-property-in-nigeria,How to Legally Sublet a Property in Nigeria: 7 Step-by-Step Guide,reviewed; answer-first intro recommended where useful,How to Legally Sublet a Property in Nigeria: 7 Step-by-Step Guide,Powerful Ways on How to Legally Sublet a Property in Nigeria,"Chaman Law Firm offers on how to legally sublet a property in Nigeria, ensuring compliance, secure agreements, and protection of your rights",https://chamanlawfirm.com/resources/blog/how-to-legally-sublet-a-property-in-nigeria,yes,yes via article template,no,recommended where legal risk stays low,none detected by automated scan,none detected,low automated risk,public,https://chamanlawfirm.com/how-to-legally-sublet-a-property-in-nigeria/ -> https://chamanlawfirm.com/resources/blog/how-to-legally-sublet-a-property-in-nigeria after live QA,Property and tenancy law; Other legal/general information,blocked,yes - Nigerian legal education framing
https://chamanlawfirm.com/enforcing-fundamental-human-right/,https://chamanlawfirm.com/resources/blog/enforcing-fundamental-human-right,Fundamental Human Right; What Are the Procedures For Enforcing Fundamental Human Right?,reviewed; answer-first intro recommended where useful,Fundamental Human Right; What Are the Procedures For Enforcing Fundamental Human Right?,FUNDAMENTAL HUMAN RIGHT; WHAT ARE THE PROCEDURES FOR ENFORCING FUNDAMENTAL HUMAN RIGHT? | Chaman Law Firm,Learn key Nigerian legal considerations on FUNDAMENTAL HUMAN RIGHT; WHAT ARE THE PROCEDURES FOR ENFORCING FUNDAMENTAL HUMAN RIGHT?. Chaman Law Firm explains risk points and when to speak with a lawyer.,https://chamanlawfirm.com/resources/blog/enforcing-fundamental-human-right,yes,yes via article template,no,recommended where legal risk stays low,none detected by automated scan,none detected,review redirect conflict,hidden until approval,keep existing /practice-areas/litigation-dispute-resolution/fundamental-rights-enforcement,General Legal Education,blocked,yes - Nigerian legal education framing
https://chamanlawfirm.com/revocation-of-power-of-attorney/,https://chamanlawfirm.com/resources/blog/revocation-of-power-of-attorney,REVOCATION OF POWER OF ATTORNEY,reviewed; answer-first intro recommended where useful,REVOCATION OF POWER OF ATTORNEY,REVOCATION OF POWER OF ATTORNEY | Chaman Law Firm,Learn key Nigerian legal considerations on REVOCATION OF POWER OF ATTORNEY. Chaman Law Firm explains risk points and when to speak with a lawyer.,https://chamanlawfirm.com/resources/blog/revocation-of-power-of-attorney,yes,yes via article template,yes,recommended where legal risk stays low,none detected by automated scan,none detected,low automated risk,public,https://chamanlawfirm.com/revocation-of-power-of-attorney/ -> https://chamanlawfirm.com/resources/blog/revocation-of-power-of-attorney after live QA,Notary Public,candidate,yes - Nigerian legal education framing
https://chamanlawfirm.com/what-governs-contract-in-nigeria/,https://chamanlawfirm.com/resources/blog/what-governs-contract-in-nigeria,What Governs Contracts in Nigeria?,reviewed; answer-first intro recommended where useful,What Governs Contracts in Nigeria?,Proven Steps on What Governs Contract in Nigeria?,"Chaman Law Firm explains what governs contract in Nigeria? ensuring compliance, clarity, and protection in business agreements",https://chamanlawfirm.com/resources/blog/what-governs-contract-in-nigeria,needs enhancement,yes via article template,yes,recommended where legal risk stays low,none detected by automated scan,none detected,low automated risk,public,https://chamanlawfirm.com/what-governs-contract-in-nigeria/ -> https://chamanlawfirm.com/resources/blog/what-governs-contract-in-nigeria after live QA,Corporate & Commercial Law,candidate,yes - Nigerian legal education framing
https://chamanlawfirm.com/documents-apostilled-in-nigeria/,https://chamanlawfirm.com/resources/blog/documents-apostilled-in-nigeria,Documents Apostilled In Nigeria,not ready,Documents Apostilled In Nigeria,requires preservation or rewrite,requires preservation or rewrite,https://chamanlawfirm.com/resources/blog/documents-apostilled-in-nigeria,needs enhancement,yes via article template,no,recommended where legal risk stays low,none detected by automated scan,none detected,review redirect conflict,hidden until approval,keep existing /practice-areas/notary-public-services/apostille-and-document-legalization,needs review,blocked,yes - Nigerian legal education framing
https://chamanlawfirm.com/obtaining-governor-consent-for-land-transactions/,https://chamanlawfirm.com/resources/blog/obtaining-governor-consent-for-land-transactions,Obtaining Governor's Consent for Land Transactions in Nigeria,reviewed; answer-first intro recommended where useful,Obtaining Governor's Consent for Land Transactions in Nigeria,Obtaining Governor Consent for Land Transactions,"Chaman Law Firm explains Obtaining Governor Consent for land transactions in Nigeria, ensuring, security, and protection in property ownership.",https://chamanlawfirm.com/resources/blog/obtaining-governor-consent-for-land-transactions,yes,yes via article template,yes,recommended where legal risk stays low,none detected by automated scan,none detected,low automated risk,public,https://chamanlawfirm.com/obtaining-governor-consent-for-land-transactions/ -> https://chamanlawfirm.com/resources/blog/obtaining-governor-consent-for-land-transactions after live QA,Property And Real Estate Law,blocked,yes - Nigerian legal education framing
https://chamanlawfirm.com/rights-of-a-property-owner-in-nigeria/,https://chamanlawfirm.com/resources/blog/rights-of-a-property-owner-in-nigeria,Your Rights As A Property Owner In Nigeria: What the Law Says,reviewed; answer-first intro recommended where useful,Your Rights As A Property Owner In Nigeria: What the Law Says,Your Rights As A Property Owner In Nigeria: What The Law Says | Chaman Law Firm,Learn key Nigerian legal considerations on Your Rights As A Property Owner In Nigeria: What The Law Says. Chaman Law Firm explains risk points and when to speak with a lawyer.,https://chamanlawfirm.com/resources/blog/rights-of-a-property-owner-in-nigeria,yes,yes via article template,yes,recommended where legal risk stays low,none detected by automated scan,review,review redirect conflict,hidden until approval,keep existing /practice-areas/property-real-estate-law/property-owner-rights,Probate Estate Administration,blocked,yes - Nigerian legal education framing
https://chamanlawfirm.com/deed-of-assignment-in-nigeria/,https://chamanlawfirm.com/resources/blog/deed-of-assignment-in-nigeria,Deed Of Assignment In Nigeria,reviewed; answer-first intro recommended where useful,Deed Of Assignment In Nigeria,deed of assignment best registration procedures,THE STEPS FOR REGISTRATION OF DEED OF ASSIGNMENT IN NIGERIA The consent of the Governor is important before...,https://chamanlawfirm.com/resources/blog/deed-of-assignment-in-nigeria,yes,yes via article template,yes,recommended where legal risk stays low,none detected by automated scan,none detected,review redirect conflict,hidden until approval,keep existing /practice-areas/property-real-estate-law,Probate Estate Administration,candidate,yes - Nigerian legal education framing
https://chamanlawfirm.com/the-land-use-and-allocation-committee-luac/,https://chamanlawfirm.com/resources/blog/the-land-use-and-allocation-committee-luac,The Land Use and Allocation Committee (LUAC) in Nigeria,reviewed; answer-first intro recommended where useful,The Land Use and Allocation Committee (LUAC) in Nigeria,The Land Use and Allocation Committee (LUAC) in Nigeria,What is the Land Use and Allocation Committee (LUAC) in Nigeria? Introduction The Land Use and Allocation Committee (LUAC) is a crucial component of land management and allocation in Nigeria. This comprehensive guide o,https://chamanlawfirm.com/resources/blog/the-land-use-and-allocation-committee-luac,yes,yes via article template,yes,recommended where legal risk stays low,none detected by automated scan,none detected,low automated risk,public,https://chamanlawfirm.com/the-land-use-and-allocation-committee-luac/ -> https://chamanlawfirm.com/resources/blog/the-land-use-and-allocation-committee-luac after live QA,Property And Real Estate Law,candidate,yes - Nigerian legal education framing
https://chamanlawfirm.com/the-concept-of-restitution-of-conjugal-rights/,https://chamanlawfirm.com/resources/blog/the-concept-of-restitution-of-conjugal-rights,The Concept of Restitution of Conjugal Rights,reviewed; answer-first intro recommended where useful,The Concept of Restitution of Conjugal Rights,The Concept Of Restitution Of Conjugal Rights | Chaman Law Firm,Learn key Nigerian legal considerations on The Concept Of Restitution Of Conjugal Rights. Chaman Law Firm explains risk points and when to speak with a lawyer.,https://chamanlawfirm.com/resources/blog/the-concept-of-restitution-of-conjugal-rights,yes,yes via article template,no,recommended where legal risk stays low,none detected by automated scan,none detected,low automated risk,hidden until approval,https://chamanlawfirm.com/the-concept-of-restitution-of-conjugal-rights/ -> https://chamanlawfirm.com/resources/blog/the-concept-of-restitution-of-conjugal-rights after live QA,General Legal Education,candidate,yes - Nigerian legal education framing
https://chamanlawfirm.com/5-lis-pendens-understanding-the-doctrine/,https://chamanlawfirm.com/resources/blog/5-lis-pendens-understanding-the-doctrine,5 Critical Insights Into The Doctrine Of Lis Pendens In Real Estate Transactions; Legal Implications And Protection,reviewed; answer-first intro recommended where useful,5 Critical Insights Into The Doctrine Of Lis Pendens In Real Estate Transactions; Legal Implications And Protection,5 Critical Insights Into The Doctrine Of Lis Pendens In Real Estate Transactions; Legal Implications And Protection | Chaman Law Firm,Learn key Nigerian legal considerations on 5 Critical Insights Into The Doctrine Of Lis Pendens In Real Estate Transactions; Legal Implications And Protection. Chaman Law Firm explains risk points and when to speak with a lawyer.,https://chamanlawfirm.com/resources/blog/5-lis-pendens-understanding-the-doctrine,yes,yes via article template,no,recommended where legal risk stays low,none detected by automated scan,none detected,low automated risk,hidden until approval,https://chamanlawfirm.com/5-lis-pendens-understanding-the-doctrine/ -> https://chamanlawfirm.com/resources/blog/5-lis-pendens-understanding-the-doctrine after live QA,General Legal Education,blocked,yes - Nigerian legal education framing
https://chamanlawfirm.com/legal-implications-of-joint-property/,https://chamanlawfirm.com/resources/blog/legal-implications-of-joint-property,The Legal Implications of Joint Property Ownership In Nigeria,reviewed; answer-first intro recommended where useful,The Legal Implications of Joint Property Ownership In Nigeria,The Critical Legal Implications Of Joint Property Ownership In Nigeria | Chaman Law Firm,Legal Implications Of Joint Property Joint ownership implies that two or more individuals share ownership rights over the same property. The implication is that...,https://chamanlawfirm.com/resources/blog/legal-implications-of-joint-property,yes,yes via article template,no,recommended where legal risk stays low,none detected by automated scan,none detected,review redirect conflict,hidden until approval,keep existing /practice-areas/property-real-estate-law/legal-implications-of-joint-property,Probate Estate Administration,blocked,yes - Nigerian legal education framing
https://chamanlawfirm.com/property-insurance-in-nigeria/,https://chamanlawfirm.com/resources/blog/property-insurance-in-nigeria,Property Insurance in Nigeria,reviewed; answer-first intro recommended where useful,Property Insurance in Nigeria,Powerful Steps: Property Insurance in Nigeria,"Explore property insurance in Nigeria, including coverage types, benefits, legal requirements, and how to choose the right insurance provider.",https://chamanlawfirm.com/resources/blog/property-insurance-in-nigeria,needs enhancement,yes via article template,yes,recommended where legal risk stays low,none detected by automated scan,none detected,low automated risk,public,https://chamanlawfirm.com/property-insurance-in-nigeria/ -> https://chamanlawfirm.com/resources/blog/property-insurance-in-nigeria after live QA,Property And Real Estate Law,blocked,yes - Nigerian legal education framing
https://chamanlawfirm.com/insightful-overview-of-family-law-in-nigeria/,https://chamanlawfirm.com/resources/blog/insightful-overview-of-family-law-in-nigeria,Overview of Family Law in Nigeria,reviewed; answer-first intro recommended where useful,Overview of Family Law in Nigeria,Overview of Family Law in Nigeria,"Introduction Family law in Nigeria is a broad area of legal practice that encompasses various aspects of familial relationships, including marriage, divorce, child custody, maintenance, and inheritance. It plays a vita",https://chamanlawfirm.com/resources/blog/insightful-overview-of-family-law-in-nigeria,yes,yes via article template,yes,recommended where legal risk stays low,none detected by automated scan,none detected,low automated risk,public,https://chamanlawfirm.com/insightful-overview-of-family-law-in-nigeria/ -> https://chamanlawfirm.com/resources/blog/insightful-overview-of-family-law-in-nigeria after live QA,Family Law,blocked,yes - Nigerian legal education framing
https://chamanlawfirm.com/land-use-act-1978/,https://chamanlawfirm.com/resources/blog/land-use-act-1978,Understanding the Land Use Act: How It Affects You,reviewed; answer-first intro recommended where useful,Understanding the Land Use Act: How It Affects You,Understanding The Land Use Act: How It Affects You | Chaman Law Firm,Learn key Nigerian legal considerations on Understanding The Land Use Act: How It Affects You. Chaman Law Firm explains risk points and when to speak with a lawyer.,https://chamanlawfirm.com/resources/blog/land-use-act-1978,yes,yes via article template,yes,recommended where legal risk stays low,none detected by automated scan,review,review redirect conflict,hidden until approval,keep existing /practice-areas/property-real-estate-law/land-use-act-advisory,Probate Estate Administration,blocked,yes - Nigerian legal education framing
https://chamanlawfirm.com/maxims-of-equity/,https://chamanlawfirm.com/resources/blog/maxims-of-equity,Maxims of Equity in Nigerian Legal Practice,reviewed; answer-first intro recommended where useful,Maxims of Equity in Nigerian Legal Practice,Maxims of Equity in Nigerian Legal Practice | Chaman Law Firm,Learn key Nigerian legal considerations on MAXIMS OF EQUITY. Chaman Law Firm explains risk points and when to speak with a lawyer.,https://chamanlawfirm.com/resources/blog/maxims-of-equity,yes,yes via article template,yes,recommended where legal risk stays low,none detected by automated scan,none detected,low automated risk,public,https://chamanlawfirm.com/maxims-of-equity/ -> https://chamanlawfirm.com/resources/blog/maxims-of-equity after live QA,Litigation and Dispute Resolution,candidate,yes - Nigerian legal education framing
https://chamanlawfirm.com/of-the-securities-and-exchange-commission/,https://chamanlawfirm.com/resources/blog/of-the-securities-and-exchange-commission,5 Functions of the Securities and Exchange Commission,reviewed; answer-first intro recommended where useful,5 Functions of the Securities and Exchange Commission,5 FUNCTIONS OF THE SECURITIES AND EXCHANGE COMMISSION | Chaman Law Firm,Learn key Nigerian legal considerations on 5 FUNCTIONS OF THE SECURITIES AND EXCHANGE COMMISSION. Chaman Law Firm explains risk points and when to speak with a lawyer.,https://chamanlawfirm.com/resources/blog/of-the-securities-and-exchange-commission,yes,yes via article template,yes,recommended where legal risk stays low,none detected by automated scan,none detected,review redirect conflict,hidden until approval,keep existing /practice-areas/corporate-commercial-law/securities-regulatory-compliance,Corporate and Commercial Law,candidate,yes - Nigerian legal education framing
https://chamanlawfirm.com/digital-evidence-admissibility-in-nigeria/,https://chamanlawfirm.com/resources/blog/digital-evidence-admissibility-in-nigeria,Powerful Insight: Challenges And Solutions In Digital Evidence Admissibility In Nigeria,reviewed; answer-first intro recommended where useful,Powerful Insight: Challenges And Solutions In Digital Evidence Admissibility In Nigeria,Powerful Insight: Challenges And Solutions In Digital Evidence Admissibility In Nigeria | Chaman Law Firm,Learn key Nigerian legal considerations on Powerful Insight: Challenges And Solutions In Digital Evidence Admissibility In Nigeria. Chaman Law Firm explains risk points and when to speak with a lawyer.,https://chamanlawfirm.com/resources/blog/digital-evidence-admissibility-in-nigeria,yes,yes via article template,no,recommended where legal risk stays low,none detected by automated scan,review,review redirect conflict,hidden until approval,keep existing /practice-areas/litigation-dispute-resolution/digital-evidence,Litigation and Dispute Resolution,blocked,yes - Nigerian legal education framing
https://chamanlawfirm.com/proven-steps-the-canons-of-interpretation/,https://chamanlawfirm.com/resources/blog/proven-steps-the-canons-of-interpretation,What Are the Canons of Interpretation,reviewed; answer-first intro recommended where useful,What Are the Canons of Interpretation,What Are The Canons Of Interpretation | Chaman Law Firm,Learn key Nigerian legal considerations on What Are The Canons Of Interpretation. Chaman Law Firm explains risk points and when to speak with a lawyer.,https://chamanlawfirm.com/resources/blog/proven-steps-the-canons-of-interpretation,yes,yes via article template,no,recommended where legal risk stays low,none detected by automated scan,none detected,low automated risk,public,https://chamanlawfirm.com/proven-steps-the-canons-of-interpretation/ -> https://chamanlawfirm.com/resources/blog/proven-steps-the-canons-of-interpretation after live QA,General Legal Education,blocked,yes - Nigerian legal education framing
https://chamanlawfirm.com/rights-of-parties-to-a-mortgage/,https://chamanlawfirm.com/resources/blog/rights-of-parties-to-a-mortgage,Rights of Parties To A Mortgage,reviewed; answer-first intro recommended where useful,Rights of Parties To A Mortgage,RIGHTS OF PARTIES TO A MORTGAGE | Chaman Law Firm,Learn key Nigerian legal considerations on RIGHTS OF PARTIES TO A MORTGAGE. Chaman Law Firm explains risk points and when to speak with a lawyer.,https://chamanlawfirm.com/resources/blog/rights-of-parties-to-a-mortgage,yes,yes via article template,yes,recommended where legal risk stays low,none detected by automated scan,none detected,review redirect conflict,hidden until approval,keep existing /practice-areas/property-real-estate-law/mortgage-document-review,Corporate and Commercial Law,candidate,yes - Nigerian legal education framing
https://chamanlawfirm.com/how-to-obtain-tax-clearance-certificate/,https://chamanlawfirm.com/resources/blog/how-to-obtain-tax-clearance-certificate,How To Obtain Tax Clearance Certificate,reviewed; answer-first intro recommended where useful,How To Obtain Tax Clearance Certificate,How To Obtain Tax Clearance Certificate | Chaman Law Firm,"HOW TO OBTAIN TAX CLEARANCE CERTIFICATE,A Tax Clearance Certificate is confirmation from Revenue...",https://chamanlawfirm.com/resources/blog/how-to-obtain-tax-clearance-certificate,yes,yes via article template,yes,recommended where legal risk stays low,none detected by automated scan,none detected,review redirect conflict,hidden until approval,keep existing /practice-areas/corporate-commercial-law/tax-clearance-certificate,Corporate and Commercial Law,blocked,yes - Nigerian legal education framing
https://chamanlawfirm.com/who-holds-authority-over-land-under-the-land/,https://chamanlawfirm.com/resources/blog/who-holds-authority-over-land-under-the-land,Who Holds Authority Over Land Under the Land Use Act?,reviewed; answer-first intro recommended where useful,Who Holds Authority Over Land Under the Land Use Act?,Who Holds Authority Over Land Under the Land Use Act?,Introduction The Land Use Act of 1978 in Nigeria is a comprehensive piece of legislation that redefined land ownership and administration across the nation. One of the central questions it addresses is: Who holds autho,https://chamanlawfirm.com/resources/blog/who-holds-authority-over-land-under-the-land,yes,yes via article template,yes,recommended where legal risk stays low,none detected by automated scan,none detected,low automated risk,public,https://chamanlawfirm.com/who-holds-authority-over-land-under-the-land/ -> https://chamanlawfirm.com/resources/blog/who-holds-authority-over-land-under-the-land after live QA,Property And Real Estate Law,candidate,yes - Nigerian legal education framing
https://chamanlawfirm.com/developer-fails-to-deliver-property/,https://chamanlawfirm.com/resources/blog/developer-fails-to-deliver-property,What to Do When a Developer Fails to Deliver Property,reviewed; answer-first intro recommended where useful,What to Do When a Developer Fails to Deliver Property,Developer Fails to Deliver Property; Shocking Reality: 5 Steps to Take If a Developer Fails to Deliver Your Property or Refund,Developer Fails to Deliver Property.; Shocking Reality: 5 Steps to Take If a Developer Fails to Deliver Your Property or Refund,https://chamanlawfirm.com/resources/blog/developer-fails-to-deliver-property,needs enhancement,yes via article template,yes,recommended where legal risk stays low,none detected by automated scan,none detected,low automated risk,public,https://chamanlawfirm.com/developer-fails-to-deliver-property/ -> https://chamanlawfirm.com/resources/blog/developer-fails-to-deliver-property after live QA,Property And Real Estate Law,blocked,yes - Nigerian legal education framing
https://chamanlawfirm.com/pohistory-of-legal-profession-in-nigeria/,https://chamanlawfirm.com/resources/blog/pohistory-of-legal-profession-in-nigeria,History of the Legal Profession in Nigeria,reviewed; answer-first intro recommended where useful,History of the Legal Profession in Nigeria,History of the Legal Profession in Nigeria | Chaman Law Firm,"OUR STORY Quality, not quantity We have made quality our habit. It’s not something that we just strive for – we live by this principle every day. HISTORY OF LEGAL PROFESSION IN NIGERIA The history of the legal profess...",https://chamanlawfirm.com/resources/blog/pohistory-of-legal-profession-in-nigeria,yes,yes via article template,yes,recommended where legal risk stays low,none detected by automated scan,none detected,low automated risk,public,https://chamanlawfirm.com/pohistory-of-legal-profession-in-nigeria/ -> https://chamanlawfirm.com/resources/blog/pohistory-of-legal-profession-in-nigeria after live QA,Corporate and Commercial Law,blocked,yes - Nigerian legal education framing
https://chamanlawfirm.com/land-registration-system-in-nigeria/,https://chamanlawfirm.com/resources/blog/land-registration-system-in-nigeria,Land Registration System In Nigeria,reviewed; answer-first intro recommended where useful,Land Registration System In Nigeria,Land Registration System In Nigeria | Chaman Law Firm,THE ULTIMATE GUIDE TO NIGERIA'S LAND REGISTRATION SYSTEM; SECURE AND TRANSPARENT PROPERTY OWNERSHIP Property Sale can be formal through Auctions; but to a large extent it is informal through the introduction by agents,https://chamanlawfirm.com/resources/blog/land-registration-system-in-nigeria,yes,yes via article template,yes,recommended where legal risk stays low,none detected by automated scan,none detected,review redirect conflict,hidden until approval,keep existing /practice-areas/property-real-estate-law/land-registration,Probate Estate Administration,candidate,yes - Nigerian legal education framing
https://chamanlawfirm.com/board-of-directors-in-nigerian-companies/,https://chamanlawfirm.com/resources/blog/board-of-directors-in-nigerian-companies,The Strategic Power of the Board Directors In Nigerian Companies- For A Successful Business,reviewed; answer-first intro recommended where useful,The Strategic Power of the Board Directors In Nigerian Companies- For A Successful Business,Unlocking The Strategic Power Of The Board Directors In Nigerian Companies- For A Successful Business | Chaman Law Firm,Learn key Nigerian legal considerations on Unlocking The Strategic Power Of The Board Directors In Nigerian Companies- For A Successful Business. Chaman Law Firm explains risk points and when to speak with a lawyer.,https://chamanlawfirm.com/resources/blog/board-of-directors-in-nigerian-companies,yes,yes via article template,yes,recommended where legal risk stays low,none detected by automated scan,none detected,review redirect conflict,hidden until approval,keep existing /practice-areas/corporate-commercial-law/board-governance,Corporate and Commercial Law,blocked,yes - Nigerian legal education framing
https://chamanlawfirm.com/lagos-tenancy-fixed-and-periodic-tenancies/,https://chamanlawfirm.com/resources/blog/lagos-tenancy-fixed-and-periodic-tenancies,Lagos Tenancy Fixed and Periodic Tenancies,reviewed; answer-first intro recommended where useful,Lagos Tenancy Fixed and Periodic Tenancies,Lagos Tenancy Fixed And Periodic Tenancies | Chaman Law Firm,Lagos Tenancy: Fixed and Periodic Tenancies - Understand the key differences between tenancy types before signing your next rental agreement,https://chamanlawfirm.com/resources/blog/lagos-tenancy-fixed-and-periodic-tenancies,yes,yes via article template,no,recommended where legal risk stays low,none detected by automated scan,none detected,low automated risk,hidden until approval,https://chamanlawfirm.com/lagos-tenancy-fixed-and-periodic-tenancies/ -> https://chamanlawfirm.com/resources/blog/lagos-tenancy-fixed-and-periodic-tenancies after live QA,General Legal Education,blocked,yes - Nigerian legal education framing
https://chamanlawfirm.com/expert-witnesses-in-nigeria-court-proceeding/,https://chamanlawfirm.com/resources/blog/expert-witnesses-in-nigeria-court-proceeding,Expert Witnesses In Nigeria Court Proceeding,reviewed; answer-first intro recommended where useful,Expert Witnesses In Nigeria Court Proceeding,Expert Witnesses In Nigeria Court Proceeding | Chaman Law Firm,Expert Witnesses In Nigeria Court Proceeding,https://chamanlawfirm.com/resources/blog/expert-witnesses-in-nigeria-court-proceeding,yes,yes via article template,yes,recommended where legal risk stays low,none detected by automated scan,none detected,review redirect conflict,hidden until approval,keep existing /practice-areas/litigation-dispute-resolution/expert-witnesses,Litigation and Dispute Resolution,blocked,yes - Nigerian legal education framing
https://chamanlawfirm.com/how-to-conduct-search-at-land-registry/,https://chamanlawfirm.com/resources/blog/how-to-conduct-search-at-land-registry,How to Conduct a Search at the Land Registry in Nigeria,reviewed; answer-first intro recommended where useful,How to Conduct a Search at the Land Registry in Nigeria,How to Conduct a Search at the Land Registry in Nigeria,"HOW TO CONDUCT SEARCH AT LAND REGISTRY, The Land Registry Directorate is a very sensitive part of the......",https://chamanlawfirm.com/resources/blog/how-to-conduct-search-at-land-registry,yes,yes via article template,yes,recommended where legal risk stays low,none detected by automated scan,none detected,low automated risk,public,https://chamanlawfirm.com/how-to-conduct-search-at-land-registry/ -> https://chamanlawfirm.com/resources/blog/how-to-conduct-search-at-land-registry after live QA,Property And Real Estate Law,blocked,yes - Nigerian legal education framing
https://chamanlawfirm.com/importance-of-covenants-in-a-tenancy-agreement/,https://chamanlawfirm.com/resources/blog/importance-of-covenants-in-a-tenancy-agreement,Importance of Covenants in a Tenancy Agreement,reviewed; answer-first intro recommended where useful,Importance of Covenants in a Tenancy Agreement,Importance of Covenants in a Tenancy Agreement,Covenants in every contractual relationship operate as terms and conditions of a contract that must be observed by parties to the contract in order to give effect to the terms of the contract. Covenants are usually enf,https://chamanlawfirm.com/resources/blog/importance-of-covenants-in-a-tenancy-agreement,yes,yes via article template,yes,recommended where legal risk stays low,none detected by automated scan,none detected,low automated risk,public,https://chamanlawfirm.com/importance-of-covenants-in-a-tenancy-agreement/ -> https://chamanlawfirm.com/resources/blog/importance-of-covenants-in-a-tenancy-agreement after live QA,Property And Real Estate Law,candidate,yes - Nigerian legal education framing
https://chamanlawfirm.com/methods-of-transfer-of-shares/,https://chamanlawfirm.com/resources/blog/methods-of-transfer-of-shares,Methods Of Transfer Of Shares,not ready,Methods Of Transfer Of Shares,requires preservation or rewrite,requires preservation or rewrite,https://chamanlawfirm.com/resources/blog/methods-of-transfer-of-shares,needs enhancement,yes via article template,no,recommended where legal risk stays low,none detected by automated scan,none detected,review redirect conflict,hidden until approval,keep existing /practice-areas/corporate-commercial-law/share-transfer,needs review,blocked,yes - Nigerian legal education framing
https://chamanlawfirm.com/how-to-prove-ownership-of-land-in-nigeria/,https://chamanlawfirm.com/resources/blog/how-to-prove-ownership-of-land-in-nigeria,How to Prove Ownership of Land in Nigeria,reviewed; answer-first intro recommended where useful,How to Prove Ownership of Land in Nigeria,How to Prove Ownership of Land in Nigeria,"HOW TO PROVE OWNERSHIP OF LAND IN NIGERIA, Dispute to land is not a novel phenomenon in Nigerian, meaning that you've experienced...",https://chamanlawfirm.com/resources/blog/how-to-prove-ownership-of-land-in-nigeria,yes,yes via article template,yes,recommended where legal risk stays low,none detected by automated scan,none detected,low automated risk,public,https://chamanlawfirm.com/how-to-prove-ownership-of-land-in-nigeria/ -> https://chamanlawfirm.com/resources/blog/how-to-prove-ownership-of-land-in-nigeria after live QA,Property And Real Estate Law,blocked,yes - Nigerian legal education framing
https://chamanlawfirm.com/deed-of-partition-in-nigeria/,https://chamanlawfirm.com/resources/blog/deed-of-partition-in-nigeria,Deed Of Partition In Nigeria,not ready,Deed Of Partition In Nigeria,Deed Of Partition In Nigeria,"DEED OF PARTITION IN NIGERIA WHAT IS A DEED OF PARTITION? A deed of partition for a property is a means of executing a deed to divide a property among two or more persons, usually among the family members or partners.",https://chamanlawfirm.com/resources/blog/deed-of-partition-in-nigeria,needs enhancement,yes via article template,no,recommended where legal risk stays low,none detected by automated scan,none detected,low automated risk,public,https://chamanlawfirm.com/deed-of-partition-in-nigeria/ -> https://chamanlawfirm.com/resources/blog/deed-of-partition-in-nigeria after live QA,needs review,blocked,yes - Nigerian legal education framing
https://chamanlawfirm.com/can-a-member-be-expelled-from-a-trade-union/,https://chamanlawfirm.com/resources/blog/can-a-member-be-expelled-from-a-trade-union,5 Powerful Reasons A Member Can Be Expelled From A Trade Union,reviewed; answer-first intro recommended where useful,5 Powerful Reasons A Member Can Be Expelled From A Trade Union,5 Powerful Reasons A Member Can Be Expelled From A Trade Union | Chaman Law Firm,Learn key Nigerian legal considerations on 5 Powerful Reasons A Member Can Be Expelled From A Trade Union. Chaman Law Firm explains risk points and when to speak with a lawyer.,https://chamanlawfirm.com/resources/blog/can-a-member-be-expelled-from-a-trade-union,yes,yes via article template,no,recommended where legal risk stays low,none detected by automated scan,review,review redirect conflict,hidden until approval,keep existing /practice-areas/employment-law/trade-union-membership-disputes,Employment Law,blocked,yes - Nigerian legal education framing
https://chamanlawfirm.com/international-law-in-conflict-resolution/,https://chamanlawfirm.com/resources/blog/international-law-in-conflict-resolution,Powerful Impact Of International Law In Resolving Global Conflicts,reviewed; answer-first intro recommended where useful,Powerful Impact Of International Law In Resolving Global Conflicts,Powerful Impact Of International Law In Resolving Global Conflicts | Chaman Law Firm,Learn key Nigerian legal considerations on Powerful Impact Of International Law In Resolving Global Conflicts. Chaman Law Firm explains risk points and when to speak with a lawyer.,https://chamanlawfirm.com/resources/blog/international-law-in-conflict-resolution,yes,yes via article template,no,recommended where legal risk stays low,none detected by automated scan,none detected,low automated risk,hidden until approval,https://chamanlawfirm.com/international-law-in-conflict-resolution/ -> https://chamanlawfirm.com/resources/blog/international-law-in-conflict-resolution after live QA,General Legal Education,blocked,yes - Nigerian legal education framing
https://chamanlawfirm.com/landlords-and-tenants-in-nigeria/,https://chamanlawfirm.com/resources/blog/landlords-and-tenants-in-nigeria,Landlords and Tenants In Nigeria,reviewed; answer-first intro recommended where useful,Landlords and Tenants In Nigeria,Landlords And Tenants In Nigeria | Chaman Law Firm,"Landlords And Tenants In Nigeria In Nigeria's bustling real estate market, understanding the legal rights and responsibilities of landlords and tenants is essential...",https://chamanlawfirm.com/resources/blog/landlords-and-tenants-in-nigeria,yes,yes via article template,yes,recommended where legal risk stays low,none detected by automated scan,none detected,review redirect conflict,hidden until approval,keep existing /practice-areas/property-real-estate-law/landlords-and-tenants-in-nigeria,Probate Estate Administration,blocked,yes - Nigerian legal education framing
https://chamanlawfirm.com/step-by-step-guide-on-how-to-conduct-a-statutory-marriage-in-nigeria/,https://chamanlawfirm.com/resources/blog/step-by-step-guide-on-how-to-conduct-a-statutory-marriage-in-nigeria,How to Conduct a Statutory Marriage in Nigeria,reviewed; answer-first intro recommended where useful,How to Conduct a Statutory Marriage in Nigeria,How to Conduct a Statutory Marriage in Nigeria,"Marriage can be defined as a legally and socially sanctioned union between a man and a woman, that is regulated by laws, rules, customs, beliefs, and attitudes that prescribe the rights and duties of the partners and a",https://chamanlawfirm.com/resources/blog/step-by-step-guide-on-how-to-conduct-a-statutory-marriage-in-nigeria,yes,yes via article template,yes,recommended where legal risk stays low,none detected by automated scan,none detected,low automated risk,public,https://chamanlawfirm.com/step-by-step-guide-on-how-to-conduct-a-statutory-marriage-in-nigeria/ -> https://chamanlawfirm.com/resources/blog/step-by-step-guide-on-how-to-conduct-a-statutory-marriage-in-nigeria after live QA,Family Law,candidate,yes - Nigerian legal education framing
https://chamanlawfirm.com/probate-in-lagos-everything-you-need-to-know/,https://chamanlawfirm.com/resources/blog/probate-in-lagos-everything-you-need-to-know,Probate In Lagos Everything You Need To Know,reviewed; answer-first intro recommended where useful,Probate In Lagos Everything You Need To Know,Powerful Steps: Probate in Lagos:Everything You Need to Know,"Probate in Lagos: Everything You Need to Know - understand the process, timelines, and costs involved in settling a deceased person’s estate.",https://chamanlawfirm.com/resources/blog/probate-in-lagos-everything-you-need-to-know,needs enhancement,yes via article template,no,recommended where legal risk stays low,none detected by automated scan,none detected,review redirect conflict,hidden until approval,keep existing /practice-areas/probate-estate-administration/probate-in-lagos-everything-you-need-to-know,Probate Estate Administration,blocked,yes - Nigerian legal education framing
https://chamanlawfirm.com/the-role-of-regulatory-bodies/,https://chamanlawfirm.com/resources/blog/the-role-of-regulatory-bodies,The Role of Regulatory Bodies in Nigeria,reviewed; answer-first intro recommended where useful,The Role of Regulatory Bodies in Nigeria,The Role of Regulatory Bodies in Nigeria | Chaman Law Firm,Learn key Nigerian legal considerations on Unmasking Power And Accountability; A Comprehensive Analysis On The Role Of Regulatory Bodies. Chaman Law Firm explains risk points and when to speak with a lawyer.,https://chamanlawfirm.com/resources/blog/the-role-of-regulatory-bodies,yes,yes via article template,yes,recommended where legal risk stays low,none detected by automated scan,none detected,low automated risk,public,https://chamanlawfirm.com/the-role-of-regulatory-bodies/ -> https://chamanlawfirm.com/resources/blog/the-role-of-regulatory-bodies after live QA,Litigation and Dispute Resolution,candidate,yes - Nigerian legal education framing
https://chamanlawfirm.com/legally-combat-police-harassment-in-nigeria/,https://chamanlawfirm.com/resources/blog/legally-combat-police-harassment-in-nigeria,Legally Combat Police Harassment In Nigeria,reviewed; answer-first intro recommended where useful,Legally Combat Police Harassment In Nigeria,Legally Combat Police Harassment In Nigeria | Chaman Law Firm,"Police harassment, intimidation, and molestation have unfortunately become common experiences for many Nigerians. Learn to combat police harassment",https://chamanlawfirm.com/resources/blog/legally-combat-police-harassment-in-nigeria,yes,yes via article template,yes,recommended where legal risk stays low,none detected by automated scan,review,low automated risk,hidden until approval,https://chamanlawfirm.com/legally-combat-police-harassment-in-nigeria/ -> https://chamanlawfirm.com/resources/blog/legally-combat-police-harassment-in-nigeria after live QA,Litigation and Dispute Resolution,blocked,yes - Nigerian legal education framing
https://chamanlawfirm.com/minority-protection-rights-and-remedies/,https://chamanlawfirm.com/resources/blog/minority-protection-rights-and-remedies,Minority Protection: Rights and Remedies of Minorities,reviewed; answer-first intro recommended where useful,Minority Protection: Rights and Remedies of Minorities,MINORITY PROTECTION: RIGHTS AND REMEDIES OF MINORITIES | Chaman Law Firm,Learn key Nigerian legal considerations on MINORITY PROTECTION: RIGHTS AND REMEDIES OF MINORITIES. Chaman Law Firm explains risk points and when to speak with a lawyer.,https://chamanlawfirm.com/resources/blog/minority-protection-rights-and-remedies,yes,yes via article template,yes,recommended where legal risk stays low,none detected by automated scan,none detected,low automated risk,hidden until approval,https://chamanlawfirm.com/minority-protection-rights-and-remedies/ -> https://chamanlawfirm.com/resources/blog/minority-protection-rights-and-remedies after live QA,Corporate and Commercial Law,candidate,yes - Nigerian legal education framing
https://chamanlawfirm.com/legal-obligations-for-debt-collectors/,https://chamanlawfirm.com/resources/blog/legal-obligations-for-debt-collectors,LEGAL OBLIGATIONS FOR DEBT COLLECTORS IN NIGERIA,reviewed; answer-first intro recommended where useful,LEGAL OBLIGATIONS FOR DEBT COLLECTORS IN NIGERIA,Legal Obligations For Debt Collectors: Powerful Insight: Understanding Legal Obligations for Debt Collectors in Nigeria,Legal Obligations For Debt Collectors The bottom line is simple but powerful: there is no room for shortcuts in lawful debt recovery. Compliance is not a bureaucratic...,https://chamanlawfirm.com/resources/blog/legal-obligations-for-debt-collectors,yes,yes via article template,no,recommended where legal risk stays low,none detected by automated scan,none detected,low automated risk,public,https://chamanlawfirm.com/legal-obligations-for-debt-collectors/ -> https://chamanlawfirm.com/resources/blog/legal-obligations-for-debt-collectors after live QA,Debt recovery and enforcement; Debt recovery,blocked,yes - Nigerian legal education framing
https://chamanlawfirm.com/challenges-of-implementing-the-land-use-act/,https://chamanlawfirm.com/resources/blog/challenges-of-implementing-the-land-use-act,Challenges of Implementing the Land Use Act,reviewed; answer-first intro recommended where useful,Challenges of Implementing the Land Use Act,Challenges Of Implementing The Land Use Act | Chaman Law Firm,The Challenges of Implementing the Land Use Act: A Deep Dive into Nigeria’s Land Administration,https://chamanlawfirm.com/resources/blog/challenges-of-implementing-the-land-use-act,yes,yes via article template,yes,recommended where legal risk stays low,none detected by automated scan,none detected,review redirect conflict,hidden until approval,keep existing /practice-areas/property-real-estate-law/land-use-act-advisory,Probate Estate Administration,blocked,yes - Nigerian legal education framing
https://chamanlawfirm.com/legal-restrictions-to-sale-of-land/,https://chamanlawfirm.com/resources/blog/legal-restrictions-to-sale-of-land,Crucial Insights: Understanding the Legal Restrictions To Sale of Land,reviewed; answer-first intro recommended where useful,Crucial Insights: Understanding the Legal Restrictions To Sale of Land,Crucial Insights: Understanding The Legal Restrictions To Sale Of Land | Chaman Law Firm,Learn key Nigerian legal considerations on Crucial Insights: Understanding The Legal Restrictions To Sale Of Land. Chaman Law Firm explains risk points and when to speak with a lawyer.,https://chamanlawfirm.com/resources/blog/legal-restrictions-to-sale-of-land,yes,yes via article template,yes,recommended where legal risk stays low,none detected by automated scan,none detected,review redirect conflict,hidden until approval,keep existing /practice-areas/property-real-estate-law/legal-restrictions-to-sale-of-land,Probate Estate Administration,blocked,yes - Nigerian legal education framing
https://chamanlawfirm.com/two-years-rule-as-regards-dissolution-of/,https://chamanlawfirm.com/resources/blog/two-years-rule-as-regards-dissolution-of,Two Years Rule As Regards Dissolution Of,not ready,Two Years Rule As Regards Dissolution Of,requires preservation or rewrite,requires preservation or rewrite,https://chamanlawfirm.com/resources/blog/two-years-rule-as-regards-dissolution-of,needs enhancement,yes via article template,no,recommended where legal risk stays low,none detected by automated scan,none detected,low automated risk,hidden until approval,https://chamanlawfirm.com/two-years-rule-as-regards-dissolution-of/ -> https://chamanlawfirm.com/resources/blog/two-years-rule-as-regards-dissolution-of after live QA,needs review,blocked,yes - Nigerian legal education framing
https://chamanlawfirm.com/legal-processofobtaininga-deed-of-assignment/,https://chamanlawfirm.com/resources/blog/legal-processofobtaininga-deed-of-assignment,Legal Processofobtaininga Deed Of Assignment,reviewed; answer-first intro recommended where useful,Legal Processofobtaininga Deed Of Assignment,Legal Processofobtaininga Deed Of Assignment,"Introduction Securing real estate ownership in Lagos, Nigeria, involves numerous legal processes, with the Deed of Assignment being a crucial document that solidifies property transfer. Understanding the importance of",https://chamanlawfirm.com/resources/blog/legal-processofobtaininga-deed-of-assignment,yes,yes via article template,yes,recommended where legal risk stays low,none detected by automated scan,none detected,low automated risk,public,https://chamanlawfirm.com/legal-processofobtaininga-deed-of-assignment/ -> https://chamanlawfirm.com/resources/blog/legal-processofobtaininga-deed-of-assignment after live QA,Property And Real Estate Law,candidate,yes - Nigerian legal education framing
https://chamanlawfirm.com/establishing-paternity-and-maternity-under/,https://chamanlawfirm.com/resources/blog/establishing-paternity-and-maternity-under,Establishing Paternity and Maternity Under Nigerian Law: A Comprehensive 3 Steps Guide,reviewed; answer-first intro recommended where useful,Establishing Paternity and Maternity Under Nigerian Law: A Comprehensive 3 Steps Guide,Establishing Paternity And Maternity Under Nigerian Law: A Comprehensive 3 Steps Guide | Chaman Law Firm,Learn key Nigerian legal considerations on Establishing Paternity And Maternity Under Nigerian Law: A Comprehensive 3 Steps Guide. Chaman Law Firm explains risk points and when to speak with a lawyer.,https://chamanlawfirm.com/resources/blog/establishing-paternity-and-maternity-under,yes,yes via article template,yes,recommended where legal risk stays low,none detected by automated scan,none detected,low automated risk,hidden until approval,https://chamanlawfirm.com/establishing-paternity-and-maternity-under/ -> https://chamanlawfirm.com/resources/blog/establishing-paternity-and-maternity-under after live QA,Family Law,blocked,yes - Nigerian legal education framing
https://chamanlawfirm.com/the-difference-between-adoption-and-fostering-in-nigeria/,https://chamanlawfirm.com/resources/blog/the-difference-between-adoption-and-fostering-in-nigeria,The Difference Between Adoption And Fostering In Nigeria,not ready,The Difference Between Adoption And Fostering In Nigeria,requires preservation or rewrite,requires preservation or rewrite,https://chamanlawfirm.com/resources/blog/the-difference-between-adoption-and-fostering-in-nigeria,needs enhancement,yes via article template,no,recommended where legal risk stays low,none detected by automated scan,none detected,low automated risk,hidden until approval,https://chamanlawfirm.com/the-difference-between-adoption-and-fostering-in-nigeria/ -> https://chamanlawfirm.com/resources/blog/the-difference-between-adoption-and-fostering-in-nigeria after live QA,needs review,blocked,yes - Nigerian legal education framing
https://chamanlawfirm.com/limitations-to-testamentary-freedom/,https://chamanlawfirm.com/resources/blog/limitations-to-testamentary-freedom,Limitations To Testamentary Freedom,not ready,Limitations To Testamentary Freedom,requires preservation or rewrite,requires preservation or rewrite,https://chamanlawfirm.com/resources/blog/limitations-to-testamentary-freedom,needs enhancement,yes via article template,no,recommended where legal risk stays low,none detected by automated scan,none detected,review redirect conflict,hidden until approval,keep existing /practice-areas/probate-estate-administration/testamentary-freedom-advisory,needs review,blocked,yes - Nigerian legal education framing
https://chamanlawfirm.com/list-of-government-agencies-of-nigeria,https://chamanlawfirm.com/resources/blog/list-of-government-agencies-of-nigeria,List of Government Agencies of Nigeria,reviewed; answer-first intro recommended where useful,List of Government Agencies of Nigeria,LIST OF GOVERNMENT AGENCIES OF NIGERIA | Chaman Law Firm,Learn key Nigerian legal considerations on LIST OF GOVERNMENT AGENCIES OF NIGERIA. Chaman Law Firm explains risk points and when to speak with a lawyer.,https://chamanlawfirm.com/resources/blog/list-of-government-agencies-of-nigeria,needs enhancement,yes via article template,no,recommended where legal risk stays low,none detected by automated scan,none detected,low automated risk,hidden until approval,https://chamanlawfirm.com/list-of-government-agencies-of-nigeria -> https://chamanlawfirm.com/resources/blog/list-of-government-agencies-of-nigeria after live QA,General Legal Education,candidate,yes - Nigerian legal education framing
https://chamanlawfirm.com/how-to-track-a-stolen-phone-in-nigeria,https://chamanlawfirm.com/resources/blog/how-to-track-a-stolen-phone-in-nigeria,How To Track A Stolen Phone In Nigeria,reviewed; answer-first intro recommended where useful,How To Track A Stolen Phone In Nigeria,How To Track A Stolen Phone In Nigeria | Chaman Law Firm,Learn key Nigerian legal considerations on How To Track A Stolen Phone In Nigeria. Chaman Law Firm explains risk points and when to speak with a lawyer.,https://chamanlawfirm.com/resources/blog/how-to-track-a-stolen-phone-in-nigeria,yes,yes via article template,no,recommended where legal risk stays low,none detected by automated scan,review,low automated risk,hidden until approval,https://chamanlawfirm.com/how-to-track-a-stolen-phone-in-nigeria -> https://chamanlawfirm.com/resources/blog/how-to-track-a-stolen-phone-in-nigeria after live QA,General Legal Education,blocked,yes - Nigerian legal education framing
https://chamanlawfirm.com/how-to-change-car-ownership-in-nigeria,https://chamanlawfirm.com/resources/blog/how-to-change-car-ownership-in-nigeria,How To Change Car Ownership In Nigeria,reviewed; answer-first intro recommended where useful,How To Change Car Ownership In Nigeria,How To Change Car Ownership In Nigeria | Chaman Law Firm,Learn key Nigerian legal considerations on How To Change Car Ownership In Nigeria. Chaman Law Firm explains risk points and when to speak with a lawyer.,https://chamanlawfirm.com/resources/blog/how-to-change-car-ownership-in-nigeria,yes,yes via article template,no,recommended where legal risk stays low,none detected by automated scan,none detected,low automated risk,hidden until approval,https://chamanlawfirm.com/how-to-change-car-ownership-in-nigeria -> https://chamanlawfirm.com/resources/blog/how-to-change-car-ownership-in-nigeria after live QA,General Legal Education,blocked,yes - Nigerian legal education framing
https://chamanlawfirm.com/apply-for-drivers-licence-in-nigeria,https://chamanlawfirm.com/resources/blog/apply-for-drivers-licence-in-nigeria,Guide: How To Apply For A Driver'S Licence In Nigeria Without Stress,reviewed; answer-first intro recommended where useful,Guide: How To Apply For A Driver'S Licence In Nigeria Without Stress,Essential Guide: How To Apply For A Driver'S Licence In Nigeria Without Stress | Chaman Law Firm,Learn key Nigerian legal considerations on Essential Guide: How To Apply For A Driver'S Licence In Nigeria Without Stress. Chaman Law Firm explains risk points and when to speak with a lawyer.,https://chamanlawfirm.com/resources/blog/apply-for-drivers-licence-in-nigeria,yes,yes via article template,no,recommended where legal risk stays low,none detected by automated scan,none detected,low automated risk,hidden until approval,https://chamanlawfirm.com/apply-for-drivers-licence-in-nigeria -> https://chamanlawfirm.com/resources/blog/apply-for-drivers-licence-in-nigeria after live QA,General Legal Education,blocked,yes - Nigerian legal education framing
https://chamanlawfirm.com/steps-on-how-to-confidently-report-acrimelaw,https://chamanlawfirm.com/resources/blog/steps-on-how-to-confidently-report-acrimelaw,Steps On How To Confidently Report Acrimelaw,reviewed; answer-first intro recommended where useful,Steps On How To Confidently Report Acrimelaw,Steps On How To Confidently Report Acrimelaw | Chaman Law Firm,"Introduction Reporting a crime is a crucial step in ensuring justice and maintaining public safety. In Nigeria, the process of reporting a crime can be straightforward, but understanding the appropriate steps can help",https://chamanlawfirm.com/resources/blog/steps-on-how-to-confidently-report-acrimelaw,yes,yes via article template,yes,recommended where legal risk stays low,none detected by automated scan,none detected,low automated risk,hidden until approval,https://chamanlawfirm.com/steps-on-how-to-confidently-report-acrimelaw -> https://chamanlawfirm.com/resources/blog/steps-on-how-to-confidently-report-acrimelaw after live QA,General Legal Education,blocked,yes - Nigerian legal education framing
https://chamanlawfirm.com/the-overall-list-of-federal-laws-in-nigeria,https://chamanlawfirm.com/resources/blog/the-overall-list-of-federal-laws-in-nigeria,The Overall List of Federal Laws In Nigeria,reviewed; answer-first intro recommended where useful,The Overall List of Federal Laws In Nigeria,THE OVERALL LIST OF FEDERAL LAWS IN NIGERIA | Chaman Law Firm,"THE OVERALL LIST OF FEDERAL LAWS IN NIGERIA, The Laws of the Federation of Nigeria comprises all the laws in existence in Nigeria....",https://chamanlawfirm.com/resources/blog/the-overall-list-of-federal-laws-in-nigeria,yes,yes via article template,yes,recommended where legal risk stays low,none detected by automated scan,none detected,low automated risk,hidden until approval,https://chamanlawfirm.com/the-overall-list-of-federal-laws-in-nigeria -> https://chamanlawfirm.com/resources/blog/the-overall-list-of-federal-laws-in-nigeria after live QA,Litigation and Dispute Resolution,candidate,yes - Nigerian legal education framing
https://chamanlawfirm.com/duties-of-correctional-institutions-in-nigeria,https://chamanlawfirm.com/resources/blog/duties-of-correctional-institutions-in-nigeria,What Are the Duties of Correctional Institutions In Nigeria?,reviewed; answer-first intro recommended where useful,What Are the Duties of Correctional Institutions In Nigeria?,What Are The Duties Of Correctional Institutions In Nigeria? | Chaman Law Firm,Learn key Nigerian legal considerations on What Are The Duties Of Correctional Institutions In Nigeria?. Chaman Law Firm explains risk points and when to speak with a lawyer.,https://chamanlawfirm.com/resources/blog/duties-of-correctional-institutions-in-nigeria,yes,yes via article template,no,recommended where legal risk stays low,none detected by automated scan,none detected,low automated risk,hidden until approval,https://chamanlawfirm.com/duties-of-correctional-institutions-in-nigeria -> https://chamanlawfirm.com/resources/blog/duties-of-correctional-institutions-in-nigeria after live QA,General Legal Education,blocked,yes - Nigerian legal education framing
https://chamanlawfirm.com/the-role-of-technology-in-nigerian-education,https://chamanlawfirm.com/resources/blog/the-role-of-technology-in-nigerian-education,Learning: the Impact of Technology On Nigerian Education,reviewed; answer-first intro recommended where useful,Learning: the Impact of Technology On Nigerian Education,Revolutionizing Learning: The Powerful Impact Of Technology On Nigerian Education | Chaman Law Firm,Learn key Nigerian legal considerations on Revolutionizing Learning: The Powerful Impact Of Technology On Nigerian Education. Chaman Law Firm explains risk points and when to speak with a lawyer.,https://chamanlawfirm.com/resources/blog/the-role-of-technology-in-nigerian-education,yes,yes via article template,no,recommended where legal risk stays low,none detected by automated scan,none detected,low automated risk,hidden until approval,https://chamanlawfirm.com/the-role-of-technology-in-nigerian-education -> https://chamanlawfirm.com/resources/blog/the-role-of-technology-in-nigerian-education after live QA,General Legal Education,candidate,yes - Nigerian legal education framing
https://chamanlawfirm.com/stamping-and-up-stamping-of-a-mortgage-document,https://chamanlawfirm.com/resources/blog/stamping-and-up-stamping-of-a-mortgage-document,What Is Stamping and Up-Stamping of A Mortgage Document,reviewed; answer-first intro recommended where useful,What Is Stamping and Up-Stamping of A Mortgage Document,Stamping and Up-Stamping of Mortgage Documents,"Learn how mortgage stamping and up-stamping work in Nigeria, applicable duty, further advances, required documents, registration, penalties, and legal effects.",https://chamanlawfirm.com/resources/blog/stamping-and-up-stamping-of-a-mortgage-document,needs enhancement,yes via article template,yes,recommended where legal risk stays low,none detected by automated scan,review,review redirect conflict,hidden until approval,keep existing /practice-areas/property-real-estate-law/mortgage-document-review,Notary Public,blocked,yes - Nigerian legal education framing
https://chamanlawfirm.com/land-use-act-1978,https://chamanlawfirm.com/resources/blog/land-use-act-1978,Understanding the Land Use Act: How It Affects You,reviewed; answer-first intro recommended where useful,Understanding the Land Use Act: How It Affects You,Understanding The Land Use Act: How It Affects You | Chaman Law Firm,Learn key Nigerian legal considerations on Understanding The Land Use Act: How It Affects You. Chaman Law Firm explains risk points and when to speak with a lawyer.,https://chamanlawfirm.com/resources/blog/land-use-act-1978,yes,yes via article template,yes,recommended where legal risk stays low,none detected by automated scan,review,review redirect conflict,hidden until approval,keep existing /practice-areas/property-real-estate-law/land-use-act-advisory,Probate Estate Administration,blocked,yes - Nigerian legal education framing
https://chamanlawfirm.com/how-to-obtain-tax-clearance-certificate,https://chamanlawfirm.com/resources/blog/how-to-obtain-tax-clearance-certificate,How To Obtain Tax Clearance Certificate,reviewed; answer-first intro recommended where useful,How To Obtain Tax Clearance Certificate,How To Obtain Tax Clearance Certificate | Chaman Law Firm,"HOW TO OBTAIN TAX CLEARANCE CERTIFICATE,A Tax Clearance Certificate is confirmation from Revenue...",https://chamanlawfirm.com/resources/blog/how-to-obtain-tax-clearance-certificate,yes,yes via article template,yes,recommended where legal risk stays low,none detected by automated scan,none detected,review redirect conflict,hidden until approval,keep existing /practice-areas/corporate-commercial-law/tax-clearance-certificate,Corporate and Commercial Law,blocked,yes - Nigerian legal education framing
https://chamanlawfirm.com/nigeria-prohibited-items-list,https://chamanlawfirm.com/resources/blog/nigeria-prohibited-items-list,Truths Behind Nigeria'S Prohibited Items List; What You Must Know!,reviewed; answer-first intro recommended where useful,Truths Behind Nigeria'S Prohibited Items List; What You Must Know!,Shocking Truths Behind Nigeria'S Prohibited Items List; What You Must Know! | Chaman Law Firm,Learn key Nigerian legal considerations on Shocking Truths Behind Nigeria'S Prohibited Items List; What You Must Know!. Chaman Law Firm explains risk points and when to speak with a lawyer.,https://chamanlawfirm.com/resources/blog/nigeria-prohibited-items-list,yes,yes via article template,no,recommended where legal risk stays low,none detected by automated scan,none detected,low automated risk,hidden until approval,https://chamanlawfirm.com/nigeria-prohibited-items-list -> https://chamanlawfirm.com/resources/blog/nigeria-prohibited-items-list after live QA,General Legal Education,blocked,yes - Nigerian legal education framing
https://chamanlawfirm.com/landlords-and-tenants-in-nigeria,https://chamanlawfirm.com/resources/blog/landlords-and-tenants-in-nigeria,Landlords and Tenants In Nigeria,reviewed; answer-first intro recommended where useful,Landlords and Tenants In Nigeria,Landlords And Tenants In Nigeria | Chaman Law Firm,"Landlords And Tenants In Nigeria In Nigeria's bustling real estate market, understanding the legal rights and responsibilities of landlords and tenants is essential...",https://chamanlawfirm.com/resources/blog/landlords-and-tenants-in-nigeria,yes,yes via article template,yes,recommended where legal risk stays low,none detected by automated scan,none detected,review redirect conflict,hidden until approval,keep existing /practice-areas/property-real-estate-law/landlords-and-tenants-in-nigeria,Probate Estate Administration,blocked,yes - Nigerian legal education framing
https://chamanlawfirm.com/rights-of-a-property-owner-in-nigeria,https://chamanlawfirm.com/resources/blog/rights-of-a-property-owner-in-nigeria,Your Rights As A Property Owner In Nigeria: What the Law Says,reviewed; answer-first intro recommended where useful,Your Rights As A Property Owner In Nigeria: What the Law Says,Your Rights As A Property Owner In Nigeria: What The Law Says | Chaman Law Firm,Learn key Nigerian legal considerations on Your Rights As A Property Owner In Nigeria: What The Law Says. Chaman Law Firm explains risk points and when to speak with a lawyer.,https://chamanlawfirm.com/resources/blog/rights-of-a-property-owner-in-nigeria,yes,yes via article template,yes,recommended where legal risk stays low,none detected by automated scan,review,review redirect conflict,hidden until approval,keep existing /practice-areas/property-real-estate-law/property-owner-rights,Probate Estate Administration,blocked,yes - Nigerian legal education framing
https://chamanlawfirm.com/doctrine-of-ultra-vires,https://chamanlawfirm.com/resources/blog/doctrine-of-ultra-vires,Understanding the Doctrine of Ultra Vires: A Legal Safeguard For Businesses,reviewed; answer-first intro recommended where useful,Understanding the Doctrine of Ultra Vires: A Legal Safeguard For Businesses,Understanding The Doctrine Of Ultra Vires: A Powerful Legal Safeguard For Businesses | Chaman Law Firm,Learn key Nigerian legal considerations on Understanding The Doctrine Of Ultra Vires: A Powerful Legal Safeguard For Businesses. Chaman Law Firm explains risk points and when to speak with a lawyer.,https://chamanlawfirm.com/resources/blog/doctrine-of-ultra-vires,yes,yes via article template,yes,recommended where legal risk stays low,none detected by automated scan,none detected,review redirect conflict,hidden until approval,keep existing /practice-areas/corporate-commercial-law/ultra-vires-corporate-powers,Corporate and Commercial Law,candidate,yes - Nigerian legal education framing
https://chamanlawfirm.com/land-registration-system-in-nigeria,https://chamanlawfirm.com/resources/blog/land-registration-system-in-nigeria,Land Registration System In Nigeria,reviewed; answer-first intro recommended where useful,Land Registration System In Nigeria,Land Registration System In Nigeria | Chaman Law Firm,THE ULTIMATE GUIDE TO NIGERIA'S LAND REGISTRATION SYSTEM; SECURE AND TRANSPARENT PROPERTY OWNERSHIP Property Sale can be formal through Auctions; but to a large extent it is informal through the introduction by agents,https://chamanlawfirm.com/resources/blog/land-registration-system-in-nigeria,yes,yes via article template,yes,recommended where legal risk stays low,none detected by automated scan,none detected,review redirect conflict,hidden until approval,keep existing /practice-areas/property-real-estate-law/land-registration,Probate Estate Administration,candidate,yes - Nigerian legal education framing
https://chamanlawfirm.com/lagos-tenancy-fixed-and-periodic-tenancies,https://chamanlawfirm.com/resources/blog/lagos-tenancy-fixed-and-periodic-tenancies,Lagos Tenancy Fixed and Periodic Tenancies,reviewed; answer-first intro recommended where useful,Lagos Tenancy Fixed and Periodic Tenancies,Lagos Tenancy Fixed And Periodic Tenancies | Chaman Law Firm,Lagos Tenancy: Fixed and Periodic Tenancies - Understand the key differences between tenancy types before signing your next rental agreement,https://chamanlawfirm.com/resources/blog/lagos-tenancy-fixed-and-periodic-tenancies,yes,yes via article template,no,recommended where legal risk stays low,none detected by automated scan,none detected,low automated risk,hidden until approval,https://chamanlawfirm.com/lagos-tenancy-fixed-and-periodic-tenancies -> https://chamanlawfirm.com/resources/blog/lagos-tenancy-fixed-and-periodic-tenancies after live QA,General Legal Education,blocked,yes - Nigerian legal education framing
https://chamanlawfirm.com/board-of-directors-in-nigerian-companies,https://chamanlawfirm.com/resources/blog/board-of-directors-in-nigerian-companies,The Strategic Power of the Board Directors In Nigerian Companies- For A Successful Business,reviewed; answer-first intro recommended where useful,The Strategic Power of the Board Directors In Nigerian Companies- For A Successful Business,Unlocking The Strategic Power Of The Board Directors In Nigerian Companies- For A Successful Business | Chaman Law Firm,Learn key Nigerian legal considerations on Unlocking The Strategic Power Of The Board Directors In Nigerian Companies- For A Successful Business. Chaman Law Firm explains risk points and when to speak with a lawyer.,https://chamanlawfirm.com/resources/blog/board-of-directors-in-nigerian-companies,yes,yes via article template,yes,recommended where legal risk stays low,none detected by automated scan,none detected,review redirect conflict,hidden until approval,keep existing /practice-areas/corporate-commercial-law/board-governance,Corporate and Commercial Law,blocked,yes - Nigerian legal education framing
https://chamanlawfirm.com/how-to-file-a-lawsuit-in-nigeria,https://chamanlawfirm.com/resources/blog/how-to-file-a-lawsuit-in-nigeria,How To File A Lawsuit In Nigeria,reviewed; answer-first intro recommended where useful,How To File A Lawsuit In Nigeria,HOW TO FILE A LAWSUIT IN NIGERIA | Chaman Law Firm,Learn key Nigerian legal considerations on HOW TO FILE A LAWSUIT IN NIGERIA. Chaman Law Firm explains risk points and when to speak with a lawyer.,https://chamanlawfirm.com/resources/blog/how-to-file-a-lawsuit-in-nigeria,yes,yes via article template,yes,recommended where legal risk stays low,none detected by automated scan,none detected,review redirect conflict,hidden until approval,keep existing /practice-areas/litigation-dispute-resolution/civil-lawsuit-pre-action-review,Litigation and Dispute Resolution,candidate,yes - Nigerian legal education framing
https://chamanlawfirm.com/analysis-of-the-nigerian-legal-system,https://chamanlawfirm.com/resources/blog/analysis-of-the-nigerian-legal-system,Unmasking the Flaws and Triumphs of the Nigerian Legal System: A Power Analysis,reviewed; answer-first intro recommended where useful,Unmasking the Flaws and Triumphs of the Nigerian Legal System: A Power Analysis,Unmasking the Flaws and Triumphs of the Nigerian Legal System: A Power Analysis | Chaman Law Firm,"Learn key Nigerian legal considerations on Unmasking the Flaws and Triumphs of the Nigerian Legal System: A Critical Power Analysis. Chaman Law Firm explains risks, documents, and when to speak with a lawyer.",https://chamanlawfirm.com/resources/blog/analysis-of-the-nigerian-legal-system,yes,yes via article template,no,recommended where legal risk stays low,none detected by automated scan,review,low automated risk,hidden until approval,https://chamanlawfirm.com/analysis-of-the-nigerian-legal-system -> https://chamanlawfirm.com/resources/blog/analysis-of-the-nigerian-legal-system after live QA,Litigation and Dispute Resolution,blocked,yes - Nigerian legal education framing
https://chamanlawfirm.com/how-to-apply-for-certificate-of-good-conduct-in-nigeria,https://chamanlawfirm.com/resources/blog/how-to-apply-for-certificate-of-good-conduct-in-nigeria,How To Apply For Certificate of Good Conduct In Nigeria,reviewed; answer-first intro recommended where useful,How To Apply For Certificate of Good Conduct In Nigeria,HOW TO APPLY FOR CERTIFICATE OF GOOD CONDUCT IN NIGERIA | Chaman Law Firm,Learn key Nigerian legal considerations on HOW TO APPLY FOR CERTIFICATE OF GOOD CONDUCT IN NIGERIA. Chaman Law Firm explains risk points and when to speak with a lawyer.,https://chamanlawfirm.com/resources/blog/how-to-apply-for-certificate-of-good-conduct-in-nigeria,yes,yes via article template,yes,recommended where legal risk stays low,none detected by automated scan,none detected,review redirect conflict,hidden until approval,keep existing /practice-areas/immigration-services/certificate-of-good-conduct-advisory,Property And Real Estate Law,blocked,yes - Nigerian legal education framing
https://chamanlawfirm.com/how-to-legally-evict-a-tenant-in-lagos-state,https://chamanlawfirm.com/resources/blog/how-to-legally-evict-a-tenant-in-lagos-state,How To Legally Evict A Tenant In Lagos State Without Breaking the Law,reviewed; answer-first intro recommended where useful,How To Legally Evict A Tenant In Lagos State Without Breaking the Law,How to Legally Evict a Tenant in Lagos State ,"Learn the legal process for evicting a tenant in Lagos State, including notices, court procedures, recovery of possession, and landlord rights.",https://chamanlawfirm.com/resources/blog/how-to-legally-evict-a-tenant-in-lagos-state,needs enhancement,yes via article template,yes,recommended where legal risk stays low,none detected by automated scan,none detected,low automated risk,hidden until approval,https://chamanlawfirm.com/how-to-legally-evict-a-tenant-in-lagos-state -> https://chamanlawfirm.com/resources/blog/how-to-legally-evict-a-tenant-in-lagos-state after live QA,Probate Estate Administration,blocked,yes - Nigerian legal education framing
https://chamanlawfirm.com/of-the-securities-and-exchange-commission,https://chamanlawfirm.com/resources/blog/of-the-securities-and-exchange-commission,5 Functions of the Securities and Exchange Commission,reviewed; answer-first intro recommended where useful,5 Functions of the Securities and Exchange Commission,5 FUNCTIONS OF THE SECURITIES AND EXCHANGE COMMISSION | Chaman Law Firm,Learn key Nigerian legal considerations on 5 FUNCTIONS OF THE SECURITIES AND EXCHANGE COMMISSION. Chaman Law Firm explains risk points and when to speak with a lawyer.,https://chamanlawfirm.com/resources/blog/of-the-securities-and-exchange-commission,yes,yes via article template,yes,recommended where legal risk stays low,none detected by automated scan,none detected,review redirect conflict,hidden until approval,keep existing /practice-areas/corporate-commercial-law/securities-regulatory-compliance,Corporate and Commercial Law,candidate,yes - Nigerian legal education framing
https://chamanlawfirm.com/challenges-of-implementing-the-land-use-act,https://chamanlawfirm.com/resources/blog/challenges-of-implementing-the-land-use-act,Challenges of Implementing the Land Use Act,reviewed; answer-first intro recommended where useful,Challenges of Implementing the Land Use Act,Challenges Of Implementing The Land Use Act | Chaman Law Firm,The Challenges of Implementing the Land Use Act: A Deep Dive into Nigeria’s Land Administration,https://chamanlawfirm.com/resources/blog/challenges-of-implementing-the-land-use-act,yes,yes via article template,yes,recommended where legal risk stays low,none detected by automated scan,none detected,review redirect conflict,hidden until approval,keep existing /practice-areas/property-real-estate-law/land-use-act-advisory,Probate Estate Administration,blocked,yes - Nigerian legal education framing
https://chamanlawfirm.com/expert-witnesses-in-nigeria-court-proceeding,https://chamanlawfirm.com/resources/blog/expert-witnesses-in-nigeria-court-proceeding,Expert Witnesses In Nigeria Court Proceeding,reviewed; answer-first intro recommended where useful,Expert Witnesses In Nigeria Court Proceeding,Expert Witnesses In Nigeria Court Proceeding | Chaman Law Firm,Expert Witnesses In Nigeria Court Proceeding,https://chamanlawfirm.com/resources/blog/expert-witnesses-in-nigeria-court-proceeding,yes,yes via article template,yes,recommended where legal risk stays low,none detected by automated scan,none detected,review redirect conflict,hidden until approval,keep existing /practice-areas/litigation-dispute-resolution/expert-witnesses,Litigation and Dispute Resolution,blocked,yes - Nigerian legal education framing
https://chamanlawfirm.com/how-to-calculate-and-pay-land-use-charge,https://chamanlawfirm.com/resources/blog/how-to-calculate-and-pay-land-use-charge,How To Calculate and Pay Land Use Charge,reviewed; answer-first intro recommended where useful,How To Calculate and Pay Land Use Charge,How To Calculate And Pay Land Use Charge | Chaman Law Firm,"Land Use Charge -Discover what the Lagos Land Use Charge is, how it’s calculated, and the step-by-step process for paying it to stay compliant.",https://chamanlawfirm.com/resources/blog/how-to-calculate-and-pay-land-use-charge,needs enhancement,yes via article template,yes,recommended where legal risk stays low,none detected by automated scan,none detected,review redirect conflict,hidden until approval,keep existing /practice-areas/property-real-estate-law/land-use-charge,Probate Estate Administration,blocked,yes - Nigerian legal education framing
https://chamanlawfirm.com/legally-combat-police-harassment-in-nigeria,https://chamanlawfirm.com/resources/blog/legally-combat-police-harassment-in-nigeria,Legally Combat Police Harassment In Nigeria,reviewed; answer-first intro recommended where useful,Legally Combat Police Harassment In Nigeria,Legally Combat Police Harassment In Nigeria | Chaman Law Firm,"Police harassment, intimidation, and molestation have unfortunately become common experiences for many Nigerians. Learn to combat police harassment",https://chamanlawfirm.com/resources/blog/legally-combat-police-harassment-in-nigeria,yes,yes via article template,yes,recommended where legal risk stays low,none detected by automated scan,review,low automated risk,hidden until approval,https://chamanlawfirm.com/legally-combat-police-harassment-in-nigeria -> https://chamanlawfirm.com/resources/blog/legally-combat-police-harassment-in-nigeria after live QA,Litigation and Dispute Resolution,blocked,yes - Nigerian legal education framing
https://chamanlawfirm.com/legal-restrictions-to-sale-of-land,https://chamanlawfirm.com/resources/blog/legal-restrictions-to-sale-of-land,Crucial Insights: Understanding the Legal Restrictions To Sale of Land,reviewed; answer-first intro recommended where useful,Crucial Insights: Understanding the Legal Restrictions To Sale of Land,Crucial Insights: Understanding The Legal Restrictions To Sale Of Land | Chaman Law Firm,Learn key Nigerian legal considerations on Crucial Insights: Understanding The Legal Restrictions To Sale Of Land. Chaman Law Firm explains risk points and when to speak with a lawyer.,https://chamanlawfirm.com/resources/blog/legal-restrictions-to-sale-of-land,yes,yes via article template,yes,recommended where legal risk stays low,none detected by automated scan,none detected,review redirect conflict,hidden until approval,keep existing /practice-areas/property-real-estate-law/legal-restrictions-to-sale-of-land,Probate Estate Administration,blocked,yes - Nigerian legal education framing
https://chamanlawfirm.com/establishing-paternity-and-maternity-under,https://chamanlawfirm.com/resources/blog/establishing-paternity-and-maternity-under,Establishing Paternity and Maternity Under Nigerian Law: A Comprehensive 3 Steps Guide,reviewed; answer-first intro recommended where useful,Establishing Paternity and Maternity Under Nigerian Law: A Comprehensive 3 Steps Guide,Establishing Paternity And Maternity Under Nigerian Law: A Comprehensive 3 Steps Guide | Chaman Law Firm,Learn key Nigerian legal considerations on Establishing Paternity And Maternity Under Nigerian Law: A Comprehensive 3 Steps Guide. Chaman Law Firm explains risk points and when to speak with a lawyer.,https://chamanlawfirm.com/resources/blog/establishing-paternity-and-maternity-under,yes,yes via article template,yes,recommended where legal risk stays low,none detected by automated scan,none detected,low automated risk,hidden until approval,https://chamanlawfirm.com/establishing-paternity-and-maternity-under -> https://chamanlawfirm.com/resources/blog/establishing-paternity-and-maternity-under after live QA,Family Law,blocked,yes - Nigerian legal education framing
https://chamanlawfirm.com/selling-a-family-land-without-everyones-consent,https://chamanlawfirm.com/resources/blog/selling-a-family-land-without-everyones-consent,Selling A Family Land Without Everyones Consent,reviewed; answer-first intro recommended where useful,Selling A Family Land Without Everyones Consent,Powerful Steps: Selling a Family Land / Chaman Law Firm,Selling a Family Land Without Everyone’s Consent - Understand your rights and the legal process/ / implications involved. / Chaman Law Firm,https://chamanlawfirm.com/resources/blog/selling-a-family-land-without-everyones-consent,yes,yes via article template,yes,recommended where legal risk stays low,none detected by automated scan,none detected,review redirect conflict,hidden until approval,keep existing /practice-areas/property-real-estate-law/selling-a-family-land-without-everyones-consent,Family Law,blocked,yes - Nigerian legal education framing
https://chamanlawfirm.com/rights-of-parties-to-a-mortgage,https://chamanlawfirm.com/resources/blog/rights-of-parties-to-a-mortgage,Rights of Parties To A Mortgage,reviewed; answer-first intro recommended where useful,Rights of Parties To A Mortgage,RIGHTS OF PARTIES TO A MORTGAGE | Chaman Law Firm,Learn key Nigerian legal considerations on RIGHTS OF PARTIES TO A MORTGAGE. Chaman Law Firm explains risk points and when to speak with a lawyer.,https://chamanlawfirm.com/resources/blog/rights-of-parties-to-a-mortgage,yes,yes via article template,yes,recommended where legal risk stays low,none detected by automated scan,none detected,review redirect conflict,hidden until approval,keep existing /practice-areas/property-real-estate-law/mortgage-document-review,Corporate and Commercial Law,candidate,yes - Nigerian legal education framing
https://chamanlawfirm.com/right-of-an-illegitimate-child,https://chamanlawfirm.com/resources/blog/right-of-an-illegitimate-child,Right of An Illegitimate Child,reviewed; answer-first intro recommended where useful,Right of An Illegitimate Child,Right Of An Illegitimate Child,"RIGHT OF AN ILLEGITIMATE CHILD, An illegitimate child is one born outside of marriage. An illegitimate child can become recognized....",https://chamanlawfirm.com/resources/blog/right-of-an-illegitimate-child,yes,yes via article template,yes,recommended where legal risk stays low,none detected by automated scan,none detected,low automated risk,hidden until approval,https://chamanlawfirm.com/right-of-an-illegitimate-child -> https://chamanlawfirm.com/resources/blog/right-of-an-illegitimate-child after live QA,Family Law,blocked,yes - Nigerian legal education framing
https://chamanlawfirm.com/minority-protection-rights-and-remedies,https://chamanlawfirm.com/resources/blog/minority-protection-rights-and-remedies,Minority Protection: Rights and Remedies of Minorities,reviewed; answer-first intro recommended where useful,Minority Protection: Rights and Remedies of Minorities,MINORITY PROTECTION: RIGHTS AND REMEDIES OF MINORITIES | Chaman Law Firm,Learn key Nigerian legal considerations on MINORITY PROTECTION: RIGHTS AND REMEDIES OF MINORITIES. Chaman Law Firm explains risk points and when to speak with a lawyer.,https://chamanlawfirm.com/resources/blog/minority-protection-rights-and-remedies,yes,yes via article template,yes,recommended where legal risk stays low,none detected by automated scan,none detected,low automated risk,hidden until approval,https://chamanlawfirm.com/minority-protection-rights-and-remedies -> https://chamanlawfirm.com/resources/blog/minority-protection-rights-and-remedies after live QA,Corporate and Commercial Law,candidate,yes - Nigerian legal education framing
https://chamanlawfirm.com/taxes-on-real-estate-transactions-in-nigeria,https://chamanlawfirm.com/resources/blog/taxes-on-real-estate-transactions-in-nigeria,Taxes On Real Estate Transactions In Nigeria,reviewed; answer-first intro recommended where useful,Taxes On Real Estate Transactions In Nigeria,Avoid Costly Mistakes: Essential Guide to Taxes on Real Estate Transactions in Nigeria,"Taxes on Real Estate Transactions in Nigeria- In Nigeria, real estate remains one of the most lucrative and sought-after investment portfolios. From Lagos to Abuja, Owerri to Port Harcourt, Nigerians are constantly buyin",https://chamanlawfirm.com/resources/blog/taxes-on-real-estate-transactions-in-nigeria,yes,yes via article template,no,recommended where legal risk stays low,none detected by automated scan,none detected,low automated risk,hidden until approval,https://chamanlawfirm.com/taxes-on-real-estate-transactions-in-nigeria -> https://chamanlawfirm.com/resources/blog/taxes-on-real-estate-transactions-in-nigeria after live QA,Probate Estate Administration,blocked,yes - Nigerian legal education framing
https://chamanlawfirm.com/the-concept-of-restitution-of-conjugal-rights,https://chamanlawfirm.com/resources/blog/the-concept-of-restitution-of-conjugal-rights,The Concept of Restitution of Conjugal Rights,reviewed; answer-first intro recommended where useful,The Concept of Restitution of Conjugal Rights,The Concept Of Restitution Of Conjugal Rights | Chaman Law Firm,Learn key Nigerian legal considerations on The Concept Of Restitution Of Conjugal Rights. Chaman Law Firm explains risk points and when to speak with a lawyer.,https://chamanlawfirm.com/resources/blog/the-concept-of-restitution-of-conjugal-rights,yes,yes via article template,no,recommended where legal risk stays low,none detected by automated scan,none detected,low automated risk,hidden until approval,https://chamanlawfirm.com/the-concept-of-restitution-of-conjugal-rights -> https://chamanlawfirm.com/resources/blog/the-concept-of-restitution-of-conjugal-rights after live QA,General Legal Education,candidate,yes - Nigerian legal education framing
https://chamanlawfirm.com/breach-of-promise-to-marriage-in-nigeria,https://chamanlawfirm.com/resources/blog/breach-of-promise-to-marriage-in-nigeria,Breach of Promise To Marriage In Nigeria,reviewed; answer-first intro recommended where useful,Breach of Promise To Marriage In Nigeria,Breach of Promise to Marriage in Nigefria,Shocking Truth: Can Breach of Promise to Marriage Be Enforceable in Nigeria’s Legal System? Breach of promise to marriage in Nigeria,https://chamanlawfirm.com/resources/blog/breach-of-promise-to-marriage-in-nigeria,yes,yes via article template,yes,recommended where legal risk stays low,none detected by automated scan,none detected,low automated risk,hidden until approval,https://chamanlawfirm.com/breach-of-promise-to-marriage-in-nigeria -> https://chamanlawfirm.com/resources/blog/breach-of-promise-to-marriage-in-nigeria after live QA,Family Law,blocked,yes - Nigerian legal education framing
https://chamanlawfirm.com/individual-tax-clearance-certificate,https://chamanlawfirm.com/resources/blog/individual-tax-clearance-certificate,Individual Tax Clearance Certificate,reviewed; answer-first intro recommended where useful,Individual Tax Clearance Certificate,Individual Tax Clearance Certificate,Here are the steps on how to get an individual tax clearance certificate for Form A in Lagos State:,https://chamanlawfirm.com/resources/blog/individual-tax-clearance-certificate,yes,yes via article template,yes,recommended where legal risk stays low,none detected by automated scan,none detected,low automated risk,hidden until approval,https://chamanlawfirm.com/individual-tax-clearance-certificate -> https://chamanlawfirm.com/resources/blog/individual-tax-clearance-certificate after live QA,Corporate and Commercial Law,blocked,yes - Nigerian legal education framing
https://chamanlawfirm.com/7-effective-steps-to-take-when-a-landlord-refuses-to-return-your-rent-deposit,https://chamanlawfirm.com/resources/blog/7-effective-steps-to-take-when-a-landlord-refuses-to-return-your-rent-deposit,7 Effective Steps To Take When A Landlord Refuses To Return Your Rent Deposit,reviewed; answer-first intro recommended where useful,7 Effective Steps To Take When A Landlord Refuses To Return Your Rent Deposit,7 Effective Steps To Take When A Landlord Refuses To Return Your Rent Deposit,"Introduction A rent deposit serves as financial security for landlords, protecting against property damages or unpaid rent. However, it is also the tenant's right to have their deposit returned promptly and in full, pr",https://chamanlawfirm.com/resources/blog/7-effective-steps-to-take-when-a-landlord-refuses-to-return-your-rent-deposit,yes,yes via article template,yes,recommended where legal risk stays low,none detected by automated scan,none detected,low automated risk,hidden until approval,https://chamanlawfirm.com/7-effective-steps-to-take-when-a-landlord-refuses-to-return-your-rent-deposit -> https://chamanlawfirm.com/resources/blog/7-effective-steps-to-take-when-a-landlord-refuses-to-return-your-rent-deposit after live QA,Probate Estate Administration,blocked,yes - Nigerian legal education framing
https://chamanlawfirm.com/laspppa-what-it-is-and-why-it-matters-in-lagos,https://chamanlawfirm.com/resources/blog/laspppa-what-it-is-and-why-it-matters-in-lagos,Laspppa: What It Is and Why It Matters For Property Owners In Lagos,reviewed; answer-first intro recommended where useful,Laspppa: What It Is and Why It Matters For Property Owners In Lagos,LASPPPA: What It Is And Why It Matters For Property Owners In Lagos | Chaman Law Firm,Learn key Nigerian legal considerations on LASPPPA: What It Is And Why It Matters For Property Owners In Lagos. Chaman Law Firm explains risk points and when to speak with a lawyer.,https://chamanlawfirm.com/resources/blog/laspppa-what-it-is-and-why-it-matters-in-lagos,yes,yes via article template,yes,recommended where legal risk stays low,none detected by automated scan,none detected,review redirect conflict,hidden until approval,keep existing /practice-areas/property-real-estate-law/lagos-physical-planning-compliance,Property And Real Estate Law,blocked,yes - Nigerian legal education framing
https://chamanlawfirm.com/proven-steps-onoverview-of-the-child-right-act,https://chamanlawfirm.com/resources/blog/proven-steps-onoverview-of-the-child-right-act,Onoverview of the Child Right Act,reviewed; answer-first intro recommended where useful,Onoverview of the Child Right Act,Proven Steps on Overview of the Child Right Act,"Overview of the Child Right Act (2003)), The Children's Rights Act of 2003 extends the human rights bestowed.....",https://chamanlawfirm.com/resources/blog/proven-steps-onoverview-of-the-child-right-act,yes,yes via article template,yes,recommended where legal risk stays low,none detected by automated scan,review,low automated risk,hidden until approval,https://chamanlawfirm.com/proven-steps-onoverview-of-the-child-right-act -> https://chamanlawfirm.com/resources/blog/proven-steps-onoverview-of-the-child-right-act after live QA,Family Law,blocked,yes - Nigerian legal education framing
https://chamanlawfirm.com/clauses-for-drafting-a-tenancy-agreement,https://chamanlawfirm.com/resources/blog/clauses-for-drafting-a-tenancy-agreement,Clauses For Drafting A Tenancy Agreement,reviewed; answer-first intro recommended where useful,Clauses For Drafting A Tenancy Agreement,Clauses For Drafting A Tenancy Agreement,Introduction A tenancy agreement is a vital document that outlines the terms and conditions governing the relationship between a landlord and a tenant. A tenancy agreement is more than just a piece of paper; it is the,https://chamanlawfirm.com/resources/blog/clauses-for-drafting-a-tenancy-agreement,yes,yes via article template,yes,recommended where legal risk stays low,none detected by automated scan,review,low automated risk,hidden until approval,https://chamanlawfirm.com/clauses-for-drafting-a-tenancy-agreement -> https://chamanlawfirm.com/resources/blog/clauses-for-drafting-a-tenancy-agreement after live QA,General Legal Education,blocked,yes - Nigerian legal education framing
https://chamanlawfirm.com/how-to-resolve-land-disputes-in-nigeria-with,https://chamanlawfirm.com/resources/blog/how-to-resolve-land-disputes-in-nigeria-with,How To Resolve Land Disputes In Nigeria With,reviewed; answer-first intro recommended where useful,How To Resolve Land Disputes In Nigeria With,How To Resolve Land Disputes In Nigeria With,How to Resolve Land Disputes in Nigeria Without Going to Court in 3 Proven steps,https://chamanlawfirm.com/resources/blog/how-to-resolve-land-disputes-in-nigeria-with,yes,yes via article template,yes,recommended where legal risk stays low,none detected by automated scan,none detected,low automated risk,hidden until approval,https://chamanlawfirm.com/how-to-resolve-land-disputes-in-nigeria-with -> https://chamanlawfirm.com/resources/blog/how-to-resolve-land-disputes-in-nigeria-with after live QA,Litigation and Dispute Resolution,blocked,yes - Nigerian legal education framing
https://chamanlawfirm.com/limitation-of-action-in-nigeria,https://chamanlawfirm.com/resources/blog/limitation-of-action-in-nigeria,Limitation of Action In Nigeria,reviewed; answer-first intro recommended where useful,Limitation of Action In Nigeria,Limitation Of Action In Nigeria,"Introduction LIMITATION OF ACTION IN NIGERIA Before filing a lawsuit in Nigeria, it is important to be aware of the statute of limitations because it applies to different types of litigation. A law known as the statute",https://chamanlawfirm.com/resources/blog/limitation-of-action-in-nigeria,yes,yes via article template,yes,recommended where legal risk stays low,none detected by automated scan,none detected,low automated risk,hidden until approval,https://chamanlawfirm.com/limitation-of-action-in-nigeria -> https://chamanlawfirm.com/resources/blog/limitation-of-action-in-nigeria after live QA,General Legal Education,blocked,yes - Nigerian legal education framing
https://chamanlawfirm.com/legal-implications-of-joint-property,https://chamanlawfirm.com/resources/blog/legal-implications-of-joint-property,The Legal Implications of Joint Property Ownership In Nigeria,reviewed; answer-first intro recommended where useful,The Legal Implications of Joint Property Ownership In Nigeria,The Critical Legal Implications Of Joint Property Ownership In Nigeria | Chaman Law Firm,Legal Implications Of Joint Property Joint ownership implies that two or more individuals share ownership rights over the same property. The implication is that...,https://chamanlawfirm.com/resources/blog/legal-implications-of-joint-property,yes,yes via article template,no,recommended where legal risk stays low,none detected by automated scan,none detected,review redirect conflict,hidden until approval,keep existing /practice-areas/property-real-estate-law/legal-implications-of-joint-property,Probate Estate Administration,blocked,yes - Nigerian legal education framing
https://chamanlawfirm.com/enforcing-fundamental-human-right,https://chamanlawfirm.com/resources/blog/enforcing-fundamental-human-right,Fundamental Human Right; What Are the Procedures For Enforcing Fundamental Human Right?,reviewed; answer-first intro recommended where useful,Fundamental Human Right; What Are the Procedures For Enforcing Fundamental Human Right?,FUNDAMENTAL HUMAN RIGHT; WHAT ARE THE PROCEDURES FOR ENFORCING FUNDAMENTAL HUMAN RIGHT? | Chaman Law Firm,Learn key Nigerian legal considerations on FUNDAMENTAL HUMAN RIGHT; WHAT ARE THE PROCEDURES FOR ENFORCING FUNDAMENTAL HUMAN RIGHT?. Chaman Law Firm explains risk points and when to speak with a lawyer.,https://chamanlawfirm.com/resources/blog/enforcing-fundamental-human-right,yes,yes via article template,no,recommended where legal risk stays low,none detected by automated scan,none detected,review redirect conflict,hidden until approval,keep existing /practice-areas/litigation-dispute-resolution/fundamental-rights-enforcement,General Legal Education,blocked,yes - Nigerian legal education framing
https://chamanlawfirm.com/powerful-steps-who-is-mercantile-agent,https://chamanlawfirm.com/resources/blog/powerful-steps-who-is-mercantile-agent,Who Is Mercantile Agent,reviewed; answer-first intro recommended where useful,Who Is Mercantile Agent,Who Is Mercantile Agent | Chaman Law Firm,Learn key Nigerian legal considerations on Who Is Mercantile Agent. Chaman Law Firm explains risk points and when to speak with a lawyer.,https://chamanlawfirm.com/resources/blog/powerful-steps-who-is-mercantile-agent,yes,yes via article template,no,recommended where legal risk stays low,none detected by automated scan,review,low automated risk,hidden until approval,https://chamanlawfirm.com/powerful-steps-who-is-mercantile-agent -> https://chamanlawfirm.com/resources/blog/powerful-steps-who-is-mercantile-agent after live QA,General Legal Education,blocked,yes - Nigerian legal education framing
