priority,old URL,slug,title,source body recovery,source body quality,plugin debris cleanup,formatting repair,answer-first intro,CTA,internal links,image,alt text,SEO title,meta description,canonical,author,category,legal risk,current-law risk,duplicate/cannibalization risk,approval readiness,notes
hidden-1,https://chamanlawfirm.com/7-steps-on-how-to-use-small-claims-court,7-steps-on-how-to-use-small-claims-court,7 Steps On How To Use Small Claims Court,Sanity hidden source present,68 blocks; 8778 chars,clear,adequate block structure,template/content review recommended; do not invent legal claims,article template provides consultation/contact CTA,internal/external links present in body marks,image missing,missing,7 Steps On How To Use Small Claims Court | Chaman Law Firm,"Introduction Debt recovery is a significant concern for individuals and businesses alike, particularly when the amounts involved are relatively small. Pursuing debt through traditional legal channels can be time-consum",https://chamanlawfirm.com/resources/blog/7-steps-on-how-to-use-small-claims-court,"Charles Chukwuma Nkwoka, Esq.",Litigation and dispute resolution,low automated risk,low automated risk,no configured redirect conflict,keep hidden,featured image missing; alt text missing or weak
hidden-2,https://chamanlawfirm.com/legal-requirementsfor-registering-a-property,legal-requirementsfor-registering-a-property,Legal Requirementsfor Registering A Property,Sanity hidden source present,96 blocks; 7973 chars,clear,adequate block structure,template/content review recommended; do not invent legal claims,article template provides consultation/contact CTA,internal/external links present in body marks,image missing,missing,Legal Requirementsfor Registering A Property | Chaman Law Firm,Introduction Registering a property in Nigeria is a critical step for anyone venturing into real estate. This process goes beyond merely acquiring a property; it ensures your ownership is legally recognized and protect,https://chamanlawfirm.com/resources/blog/legal-requirementsfor-registering-a-property,"Charles Chukwuma Nkwoka, Esq.",Property And Real Estate Law,current-law or procedure-sensitive topic; dispute-resolution wording requires lawyer review; unsupported outcome claim,lawyer review required,no configured redirect conflict,keep hidden,featured image missing; alt text missing or weak; current-law or procedure-sensitive topic; dispute-resolution wording requires lawyer review; unsupported outcome claim
hidden-3,https://chamanlawfirm.com/cyber-crime-awareness-campaigns-10-powerful,cyber-crime-awareness-campaigns-10-powerful,Cyber Crime Awareness Campaigns 10 Powerful,Sanity hidden source present,49 blocks; 10640 chars,clear,adequate block structure,template/content review recommended; do not invent legal claims,article template provides consultation/contact CTA,internal/external links present in body marks,image missing,missing,Cyber Crime Awareness Campaigns 10 Powerful | Chaman Law Firm,"Introduction In an age where our lives are increasingly intertwined with the digital realm, the threat of cyber crime looms large. Cyber criminals exploit vulnerabilities in technology to perpetrate a range of illegal",https://chamanlawfirm.com/resources/blog/cyber-crime-awareness-campaigns-10-powerful,"Charles Chukwuma Nkwoka, Esq.",Property And Real Estate Law,current-law or procedure-sensitive topic,lawyer review required,no configured redirect conflict,keep hidden,featured image missing; alt text missing or weak; current-law or procedure-sensitive topic
hidden-4,https://chamanlawfirm.com/inheritance-rights-under-ogun-customary-law,inheritance-rights-under-ogun-customary-law,Inheritance Rights Under Ogun Customary Law,Sanity hidden source present,12 blocks; 892 chars,clear,adequate block structure,template/content review recommended; do not invent legal claims,article template provides consultation/contact CTA,internal/external links present in body marks,image missing,missing,Inheritance Rights Under Ogun Customary Law | Chaman Law Firm,Curious about inheritance rights under customary law in Ogun State? Discover how property is shared and who qualifies as an heir under tradition.,https://chamanlawfirm.com/resources/blog/inheritance-rights-under-ogun-customary-law,"Charles Chukwuma Nkwoka, Esq.",Probate Estate Administration,low automated risk,low automated risk,no configured redirect conflict,keep hidden,source body too short for approval; featured image missing; alt text missing or weak
hidden-5,https://chamanlawfirm.com/family-property-disputes-in-lagos,family-property-disputes-in-lagos,Family Property Disputes In Lagos,Sanity hidden source present,120 blocks; 8433 chars,clear,adequate block structure,template/content review recommended; do not invent legal claims,article template provides consultation/contact CTA,needs manual link enhancement,image missing,missing,Family Property Disputes In Lagos | Chaman Law Firm,"Family Property Disputes in Lagos: Learn the key legal principles that determine who can sell, manage, or claim family property / Chaman Law Firm",https://chamanlawfirm.com/resources/blog/family-property-disputes-in-lagos,"Charles Chukwuma Nkwoka, Esq.",Family Law,dispute-resolution wording requires lawyer review,low automated risk,no configured redirect conflict,keep hidden,featured image missing; alt text missing or weak; dispute-resolution wording requires lawyer review
hidden-6,https://chamanlawfirm.com/defenses-and-bars-to-a-petition-for-divorce,defenses-and-bars-to-a-petition-for-divorce,Defenses And Bars To A Petition For Divorce,Sanity hidden source present,107 blocks; 9018 chars,clear,adequate block structure,template/content review recommended; do not invent legal claims,article template provides consultation/contact CTA,internal/external links present in body marks,image missing,missing,Defenses And Bars To A Petition For Divorce | Chaman Law Firm,"Defenses and Bars to a Petition for Divorce, the court has discretion whether or not to dissolve the marriage if one of the defenses....",https://chamanlawfirm.com/resources/blog/defenses-and-bars-to-a-petition-for-divorce,"Charles Chukwuma Nkwoka, Esq.",Family Law,family-status topic requires lawyer review,low automated risk,no configured redirect conflict,keep hidden,featured image missing; alt text missing or weak; family-status topic requires lawyer review
hidden-7,https://chamanlawfirm.com/challenges-in-debt-recovery-and-solutions,challenges-in-debt-recovery-and-solutions,Challenges In Debt Recovery And Solutions,Sanity hidden source present,71 blocks; 8592 chars,clear,adequate block structure,template/content review recommended; do not invent legal claims,article template provides consultation/contact CTA,internal/external links present in body marks,image missing,missing,Challenges In Debt Recovery And Solutions | Chaman Law Firm,"Challenges In Debt Recovery And Solutions Debt recovery is a critical function for businesses, particularly in maintaining cash flow and financial stability. However...",https://chamanlawfirm.com/resources/blog/challenges-in-debt-recovery-and-solutions,"Charles Chukwuma Nkwoka, Esq.",Debt recovery,low automated risk,low automated risk,no configured redirect conflict,keep hidden,featured image missing; alt text missing or weak
hidden-8,https://chamanlawfirm.com/land-use-act-impact-land-ownership-and-titles,land-use-act-impact-land-ownership-and-titles,Land Use Act Impact Land Ownership And Titles,Sanity hidden source present,120 blocks; 7959 chars,clear,adequate block structure,template/content review recommended; do not invent legal claims,article template provides consultation/contact CTA,needs manual link enhancement,image missing,missing,Land Use Act Impact Land Ownership And Titles | Chaman Law Firm,"Explore how the Land Use Act Impact Land Ownership and Titles in Nigeria, including rights, government control, and legal implications for owners.",https://chamanlawfirm.com/resources/blog/land-use-act-impact-land-ownership-and-titles,"Charles Chukwuma Nkwoka, Esq.",Property And Real Estate Law,current-law or procedure-sensitive topic,lawyer review required,no configured redirect conflict,keep hidden,featured image missing; alt text missing or weak; current-law or procedure-sensitive topic
hidden-9,https://chamanlawfirm.com/filing-for-divorce-in-nigeria-a-comprehen,filing-for-divorce-in-nigeria-a-comprehen,Filing For Divorce In Nigeria A Comprehen,Sanity hidden source present,67 blocks; 8232 chars,clear,adequate block structure,template/content review recommended; do not invent legal claims,article template provides consultation/contact CTA,internal/external links present in body marks,image missing,missing,Filing For Divorce In Nigeria A Comprehen | Chaman Law Firm,"Introduction Divorce is a legal process that involves the dissolution of marriage, a step many consider only after careful thought due to its emotional, financial, and social implications. In Nigeria, divorce cases are",https://chamanlawfirm.com/resources/blog/filing-for-divorce-in-nigeria-a-comprehen,"Charles Chukwuma Nkwoka, Esq.",Family Law,family-status topic requires lawyer review,low automated risk,no configured redirect conflict,keep hidden,featured image missing; alt text missing or weak; family-status topic requires lawyer review
hidden-10,https://chamanlawfirm.com/registering-a-private-security-company,registering-a-private-security-company,Registering A Private Security Company,Sanity hidden source present,96 blocks; 7823 chars,clear,adequate block structure,template/content review recommended; do not invent legal claims,article template provides consultation/contact CTA,internal/external links present in body marks,image missing,missing,Registering A Private Security Company | Chaman Law Firm,"Register your private security company in Nigeria legally. Learn about CAC registration, NSCDC licensing, compliance, and regulatory requirements.",https://chamanlawfirm.com/resources/blog/registering-a-private-security-company,"Charles Chukwuma Nkwoka, Esq.",Corporate & Commercial Law,current-law or procedure-sensitive topic,lawyer review required,redirect conflict: /practice-areas/corporate-commercial-law,keep hidden,featured image missing; alt text missing or weak; current-law or procedure-sensitive topic; legacy URL already redirects to /practice-areas/corporate-commercial-law
hidden-11,https://chamanlawfirm.com/powerful-steps-grant-of-probate-in-lagos-state,powerful-steps-grant-of-probate-in-lagos-state,Powerful Steps Grant Of Probate In Lagos State,Sanity hidden source present,120 blocks; 8888 chars,clear,adequate block structure,template/content review recommended; do not invent legal claims,article template provides consultation/contact CTA,needs manual link enhancement,image missing,missing,Powerful Steps Grant Of Probate In Lagos State | Chaman Law Firm,"Understand the process of obtaining a grant of probate in Lagos State, including steps, estate administration, and guidance from Chaman Law Firm.",https://chamanlawfirm.com/resources/blog/powerful-steps-grant-of-probate-in-lagos-state,"Charles Chukwuma Nkwoka, Esq.",Probate Estate Administration,current-law or procedure-sensitive topic,lawyer review required,no configured redirect conflict,keep hidden,featured image missing; alt text missing or weak; current-law or procedure-sensitive topic
hidden-12,https://chamanlawfirm.com/family-disputes-with-international-dimension,family-disputes-with-international-dimension,Family Disputes With International Dimension,Sanity hidden source present,71 blocks; 20203 chars,clear,adequate block structure,template/content review recommended; do not invent legal claims,article template provides consultation/contact CTA,internal/external links present in body marks,image missing,missing,Family Disputes With International Dimension | Chaman Law Firm,"Family Disputes With International Dimension Another critical area for improvement lies in public education and legal awareness. Many Nigerian citizens, both at home and...",https://chamanlawfirm.com/resources/blog/family-disputes-with-international-dimension,"Charles Chukwuma Nkwoka, Esq.",Family Law,family-status topic requires lawyer review,low automated risk,no configured redirect conflict,keep hidden,featured image missing; alt text missing or weak; family-status topic requires lawyer review
hidden-13,https://chamanlawfirm.com/navigating-the-probate-registry-in-ogun-state,navigating-the-probate-registry-in-ogun-state,Navigating the Probate Registry in Ogun State,Sanity hidden source present,84 blocks; 9009 chars,clear,adequate block structure,template/content review recommended; do not invent legal claims,article template provides consultation/contact CTA,internal/external links present in body marks,image present,Navigating the Probate Registry in Ogun State legal guide | Chaman Law Firm,Navigating the Probate Registry in Ogun State | Chaman Law Firm,"Navigating the Probate Registry in Ogun State with expert legal support. Chaman Law Firm assists with probate, wills, and estate documentation.",https://chamanlawfirm.com/resources/blog/navigating-the-probate-registry-in-ogun-state,"Charles Chukwuma Nkwoka, Esq.",Probate Estate Administration,low automated risk,low automated risk,no configured redirect conflict,already public,public canonical article already exists
hidden-14,https://chamanlawfirm.com/how-to-verify-property-titles-in-nigeria,how-to-verify-property-titles-in-nigeria,How to Verify Property Titles in Nigeria,Sanity hidden source present,93 blocks; 4556 chars,clear,adequate block structure,template/content review recommended; do not invent legal claims,article template provides consultation/contact CTA,internal/external links present in body marks,image present,How to Verify Property Titles in Nigeria legal guide | Chaman Law Firm,How to Verify Property Titles in Nigeria | Chaman Law Firm,Learn how to verify property titles in Nigeria before buying land or property. Avoid scams and secure your investment with this legal step-by-step. . .,https://chamanlawfirm.com/resources/blog/how-to-verify-property-titles-in-nigeria,"Charles Chukwuma Nkwoka, Esq.",Property And Real Estate Law,current-law or procedure-sensitive topic,lawyer review required,no configured redirect conflict,already public,public canonical article already exists
hidden-15,https://chamanlawfirm.com/division-in-divorce-proceedings,division-in-divorce-proceedings,Division of Property in Divorce Proceedings in Nigeria,Sanity hidden source present,76 blocks; 9128 chars,clear,adequate block structure,template/content review recommended; do not invent legal claims,article template provides consultation/contact CTA,internal/external links present in body marks,image present,Division of Property in Divorce Proceedings in Nigeria legal guide | Chaman Law Firm,Division of Property in Divorce Proceedings in Nigeria | Chaman Law Firm,"Divorce is a complex process, and one of the most contentious aspects often involves the division of property. In Nigeria, property division during divorce proceedings can be particularly intricate due to varying laws,",https://chamanlawfirm.com/resources/blog/division-in-divorce-proceedings,"Charles Chukwuma Nkwoka, Esq.",Family Law,low automated risk,low automated risk,no configured redirect conflict,already public,public canonical article already exists
hidden-16,https://chamanlawfirm.com/how-to-verify-a-propertys-survey-plan-in-lagos,how-to-verify-a-propertys-survey-plan-in-lagos,How To Verify A Propertys Survey Plan In Lagos,Sanity hidden source present,83 blocks; 8488 chars,clear,adequate block structure,template/content review recommended; do not invent legal claims,article template provides consultation/contact CTA,internal/external links present in body marks,image missing,missing,How To Verify A Propertys Survey Plan In Lagos | Chaman Law Firm,How to Verify a Property’s Survey Plan -,https://chamanlawfirm.com/resources/blog/how-to-verify-a-propertys-survey-plan-in-lagos,"Charles Chukwuma Nkwoka, Esq.",Property And Real Estate Law,low automated risk,low automated risk,no configured redirect conflict,keep hidden,featured image missing; alt text missing or weak
hidden-17,https://chamanlawfirm.com/calculate-land-use-charge-chaman-law-firm,calculate-land-use-charge-chaman-law-firm,How to Calculate Land Use Charge in Nigeria,Sanity hidden source present,71 blocks; 5612 chars,clear,adequate block structure,template/content review recommended; do not invent legal claims,article template provides consultation/contact CTA,internal/external links present in body marks,image present,How to Calculate Land Use Charge in Nigeria legal guide | Chaman Law Firm,How to Calculate Land Use Charge in Nigeria | Chaman Law Firm,Learn how to calculate Land Use Charge in Ogun State- the key components of the charge and applicable rates from Chaman Law Firm,https://chamanlawfirm.com/resources/blog/calculate-land-use-charge-chaman-law-firm,"Charles Chukwuma Nkwoka, Esq.",Property And Real Estate Law,current-law or procedure-sensitive topic,lawyer review required,no configured redirect conflict,already public,public canonical article already exists
hidden-18,https://chamanlawfirm.com/how-does-the-land-use-act-involve-the-surveyor-generals-office,how-does-the-land-use-act-involve-the-surveyor-generals-office,How Does The Land Use Act Involve The Surveyor Generals Office,Sanity hidden source present,10 blocks; 1691 chars,clear,adequate block structure,template/content review recommended; do not invent legal claims,article template provides consultation/contact CTA,internal/external links present in body marks,image missing,missing,How Does The Land Use Act Involve The Surveyor Generals Office | Chaman Law Firm,"The Land Use Act of 1978 is a significant piece of legislation in Nigeria, governing land ownership, allocation, and use. It outlines a comprehensive framework for land administration and provides for the establishment",https://chamanlawfirm.com/resources/blog/how-does-the-land-use-act-involve-the-surveyor-generals-office,"Charles Chukwuma Nkwoka, Esq.",Property And Real Estate Law,dispute-resolution wording requires lawyer review,low automated risk,no configured redirect conflict,keep hidden,featured image missing; alt text missing or weak; dispute-resolution wording requires lawyer review
hidden-19,https://chamanlawfirm.com/strategies-to-handle-a-bad-tenant-legally,strategies-to-handle-a-bad-tenant-legally,Legal Strategies for Handling Difficult Tenants in Nigeria,Sanity hidden source present,81 blocks; 7574 chars,clear,adequate block structure,template/content review recommended; do not invent legal claims,article template provides consultation/contact CTA,internal/external links present in body marks,image present,Legal Strategies for Handling Difficult Tenants in Nigeria legal guide | Chaman Law Firm,Legal Strategies for Handling Difficult Tenants in Nigeria | Chaman Law Firm,"Introduction As a landlord in Lagos, one of the most challenging scenarios you may encounter is dealing with a bad tenant. From unpaid rent to property damage or even illegal activities on the premises, troublesome ten",https://chamanlawfirm.com/resources/blog/strategies-to-handle-a-bad-tenant-legally,"Charles Chukwuma Nkwoka, Esq.",Property And Real Estate Law,current-law or procedure-sensitive topic,lawyer review required,no configured redirect conflict,already public,public canonical article already exists
hidden-20,https://chamanlawfirm.com/verify-land-titles-before-buying-property,verify-land-titles-before-buying-property,How to Verify Land Titles Before Buying Property,Sanity hidden source present,120 blocks; 8890 chars,clear,adequate block structure,template/content review recommended; do not invent legal claims,article template provides consultation/contact CTA,needs manual link enhancement,image present,How to Verify Land Titles Before Buying Property legal guide | Chaman Law Firm,How to Verify Land Titles Before Buying Property | Chaman Law Firm,Verify land titles before buying property in Lekki. Chaman Law Firm offers expert legal guidance to ensure safe and secure real estate transactions.,https://chamanlawfirm.com/resources/blog/verify-land-titles-before-buying-property,"Charles Chukwuma Nkwoka, Esq.",Property And Real Estate Law,off-brand/property-sales wording; current-law or procedure-sensitive topic,lawyer review required,no configured redirect conflict,already public,public canonical article already exists
hidden-21,https://chamanlawfirm.com/business-registration-process-in-lagosa-com,business-registration-process-in-lagosa-com,Business Registration Process in Lagos,Sanity hidden source present,65 blocks; 6551 chars,clear,adequate block structure,template/content review recommended; do not invent legal claims,article template provides consultation/contact CTA,internal/external links present in body marks,image present,Business Registration Process in Lagos legal guide | Chaman Law Firm,Business Registration Process in Lagos | Chaman Law Firm,"Introduction Starting a business in Lagos, Nigeria's economic hub, offers immense opportunities but also requires adherence to specific regulatory processes. Registering your business is a crucial step that legitimizes",https://chamanlawfirm.com/resources/blog/business-registration-process-in-lagosa-com,"Charles Chukwuma Nkwoka, Esq.",Corporate & Commercial Law,low automated risk,low automated risk,no configured redirect conflict,already public,public canonical article already exists
hidden-22,https://chamanlawfirm.com/difference-between-excision-gazette-c-of-o,difference-between-excision-gazette-c-of-o,"Difference Between Excision, Gazette and Certificate of Occupancy",Sanity hidden source present,85 blocks; 19300 chars,clear,adequate block structure,template/content review recommended; do not invent legal claims,article template provides consultation/contact CTA,internal/external links present in body marks,image present,"Difference Between Excision, Gazette and Certificate of Occupancy legal guide | Chaman Law Firm","Difference Between Excision, Gazette and Certificate of Occupancy | Chaman Law Firm","Learn difference between Excision, Gazette, C of O and Governor’s Consent in Lekki properties. Chaman Law Firm provides expert legal guidance.",https://chamanlawfirm.com/resources/blog/difference-between-excision-gazette-c-of-o,"Charles Chukwuma Nkwoka, Esq.",Property And Real Estate Law,current-law or procedure-sensitive topic,lawyer review required,no configured redirect conflict,already public,public canonical article already exists
hidden-23,https://chamanlawfirm.com/family-courts-and-specialized-tribunals,family-courts-and-specialized-tribunals,Family Courts And Specialized Tribunals,Sanity hidden source present,67 blocks; 20669 chars,clear,adequate block structure,template/content review recommended; do not invent legal claims,article template provides consultation/contact CTA,internal/external links present in body marks,image missing,missing,Family Courts And Specialized Tribunals | Chaman Law Firm,Family Courts And Specialized Tribunals One of the principal motivations behind the establishment of both Family Courts and Specialized Tribunals is the realization...,https://chamanlawfirm.com/resources/blog/family-courts-and-specialized-tribunals,"Charles Chukwuma Nkwoka, Esq.",Family Law,current-law or procedure-sensitive topic; family-status topic requires lawyer review,lawyer review required,no configured redirect conflict,keep hidden,featured image missing; alt text missing or weak; current-law or procedure-sensitive topic; family-status topic requires lawyer review
hidden-24,https://chamanlawfirm.com/9-cyber-crime-prosecution-breakthrough-ch,9-cyber-crime-prosecution-breakthrough-ch,Cybercrime Prosecution in Nigeria,Sanity hidden source present,36 blocks; 8863 chars,clear,adequate block structure,template/content review recommended; do not invent legal claims,article template provides consultation/contact CTA,internal/external links present in body marks,image present,Cybercrime Prosecution in Nigeria legal guide | Chaman Law Firm,Cybercrime Prosecution in Nigeria | Chaman Law Firm,"Introduction Cybercrime, a rapidly evolving facet of the global crime landscape, poses significant threats to individuals, businesses, and governments alike. In Nigeria, the rise of cybercrime has been meteoric, with t",https://chamanlawfirm.com/resources/blog/9-cyber-crime-prosecution-breakthrough-ch,"Charles Chukwuma Nkwoka, Esq.",Property And Real Estate Law,current-law or procedure-sensitive topic,lawyer review required,no configured redirect conflict,already public,public canonical article already exists
hidden-25,https://chamanlawfirm.com/regarding-the-custody-of-a-child,regarding-the-custody-of-a-child,Regarding The Custody Of A Child,Sanity hidden source present,94 blocks; 6917 chars,clear,adequate block structure,template/content review recommended; do not invent legal claims,article template provides consultation/contact CTA,internal/external links present in body marks,image missing,missing,Regarding The Custody Of A Child | Chaman Law Firm,"the discretionary powers of the court Regarding the Custody of a Child, including factors considered and legal framework under Nigerian law",https://chamanlawfirm.com/resources/blog/regarding-the-custody-of-a-child,"Charles Chukwuma Nkwoka, Esq.",Family Law,current-law or procedure-sensitive topic; family-status topic requires lawyer review,lawyer review required,no configured redirect conflict,keep hidden,featured image missing; alt text missing or weak; current-law or procedure-sensitive topic; family-status topic requires lawyer review
hidden-26,https://chamanlawfirm.com/real-estate-title-frauds-in-nigeria,real-estate-title-frauds-in-nigeria,Real Estate Title Frauds In Nigeria,Sanity hidden source present,17 blocks; 1181 chars,clear,adequate block structure,template/content review recommended; do not invent legal claims,article template provides consultation/contact CTA,internal/external links present in body marks,image missing,missing,Real Estate Title Frauds In Nigeria | Chaman Law Firm,HOW TO AVOID TITLE FRAUDS IN NIGERIA'S REAL ESTATE SECTOR,https://chamanlawfirm.com/resources/blog/real-estate-title-frauds-in-nigeria,"Charles Chukwuma Nkwoka, Esq.",Probate Estate Administration,low automated risk,low automated risk,no configured redirect conflict,keep hidden,source body too short for approval; featured image missing; alt text missing or weak
hidden-27,https://chamanlawfirm.com/dealing-with-abadtenantinlagos-for-landlords,dealing-with-abadtenantinlagos-for-landlords,Dealing With Abadtenantinlagos For Landlords,Sanity hidden source present,35 blocks; 5847 chars,clear,adequate block structure,template/content review recommended; do not invent legal claims,article template provides consultation/contact CTA,internal/external links present in body marks,image missing,missing,Dealing With Abadtenantinlagos For Landlords | Chaman Law Firm,"Introduction As a landlord in Lagos State, there’s no doubt that renting out property can come with its fair share of challenges. Among the most frustrating experiences is dealing with bad tenants—those who refuse to p",https://chamanlawfirm.com/resources/blog/dealing-with-abadtenantinlagos-for-landlords,"Charles Chukwuma Nkwoka, Esq.",Property And Real Estate Law,possible unsafe self-help wording; current-law or procedure-sensitive topic,lawyer review required,no configured redirect conflict,keep hidden,featured image missing; alt text missing or weak; possible unsafe self-help wording; current-law or procedure-sensitive topic
hidden-28,https://chamanlawfirm.com/how-to-perfect-a-property-title-in-nigeria,how-to-perfect-a-property-title-in-nigeria,How to Perfect a Property Title in Nigeria,Sanity hidden source present,92 blocks; 8209 chars,clear,adequate block structure,template/content review recommended; do not invent legal claims,article template provides consultation/contact CTA,internal/external links present in body marks,image present,How to Perfect a Property Title in Nigeria legal guide | Chaman Law Firm,How to Perfect a Property Title in Nigeria | Chaman Law Firm,"Introduction Property ownership in Nigeria is a valuable investment, but the journey doesn’t end with the purchase. To secure your ownership rights and ensure your property remains free from disputes or claims, you mus",https://chamanlawfirm.com/resources/blog/how-to-perfect-a-property-title-in-nigeria,"Charles Chukwuma Nkwoka, Esq.",Property And Real Estate Law,current-law or procedure-sensitive topic; dispute-resolution wording requires lawyer review,lawyer review required,no configured redirect conflict,already public,public canonical article already exists
hidden-29,https://chamanlawfirm.com/criteria-for-patent-in-nigeria,criteria-for-patent-in-nigeria,Criteria for Patent Protection in Nigeria,Sanity hidden source present,50 blocks; 7528 chars,clear,adequate block structure,template/content review recommended; do not invent legal claims,article template provides consultation/contact CTA,internal/external links present in body marks,image present,Criteria for Patent Protection in Nigeria legal guide | Chaman Law Firm,Criteria for Patent Protection in Nigeria | Chaman Law Firm,"CRITERIA FOR PATENT IN NIGERIA, A patent is a government authority or license transferring an exclusive right or title for an invention for a",https://chamanlawfirm.com/resources/blog/criteria-for-patent-in-nigeria,"Charles Chukwuma Nkwoka, Esq.",Property And Real Estate Law,current-law or procedure-sensitive topic,lawyer review required,no configured redirect conflict,already public,public canonical article already exists
hidden-30,https://chamanlawfirm.com/what-are-the-penalties-for-fake-land-documents,what-are-the-penalties-for-fake-land-documents,Penalties for Fake Land Documents in Nigeria,Sanity hidden source present,120 blocks; 19400 chars,clear,adequate block structure,template/content review recommended; do not invent legal claims,article template provides consultation/contact CTA,needs manual link enhancement,image present,Penalties for Fake Land Documents in Nigeria legal guide | Chaman Law Firm,Penalties for Fake Land Documents in Nigeria | Chaman Law Firm,Legal consequences of using fake land documents in Ogun State. Learn the applicable penalties and how to protect yourself from real estate fraud.,https://chamanlawfirm.com/resources/blog/what-are-the-penalties-for-fake-land-documents,"Charles Chukwuma Nkwoka, Esq.",Notary Public,current-law or procedure-sensitive topic,lawyer review required,no configured redirect conflict,already public,public canonical article already exists
hidden-31,https://chamanlawfirm.com/estate-administration-in-lagos-state,estate-administration-in-lagos-state,Estate Administration in Lagos State,Sanity hidden source present,120 blocks; 7954 chars,clear,adequate block structure,template/content review recommended; do not invent legal claims,article template provides consultation/contact CTA,needs manual link enhancement,image present,Estate Administration in Lagos State legal guide | Chaman Law Firm,Estate Administration in Lagos State | Chaman Law Firm,"Estate administration in Lagos State, covering probate process, asset distribution, and compliance with support from Chaman Law Firm",https://chamanlawfirm.com/resources/blog/estate-administration-in-lagos-state,"Charles Chukwuma Nkwoka, Esq.",Probate Estate Administration,unsupported outcome claim,low automated risk,no configured redirect conflict,already public,public canonical article already exists
hidden-32,https://chamanlawfirm.com/mechanisms-for-the-childs-rights-act,mechanisms-for-the-childs-rights-act,Mechanisms Under the Child Rights Act in Nigeria,Sanity hidden source present,33 blocks; 6798 chars,clear,adequate block structure,template/content review recommended; do not invent legal claims,article template provides consultation/contact CTA,internal/external links present in body marks,image present,Mechanisms Under the Child Rights Act in Nigeria legal guide | Chaman Law Firm,Mechanisms Under the Child Rights Act in Nigeria | Chaman Law Firm,"The Child's Rights Act (CRA) of Nigeria, a landmark legislation aimed at safeguarding the well-being and rights of children,",https://chamanlawfirm.com/resources/blog/mechanisms-for-the-childs-rights-act,"Charles Chukwuma Nkwoka, Esq.",Family Law,current-law or procedure-sensitive topic,lawyer review required,no configured redirect conflict,already public,public canonical article already exists
hidden-33,https://chamanlawfirm.com/drafting-company-bylaws-in-nigeria-a-compre,drafting-company-bylaws-in-nigeria-a-compre,Drafting Company Bylaws in Nigeria,Sanity hidden source present,60 blocks; 6464 chars,clear,adequate block structure,template/content review recommended; do not invent legal claims,article template provides consultation/contact CTA,internal/external links present in body marks,image present,Drafting Company Bylaws in Nigeria legal guide | Chaman Law Firm,Drafting Company Bylaws in Nigeria | Chaman Law Firm,"Introduction Company bylaws serve as the internal operating manual for a corporation, detailing the rules and regulations governing its operations and the rights and responsibilities of its shareholders, directors, and",https://chamanlawfirm.com/resources/blog/drafting-company-bylaws-in-nigeria-a-compre,"Charles Chukwuma Nkwoka, Esq.",Corporate & Commercial Law,low automated risk,low automated risk,no configured redirect conflict,already public,public canonical article already exists
hidden-34,https://chamanlawfirm.com/the-essential-ethics-of-debt-recovery,the-essential-ethics-of-debt-recovery,Ethical Debt Recovery in Nigeria,Sanity hidden source present,60 blocks; 19907 chars,clear,adequate block structure,template/content review recommended; do not invent legal claims,article template provides consultation/contact CTA,internal/external links present in body marks,image present,Ethical Debt Recovery in Nigeria legal guide | Chaman Law Firm,Ethical Debt Recovery in Nigeria | Chaman Law Firm,"The Essential Ethics Of Debt Recovery Debt recovery is a vital aspect of business operations and financial stability, ensuring that businesses and individuals are held...",https://chamanlawfirm.com/resources/blog/the-essential-ethics-of-debt-recovery,"Charles Chukwuma Nkwoka, Esq.",Debt recovery,possible unsafe self-help wording; current-law or procedure-sensitive topic,lawyer review required,no configured redirect conflict,already public,public canonical article already exists
hidden-35,https://chamanlawfirm.com/4-proven-features-of-customary-marriage-and-the-bill-of-rights-conflicting-interests,4-proven-features-of-customary-marriage-and-the-bill-of-rights-conflicting-interests,Customary Marriage and Constitutional Rights in Nigeria,Sanity hidden source present,56 blocks; 7721 chars,clear,adequate block structure,template/content review recommended; do not invent legal claims,article template provides consultation/contact CTA,internal/external links present in body marks,image present,Customary Marriage and Constitutional Rights in Nigeria legal guide | Chaman Law Firm,Customary Marriage and Constitutional Rights in Nigeria | Chaman Law Firm,"Introduction Customary marriage, deeply rooted in the traditions and practices of various ethnic groups, plays a significant role in many African countries, including Nigeria. These marriages are governed by the custom",https://chamanlawfirm.com/resources/blog/4-proven-features-of-customary-marriage-and-the-bill-of-rights-conflicting-interests,"Charles Chukwuma Nkwoka, Esq.",Family Law,current-law or procedure-sensitive topic; family-status topic requires lawyer review,lawyer review required,no configured redirect conflict,already public,public canonical article already exists
hidden-36,https://chamanlawfirm.com/financing-real-estate-investments-in-nigeria,financing-real-estate-investments-in-nigeria,Financing Real Estate Investments In Nigeria,Sanity hidden source present,72 blocks; 20118 chars,clear,adequate block structure,template/content review recommended; do not invent legal claims,article template provides consultation/contact CTA,internal/external links present in body marks,image missing,missing,Financing Real Estate Investments In Nigeria | Chaman Law Firm,"Financing Real Estate Investments In Nigeria Navigating in the real estate market in Nigeria offers numerous opportunities for investors, whether they are first-time buyers...",https://chamanlawfirm.com/resources/blog/financing-real-estate-investments-in-nigeria,"Charles Chukwuma Nkwoka, Esq.",Probate Estate Administration,current-law or procedure-sensitive topic; unsupported outcome claim,lawyer review required,no configured redirect conflict,keep hidden,featured image missing; alt text missing or weak; current-law or procedure-sensitive topic; unsupported outcome claim
hidden-37,https://chamanlawfirm.com/how-to-register-a-tech-company-in-nigeria,how-to-register-a-tech-company-in-nigeria,How to Register a Tech Company in Nigeria,Sanity hidden source present,19 blocks; 3392 chars,clear,adequate block structure,template/content review recommended; do not invent legal claims,article template provides consultation/contact CTA,internal/external links present in body marks,image present,How to Register a Tech Company in Nigeria legal guide | Chaman Law Firm,How to Register a Tech Company in Nigeria | Chaman Law Firm,"To register a tech company in Nigeria, you'll need to follow the steps outlined below: 1. Choose a business name: Select a unique and appropriate name for your tech company. Ensure that the name reflects your business",https://chamanlawfirm.com/resources/blog/how-to-register-a-tech-company-in-nigeria,"Charles Chukwuma Nkwoka, Esq.",Corporate & Commercial Law,low automated risk,low automated risk,no configured redirect conflict,already public,public canonical article already exists
hidden-38,https://chamanlawfirm.com/understanding-the-land-use-act-in-nigeria,understanding-the-land-use-act-in-nigeria,Understanding the Land Use Act in Nigeria,Sanity hidden source present,68 blocks; 4864 chars,clear,adequate block structure,template/content review recommended; do not invent legal claims,article template provides consultation/contact CTA,internal/external links present in body marks,image present,Understanding the Land Use Act in Nigeria legal guide | Chaman Law Firm,Understanding the Land Use Act in Nigeria | Chaman Law Firm,"The Land Use Act of 1978 is a pivotal piece of legislation that shapes property ownership and management in Nigeria. It aims to simplify land transactions, ensure equitable access, and promote economic development. How",https://chamanlawfirm.com/resources/blog/understanding-the-land-use-act-in-nigeria,"Charles Chukwuma Nkwoka, Esq.",Property And Real Estate Law,current-law or procedure-sensitive topic; dispute-resolution wording requires lawyer review,lawyer review required,no configured redirect conflict,already public,public canonical article already exists
hidden-39,https://chamanlawfirm.com/modernizing-customary-marriage,modernizing-customary-marriage,Modernizing Customary Marriage in Nigeria,Sanity hidden source present,70 blocks; 20332 chars,clear,adequate block structure,template/content review recommended; do not invent legal claims,article template provides consultation/contact CTA,internal/external links present in body marks,image present,Modernizing Customary Marriage in Nigeria legal guide | Chaman Law Firm,Modernizing Customary Marriage in Nigeria | Chaman Law Firm,"Modernizing Customary Marriage Customary marriage laws in Nigeria, like in many other African nations, are deeply rooted in tradition and cultural norms that have...",https://chamanlawfirm.com/resources/blog/modernizing-customary-marriage,"Charles Chukwuma Nkwoka, Esq.",Family Law,family-status topic requires lawyer review; unsupported outcome claim,low automated risk,no configured redirect conflict,already public,public canonical article already exists
hidden-40,https://chamanlawfirm.com/priority-in-entitlement,priority-in-entitlement,Priority in Estate Entitlement Under Nigerian Succession Law,Sanity hidden source present,89 blocks; 9025 chars,clear,adequate block structure,template/content review recommended; do not invent legal claims,article template provides consultation/contact CTA,internal/external links present in body marks,image present,Priority in Estate Entitlement Under Nigerian Succession Law legal guide | Chaman Law Firm,Priority in Estate Entitlement Under Nigerian Succession Law | Chaman Law Firm,"Chaman Law Firm explains priority in entitlement, ensuring legal clarity and guiding clients on their rights in Nigeria.",https://chamanlawfirm.com/resources/blog/priority-in-entitlement,"Charles Chukwuma Nkwoka, Esq.",Property And Real Estate Law,possible unsafe self-help wording; family-status topic requires lawyer review,low automated risk,no configured redirect conflict,already public,public canonical article already exists
hidden-41,https://chamanlawfirm.com/understanding-the-certificate-of-occupancy-c,understanding-the-certificate-of-occupancy-c,Understanding The Certificate Of Occupancy C,Sanity hidden source present,46 blocks; 2722 chars,clear,adequate block structure,template/content review recommended; do not invent legal claims,article template provides consultation/contact CTA,internal/external links present in body marks,image missing,missing,Understanding The Certificate Of Occupancy C | Chaman Law Firm,Understanding the Certificate of Occupancy (C of O) in Nigeria: 6 Steps Legal Perspective,https://chamanlawfirm.com/resources/blog/understanding-the-certificate-of-occupancy-c,"Charles Chukwuma Nkwoka, Esq.",Property And Real Estate Law,current-law or procedure-sensitive topic; dispute-resolution wording requires lawyer review,lawyer review required,no configured redirect conflict,keep hidden,featured image missing; alt text missing or weak; current-law or procedure-sensitive topic; dispute-resolution wording requires lawyer review
hidden-42,https://chamanlawfirm.com/corporate-governance-principles-in-nigeria,corporate-governance-principles-in-nigeria,Corporate Governance Principles In Nigeria,Sanity hidden source present,86 blocks; 16511 chars,clear,adequate block structure,template/content review recommended; do not invent legal claims,article template provides consultation/contact CTA,internal/external links present in body marks,image missing,missing,Corporate Governance Principles In Nigeria | Chaman Law Firm,"INTRODUCTION Corporate governance is crucial for ensuring that businesses operate effectively, ethically, and transparently. In Nigeria, corporate governance principles are designed to foster accountability, fairness,",https://chamanlawfirm.com/resources/blog/corporate-governance-principles-in-nigeria,"Charles Chukwuma Nkwoka, Esq.",Corporate & Commercial Law,low automated risk,low automated risk,no configured redirect conflict,keep hidden,featured image missing; alt text missing or weak
hidden-43,https://chamanlawfirm.com/how-to-fix-mistakes-in-your-property-documents,how-to-fix-mistakes-in-your-property-documents,How To Fix Mistakes In Your Property Documents,Sanity hidden source present,120 blocks; 10902 chars,clear,adequate block structure,template/content review recommended; do not invent legal claims,article template provides consultation/contact CTA,needs manual link enhancement,image missing,missing,How To Fix Mistakes In Your Property Documents | Chaman Law Firm,How to Fix Mistakes in Your Property Documents - Learn how to walk through the legal process for correcting such errors in Lagos / Chaman Law,https://chamanlawfirm.com/resources/blog/how-to-fix-mistakes-in-your-property-documents,"Charles Chukwuma Nkwoka, Esq.",Notary Public,low automated risk,low automated risk,no configured redirect conflict,keep hidden,featured image missing; alt text missing or weak
hidden-44,https://chamanlawfirm.com/how-does-the-land-use-act-interact-with-the-petroleum-industry,how-does-the-land-use-act-interact-with-the-petroleum-industry,How the Land Use Act Interacts With the Petroleum Industry,Sanity hidden source present,22 blocks; 3738 chars,clear,adequate block structure,template/content review recommended; do not invent legal claims,article template provides consultation/contact CTA,internal/external links present in body marks,image present,How the Land Use Act Interacts With the Petroleum Industry legal guide | Chaman Law Firm,How the Land Use Act Interacts With the Petroleum Industry | Chaman Law Firm,"Nigeria's Land Use Act of 1978 has significant implications for the country's petroleum industry, one of its economic pillars. This article delves into the intricate relationship between the Land Use Act and the petrol",https://chamanlawfirm.com/resources/blog/how-does-the-land-use-act-interact-with-the-petroleum-industry,"Charles Chukwuma Nkwoka, Esq.",Property And Real Estate Law,low automated risk,low automated risk,no configured redirect conflict,already public,public canonical article already exists
hidden-45,https://chamanlawfirm.com/legal-bonds-of-marriage-in-nigeria,legal-bonds-of-marriage-in-nigeria,Legal Bonds of Marriage in Nigeria,Sanity hidden source present,72 blocks; 7278 chars,clear,adequate block structure,template/content review recommended; do not invent legal claims,article template provides consultation/contact CTA,internal/external links present in body marks,image present,Legal Bonds of Marriage in Nigeria legal guide | Chaman Law Firm,Legal Bonds of Marriage in Nigeria | Chaman Law Firm,3 LEGAL BONDS OF MARRIAGE IN NIGERIA; UNIFYING LOVE AND COMMITMENT; UNDERSTANDING THE LEGAL BONDS OF MARRIAGE IN NIGERIA,https://chamanlawfirm.com/resources/blog/legal-bonds-of-marriage-in-nigeria,"Charles Chukwuma Nkwoka, Esq.",Family Law,current-law or procedure-sensitive topic; family-status topic requires lawyer review,lawyer review required,no configured redirect conflict,already public,public canonical article already exists
hidden-46,https://chamanlawfirm.com/is-a-woman-a-property-to-be-inherited,is-a-woman-a-property-to-be-inherited,Can a Woman Be Treated as Property Under Nigerian Inheritance Law?,Sanity hidden source present,64 blocks; 9415 chars,clear,adequate block structure,template/content review recommended; do not invent legal claims,article template provides consultation/contact CTA,internal/external links present in body marks,image present,Can a Woman Be Treated as Property Under Nigerian Inheritance Law? legal guide | Chaman Law Firm,Can a Woman Be Treated as Property Under Nigerian Inheritance Law? | Chaman Law Firm,"Is a Woman a property to be Inherited and her rights under customary succession laws in Nigeria, focusing on gender equality and legal reforms.",https://chamanlawfirm.com/resources/blog/is-a-woman-a-property-to-be-inherited,"Charles Chukwuma Nkwoka, Esq.",Probate Estate Administration,possible unsafe self-help wording; current-law or procedure-sensitive topic; unsupported outcome claim,lawyer review required,no configured redirect conflict,already public,public canonical article already exists
hidden-47,https://chamanlawfirm.com/how-to-alter-a-will,how-to-alter-a-will,How To Alter A Will,Sanity hidden source present,80 blocks; 7927 chars,clear,adequate block structure,template/content review recommended; do not invent legal claims,article template provides consultation/contact CTA,internal/external links present in body marks,image missing,missing,How To Alter A Will | Chaman Law Firm,"HOW TO ALTER A WILL, As changes happen to your family and circumstances it is essential that your will should be revised....",https://chamanlawfirm.com/resources/blog/how-to-alter-a-will,"Charles Chukwuma Nkwoka, Esq.",Probate Estate Administration,low automated risk,low automated risk,no configured redirect conflict,keep hidden,featured image missing; alt text missing or weak
hidden-48,https://chamanlawfirm.com/why-a-certificate-of-occupancy-c-of-o-is,why-a-certificate-of-occupancy-c-of-o-is,Why a Certificate of Occupancy Matters in Nigeria,Sanity hidden source present,55 blocks; 8724 chars,clear,adequate block structure,template/content review recommended; do not invent legal claims,article template provides consultation/contact CTA,internal/external links present in body marks,image present,Why a Certificate of Occupancy Matters in Nigeria legal guide | Chaman Law Firm,Why a Certificate of Occupancy Matters in Nigeria | Chaman Law Firm,"Introduction At Chaman Law Firm, we are experts in helping individuals, businesses, and property investors secure their Certificate of Occupancy (C of O) in Lagos, Nigeria. With extensive experience in real estate law",https://chamanlawfirm.com/resources/blog/why-a-certificate-of-occupancy-c-of-o-is,"Charles Chukwuma Nkwoka, Esq.",Property And Real Estate Law,current-law or procedure-sensitive topic,lawyer review required,no configured redirect conflict,already public,public canonical article already exists
hidden-49,https://chamanlawfirm.com/corporate-restructuring-in-nigeria,corporate-restructuring-in-nigeria,Corporate Restructuring In Nigeria,Sanity hidden source present,67 blocks; 20812 chars,clear,adequate block structure,template/content review recommended; do not invent legal claims,article template provides consultation/contact CTA,internal/external links present in body marks,image missing,missing,Corporate Restructuring In Nigeria | Chaman Law Firm,"Corporate Restructuring In Nigeria Corporate restructuring is a critical process for businesses seeking to enhance efficiency, manage financial distress...",https://chamanlawfirm.com/resources/blog/corporate-restructuring-in-nigeria,"Charles Chukwuma Nkwoka, Esq.",Corporate & Commercial Law,current-law or procedure-sensitive topic,lawyer review required,no configured redirect conflict,keep hidden,featured image missing; alt text missing or weak; current-law or procedure-sensitive topic
hidden-50,https://chamanlawfirm.com/legal-research-for-nigerian-litigation-cases,legal-research-for-nigerian-litigation-cases,Legal Research for Nigerian Litigation Cases,Sanity hidden source present,105 blocks; 10008 chars,clear,adequate block structure,template/content review recommended; do not invent legal claims,article template provides consultation/contact CTA,internal/external links present in body marks,image present,Legal Research for Nigerian Litigation Cases legal guide | Chaman Law Firm,Legal Research for Nigerian Litigation Cases | Chaman Law Firm,Master legal research techniques to bolster your Nigerian litigation cases and enhance your legal strategy. Legal Research for Nigerian Litigation Cases,https://chamanlawfirm.com/resources/blog/legal-research-for-nigerian-litigation-cases,"Charles Chukwuma Nkwoka, Esq.",Litigation and dispute resolution,current-law or procedure-sensitive topic; dispute-resolution wording requires lawyer review,lawyer review required,no configured redirect conflict,already public,public canonical article already exists
hidden-51,https://chamanlawfirm.com/how-is-land-registry-practice-in-nigeria,how-is-land-registry-practice-in-nigeria,Land Registry Practice in Nigeria,Sanity hidden source present,57 blocks; 8858 chars,clear,adequate block structure,template/content review recommended; do not invent legal claims,article template provides consultation/contact CTA,internal/external links present in body marks,image present,Land Registry Practice in Nigeria legal guide | Chaman Law Firm,Land Registry Practice in Nigeria | Chaman Law Firm,"HOW IS LAND REGISTRY PRACTICED IN NIGERIA? INTRODUCTION: Land Registration is simply the system by which all matters concerning possession, ownership",https://chamanlawfirm.com/resources/blog/how-is-land-registry-practice-in-nigeria,"Charles Chukwuma Nkwoka, Esq.",Property And Real Estate Law,current-law or procedure-sensitive topic,lawyer review required,no configured redirect conflict,already public,public canonical article already exists
hidden-52,https://chamanlawfirm.com/hidden-costs-of-buying-property-in-ogun-state,hidden-costs-of-buying-property-in-ogun-state,Hidden Costs Of Buying Property In Ogun State,Sanity hidden source present,77 blocks; 6059 chars,clear,adequate block structure,template/content review recommended; do not invent legal claims,article template provides consultation/contact CTA,internal/external links present in body marks,image missing,missing,Hidden Costs Of Buying Property In Ogun State | Chaman Law Firm,"Hidden Costs of Buying Property - From legal fees and agency commissions to survey plans, stamp duty, and development levies - Learn about it.",https://chamanlawfirm.com/resources/blog/hidden-costs-of-buying-property-in-ogun-state,"Charles Chukwuma Nkwoka, Esq.",Property And Real Estate Law,low automated risk,low automated risk,no configured redirect conflict,keep hidden,featured image missing; alt text missing or weak
hidden-53,https://chamanlawfirm.com/effect-of-not-paying-child-support,effect-of-not-paying-child-support,Effect of Not Paying Child Support in Nigeria,Sanity hidden source present,29 blocks; 4063 chars,clear,adequate block structure,template/content review recommended; do not invent legal claims,article template provides consultation/contact CTA,internal/external links present in body marks,image present,Effect of Not Paying Child Support in Nigeria legal guide | Chaman Law Firm,Effect of Not Paying Child Support in Nigeria | Chaman Law Firm,"Introduction EFFECT OF NOT PAYING CHILD CUSTODY The phrase ""child support"" is frequently used in divorce and family court matters. It refers to the regular payments that one parent—typically the non-custodial parent—ma",https://chamanlawfirm.com/resources/blog/effect-of-not-paying-child-support,"Charles Chukwuma Nkwoka, Esq.",Family Law,current-law or procedure-sensitive topic; family-status topic requires lawyer review,lawyer review required,no configured redirect conflict,already public,public canonical article already exists
hidden-54,https://chamanlawfirm.com/role-of-community-leaders-in-land-allocation,role-of-community-leaders-in-land-allocation,Role of Community Leaders in Land Allocation,Sanity hidden source present,39 blocks; 9997 chars,clear,adequate block structure,template/content review recommended; do not invent legal claims,article template provides consultation/contact CTA,internal/external links present in body marks,image missing,missing,Role of Community Leaders in Land Allocation | Chaman Law Firm,"Role of community leaders is a fundamental resource for sustenance and development, holds immense significance in every society. In Nigeria, the Land Use Act of 1978 serves as the cornerstone of land administration, aimi",https://chamanlawfirm.com/resources/blog/role-of-community-leaders-in-land-allocation,"Charles Chukwuma Nkwoka, Esq.",Property And Real Estate Law,dispute-resolution wording requires lawyer review,low automated risk,no configured redirect conflict,keep hidden,featured image missing; alt text missing or weak; dispute-resolution wording requires lawyer review
hidden-55,https://chamanlawfirm.com/how-does-the-land-use-act-address-the-issue-of-abandoned-properties-in-nigeria,how-does-the-land-use-act-address-the-issue-of-abandoned-properties-in-nigeria,How Does The Land Use Act Address The Issue Of Abandoned Properties In Nigeria,Sanity hidden source present,48 blocks; 4038 chars,clear,adequate block structure,template/content review recommended; do not invent legal claims,article template provides consultation/contact CTA,internal/external links present in body marks,image missing,missing,How Does The Land Use Act Address The Issue Of Abandoned Properties In Nigeria | Chaman Law Firm,"Introduction Abandoned properties have long been a challenge in Nigeria, with numerous urban areas dotted with neglected structures. This article delves into how the Land Use Act addresses the issue of abandoned proper",https://chamanlawfirm.com/resources/blog/how-does-the-land-use-act-address-the-issue-of-abandoned-properties-in-nigeria,"Charles Chukwuma Nkwoka, Esq.",Property And Real Estate Law,low automated risk,low automated risk,no configured redirect conflict,keep hidden,featured image missing; alt text missing or weak
hidden-56,https://chamanlawfirm.com/lagos-property-succession-without-a-will,lagos-property-succession-without-a-will,Lagos Property Succession Without a Will,Sanity hidden source present,120 blocks; 8979 chars,clear,adequate block structure,template/content review recommended; do not invent legal claims,article template provides consultation/contact CTA,needs manual link enhancement,image present,Lagos Property Succession Without a Will legal guide | Chaman Law Firm,Lagos Property Succession Without a Will | Chaman Law Firm,"Lagos Property Succession Without a Will - Learn about the inheritance laws, family rights and how laws determine who gets your property",https://chamanlawfirm.com/resources/blog/lagos-property-succession-without-a-will,"Charles Chukwuma Nkwoka, Esq.",Probate Estate Administration,current-law or procedure-sensitive topic; unsupported outcome claim,lawyer review required,no configured redirect conflict,already public,public canonical article already exists
hidden-57,https://chamanlawfirm.com/foreign-wills-and-lagos-property-what-to-know,foreign-wills-and-lagos-property-what-to-know,Foreign Wills and Lagos Property: What to Know,Sanity hidden source present,120 blocks; 9748 chars,clear,adequate block structure,template/content review recommended; do not invent legal claims,article template provides consultation/contact CTA,needs manual link enhancement,image present,Foreign Wills and Lagos Property: What to Know legal guide | Chaman Law Firm,Foreign Wills and Lagos Property: What to Know | Chaman Law Firm,"Foreign Wills and Lagos Property - procedures, requirements, the steps beneficiaries must follow to validate / enforce an overseas will in Lagos.",https://chamanlawfirm.com/resources/blog/foreign-wills-and-lagos-property-what-to-know,"Charles Chukwuma Nkwoka, Esq.",Probate Estate Administration,current-law or procedure-sensitive topic,lawyer review required,no configured redirect conflict,already public,public canonical article already exists
hidden-58,https://chamanlawfirm.com/where-is-the-proper-custody-of-a-will,where-is-the-proper-custody-of-a-will,Where Is The Proper Custody Of A Will,Sanity hidden source present,27 blocks; 4555 chars,clear,adequate block structure,template/content review recommended; do not invent legal claims,article template provides consultation/contact CTA,internal/external links present in body marks,image missing,missing,Where Is The Proper Custody Of A Will | Chaman Law Firm,"WHERE IS THE PROPER CUSTODY OF A WILL? After writing a will, there is a need to make sure is kept in a safe place where your executors (and no-one else) can find it, because the executor will need the original will to",https://chamanlawfirm.com/resources/blog/where-is-the-proper-custody-of-a-will,"Charles Chukwuma Nkwoka, Esq.",Family Law,low automated risk,low automated risk,no configured redirect conflict,keep hidden,featured image missing; alt text missing or weak
hidden-59,https://chamanlawfirm.com/police-prosecution-in-nigerian-courts,police-prosecution-in-nigerian-courts,Police Prosecution in Nigerian Courts,Sanity hidden source present,100 blocks; 9708 chars,clear,adequate block structure,template/content review recommended; do not invent legal claims,article template provides consultation/contact CTA,internal/external links present in body marks,image present,Police Prosecution in Nigerian Courts legal guide | Chaman Law Firm,Police Prosecution in Nigerian Courts | Chaman Law Firm,"Chaman Law Firm provides legal insights on police prosecution in Nigerian courts, ensuring justice, fairness, and legal compliance in criminal cases",https://chamanlawfirm.com/resources/blog/police-prosecution-in-nigerian-courts,"Charles Chukwuma Nkwoka, Esq.",Litigation and dispute resolution,current-law or procedure-sensitive topic,lawyer review required,no configured redirect conflict,already public,public canonical article already exists
hidden-60,https://chamanlawfirm.com/what-are-the-legal-rights-of-private-property-owners,what-are-the-legal-rights-of-private-property-owners,Legal Rights of Private Property Owners in Nigeria,Sanity hidden source present,15 blocks; 2106 chars,clear,adequate block structure,template/content review recommended; do not invent legal claims,article template provides consultation/contact CTA,internal/external links present in body marks,image present,Legal Rights of Private Property Owners in Nigeria legal guide | Chaman Law Firm,Legal Rights of Private Property Owners in Nigeria | Chaman Law Firm,"WHAT ARE THE LEGAL RIGHTS OF PRIVATE PROPERTY OWNERS, Everyone who buys a house or owns a Property expect to control access",https://chamanlawfirm.com/resources/blog/what-are-the-legal-rights-of-private-property-owners,"Charles Chukwuma Nkwoka, Esq.",Property And Real Estate Law,low automated risk,low automated risk,no configured redirect conflict,already public,public canonical article already exists
hidden-61,https://chamanlawfirm.com/use-arbitration-for-property-disputes-lagos,use-arbitration-for-property-disputes-lagos,Using Arbitration for Property Disputes in Lagos,Sanity hidden source present,120 blocks; 8803 chars,clear,adequate block structure,template/content review recommended; do not invent legal claims,article template provides consultation/contact CTA,needs manual link enhancement,image present,Using Arbitration for Property Disputes in Lagos legal guide | Chaman Law Firm,Using Arbitration for Property Disputes in Lagos | Chaman Law Firm,Use Arbitration for Property Disputes in Lagos -Discover whether arbitration is a valid and effective method for resolving property disputes in Lagos,https://chamanlawfirm.com/resources/blog/use-arbitration-for-property-disputes-lagos,"Charles Chukwuma Nkwoka, Esq.",Property And Real Estate Law,current-law or procedure-sensitive topic,lawyer review required,no configured redirect conflict,already public,public canonical article already exists
hidden-62,https://chamanlawfirm.com/how-to-acquire-citizenship-in-nigeria,how-to-acquire-citizenship-in-nigeria,How to Acquire Citizenship in Nigeria,Sanity hidden source present,29 blocks; 2511 chars,clear,adequate block structure,template/content review recommended; do not invent legal claims,article template provides consultation/contact CTA,internal/external links present in body marks,image present,How to Acquire Citizenship in Nigeria legal guide | Chaman Law Firm,How to Acquire Citizenship in Nigeria | Chaman Law Firm,"OUR STORY Quality, not quantity We have made quality our habit. It’s not something that we just strive for – we live by this principle every day. HOW TO ACQUIRE CITIZENSHIP IN NIGERIA Citizens and Nigerian Nationality",https://chamanlawfirm.com/resources/blog/how-to-acquire-citizenship-in-nigeria,"Charles Chukwuma Nkwoka, Esq.",Immigration Services,low automated risk,low automated risk,no configured redirect conflict,already public,public canonical article already exists
hidden-63,https://chamanlawfirm.com/understanding-the-land-use-act-6-proven,understanding-the-land-use-act-6-proven,Understanding The Land Use Act 6 Proven,Sanity hidden source present,63 blocks; 8129 chars,clear,adequate block structure,template/content review recommended; do not invent legal claims,article template provides consultation/contact CTA,internal/external links present in body marks,image missing,missing,Understanding The Land Use Act 6 Proven | Chaman Law Firm,"Introduction The Land Use Act of 1978 is a cornerstone of property ownership and land transactions in Nigeria. For property investors, understanding this vital legislation is not just important—it’s essential for succe",https://chamanlawfirm.com/resources/blog/understanding-the-land-use-act-6-proven,"Charles Chukwuma Nkwoka, Esq.",Property And Real Estate Law,current-law or procedure-sensitive topic; dispute-resolution wording requires lawyer review,lawyer review required,no configured redirect conflict,keep hidden,featured image missing; alt text missing or weak; current-law or procedure-sensitive topic; dispute-resolution wording requires lawyer review
hidden-64,https://chamanlawfirm.com/who-are-the-type-of-people-that-can-write-a-will,who-are-the-type-of-people-that-can-write-a-will,Who Are The Type Of People That Can Write A Will,Sanity hidden source present,36 blocks; 4368 chars,clear,adequate block structure,template/content review recommended; do not invent legal claims,article template provides consultation/contact CTA,internal/external links present in body marks,image missing,missing,Who Are The Type Of People That Can Write A Will | Chaman Law Firm,"WHO ARE THE TYPE OF PEOPLE THAT CAN WRITE A WILL, In writing a valid will, the testator (the person making the will) must.....",https://chamanlawfirm.com/resources/blog/who-are-the-type-of-people-that-can-write-a-will,"Charles Chukwuma Nkwoka, Esq.",Probate Estate Administration,low automated risk,low automated risk,no configured redirect conflict,keep hidden,featured image missing; alt text missing or weak
hidden-65,https://chamanlawfirm.com/types-of-wills,types-of-wills,Types of Wills in Nigeria,Sanity hidden source present,32 blocks; 4167 chars,clear,adequate block structure,template/content review recommended; do not invent legal claims,article template provides consultation/contact CTA,internal/external links present in body marks,image present,Types of Wills in Nigeria legal guide | Chaman Law Firm,Types of Wills in Nigeria | Chaman Law Firm,"Introduction TYPES OF WILLS A Will is simply a legal document in which an individual known as the testator, declares how he/she would like his assets to be distributed when he/she dies. The individuals designated to re",https://chamanlawfirm.com/resources/blog/types-of-wills,"Charles Chukwuma Nkwoka, Esq.",Probate Estate Administration,low automated risk,low automated risk,no configured redirect conflict,already public,public canonical article already exists
hidden-66,https://chamanlawfirm.com/what-is-trespass-to-land2,what-is-trespass-to-land2,What Is Trespass to Land in Nigeria?,Sanity hidden source present,18 blocks; 1346 chars,clear,adequate block structure,template/content review recommended; do not invent legal claims,article template provides consultation/contact CTA,internal/external links present in body marks,image present,What Is Trespass to Land in Nigeria? legal guide | Chaman Law Firm,What Is Trespass to Land in Nigeria? | Chaman Law Firm,"OUR STORY Quality, not quantity We have made quality our habit. It’s not something that we just strive for – we live by this principle every day. Ultimate Guide: What is Trespass to Land? Avoid Legal Pitfalls! Trespass",https://chamanlawfirm.com/resources/blog/what-is-trespass-to-land2,"Charles Chukwuma Nkwoka, Esq.",Property And Real Estate Law,possible unsafe self-help wording; current-law or procedure-sensitive topic,lawyer review required,no configured redirect conflict,already public,public canonical article already exists
hidden-67,https://chamanlawfirm.com/bordersecurityin-nigerian-immigration-policy,bordersecurityin-nigerian-immigration-policy,Bordersecurityin Nigerian Immigration Policy,Sanity hidden source present,68 blocks; 13459 chars,clear,adequate block structure,template/content review recommended; do not invent legal claims,article template provides consultation/contact CTA,internal/external links present in body marks,image missing,missing,Bordersecurityin Nigerian Immigration Policy | Chaman Law Firm,"Introduction Border security is crucial in determining how countries manage migration, ensure security, and foster economic stability. In Nigeria, with its extensive borders and diverse demographics, border security is",https://chamanlawfirm.com/resources/blog/bordersecurityin-nigerian-immigration-policy,"Charles Chukwuma Nkwoka, Esq.",Immigration Services,low automated risk,low automated risk,no configured redirect conflict,keep hidden,featured image missing; alt text missing or weak
hidden-68,https://chamanlawfirm.com/learn-how-to-draft-tenancy-agreement-in-ogun,learn-how-to-draft-tenancy-agreement-in-ogun,Learn How To Draft Tenancy Agreement In Ogun,Sanity hidden source present,112 blocks; 7390 chars,clear,adequate block structure,template/content review recommended; do not invent legal claims,article template provides consultation/contact CTA,internal/external links present in body marks,image missing,missing,Learn How To Draft Tenancy Agreement In Ogun | Chaman Law Firm,"Tenancy Agreement - Learn the essential elements, legal requirements, and practical tips to help you create a valid tenancy agreement in Ogun",https://chamanlawfirm.com/resources/blog/learn-how-to-draft-tenancy-agreement-in-ogun,"Charles Chukwuma Nkwoka, Esq.",Property And Real Estate Law,current-law or procedure-sensitive topic,lawyer review required,no configured redirect conflict,keep hidden,featured image missing; alt text missing or weak; current-law or procedure-sensitive topic
hidden-69,https://chamanlawfirm.com/challenging-a-fraudulent-probate-application,challenging-a-fraudulent-probate-application,Challenging A Fraudulent Probate Application,Sanity hidden source present,120 blocks; 8886 chars,clear,adequate block structure,template/content review recommended; do not invent legal claims,article template provides consultation/contact CTA,needs manual link enhancement,image missing,missing,Challenging A Fraudulent Probate Application | Chaman Law Firm,"Challenging a Fraudulent Probate Application - Learn how to detect probate fraud, gather evidence, file objections, / protect your inheritance rights",https://chamanlawfirm.com/resources/blog/challenging-a-fraudulent-probate-application,"Charles Chukwuma Nkwoka, Esq.",Probate Estate Administration,current-law or procedure-sensitive topic,lawyer review required,no configured redirect conflict,keep hidden,featured image missing; alt text missing or weak; current-law or procedure-sensitive topic
hidden-70,https://chamanlawfirm.com/lawful-methods-to-recover-debt-in-nigeria,lawful-methods-to-recover-debt-in-nigeria,Lawful Methods to Recover Debt in Nigeria,Sanity hidden source present,31 blocks; 5977 chars,clear,adequate block structure,template/content review recommended; do not invent legal claims,article template provides consultation/contact CTA,internal/external links present in body marks,image present,Lawful Methods to Recover Debt in Nigeria legal guide | Chaman Law Firm,Lawful Methods to Recover Debt in Nigeria | Chaman Law Firm,"LAWFUL METHODS TO RECOVER DEBT IN NIGERIA, Debt is a state of being under an obligation to pay or repay someone or something in..",https://chamanlawfirm.com/resources/blog/lawful-methods-to-recover-debt-in-nigeria,"Charles Chukwuma Nkwoka, Esq.",Debt recovery,possible unsafe self-help wording; current-law or procedure-sensitive topic,lawyer review required,no configured redirect conflict,already public,public canonical article already exists
hidden-71,https://chamanlawfirm.com/how-to-handle-land-grabbers-in-lagos,how-to-handle-land-grabbers-in-lagos,How to Handle Land Grabbers in Lagos,Sanity hidden source present,120 blocks; 12624 chars,clear,adequate block structure,template/content review recommended; do not invent legal claims,article template provides consultation/contact CTA,needs manual link enhancement,image present,How to Handle Land Grabbers in Lagos legal guide | Chaman Law Firm,How to Handle Land Grabbers in Lagos | Chaman Law Firm,Learn how to handle land grabbers in Lagos. Chaman Law Firm provides expert legal remedies to protect your property and ownership rights.,https://chamanlawfirm.com/resources/blog/how-to-handle-land-grabbers-in-lagos,"Charles Chukwuma Nkwoka, Esq.",Property And Real Estate Law,possible unsafe self-help wording; current-law or procedure-sensitive topic,lawyer review required,no configured redirect conflict,already public,public canonical article already exists
hidden-72,https://chamanlawfirm.com/land-dispute-resolution-in-nigeria-court-system,land-dispute-resolution-in-nigeria-court-system,Land Dispute Resolution in the Nigerian Court System,Sanity hidden source present,29 blocks; 7939 chars,clear,adequate block structure,template/content review recommended; do not invent legal claims,article template provides consultation/contact CTA,internal/external links present in body marks,image present,Land Dispute Resolution in the Nigerian Court System legal guide | Chaman Law Firm,Land Dispute Resolution in the Nigerian Court System | Chaman Law Firm,"Land disputes are a pervasive and deeply rooted issue in Nigeria, frequently erupting into conflicts, violence, and social instability. While the court serves as the primary mechanism for land dispute resolution",https://chamanlawfirm.com/resources/blog/land-dispute-resolution-in-nigeria-court-system,"Charles Chukwuma Nkwoka, Esq.",Litigation and dispute resolution,possible unsafe self-help wording; dispute-resolution wording requires lawyer review,low automated risk,no configured redirect conflict,already public,public canonical article already exists
hidden-73,https://chamanlawfirm.com/taxes-exemptions-and-incentives-in-nigeria,taxes-exemptions-and-incentives-in-nigeria,Tax Exemptions and Incentives in Nigeria,Sanity hidden source present,48 blocks; 6315 chars,clear,adequate block structure,template/content review recommended; do not invent legal claims,article template provides consultation/contact CTA,internal/external links present in body marks,image present,Tax Exemptions and Incentives in Nigeria legal guide | Chaman Law Firm,Tax Exemptions and Incentives in Nigeria | Chaman Law Firm,TAXES EXEMPTIONS AND INCENTIVES IN NIGERIA TAX INCENTIVES is granted by the government in order to encourage industrial investment in Nigeria There are several incentives available in Nigeria to encourage foreign direc,https://chamanlawfirm.com/resources/blog/taxes-exemptions-and-incentives-in-nigeria,"Charles Chukwuma Nkwoka, Esq.",Corporate & Commercial Law,low automated risk,low automated risk,no configured redirect conflict,already public,public canonical article already exists
hidden-74,https://chamanlawfirm.com/the-legal-implications-of-breach-of-contract,the-legal-implications-of-breach-of-contract,Legal Implications of Breach of Contract in Nigeria,Sanity hidden source present,25 blocks; 4192 chars,clear,adequate block structure,template/content review recommended; do not invent legal claims,article template provides consultation/contact CTA,internal/external links present in body marks,image present,Legal Implications of Breach of Contract in Nigeria legal guide | Chaman Law Firm,Legal Implications of Breach of Contract in Nigeria | Chaman Law Firm,"THE LEGAL IMPLICATIONS OF BREACH OF CONTRACT, Business agreements would be made in a perfect world where all parties would....",https://chamanlawfirm.com/resources/blog/the-legal-implications-of-breach-of-contract,"Charles Chukwuma Nkwoka, Esq.",Corporate & Commercial Law,low automated risk,low automated risk,no configured redirect conflict,already public,public canonical article already exists
hidden-75,https://chamanlawfirm.com/deed-of-assignment-from-a-property,deed-of-assignment-from-a-property,Deed Of Assignment From A Property,Sanity hidden source present,119 blocks; 12631 chars,clear,adequate block structure,template/content review recommended; do not invent legal claims,article template provides consultation/contact CTA,internal/external links present in body marks,image missing,missing,Deed Of Assignment From A Property | Chaman Law Firm,Essential Guide to Getting A Deed of Assignment from a Lawyer in Nigeria property,https://chamanlawfirm.com/resources/blog/deed-of-assignment-from-a-property,"Charles Chukwuma Nkwoka, Esq.",Property And Real Estate Law,low automated risk,low automated risk,no configured redirect conflict,keep hidden,featured image missing; alt text missing or weak
hidden-76,https://chamanlawfirm.com/legal-processes-of-transferring-property,legal-processes-of-transferring-property,Legal Process for Transferring Property in Nigeria,Sanity hidden source present,65 blocks; 8829 chars,clear,adequate block structure,template/content review recommended; do not invent legal claims,article template provides consultation/contact CTA,internal/external links present in body marks,image present,Legal Process for Transferring Property in Nigeria legal guide | Chaman Law Firm,Legal Process for Transferring Property in Nigeria | Chaman Law Firm,"Introduction In Nigeria, property ownership transfers are a common occurrence, whether due to the sale, inheritance, or gifting of land or property. However, the process can be complex, involving legal paperwork, due d",https://chamanlawfirm.com/resources/blog/legal-processes-of-transferring-property,"Charles Chukwuma Nkwoka, Esq.",Property And Real Estate Law,current-law or procedure-sensitive topic,lawyer review required,no configured redirect conflict,already public,public canonical article already exists
hidden-77,https://chamanlawfirm.com/tax-planning-and-avoidance-in-nigeria,tax-planning-and-avoidance-in-nigeria,Tax Planning and Tax Avoidance in Nigeria,Sanity hidden source present,41 blocks; 9537 chars,clear,adequate block structure,template/content review recommended; do not invent legal claims,article template provides consultation/contact CTA,internal/external links present in body marks,image present,Tax Planning and Tax Avoidance in Nigeria legal guide | Chaman Law Firm,Tax Planning and Tax Avoidance in Nigeria | Chaman Law Firm,Tax Planning and Avoidance in Nigeria Tax planning is a legal and ethical approach to managing one's financial affairs to minimize tax liabilities by utilizing deductions...,https://chamanlawfirm.com/resources/blog/tax-planning-and-avoidance-in-nigeria,"Charles Chukwuma Nkwoka, Esq.",Corporate & Commercial Law,current-law or procedure-sensitive topic,lawyer review required,no configured redirect conflict,already public,public canonical article already exists
hidden-78,https://chamanlawfirm.com/verify-land-ownership-with-the-lagos-state,verify-land-ownership-with-the-lagos-state,How to Verify Land Ownership With Lagos State Records,Sanity hidden source present,97 blocks; 9579 chars,clear,adequate block structure,template/content review recommended; do not invent legal claims,article template provides consultation/contact CTA,internal/external links present in body marks,image present,How to Verify Land Ownership With Lagos State Records legal guide | Chaman Law Firm,How to Verify Land Ownership With Lagos State Records | Chaman Law Firm,Verify Land Ownership with the Lagos State - ensuring your real estate transactions are secure and legally compliant. / Chaman Law Firm,https://chamanlawfirm.com/resources/blog/verify-land-ownership-with-the-lagos-state,"Charles Chukwuma Nkwoka, Esq.",Property And Real Estate Law,current-law or procedure-sensitive topic,lawyer review required,no configured redirect conflict,already public,public canonical article already exists
hidden-79,https://chamanlawfirm.com/probate-for-a-deceased-estate-in-nigeria,probate-for-a-deceased-estate-in-nigeria,Probate for a Deceased Estate in Nigeria,Sanity hidden source present,68 blocks; 6774 chars,clear,adequate block structure,template/content review recommended; do not invent legal claims,article template provides consultation/contact CTA,internal/external links present in body marks,image present,Probate for a Deceased Estate in Nigeria legal guide | Chaman Law Firm,Probate for a Deceased Estate in Nigeria | Chaman Law Firm,"Chaman Law Firm provides probate for a deceased estate in Nigeria, ensuring estate administration, legal compliance, and dispute resolution.",https://chamanlawfirm.com/resources/blog/probate-for-a-deceased-estate-in-nigeria,"Charles Chukwuma Nkwoka, Esq.",Probate Estate Administration,current-law or procedure-sensitive topic,lawyer review required,no configured redirect conflict,already public,public canonical article already exists
hidden-80,https://chamanlawfirm.com/legally-challenge-forged-land-documents-in-ogun,legally-challenge-forged-land-documents-in-ogun,How to Challenge Forged Land Documents in Ogun State,Sanity hidden source present,120 blocks; 10663 chars,clear,adequate block structure,template/content review recommended; do not invent legal claims,article template provides consultation/contact CTA,needs manual link enhancement,image present,How to Challenge Forged Land Documents in Ogun State legal guide | Chaman Law Firm,How to Challenge Forged Land Documents in Ogun State | Chaman Law Firm,"Legally Challenge Forged Land Documents in Ogun - identify fake land papers, report document fraud, and take legal action to protect your property",https://chamanlawfirm.com/resources/blog/legally-challenge-forged-land-documents-in-ogun,"Charles Chukwuma Nkwoka, Esq.",Notary Public,current-law or procedure-sensitive topic; dispute-resolution wording requires lawyer review,lawyer review required,no configured redirect conflict,already public,public canonical article already exists
hidden-81,https://chamanlawfirm.com/taxation-of-retail-sector,taxation-of-retail-sector,Taxation Of Retail Sector,Sanity hidden source present,13 blocks; 1248 chars,clear,adequate block structure,template/content review recommended; do not invent legal claims,article template provides consultation/contact CTA,internal/external links present in body marks,image missing,missing,Taxation Of Retail Sector | Chaman Law Firm,"TAXATION OF RETAIL SECTOR, According to Wikipedia, Retail is the sale of goods and services to consumers......",https://chamanlawfirm.com/resources/blog/taxation-of-retail-sector,"Charles Chukwuma Nkwoka, Esq.",Corporate & Commercial Law,current-law or procedure-sensitive topic,lawyer review required,no configured redirect conflict,keep hidden,source body too short for approval; featured image missing; alt text missing or weak; current-law or procedure-sensitive topic
hidden-82,https://chamanlawfirm.com/how-can-nigerians-in-the-diaspora-buy-property,how-can-nigerians-in-the-diaspora-buy-property,How Nigerians in the Diaspora Can Buy Property Safely,Sanity hidden source present,120 blocks; 16087 chars,clear,adequate block structure,template/content review recommended; do not invent legal claims,article template provides consultation/contact CTA,needs manual link enhancement,image present,How Nigerians in the Diaspora Can Buy Property Safely legal guide | Chaman Law Firm,How Nigerians in the Diaspora Can Buy Property Safely | Chaman Law Firm,How can Nigerians in the diaspora buy property in Ogun State safely? Considering investing in real estate back home? Learn th,https://chamanlawfirm.com/resources/blog/how-can-nigerians-in-the-diaspora-buy-property,"Charles Chukwuma Nkwoka, Esq.",Property And Real Estate Law,off-brand/property-sales wording; current-law or procedure-sensitive topic; dispute-resolution wording requires lawyer review,lawyer review required,no configured redirect conflict,already public,public canonical article already exists
hidden-83,https://chamanlawfirm.com/lagos-property-succession-how-to-transfer-ownership-after-a-death,lagos-property-succession-how-to-transfer-ownership-after-a-death,Lagos Property Succession: How to Transfer Ownership After Death,Sanity hidden source present,66 blocks; 7654 chars,clear,adequate block structure,template/content review recommended; do not invent legal claims,article template provides consultation/contact CTA,internal/external links present in body marks,image present,Lagos Property Succession: How to Transfer Ownership After Death legal guide | Chaman Law Firm,Lagos Property Succession: How to Transfer Ownership After Death | Chaman Law Firm,"Introduction When a property owner in Lagos passes away, transferring ownership of their real estate is not simply a matter of handing over the keys. It involves a structured legal process under the state’s succession",https://chamanlawfirm.com/resources/blog/lagos-property-succession-how-to-transfer-ownership-after-a-death,"Charles Chukwuma Nkwoka, Esq.",Property And Real Estate Law,current-law or procedure-sensitive topic,lawyer review required,no configured redirect conflict,already public,public canonical article already exists
hidden-84,https://chamanlawfirm.com/how-does-the-land-ucapital-territory-federal,how-does-the-land-ucapital-territory-federal,How Does The Land Ucapital Territory Federal,Sanity hidden source present,25 blocks; 4094 chars,clear,adequate block structure,template/content review recommended; do not invent legal claims,article template provides consultation/contact CTA,internal/external links present in body marks,image missing,missing,How Does The Land Ucapital Territory Federal | Chaman Law Firm,Introduction The Federal Capital Territory (FCT) holds a unique position as Nigeria's political and administrative nucleus. This article unravels the complexities of how the Land Use Act intertwines with land governanc,https://chamanlawfirm.com/resources/blog/how-does-the-land-ucapital-territory-federal,"Charles Chukwuma Nkwoka, Esq.",Property And Real Estate Law,low automated risk,low automated risk,no configured redirect conflict,keep hidden,featured image missing; alt text missing or weak
hidden-85,https://chamanlawfirm.com/analyzing-the-growth-of-real-estate-investment,analyzing-the-growth-of-real-estate-investment,Analyzing The Growth Of Real Estate Investment,Sanity hidden source present,103 blocks; 9596 chars,clear,adequate block structure,template/content review recommended; do not invent legal claims,article template provides consultation/contact CTA,internal/external links present in body marks,image missing,missing,Analyzing The Growth Of Real Estate Investment | Chaman Law Firm,"Analyzing the Growth of Real Estate Investment in Port Harcourt, Real estate investment has become a popular avenue for individuals and..",https://chamanlawfirm.com/resources/blog/analyzing-the-growth-of-real-estate-investment,"Charles Chukwuma Nkwoka, Esq.",Probate Estate Administration,current-law or procedure-sensitive topic,lawyer review required,no configured redirect conflict,keep hidden,featured image missing; alt text missing or weak; current-law or procedure-sensitive topic
hidden-86,https://chamanlawfirm.com/procedures-for-making-a-will-in-nigeria,procedures-for-making-a-will-in-nigeria,Procedures for Making a Will in Nigeria,Sanity hidden source present,78 blocks; 3306 chars,clear,adequate block structure,template/content review recommended; do not invent legal claims,article template provides consultation/contact CTA,internal/external links present in body marks,image present,Procedures for Making a Will in Nigeria legal guide | Chaman Law Firm,Procedures for Making a Will in Nigeria | Chaman Law Firm,"ULTIMATE PROCEDURES FOR MAKING A WILL IN NIGERIA INTRODUCTION The making of a Will in Nigeria is not merely a legal formality, but a powerful testamentary instrument that determines how one’s assets and affairs will",https://chamanlawfirm.com/resources/blog/procedures-for-making-a-will-in-nigeria,"Charles Chukwuma Nkwoka, Esq.",Probate Estate Administration,low automated risk,low automated risk,no configured redirect conflict,already public,public canonical article already exists
hidden-87,https://chamanlawfirm.com/legal-requirements-for-land-purchase,legal-requirements-for-land-purchase,Legal Requirements for Land Purchase in Nigeria,Sanity hidden source present,85 blocks; 6281 chars,clear,adequate block structure,template/content review recommended; do not invent legal claims,article template provides consultation/contact CTA,internal/external links present in body marks,image present,Legal Requirements for Land Purchase in Nigeria legal guide | Chaman Law Firm,Legal Requirements for Land Purchase in Nigeria | Chaman Law Firm,"Chaman Law Firm offers guidance on legal requirements for land purchase in Nigeria, ensuring secure transactions and regulatory compliance.",https://chamanlawfirm.com/resources/blog/legal-requirements-for-land-purchase,"Charles Chukwuma Nkwoka, Esq.",Property And Real Estate Law,current-law or procedure-sensitive topic,lawyer review required,no configured redirect conflict,already public,public canonical article already exists
hidden-88,https://chamanlawfirm.com/challenge-double-allocation-of-land,challenge-double-allocation-of-land,Challenge Double Allocation Of Land,Sanity hidden source present,120 blocks; 9487 chars,clear,adequate block structure,template/content review recommended; do not invent legal claims,article template provides consultation/contact CTA,needs manual link enhancement,image missing,missing,Challenge Double Allocation Of Land | Chaman Law Firm,"challenge double allocation of land - Learn your rights, the necessary documents, and where to report land disputes to protect your property",https://chamanlawfirm.com/resources/blog/challenge-double-allocation-of-land,"Charles Chukwuma Nkwoka, Esq.",Property And Real Estate Law,current-law or procedure-sensitive topic,lawyer review required,no configured redirect conflict,keep hidden,featured image missing; alt text missing or weak; current-law or procedure-sensitive topic
hidden-89,https://chamanlawfirm.com/what-is-the-lagos-state-tenancy-law,what-is-the-lagos-state-tenancy-law,What Is The Lagos State Tenancy Law,Sanity hidden source present,120 blocks; 10216 chars,clear,adequate block structure,template/content review recommended; do not invent legal claims,article template provides consultation/contact CTA,needs manual link enhancement,image missing,missing,What Is The Lagos State Tenancy Law | Chaman Law Firm,Learn What Is the Lagos State Tenancy Lawand how it applies in Lekki. Chaman Law Firm provides expert legal advice for landlords and tenants.,https://chamanlawfirm.com/resources/blog/what-is-the-lagos-state-tenancy-law,"Charles Chukwuma Nkwoka, Esq.",Property And Real Estate Law,possible unsafe self-help wording; current-law or procedure-sensitive topic,lawyer review required,no configured redirect conflict,keep hidden,featured image missing; alt text missing or weak; possible unsafe self-help wording; current-law or procedure-sensitive topic
hidden-90,https://chamanlawfirm.com/who-are-the-people-entitled-to-pro-b-service,who-are-the-people-entitled-to-pro-b-service,Who Are The People Entitled To Pro B Service,Sanity hidden source present,51 blocks; 9576 chars,clear,adequate block structure,template/content review recommended; do not invent legal claims,article template provides consultation/contact CTA,internal/external links present in body marks,image missing,missing,Who Are The People Entitled To Pro B Service | Chaman Law Firm,"Introduction WHO ARE THE PEOPLE ENTITLED TO PRO BONO SERVICE Pro bono in legal practice means, lawyers voluntarily contributing part of their time without charge or at a substantially reduced rate, to establish or pres",https://chamanlawfirm.com/resources/blog/who-are-the-people-entitled-to-pro-b-service,"Charles Chukwuma Nkwoka, Esq.",Property And Real Estate Law,low automated risk,low automated risk,no configured redirect conflict,keep hidden,featured image missing; alt text missing or weak
hidden-91,https://chamanlawfirm.com/guide-to-resolvingproperty-boundary-disputes,guide-to-resolvingproperty-boundary-disputes,Guide To Resolvingproperty Boundary Disputes,Sanity hidden source present,92 blocks; 8856 chars,clear,adequate block structure,template/content review recommended; do not invent legal claims,article template provides consultation/contact CTA,internal/external links present in body marks,image missing,missing,Guide To Resolvingproperty Boundary Disputes | Chaman Law Firm,"Introduction Property boundary disputes are a common and often contentious issue in Nigeria, arising when neighbors or property owners disagree over the exact lines that define their land. These disputes can escalate i",https://chamanlawfirm.com/resources/blog/guide-to-resolvingproperty-boundary-disputes,"Charles Chukwuma Nkwoka, Esq.",Property And Real Estate Law,current-law or procedure-sensitive topic; dispute-resolution wording requires lawyer review,lawyer review required,no configured redirect conflict,keep hidden,featured image missing; alt text missing or weak; current-law or procedure-sensitive topic; dispute-resolution wording requires lawyer review
hidden-92,https://chamanlawfirm.com/land-allocation-for-coastal-and-marine-areas,land-allocation-for-coastal-and-marine-areas,Land Allocation For Coastal And Marine Areas,Sanity hidden source present,75 blocks; 7966 chars,clear,adequate block structure,template/content review recommended; do not invent legal claims,article template provides consultation/contact CTA,internal/external links present in body marks,image missing,missing,Land Allocation For Coastal And Marine Areas | Chaman Law Firm,Land Allocation for Coastal and Marine Areas- 7 Powerful Ways the Land Use Act Shapes Land Allocation for Coastal and Marine Areas in Nigeria,https://chamanlawfirm.com/resources/blog/land-allocation-for-coastal-and-marine-areas,"Charles Chukwuma Nkwoka, Esq.",Property And Real Estate Law,low automated risk,low automated risk,no configured redirect conflict,keep hidden,featured image missing; alt text missing or weak
hidden-93,https://chamanlawfirm.com/how-are-conflicts-resolved-under-the-land-use-act,how-are-conflicts-resolved-under-the-land-use-act,How Are Conflicts Resolved Under The Land Use Act,Sanity hidden source present,22 blocks; 4085 chars,clear,adequate block structure,template/content review recommended; do not invent legal claims,article template provides consultation/contact CTA,internal/external links present in body marks,image missing,missing,How Are Conflicts Resolved Under The Land Use Act | Chaman Law Firm,"The Land Use Act of 1978 in Nigeria not only governs land allocation and ownership but also recognizes that land-related conflicts can arise. To address these disputes, the Act includes provisions for conflict resoluti",https://chamanlawfirm.com/resources/blog/how-are-conflicts-resolved-under-the-land-use-act,"Charles Chukwuma Nkwoka, Esq.",Property And Real Estate Law,dispute-resolution wording requires lawyer review,low automated risk,no configured redirect conflict,keep hidden,featured image missing; alt text missing or weak; dispute-resolution wording requires lawyer review
hidden-94,https://chamanlawfirm.com/guardian-ad-litem-in-child-custody,guardian-ad-litem-in-child-custody,Guardian Ad Litem In Child Custody,Sanity hidden source present,76 blocks; 7703 chars,clear,adequate block structure,template/content review recommended; do not invent legal claims,article template provides consultation/contact CTA,internal/external links present in body marks,image missing,missing,Guardian Ad Litem In Child Custody | Chaman Law Firm,"THE ROLE OF GUARDIAN AD LITEM IN CHILD CUSTODY, Divorce cases have unfortunately been at a higher percentage in the world....",https://chamanlawfirm.com/resources/blog/guardian-ad-litem-in-child-custody,"Charles Chukwuma Nkwoka, Esq.",Family Law,current-law or procedure-sensitive topic; family-status topic requires lawyer review,lawyer review required,no configured redirect conflict,keep hidden,featured image missing; alt text missing or weak; current-law or procedure-sensitive topic; family-status topic requires lawyer review
hidden-95,https://chamanlawfirm.com/best-probate-lawyers-in-ogun-state,best-probate-lawyers-in-ogun-state,Best Probate Lawyers In Ogun State,Sanity hidden source present,120 blocks; 7768 chars,clear,adequate block structure,template/content review recommended; do not invent legal claims,article template provides consultation/contact CTA,needs manual link enhancement,image missing,missing,Best Probate Lawyers In Ogun State | Chaman Law Firm,"Best probate lawyers in Ogun State with Chaman Law Firm, offering guidance on grant of probate, estate management, and administration",https://chamanlawfirm.com/resources/blog/best-probate-lawyers-in-ogun-state,"Charles Chukwuma Nkwoka, Esq.",Probate Estate Administration,low automated risk,low automated risk,no configured redirect conflict,keep hidden,featured image missing; alt text missing or weak
hidden-96,https://chamanlawfirm.com/financial-contracts-and-agreement-in-nigeria,financial-contracts-and-agreement-in-nigeria,Financial Contracts And Agreement In Nigeria,Sanity hidden source present,64 blocks; 10303 chars,clear,adequate block structure,template/content review recommended; do not invent legal claims,article template provides consultation/contact CTA,internal/external links present in body marks,image missing,missing,Financial Contracts And Agreement In Nigeria | Chaman Law Firm,"Financial Contracts And Agreement In Nigeria Parties sign a wide range of contracts and other agreements throughout their daily lives, including rental agreements...",https://chamanlawfirm.com/resources/blog/financial-contracts-and-agreement-in-nigeria,"Charles Chukwuma Nkwoka, Esq.",Corporate & Commercial Law,unsupported outcome claim,low automated risk,no configured redirect conflict,keep hidden,featured image missing; alt text missing or weak; unsupported outcome claim
hidden-97,https://chamanlawfirm.com/powerful-steps-land-surveyors-contribute,powerful-steps-land-surveyors-contribute,Powerful Steps Land Surveyors Contribute,Sanity hidden source present,120 blocks; 7669 chars,clear,adequate block structure,template/content review recommended; do not invent legal claims,article template provides consultation/contact CTA,needs manual link enhancement,image missing,missing,Powerful Steps Land Surveyors Contribute | Chaman Law Firm,Discover how land surveyors contribute to determining land boundaries in Nigeria. outlines their role in ensuring accuracy and legal clarity.,https://chamanlawfirm.com/resources/blog/powerful-steps-land-surveyors-contribute,"Charles Chukwuma Nkwoka, Esq.",Property And Real Estate Law,current-law or procedure-sensitive topic; dispute-resolution wording requires lawyer review,lawyer review required,no configured redirect conflict,keep hidden,featured image missing; alt text missing or weak; current-law or procedure-sensitive topic; dispute-resolution wording requires lawyer review
hidden-98,https://chamanlawfirm.com/ejectment-vs-eviction-tenants,ejectment-vs-eviction-tenants,Ejectment Vs Eviction Tenants,Sanity hidden source present,61 blocks; 5491 chars,clear,adequate block structure,template/content review recommended; do not invent legal claims,article template provides consultation/contact CTA,internal/external links present in body marks,image missing,missing,Ejectment Vs Eviction Tenants | Chaman Law Firm,Eviction vs. Ejectment: The Costly Legal Mistakes Landlords and Tenants Must Avoid,https://chamanlawfirm.com/resources/blog/ejectment-vs-eviction-tenants,"Charles Chukwuma Nkwoka, Esq.",Property And Real Estate Law,possible unsafe self-help wording; current-law or procedure-sensitive topic,lawyer review required,no configured redirect conflict,keep hidden,featured image missing; alt text missing or weak; possible unsafe self-help wording; current-law or procedure-sensitive topic
hidden-99,https://chamanlawfirm.com/the-nigerian-tax-administration,the-nigerian-tax-administration,The Nigerian Tax Administration,Sanity hidden source present,82 blocks; 8625 chars,clear,adequate block structure,template/content review recommended; do not invent legal claims,article template provides consultation/contact CTA,internal/external links present in body marks,image missing,missing,The Nigerian Tax Administration | Chaman Law Firm,"The Nigerian Tax Administration, Tax administration in Nigeria is vested in the three tiers of government....",https://chamanlawfirm.com/resources/blog/the-nigerian-tax-administration,"Charles Chukwuma Nkwoka, Esq.",Corporate & Commercial Law,current-law or procedure-sensitive topic,lawyer review required,no configured redirect conflict,keep hidden,featured image missing; alt text missing or weak; current-law or procedure-sensitive topic
hidden-100,https://chamanlawfirm.com/obtaining-consent-for-land-transactions,obtaining-consent-for-land-transactions,Obtaining Consent For Land Transactions,Sanity hidden source present,99 blocks; 7090 chars,clear,adequate block structure,template/content review recommended; do not invent legal claims,article template provides consultation/contact CTA,internal/external links present in body marks,image missing,missing,Obtaining Consent For Land Transactions | Chaman Law Firm,"What is the Process of Obtaining Consent for Land Transactions in Nigeria? In Nigeria, land transactions often require the consent of relevant ..",https://chamanlawfirm.com/resources/blog/obtaining-consent-for-land-transactions,"Charles Chukwuma Nkwoka, Esq.",Property And Real Estate Law,off-brand/property-sales wording; current-law or procedure-sensitive topic; dispute-resolution wording requires lawyer review; unsupported outcome claim,lawyer review required,no configured redirect conflict,keep hidden,featured image missing; alt text missing or weak; off-brand/property-sales wording; current-law or procedure-sensitive topic; dispute-resolution wording requires lawyer review; unsupported outcome claim
hidden-101,https://chamanlawfirm.com/the-rights-and-responsibilities-of-landowners,the-rights-and-responsibilities-of-landowners,The Rights And Responsibilities Of Landowners,Sanity hidden source present,120 blocks; 13432 chars,clear,adequate block structure,template/content review recommended; do not invent legal claims,article template provides consultation/contact CTA,needs manual link enhancement,image missing,missing,The Rights And Responsibilities Of Landowners | Chaman Law Firm,"Explore the Rights and Responsibilities of Landowners in Nigeria, including ownership limits, development obligations, and legal protections.",https://chamanlawfirm.com/resources/blog/the-rights-and-responsibilities-of-landowners,"Charles Chukwuma Nkwoka, Esq.",Property And Real Estate Law,current-law or procedure-sensitive topic; dispute-resolution wording requires lawyer review,lawyer review required,no configured redirect conflict,keep hidden,featured image missing; alt text missing or weak; current-law or procedure-sensitive topic; dispute-resolution wording requires lawyer review
hidden-102,https://chamanlawfirm.com/obtaining-a-certificate-of-occupancy-in-lagos,obtaining-a-certificate-of-occupancy-in-lagos,Obtaining A Certificate Of Occupancy In Lagos,Sanity hidden source present,120 blocks; 11143 chars,clear,adequate block structure,template/content review recommended; do not invent legal claims,article template provides consultation/contact CTA,needs manual link enhancement,image missing,missing,Obtaining A Certificate Of Occupancy In Lagos | Chaman Law Firm,"Obtaining a Certificate of Occupancy (C of O) in Lagos? Learn the detailed process of securing it including requirements, fees and timelines.",https://chamanlawfirm.com/resources/blog/obtaining-a-certificate-of-occupancy-in-lagos,"Charles Chukwuma Nkwoka, Esq.",Property And Real Estate Law,current-law or procedure-sensitive topic,lawyer review required,no configured redirect conflict,keep hidden,featured image missing; alt text missing or weak; current-law or procedure-sensitive topic
hidden-103,https://chamanlawfirm.com/nigerian-courts-handle-class-action-lawsuits,nigerian-courts-handle-class-action-lawsuits,Nigerian Courts Handle Class Action Lawsuits,Sanity hidden source present,91 blocks; 6404 chars,clear,adequate block structure,template/content review recommended; do not invent legal claims,article template provides consultation/contact CTA,internal/external links present in body marks,image missing,missing,Nigerian Courts Handle Class Action Lawsuits | Chaman Law Firm,"Introduction Class action lawsuits and representative actions are relatively recent developments in Nigerian litigation. While not as prevalent as in some other jurisdictions, these forms of collective redress are gain",https://chamanlawfirm.com/resources/blog/nigerian-courts-handle-class-action-lawsuits,"Charles Chukwuma Nkwoka, Esq.",Litigation and dispute resolution,low automated risk,low automated risk,no configured redirect conflict,keep hidden,featured image missing; alt text missing or weak
hidden-104,https://chamanlawfirm.com/what-is-land-excision-in-ogun-state,what-is-land-excision-in-ogun-state,What Is Land Excision In Ogun State,Sanity hidden source present,75 blocks; 9139 chars,clear,adequate block structure,template/content review recommended; do not invent legal claims,article template provides consultation/contact CTA,internal/external links present in body marks,image missing,missing,What Is Land Excision In Ogun State | Chaman Law Firm,"what is land excision in Ogun State means and why it is important for property ownership, rights, and documentation. Chaman Law Firm explains",https://chamanlawfirm.com/resources/blog/what-is-land-excision-in-ogun-state,"Charles Chukwuma Nkwoka, Esq.",Property And Real Estate Law,current-law or procedure-sensitive topic,lawyer review required,no configured redirect conflict,keep hidden,featured image missing; alt text missing or weak; current-law or procedure-sensitive topic
hidden-105,https://chamanlawfirm.com/child-custody-and-visitation-during-holidays,child-custody-and-visitation-during-holidays,Child Custody And Visitation During Holidays,Sanity hidden source present,68 blocks; 17638 chars,clear,adequate block structure,template/content review recommended; do not invent legal claims,article template provides consultation/contact CTA,internal/external links present in body marks,image missing,missing,Child Custody And Visitation During Holidays | Chaman Law Firm,Child Custody And Visitation During Holidays,https://chamanlawfirm.com/resources/blog/child-custody-and-visitation-during-holidays,"Charles Chukwuma Nkwoka, Esq.",Family Law,misleading free-service wording; family-status topic requires lawyer review; dispute-resolution wording requires lawyer review,low automated risk,no configured redirect conflict,keep hidden,featured image missing; alt text missing or weak; misleading free-service wording; family-status topic requires lawyer review; dispute-resolution wording requires lawyer review
hidden-106,https://chamanlawfirm.com/how-to-start-oil-and-gas-company-in-nigeria,how-to-start-oil-and-gas-company-in-nigeria,How To Start Oil And Gas Company In Nigeria,Sanity hidden source present,6 blocks; 653 chars,clear,needs body repair,template/content review recommended; do not invent legal claims,article template provides consultation/contact CTA,internal/external links present in body marks,image missing,missing,How To Start Oil And Gas Company In Nigeria | Chaman Law Firm,"HOW TO START OIL AND GAS COMPANY IN NIGERIA, Starting an oil and gas company in Nigeria involves several steps and considerations...",https://chamanlawfirm.com/resources/blog/how-to-start-oil-and-gas-company-in-nigeria,"Charles Chukwuma Nkwoka, Esq.",Corporate & Commercial Law,low automated risk,low automated risk,no configured redirect conflict,keep hidden,body block count below gate; source body too short for approval; featured image missing; alt text missing or weak
hidden-107,https://chamanlawfirm.com/how-has-the-land-use-act-in-nigeria-e,how-has-the-land-use-act-in-nigeria-e,How Has The Land Use Act In Nigeria E,Sanity hidden source present,22 blocks; 3708 chars,clear,adequate block structure,template/content review recommended; do not invent legal claims,article template provides consultation/contact CTA,internal/external links present in body marks,image missing,missing,How Has The Land Use Act In Nigeria E | Chaman Law Firm,"How Has the Land Use Act in Nigeria Evolved Over Time? The Land Use Act, which fundamentally transformed land ownership..",https://chamanlawfirm.com/resources/blog/how-has-the-land-use-act-in-nigeria-e,"Charles Chukwuma Nkwoka, Esq.",Property And Real Estate Law,low automated risk,low automated risk,no configured redirect conflict,keep hidden,featured image missing; alt text missing or weak
hidden-108,https://chamanlawfirm.com/capital-gains-tax-calculated-on-property,capital-gains-tax-calculated-on-property,Capital Gains Tax Calculated On Property,Sanity hidden source present,120 blocks; 12113 chars,clear,adequate block structure,template/content review recommended; do not invent legal claims,article template provides consultation/contact CTA,needs manual link enhancement,image missing,missing,Capital Gains Tax Calculated On Property | Chaman Law Firm,Learn how capital Gains Tax Calculated on Property sales in Lekki. Chaman Law Firm offers expert legal advice for real estate investors.,https://chamanlawfirm.com/resources/blog/capital-gains-tax-calculated-on-property,"Charles Chukwuma Nkwoka, Esq.",Corporate & Commercial Law,off-brand/property-sales wording; current-law or procedure-sensitive topic,lawyer review required,no configured redirect conflict,keep hidden,featured image missing; alt text missing or weak; off-brand/property-sales wording; current-law or procedure-sensitive topic
hidden-109,https://chamanlawfirm.com/handling-tax-disputes-and-audits-in-nigeria,handling-tax-disputes-and-audits-in-nigeria,Handling Tax Disputes And Audits In Nigeria,Sanity hidden source present,57 blocks; 10494 chars,clear,adequate block structure,template/content review recommended; do not invent legal claims,article template provides consultation/contact CTA,internal/external links present in body marks,image missing,missing,Handling Tax Disputes And Audits In Nigeria | Chaman Law Firm,"Tax Disputes and Audits In Nigeria, tax disputes are common, just like in other sectors. A tax dispute arises when there is a disagreement..",https://chamanlawfirm.com/resources/blog/handling-tax-disputes-and-audits-in-nigeria,"Charles Chukwuma Nkwoka, Esq.",Corporate & Commercial Law,current-law or procedure-sensitive topic,lawyer review required,no configured redirect conflict,keep hidden,featured image missing; alt text missing or weak; current-law or procedure-sensitive topic
hidden-110,https://chamanlawfirm.com/enhancing-nigerian-immigration-security,enhancing-nigerian-immigration-security,Enhancing Nigerian Immigration Security,Sanity hidden source present,68 blocks; 19829 chars,clear,adequate block structure,template/content review recommended; do not invent legal claims,article template provides consultation/contact CTA,internal/external links present in body marks,image missing,missing,Enhancing Nigerian Immigration Security | Chaman Law Firm,"Enhancing Nigerian Immigration Security In an era where security concerns are paramount, the role of technology in enhancing immigration security has become increasingly...",https://chamanlawfirm.com/resources/blog/enhancing-nigerian-immigration-security,"Charles Chukwuma Nkwoka, Esq.",Immigration Services,low automated risk,low automated risk,no configured redirect conflict,keep hidden,featured image missing; alt text missing or weak
hidden-111,https://chamanlawfirm.com/blockchain-technology-and-land-title-security,blockchain-technology-and-land-title-security,Blockchain Technology And Land Title Security,Sanity hidden source present,95 blocks; 9571 chars,clear,adequate block structure,template/content review recommended; do not invent legal claims,article template provides consultation/contact CTA,internal/external links present in body marks,image missing,missing,Blockchain Technology And Land Title Security | Chaman Law Firm,"Blockchain Technology And Land Title Security-Discover how blockchain technology can revolutionize land title security in Nigeria by eliminating fraud, delays, and disputes through transparent systems.",https://chamanlawfirm.com/resources/blog/blockchain-technology-and-land-title-security,"Charles Chukwuma Nkwoka, Esq.",Property And Real Estate Law,dispute-resolution wording requires lawyer review,low automated risk,no configured redirect conflict,keep hidden,featured image missing; alt text missing or weak; dispute-resolution wording requires lawyer review
hidden-112,https://chamanlawfirm.com/where-do-i-verify-land-documents-in-ogun-state,where-do-i-verify-land-documents-in-ogun-state,Where Do I Verify Land Documents In Ogun State,Sanity hidden source present,120 blocks; 13597 chars,clear,adequate block structure,template/content review recommended; do not invent legal claims,article template provides consultation/contact CTA,needs manual link enhancement,image missing,missing,Where Do I Verify Land Documents In Ogun State | Chaman Law Firm,Learn how and where to verify land documents in Ogun State to ensure property legitimacy. Chaman Law Firm guides you through the processes,https://chamanlawfirm.com/resources/blog/where-do-i-verify-land-documents-in-ogun-state,"Charles Chukwuma Nkwoka, Esq.",Notary Public,current-law or procedure-sensitive topic,lawyer review required,no configured redirect conflict,keep hidden,featured image missing; alt text missing or weak; current-law or procedure-sensitive topic
hidden-113,https://chamanlawfirm.com/subcontracting-in-nigerian-construction-projects,subcontracting-in-nigerian-construction-projects,Subcontracting In Nigerian Construction Projects,Sanity hidden source present,82 blocks; 22506 chars,clear,adequate block structure,template/content review recommended; do not invent legal claims,article template provides consultation/contact CTA,internal/external links present in body marks,image missing,missing,Subcontracting In Nigerian Construction Projects | Chaman Law Firm,"Subcontracting In Nigerian Construction Projects Subcontracting plays a pivotal role in Nigerian construction projects, facilitating specialization, scalability, and operational...",https://chamanlawfirm.com/resources/blog/subcontracting-in-nigerian-construction-projects,"Charles Chukwuma Nkwoka, Esq.",Corporate & Commercial Law,low automated risk,low automated risk,no configured redirect conflict,keep hidden,featured image missing; alt text missing or weak
hidden-114,https://chamanlawfirm.com/rights-of-citizens-in-government-surveillance,rights-of-citizens-in-government-surveillance,Rights Of Citizens In Government Surveillance,Sanity hidden source present,76 blocks; 21246 chars,clear,adequate block structure,template/content review recommended; do not invent legal claims,article template provides consultation/contact CTA,internal/external links present in body marks,image missing,missing,Rights Of Citizens In Government Surveillance | Chaman Law Firm,"Rights Of Citizens In Government Surveillance Government surveillance has become an increasingly significant issue in the digital age, with governments worldwide...",https://chamanlawfirm.com/resources/blog/rights-of-citizens-in-government-surveillance,"Charles Chukwuma Nkwoka, Esq.",Immigration Services,current-law or procedure-sensitive topic; unsupported outcome claim,lawyer review required,no configured redirect conflict,keep hidden,featured image missing; alt text missing or weak; current-law or procedure-sensitive topic; unsupported outcome claim
hidden-115,https://chamanlawfirm.com/corporate-finance-laws-in-nigeria,corporate-finance-laws-in-nigeria,Corporate Finance Laws In Nigeria,Sanity hidden source present,120 blocks; 8147 chars,clear,adequate block structure,template/content review recommended; do not invent legal claims,article template provides consultation/contact CTA,needs manual link enhancement,image missing,missing,Corporate Finance Laws In Nigeria | Chaman Law Firm,Corporate Finance Laws In Nigeria; 10 Powerful Insights into Corporate Finance Laws in Nigeria...,https://chamanlawfirm.com/resources/blog/corporate-finance-laws-in-nigeria,"Charles Chukwuma Nkwoka, Esq.",Corporate & Commercial Law,current-law or procedure-sensitive topic,lawyer review required,no configured redirect conflict,keep hidden,featured image missing; alt text missing or weak; current-law or procedure-sensitive topic
hidden-116,https://chamanlawfirm.com/first-aid-certificate-in-nigeria,first-aid-certificate-in-nigeria,First Aid Certificate In Nigeria,Sanity hidden source present,20 blocks; 1437 chars,clear,adequate block structure,template/content review recommended; do not invent legal claims,article template provides consultation/contact CTA,internal/external links present in body marks,image missing,missing,First Aid Certificate In Nigeria | Chaman Law Firm,"HOW TO APPLY FOR FIRST AID CERTIFICATE IN NIGERIA, To apply for a first aid certificate in Nigeria, you can follow these general steps....",https://chamanlawfirm.com/resources/blog/first-aid-certificate-in-nigeria,"Charles Chukwuma Nkwoka, Esq.",Corporate & Commercial Law,low automated risk,low automated risk,no configured redirect conflict,keep hidden,featured image missing; alt text missing or weak
hidden-117,https://chamanlawfirm.com/legal-steps-to-perfecting-title-documents,legal-steps-to-perfecting-title-documents,Legal Steps to Perfecting Title Documents in Nigeria,Sanity hidden source present,77 blocks; 7255 chars,clear,adequate block structure,template/content review recommended; do not invent legal claims,article template provides consultation/contact CTA,internal/external links present in body marks,image present,Legal Steps to Perfecting Title Documents in Nigeria legal guide | Chaman Law Firm,Legal Steps to Perfecting Title Documents in Nigeria | Chaman Law Firm,Perfecting title documents is an indispensable process for securing property ownership in Nigeria. It is the legal mechanism through which your......,https://chamanlawfirm.com/resources/blog/legal-steps-to-perfecting-title-documents,"Charles Chukwuma Nkwoka, Esq.",Notary Public,current-law or procedure-sensitive topic; unsupported outcome claim,lawyer review required,no configured redirect conflict,already public,public canonical article already exists
hidden-118,https://chamanlawfirm.com/how-does-the-land-use-act-affect-land-title,how-does-the-land-use-act-affect-land-title,How the Land Use Act Affects Land Title in Nigeria,Sanity hidden source present,120 blocks; 7896 chars,clear,adequate block structure,template/content review recommended; do not invent legal claims,article template provides consultation/contact CTA,needs manual link enhancement,image present,How the Land Use Act Affects Land Title in Nigeria legal guide | Chaman Law Firm,How the Land Use Act Affects Land Title in Nigeria | Chaman Law Firm,How Does the Land Use Act Affect Land Titleregistration for commercial properties. Know key legal insights for securing your property rights,https://chamanlawfirm.com/resources/blog/how-does-the-land-use-act-affect-land-title,"Charles Chukwuma Nkwoka, Esq.",Property And Real Estate Law,current-law or procedure-sensitive topic,lawyer review required,no configured redirect conflict,already public,public canonical article already exists
hidden-119,https://chamanlawfirm.com/legal-remedies-for-breach-of-contract,legal-remedies-for-breach-of-contract,Legal Remedies for Breach of Contract in Nigeria,Sanity hidden source present,13 blocks; 1053 chars,clear,adequate block structure,template/content review recommended; do not invent legal claims,article template provides consultation/contact CTA,internal/external links present in body marks,image present,Legal Remedies for Breach of Contract in Nigeria legal guide | Chaman Law Firm,Legal Remedies for Breach of Contract in Nigeria | Chaman Law Firm,Legal Remedies The Ultimate 10 Powerful Legal Remedies for Breach of Contract in Property Sales and Development Agreements,https://chamanlawfirm.com/resources/blog/legal-remedies-for-breach-of-contract,"Charles Chukwuma Nkwoka, Esq.",Corporate & Commercial Law,off-brand/property-sales wording,low automated risk,no configured redirect conflict,already public,public canonical article already exists
hidden-120,https://chamanlawfirm.com/when-a-loved-one-dies-without-a-will,when-a-loved-one-dies-without-a-will,What Happens When a Loved One Dies Without a Will in Nigeria,Sanity hidden source present,120 blocks; 7786 chars,clear,adequate block structure,template/content review recommended; do not invent legal claims,article template provides consultation/contact CTA,needs manual link enhancement,image present,What Happens When a Loved One Dies Without a Will in Nigeria legal guide | Chaman Law Firm,What Happens When a Loved One Dies Without a Will in Nigeria | Chaman Law Firm,"what steps to take when a loved one dies without a will in Nigeria, including applying for letters of administration and managing estate legally",https://chamanlawfirm.com/resources/blog/when-a-loved-one-dies-without-a-will,"Charles Chukwuma Nkwoka, Esq.",Probate Estate Administration,family-status topic requires lawyer review,low automated risk,no configured redirect conflict,already public,public canonical article already exists
hidden-121,https://chamanlawfirm.com/contract-of-sale-of-land-and-what-it-takes,contract-of-sale-of-land-and-what-it-takes,Contract of Sale of Land in Nigeria,Sanity hidden source present,28 blocks; 5882 chars,clear,adequate block structure,template/content review recommended; do not invent legal claims,article template provides consultation/contact CTA,internal/external links present in body marks,image present,Contract of Sale of Land in Nigeria legal guide | Chaman Law Firm,Contract of Sale of Land in Nigeria | Chaman Law Firm,Introduction CONTRACT OF SALE OF LAND AND WHAT IT TAKES One of the few assets that can bring in money for its owners without the owners needing to do any labor themselves is land. Landed property appreciates on its own,https://chamanlawfirm.com/resources/blog/contract-of-sale-of-land-and-what-it-takes,"Charles Chukwuma Nkwoka, Esq.",Corporate & Commercial Law,off-brand/property-sales wording,low automated risk,no configured redirect conflict,already public,public canonical article already exists
hidden-122,https://chamanlawfirm.com/acquire-and-secure-industrial-land-in-ogun,acquire-and-secure-industrial-land-in-ogun,How to Acquire and Secure Industrial Land in Ogun State,Sanity hidden source present,120 blocks; 8510 chars,clear,adequate block structure,template/content review recommended; do not invent legal claims,article template provides consultation/contact CTA,needs manual link enhancement,image present,How to Acquire and Secure Industrial Land in Ogun State legal guide | Chaman Law Firm,How to Acquire and Secure Industrial Land in Ogun State | Chaman Law Firm,"Acquire and Secure Industrial Land in Ogun - Explore the legal steps, documentation, government approvals, and key factors to consider",https://chamanlawfirm.com/resources/blog/acquire-and-secure-industrial-land-in-ogun,"Charles Chukwuma Nkwoka, Esq.",Property And Real Estate Law,current-law or procedure-sensitive topic,lawyer review required,no configured redirect conflict,already public,public canonical article already exists
hidden-123,https://chamanlawfirm.com/8-steps-to-enforce-court-judgments-innigeria,8-steps-to-enforce-court-judgments-innigeria,Steps to Enforce Court Judgments in Nigeria,Sanity hidden source present,54 blocks; 6230 chars,clear,adequate block structure,template/content review recommended; do not invent legal claims,article template provides consultation/contact CTA,internal/external links present in body marks,image present,Steps to Enforce Court Judgments in Nigeria legal guide | Chaman Law Firm,Steps to Enforce Court Judgments in Nigeria | Chaman Law Firm,"Introduction Obtaining a court judgment is only the first step in the legal process; ensuring that the judgment is enforced is equally crucial. In Nigeria, enforcing court judgments can be complex, requiring a thorough",https://chamanlawfirm.com/resources/blog/8-steps-to-enforce-court-judgments-innigeria,"Charles Chukwuma Nkwoka, Esq.",Litigation and dispute resolution,current-law or procedure-sensitive topic,lawyer review required,no configured redirect conflict,already public,public canonical article already exists
hidden-124,https://chamanlawfirm.com/remedies-for-breach-of-maritime-contracts,remedies-for-breach-of-maritime-contracts,Remedies For Breach Of Maritime Contracts,Sanity hidden source present,92 blocks; 21520 chars,clear,adequate block structure,template/content review recommended; do not invent legal claims,article template provides consultation/contact CTA,internal/external links present in body marks,image missing,missing,Remedies For Breach Of Maritime Contracts | Chaman Law Firm,Remedies For Breach Of Maritime Contracts Maritime contracts play a pivotal role in the global shipping industry by regulating the rights and obligations of parties...,https://chamanlawfirm.com/resources/blog/remedies-for-breach-of-maritime-contracts,"Charles Chukwuma Nkwoka, Esq.",Corporate & Commercial Law,current-law or procedure-sensitive topic,lawyer review required,no configured redirect conflict,keep hidden,featured image missing; alt text missing or weak; current-law or procedure-sensitive topic
hidden-125,https://chamanlawfirm.com/the-impact-of-the-land-use-act-on-land-allocation-for-public-marketplaces-in-nigeria,the-impact-of-the-land-use-act-on-land-allocation-for-public-marketplaces-in-nigeria,The Impact Of The Land Use Act On Land Allocation For Public Marketplaces In Nigeria,Sanity hidden source present,20 blocks; 4133 chars,clear,adequate block structure,template/content review recommended; do not invent legal claims,article template provides consultation/contact CTA,internal/external links present in body marks,image missing,missing,The Impact Of The Land Use Act On Land Allocation For Public Marketplaces In Nigeria | Chaman Law Firm,"The Land Use Act of 1978 is a significant legislation that has had a profound impact on land allocation for public marketplaces in Nigeria. This act, which is applicable to all states in the country, has brought about",https://chamanlawfirm.com/resources/blog/the-impact-of-the-land-use-act-on-land-allocation-for-public-marketplaces-in-nigeria,"Charles Chukwuma Nkwoka, Esq.",Property And Real Estate Law,current-law or procedure-sensitive topic,lawyer review required,no configured redirect conflict,keep hidden,featured image missing; alt text missing or weak; current-law or procedure-sensitive topic
hidden-126,https://chamanlawfirm.com/intellectual-property-rights,intellectual-property-rights,Intellectual Property Rights,Sanity hidden source present,12 blocks; 896 chars,clear,adequate block structure,template/content review recommended; do not invent legal claims,article template provides consultation/contact CTA,internal/external links present in body marks,image missing,missing,Intellectual Property Rights | Chaman Law Firm,5 Intellectual Property Battle; Who truly Owns AI-Generated Content?,https://chamanlawfirm.com/resources/blog/intellectual-property-rights,"Charles Chukwuma Nkwoka, Esq.",Property And Real Estate Law,low automated risk,low automated risk,no configured redirect conflict,keep hidden,source body too short for approval; featured image missing; alt text missing or weak
hidden-127,https://chamanlawfirm.com/roles-of-a-cybercrime-lawyer-in-nigeria,roles-of-a-cybercrime-lawyer-in-nigeria,Roles of a Cybercrime Lawyer in Nigeria,Sanity hidden source present,45 blocks; 6722 chars,clear,adequate block structure,template/content review recommended; do not invent legal claims,article template provides consultation/contact CTA,internal/external links present in body marks,image present,Roles of a Cybercrime Lawyer in Nigeria legal guide | Chaman Law Firm,Roles of a Cybercrime Lawyer in Nigeria | Chaman Law Firm,"Introduction In today's digital age, the rise of technology has brought about both opportunities and challenges, particularly concerning cybercrime. Cybercrime encompasses a broad range of illegal activities conducted",https://chamanlawfirm.com/resources/blog/roles-of-a-cybercrime-lawyer-in-nigeria,"Charles Chukwuma Nkwoka, Esq.",Property And Real Estate Law,current-law or procedure-sensitive topic,lawyer review required,no configured redirect conflict,already public,public canonical article already exists
hidden-128,https://chamanlawfirm.com/dealing-with-land-encroachment-in-ogun-state,dealing-with-land-encroachment-in-ogun-state,Dealing With Land Encroachment In Ogun State,Sanity hidden source present,114 blocks; 11557 chars,clear,adequate block structure,template/content review recommended; do not invent legal claims,article template provides consultation/contact CTA,internal/external links present in body marks,image missing,missing,Dealing With Land Encroachment In Ogun State | Chaman Law Firm,"Dealing with Land Encroachment in Ogun State -Learn how to identify land encroachment, know your rights / take the right steps to resolve the issue",https://chamanlawfirm.com/resources/blog/dealing-with-land-encroachment-in-ogun-state,"Charles Chukwuma Nkwoka, Esq.",Property And Real Estate Law,possible unsafe self-help wording; current-law or procedure-sensitive topic; dispute-resolution wording requires lawyer review; unsupported outcome claim,lawyer review required,no configured redirect conflict,keep hidden,featured image missing; alt text missing or weak; possible unsafe self-help wording; current-law or procedure-sensitive topic; dispute-resolution wording requires lawyer review; unsupported outcome claim
hidden-129,https://chamanlawfirm.com/effects-of-exchange-of-contract,effects-of-exchange-of-contract,Effects of Exchange of Contract in Property Transactions,Sanity hidden source present,25 blocks; 2549 chars,clear,adequate block structure,template/content review recommended; do not invent legal claims,article template provides consultation/contact CTA,internal/external links present in body marks,image present,Effects of Exchange of Contract in Property Transactions legal guide | Chaman Law Firm,Effects of Exchange of Contract in Property Transactions | Chaman Law Firm,"EFFECTS OF EXCHANGE OF CONTRACT, Exchange of Contract is the procedure by which a contract is made binding on the parties...",https://chamanlawfirm.com/resources/blog/effects-of-exchange-of-contract,"Charles Chukwuma Nkwoka, Esq.",Corporate & Commercial Law,low automated risk,low automated risk,no configured redirect conflict,already public,public canonical article already exists
hidden-130,https://chamanlawfirm.com/hidden-costs-when-buying-land-in-lagos,hidden-costs-when-buying-land-in-lagos,Hidden Costs When Buying Land In Lagos,Sanity hidden source present,120 blocks; 14140 chars,clear,adequate block structure,template/content review recommended; do not invent legal claims,article template provides consultation/contact CTA,needs manual link enhancement,image missing,missing,Hidden Costs When Buying Land In Lagos | Chaman Law Firm,Hidden Costs - When Buying Land in Lagos - from survey fees to documentation charges — and avoid unexpected expenses / Chaman Law Firm,https://chamanlawfirm.com/resources/blog/hidden-costs-when-buying-land-in-lagos,"Charles Chukwuma Nkwoka, Esq.",Property And Real Estate Law,current-law or procedure-sensitive topic,lawyer review required,no configured redirect conflict,keep hidden,featured image missing; alt text missing or weak; current-law or procedure-sensitive topic
hidden-131,https://chamanlawfirm.com/floodplain-management-under-the-land-use-act,floodplain-management-under-the-land-use-act,Floodplain Management Under the Land Use Act in Nigeria,Sanity hidden source present,120 blocks; 8271 chars,clear,adequate block structure,template/content review recommended; do not invent legal claims,article template provides consultation/contact CTA,needs manual link enhancement,image present,Floodplain Management Under the Land Use Act in Nigeria legal guide | Chaman Law Firm,Floodplain Management Under the Land Use Act in Nigeria | Chaman Law Firm,"Explore Floodplain Management under the Land Use Act, highlighting legal frameworks, land allocation, and environmental protection measures.",https://chamanlawfirm.com/resources/blog/floodplain-management-under-the-land-use-act,"Charles Chukwuma Nkwoka, Esq.",Property And Real Estate Law,current-law or procedure-sensitive topic,lawyer review required,no configured redirect conflict,already public,public canonical article already exists
hidden-132,https://chamanlawfirm.com/the-central-bank-of-nigeria-in-debt-recovery,the-central-bank-of-nigeria-in-debt-recovery,The Central Bank Of Nigeria In Debt Recovery,Sanity hidden source present,78 blocks; 18928 chars,clear,adequate block structure,template/content review recommended; do not invent legal claims,article template provides consultation/contact CTA,internal/external links present in body marks,image missing,missing,The Central Bank Of Nigeria In Debt Recovery | Chaman Law Firm,"The Central Bank Of Nigeria In Debt Recovery Debt recovery is a crucial element in the financial sector, impacting the stability and health of banks, businesses...",https://chamanlawfirm.com/resources/blog/the-central-bank-of-nigeria-in-debt-recovery,"Charles Chukwuma Nkwoka, Esq.",Debt recovery,low automated risk,low automated risk,no configured redirect conflict,keep hidden,featured image missing; alt text missing or weak
hidden-133,https://chamanlawfirm.com/ways-nigerian-lawprotectstherightsofchildren,ways-nigerian-lawprotectstherightsofchildren,Ways Nigerian Lawprotectstherightsofchildren,Sanity hidden source present,67 blocks; 8302 chars,clear,adequate block structure,template/content review recommended; do not invent legal claims,article template provides consultation/contact CTA,internal/external links present in body marks,image missing,missing,Ways Nigerian Lawprotectstherightsofchildren | Chaman Law Firm,"Introduction In Nigeria, children born out of wedlock often face unique challenges, particularly regarding their legal rights and inheritance. Family law in Nigeria provides various protections to ensure these children",https://chamanlawfirm.com/resources/blog/ways-nigerian-lawprotectstherightsofchildren,"Charles Chukwuma Nkwoka, Esq.",Family Law,family-status topic requires lawyer review,low automated risk,no configured redirect conflict,keep hidden,featured image missing; alt text missing or weak; family-status topic requires lawyer review
hidden-134,https://chamanlawfirm.com/what-is-the-cost-of-perfecting-land-titles-2,what-is-the-cost-of-perfecting-land-titles-2,Cost of Perfecting Land Titles in Nigeria,Sanity hidden source present,120 blocks; 11163 chars,clear,adequate block structure,template/content review recommended; do not invent legal claims,article template provides consultation/contact CTA,needs manual link enhancement,image present,Cost of Perfecting Land Titles in Nigeria legal guide | Chaman Law Firm,Cost of Perfecting Land Titles in Nigeria | Chaman Law Firm,What is the cost of perfecting land titles in Ikoyi. Chaman Law Firm provides expert legal support for property documentation and registration.,https://chamanlawfirm.com/resources/blog/what-is-the-cost-of-perfecting-land-titles-2,"Charles Chukwuma Nkwoka, Esq.",Property And Real Estate Law,current-law or procedure-sensitive topic,lawyer review required,no configured redirect conflict,already public,public canonical article already exists
hidden-135,https://chamanlawfirm.com/the-custody-of-a-child-under-nigerian-law,the-custody-of-a-child-under-nigerian-law,The Custody Of A Child Under Nigerian Law,Sanity hidden source present,26 blocks; 4270 chars,clear,adequate block structure,template/content review recommended; do not invent legal claims,article template provides consultation/contact CTA,internal/external links present in body marks,image missing,missing,The Custody Of A Child Under Nigerian Law | Chaman Law Firm,The child custody after divorce in Nigeria primarily rested on the best interest of a child.,https://chamanlawfirm.com/resources/blog/the-custody-of-a-child-under-nigerian-law,"Charles Chukwuma Nkwoka, Esq.",Family Law,family-status topic requires lawyer review,low automated risk,no configured redirect conflict,keep hidden,featured image missing; alt text missing or weak; family-status topic requires lawyer review
hidden-136,https://chamanlawfirm.com/what-are-the-best-mechanism-in-recovery-of-debt,what-are-the-best-mechanism-in-recovery-of-debt,What Are The Best Mechanism In Recovery Of Debt,Sanity hidden source present,117 blocks; 18236 chars,clear,adequate block structure,template/content review recommended; do not invent legal claims,article template provides consultation/contact CTA,internal/external links present in body marks,image missing,missing,What Are The Best Mechanism In Recovery Of Debt | Chaman Law Firm,WHAT ARE THE BEST MECHANISM IN RECOVERY OF DEBT? Here are some of the practical ways debt can be...,https://chamanlawfirm.com/resources/blog/what-are-the-best-mechanism-in-recovery-of-debt,"Charles Chukwuma Nkwoka, Esq.",Debt recovery,current-law or procedure-sensitive topic; unsupported outcome claim,lawyer review required,no configured redirect conflict,keep hidden,featured image missing; alt text missing or weak; current-law or procedure-sensitive topic; unsupported outcome claim
hidden-137,https://chamanlawfirm.com/what-is-the-relationship-between-mining-activities-and-the-land-use-act,what-is-the-relationship-between-mining-activities-and-the-land-use-act,What Is The Relationship Between Mining Activities And The Land Use Act,Sanity hidden source present,23 blocks; 3709 chars,clear,adequate block structure,template/content review recommended; do not invent legal claims,article template provides consultation/contact CTA,internal/external links present in body marks,image missing,missing,What Is The Relationship Between Mining Activities And The Land Use Act | Chaman Law Firm,"Introduction: Nigeria's Land Use Act, enacted in 1978, holds significant implications for mining activities in the country. This article explores the intricate relationship between the Land Use Act and mining operation",https://chamanlawfirm.com/resources/blog/what-is-the-relationship-between-mining-activities-and-the-land-use-act,"Charles Chukwuma Nkwoka, Esq.",Property And Real Estate Law,low automated risk,low automated risk,no configured redirect conflict,keep hidden,featured image missing; alt text missing or weak
hidden-138,https://chamanlawfirm.com/what-is-the-process-of-obtaining-a-c-of-o,what-is-the-process-of-obtaining-a-c-of-o,Process of Obtaining a Certificate of Occupancy in Nigeria,Sanity hidden source present,120 blocks; 10402 chars,clear,adequate block structure,template/content review recommended; do not invent legal claims,article template provides consultation/contact CTA,needs manual link enhancement,image present,Process of Obtaining a Certificate of Occupancy in Nigeria legal guide | Chaman Law Firm,Process of Obtaining a Certificate of Occupancy in Nigeria | Chaman Law Firm,What is the process of obtaining a C of O in Ikoyi. Chaman Law Firm provides expert legal help for property title registration and transfer.,https://chamanlawfirm.com/resources/blog/what-is-the-process-of-obtaining-a-c-of-o,"Charles Chukwuma Nkwoka, Esq.",Property And Real Estate Law,current-law or procedure-sensitive topic; unsupported outcome claim,lawyer review required,no configured redirect conflict,already public,public canonical article already exists
hidden-139,https://chamanlawfirm.com/difference-between-c-of-o-and-governors-consent,difference-between-c-of-o-and-governors-consent,Difference Between C of O and Governor's Consent,Sanity hidden source present,120 blocks; 14648 chars,clear,adequate block structure,template/content review recommended; do not invent legal claims,article template provides consultation/contact CTA,needs manual link enhancement,image present,Difference Between C of O and Governor's Consent legal guide | Chaman Law Firm,Difference Between C of O and Governor's Consent | Chaman Law Firm,Differences between a Certificate of Occupancy (C of O) and Governor’s Consent in Ogun State. Understand their legal and practical implications,https://chamanlawfirm.com/resources/blog/difference-between-c-of-o-and-governors-consent,"Charles Chukwuma Nkwoka, Esq.",Property And Real Estate Law,current-law or procedure-sensitive topic; unsupported outcome claim,lawyer review required,no configured redirect conflict,already public,public canonical article already exists
hidden-140,https://chamanlawfirm.com/cyber-crime-investigation-techniques,cyber-crime-investigation-techniques,Cybercrime Investigation Techniques in Nigeria,Sanity hidden source present,55 blocks; 8899 chars,clear,adequate block structure,template/content review recommended; do not invent legal claims,article template provides consultation/contact CTA,internal/external links present in body marks,image present,Cybercrime Investigation Techniques in Nigeria legal guide | Chaman Law Firm,Cybercrime Investigation Techniques in Nigeria | Chaman Law Firm,"Cyber Crime Investigation Techniques Cybercrime in Nigeria encompasses a broad spectrum of activities, including phishing, hacking, online scams, and cyber...",https://chamanlawfirm.com/resources/blog/cyber-crime-investigation-techniques,"Charles Chukwuma Nkwoka, Esq.",Property And Real Estate Law,current-law or procedure-sensitive topic,lawyer review required,no configured redirect conflict,already public,public canonical article already exists
hidden-141,https://chamanlawfirm.com/family-law-issues-for-expatriate-families,family-law-issues-for-expatriate-families,Family Law Issues for Expatriate Families in Nigeria,Sanity hidden source present,80 blocks; 21842 chars,clear,adequate block structure,template/content review recommended; do not invent legal claims,article template provides consultation/contact CTA,internal/external links present in body marks,image present,Family Law Issues for Expatriate Families in Nigeria legal guide | Chaman Law Firm,Family Law Issues for Expatriate Families in Nigeria | Chaman Law Firm,"Family Law Issues For Expatriate Families Expatriate families living in Nigeria face unique challenges when it comes to navigating family law issues. From marriage and...,",https://chamanlawfirm.com/resources/blog/family-law-issues-for-expatriate-families,"Charles Chukwuma Nkwoka, Esq.",Family Law,family-status topic requires lawyer review,low automated risk,no configured redirect conflict,already public,public canonical article already exists
hidden-142,https://chamanlawfirm.com/how-to-handle-land-encroachment-in-lagos,how-to-handle-land-encroachment-in-lagos,How To Handle Land Encroachment In Lagos,Sanity hidden source present,120 blocks; 7350 chars,clear,adequate block structure,template/content review recommended; do not invent legal claims,article template provides consultation/contact CTA,needs manual link enhancement,image missing,missing,How To Handle Land Encroachment In Lagos | Chaman Law Firm,How to Handle Land Encroachment in Lagos -,https://chamanlawfirm.com/resources/blog/how-to-handle-land-encroachment-in-lagos,"Charles Chukwuma Nkwoka, Esq.",Property And Real Estate Law,current-law or procedure-sensitive topic,lawyer review required,no configured redirect conflict,keep hidden,featured image missing; alt text missing or weak; current-law or procedure-sensitive topic
hidden-143,https://chamanlawfirm.com/the-role-of-town-planners-in-land-allocation-under-the-land-use-act,the-role-of-town-planners-in-land-allocation-under-the-land-use-act,Role of Town Planners in Land Allocation Under the Land Use Act,Sanity hidden source present,12 blocks; 3146 chars,clear,adequate block structure,template/content review recommended; do not invent legal claims,article template provides consultation/contact CTA,internal/external links present in body marks,image present,Role of Town Planners in Land Allocation Under the Land Use Act legal guide | Chaman Law Firm,Role of Town Planners in Land Allocation Under the Land Use Act | Chaman Law Firm,"The Land Use Act of 1978 is a crucial piece of legislation in Nigeria that governs the allocation and management of land in the country. Under this act, the role of town planners becomes vital in ensuring effective lan",https://chamanlawfirm.com/resources/blog/the-role-of-town-planners-in-land-allocation-under-the-land-use-act,"Charles Chukwuma Nkwoka, Esq.",Property And Real Estate Law,low automated risk,low automated risk,no configured redirect conflict,already public,public canonical article already exists
hidden-144,https://chamanlawfirm.com/ways-to-resolve-property-disputes-in-ogun,ways-to-resolve-property-disputes-in-ogun,Ways to Resolve Property Disputes in Ogun State,Sanity hidden source present,120 blocks; 9430 chars,clear,adequate block structure,template/content review recommended; do not invent legal claims,article template provides consultation/contact CTA,needs manual link enhancement,image present,Ways to Resolve Property Disputes in Ogun State legal guide | Chaman Law Firm,Ways to Resolve Property Disputes in Ogun State | Chaman Law Firm,"Ways to Resolve Property Disputes in Ogun - Learn about mediation, arbitration, community-based dispute resolution to save time / money",https://chamanlawfirm.com/resources/blog/ways-to-resolve-property-disputes-in-ogun,"Charles Chukwuma Nkwoka, Esq.",Property And Real Estate Law,possible unsafe self-help wording; dispute-resolution wording requires lawyer review,low automated risk,no configured redirect conflict,already public,public canonical article already exists
hidden-145,https://chamanlawfirm.com/land-encumbrances-and-burdens-be-addressed,land-encumbrances-and-burdens-be-addressed,Land Encumbrances And Burdens Be Addressed,Sanity hidden source present,13 blocks; 4501 chars,clear,adequate block structure,template/content review recommended; do not invent legal claims,article template provides consultation/contact CTA,internal/external links present in body marks,image missing,missing,Land Encumbrances And Burdens Be Addressed | Chaman Law Firm,How Can Issues of Land Encumbrances and Burdens be Addressed in Nigeria? Addressing issues of land encumbrances and burdens is crucial in Nigeria to ensure clear and unencumbered property ownership. Encumbrances refer,https://chamanlawfirm.com/resources/blog/land-encumbrances-and-burdens-be-addressed,"Charles Chukwuma Nkwoka, Esq.",Property And Real Estate Law,low automated risk,low automated risk,no configured redirect conflict,keep hidden,featured image missing; alt text missing or weak
hidden-146,https://chamanlawfirm.com/tax-clearance-in-lagos-for-property-sales,tax-clearance-in-lagos-for-property-sales,Tax Clearance In Lagos For Property Sales,Sanity hidden source present,120 blocks; 14796 chars,clear,adequate block structure,template/content review recommended; do not invent legal claims,article template provides consultation/contact CTA,internal/external links present in body marks,image missing,missing,Tax Clearance In Lagos For Property Sales | Chaman Law Firm,"Tax Clearance in Lagos for Property Sales - Know the requirements, process steps, and where to apply / your Lagos property tax clearance guide.",https://chamanlawfirm.com/resources/blog/tax-clearance-in-lagos-for-property-sales,"Charles Chukwuma Nkwoka, Esq.",Corporate & Commercial Law,off-brand/property-sales wording; current-law or procedure-sensitive topic,lawyer review required,no configured redirect conflict,keep hidden,featured image missing; alt text missing or weak; off-brand/property-sales wording; current-law or procedure-sensitive topic
hidden-147,https://chamanlawfirm.com/8-step-business-registration-process-in-lag,8-step-business-registration-process-in-lag,Business Registration Process in Lagos,Sanity hidden source present,64 blocks; 5921 chars,clear,adequate block structure,template/content review recommended; do not invent legal claims,article template provides consultation/contact CTA,internal/external links present in body marks,image present,Business Registration Process in Lagos legal guide | Chaman Law Firm,Business Registration Process in Lagos | Chaman Law Firm,"Introduction Starting a business in Lagos, Nigeria's economic hub, offers immense opportunities but also requires adherence to specific regulatory processes. Registering your business is a crucial step that legitimizes",https://chamanlawfirm.com/resources/blog/8-step-business-registration-process-in-lag,"Charles Chukwuma Nkwoka, Esq.",Corporate & Commercial Law,low automated risk,low automated risk,no configured redirect conflict,already public,public canonical article already exists
hidden-148,https://chamanlawfirm.com/capital-gains-tax-a-step-by-step-guide,capital-gains-tax-a-step-by-step-guide,Capital Gains Tax A Step By Step Guide,Sanity hidden source present,120 blocks; 11834 chars,clear,adequate block structure,template/content review recommended; do not invent legal claims,article template provides consultation/contact CTA,needs manual link enhancement,image missing,missing,Capital Gains Tax A Step By Step Guide | Chaman Law Firm,"Capital Gains Tax: A Step-by-Step Guide - Learn how to calculate capital gains tax when selling property in Lagos - rates, deductions",https://chamanlawfirm.com/resources/blog/capital-gains-tax-a-step-by-step-guide,"Charles Chukwuma Nkwoka, Esq.",Corporate & Commercial Law,off-brand/property-sales wording; current-law or procedure-sensitive topic,lawyer review required,no configured redirect conflict,keep hidden,featured image missing; alt text missing or weak; off-brand/property-sales wording; current-law or procedure-sensitive topic
hidden-149,https://chamanlawfirm.com/property-recovery-reclaim-your-rental-space,property-recovery-reclaim-your-rental-space,Property Recovery Reclaim Your Rental Space,Sanity hidden source present,120 blocks; 8993 chars,clear,adequate block structure,template/content review recommended; do not invent legal claims,article template provides consultation/contact CTA,needs manual link enhancement,image missing,missing,Property Recovery Reclaim Your Rental Space | Chaman Law Firm,"Property Recovery in Lagos: How to Reclaim Your Rental Space Legally. Understand eviction laws, notice requirements, and court procedures.",https://chamanlawfirm.com/resources/blog/property-recovery-reclaim-your-rental-space,"Charles Chukwuma Nkwoka, Esq.",Debt recovery,possible unsafe self-help wording; current-law or procedure-sensitive topic,lawyer review required,no configured redirect conflict,keep hidden,featured image missing; alt text missing or weak; possible unsafe self-help wording; current-law or procedure-sensitive topic
hidden-150,https://chamanlawfirm.com/legal-pitfalls-in-debt-recovery,legal-pitfalls-in-debt-recovery,Legal Pitfalls in Debt Recovery in Nigeria,Sanity hidden source present,106 blocks; 24943 chars,clear,adequate block structure,template/content review recommended; do not invent legal claims,article template provides consultation/contact CTA,internal/external links present in body marks,image present,Legal Pitfalls in Debt Recovery in Nigeria legal guide | Chaman Law Firm,Legal Pitfalls in Debt Recovery in Nigeria | Chaman Law Firm,"Legal Pitfalls In Debt Recovery Debt recovery is an essential aspect of managing a business’s financial health, especially for lenders, creditors, and financial...",https://chamanlawfirm.com/resources/blog/legal-pitfalls-in-debt-recovery,"Charles Chukwuma Nkwoka, Esq.",Debt recovery,possible unsafe self-help wording; current-law or procedure-sensitive topic,lawyer review required,no configured redirect conflict,already public,public canonical article already exists
hidden-151,https://chamanlawfirm.com/proven-steps-how-to-file-patent-in-nigeria,proven-steps-how-to-file-patent-in-nigeria,How to File a Patent in Nigeria,Sanity hidden source present,120 blocks; 7715 chars,clear,adequate block structure,template/content review recommended; do not invent legal claims,article template provides consultation/contact CTA,needs manual link enhancement,image present,How to File a Patent in Nigeria legal guide | Chaman Law Firm,How to File a Patent in Nigeria | Chaman Law Firm,"Discover How to File Patent in Nigeria, including key steps, legal requirements, and tips for securing protection for your unique invention",https://chamanlawfirm.com/resources/blog/proven-steps-how-to-file-patent-in-nigeria,"Charles Chukwuma Nkwoka, Esq.",Property And Real Estate Law,current-law or procedure-sensitive topic,lawyer review required,no configured redirect conflict,already public,public canonical article already exists
hidden-152,https://chamanlawfirm.com/debt-recovery-in-banking-sector,debt-recovery-in-banking-sector,Debt Recovery in the Banking Sector in Nigeria,Sanity hidden source present,102 blocks; 25441 chars,clear,adequate block structure,template/content review recommended; do not invent legal claims,article template provides consultation/contact CTA,internal/external links present in body marks,image present,Debt Recovery in the Banking Sector in Nigeria legal guide | Chaman Law Firm,Debt Recovery in the Banking Sector in Nigeria | Chaman Law Firm,Debt Recovery In Banking Sector Debt recovery in the Nigerian banking sector is a topic of paramount importance...,https://chamanlawfirm.com/resources/blog/debt-recovery-in-banking-sector,"Charles Chukwuma Nkwoka, Esq.",Debt recovery,unsupported outcome claim,low automated risk,no configured redirect conflict,already public,public canonical article already exists
hidden-153,https://chamanlawfirm.com/legal-aspects-of-commercial-litigation,legal-aspects-of-commercial-litigation,Legal Aspects of Commercial Litigation in Nigeria,Sanity hidden source present,65 blocks; 19430 chars,clear,adequate block structure,template/content review recommended; do not invent legal claims,article template provides consultation/contact CTA,internal/external links present in body marks,image present,Legal Aspects of Commercial Litigation in Nigeria legal guide | Chaman Law Firm,Legal Aspects of Commercial Litigation in Nigeria | Chaman Law Firm,"Legal Aspects Of Commercial Litigation In the dynamic landscape of business, commercial litigation serves as a crucial mechanism for resolving disputes. Understanding...",https://chamanlawfirm.com/resources/blog/legal-aspects-of-commercial-litigation,"Charles Chukwuma Nkwoka, Esq.",Litigation and dispute resolution,unsupported outcome claim,low automated risk,no configured redirect conflict,already public,public canonical article already exists
hidden-154,https://chamanlawfirm.com/what-are-the-property-taxes-in-ogun-state,what-are-the-property-taxes-in-ogun-state,What Are The Property Taxes In Ogun State,Sanity hidden source present,102 blocks; 6789 chars,clear,adequate block structure,template/content review recommended; do not invent legal claims,article template provides consultation/contact CTA,internal/external links present in body marks,image missing,missing,What Are The Property Taxes In Ogun State | Chaman Law Firm,"What Are the Property Taxes in Ogun State? Learn the key property taxes and understand what’s payable, when, and by whom - Chaman Law Firm",https://chamanlawfirm.com/resources/blog/what-are-the-property-taxes-in-ogun-state,"Charles Chukwuma Nkwoka, Esq.",Corporate & Commercial Law,current-law or procedure-sensitive topic,lawyer review required,no configured redirect conflict,keep hidden,featured image missing; alt text missing or weak; current-law or procedure-sensitive topic
hidden-155,https://chamanlawfirm.com/proven-steps-on-capacity-to-make-a-will,proven-steps-on-capacity-to-make-a-will,Capacity to Make a Will in Nigeria,Sanity hidden source present,87 blocks; 8616 chars,clear,adequate block structure,template/content review recommended; do not invent legal claims,article template provides consultation/contact CTA,internal/external links present in body marks,image present,Capacity to Make a Will in Nigeria legal guide | Chaman Law Firm,Capacity to Make a Will in Nigeria | Chaman Law Firm,"Chaman Law Firm provides legal guidance on the capacity to make a will, ensuring clarity, compliance, and secure estate planning in Nigeria.",https://chamanlawfirm.com/resources/blog/proven-steps-on-capacity-to-make-a-will,"Charles Chukwuma Nkwoka, Esq.",Probate Estate Administration,low automated risk,low automated risk,no configured redirect conflict,already public,public canonical article already exists
hidden-156,https://chamanlawfirm.com/landlord-and-tenant-relationship-on-property,landlord-and-tenant-relationship-on-property,Landlord and Tenant Relationship in Property Law,Sanity hidden source present,103 blocks; 8537 chars,clear,adequate block structure,template/content review recommended; do not invent legal claims,article template provides consultation/contact CTA,internal/external links present in body marks,image present,Landlord and Tenant Relationship in Property Law legal guide | Chaman Law Firm,Landlord and Tenant Relationship in Property Law | Chaman Law Firm,"Enhance rental value with a strong landlord and tenant Relationship on property. about legal rights, dispute resolution, property management.",https://chamanlawfirm.com/resources/blog/landlord-and-tenant-relationship-on-property,"Charles Chukwuma Nkwoka, Esq.",Property And Real Estate Law,current-law or procedure-sensitive topic,lawyer review required,no configured redirect conflict,already public,public canonical article already exists
hidden-157,https://chamanlawfirm.com/the-process-of-transferring-land-in-nigeria,the-process-of-transferring-land-in-nigeria,Process of Transferring Land in Nigeria,Sanity hidden source present,38 blocks; 8461 chars,clear,adequate block structure,template/content review recommended; do not invent legal claims,article template provides consultation/contact CTA,internal/external links present in body marks,image present,Process of Transferring Land in Nigeria legal guide | Chaman Law Firm,Process of Transferring Land in Nigeria | Chaman Law Firm,THE PROCESS OF TRANSFERRING LAND IN NIGERIA The process of transferring land ownership in Nigeria entails the actual transfer of legal rights to land from one individual to the next. While property ownership can be tra,https://chamanlawfirm.com/resources/blog/the-process-of-transferring-land-in-nigeria,"Charles Chukwuma Nkwoka, Esq.",Property And Real Estate Law,current-law or procedure-sensitive topic,lawyer review required,no configured redirect conflict,already public,public canonical article already exists
hidden-158,https://chamanlawfirm.com/4-proven-cross-border-cybercrime-issues,4-proven-cross-border-cybercrime-issues,Cross-Border Cybercrime Issues in Nigeria,Sanity hidden source present,44 blocks; 6313 chars,clear,adequate block structure,template/content review recommended; do not invent legal claims,article template provides consultation/contact CTA,internal/external links present in body marks,image present,Cross-Border Cybercrime Issues in Nigeria legal guide | Chaman Law Firm,Cross-Border Cybercrime Issues in Nigeria | Chaman Law Firm,"Introduction In today’s interconnected digital world, cross-border cybercrime poses significant challenges to law enforcement, governments, businesses, and individuals globally. This article delves into the complexitie",https://chamanlawfirm.com/resources/blog/4-proven-cross-border-cybercrime-issues,"Charles Chukwuma Nkwoka, Esq.",Property And Real Estate Law,current-law or procedure-sensitive topic,lawyer review required,no configured redirect conflict,already public,public canonical article already exists
hidden-159,https://chamanlawfirm.com/nigeria-visa-on-arrival-policy-eligibility,nigeria-visa-on-arrival-policy-eligibility,Nigeria Visa On Arrival Policy Eligibility,Sanity hidden source present,80 blocks; 19791 chars,clear,adequate block structure,template/content review recommended; do not invent legal claims,article template provides consultation/contact CTA,internal/external links present in body marks,image missing,missing,Nigeria Visa On Arrival Policy Eligibility | Chaman Law Firm,Nigeria Visa On Arrival Policy Eligibility The Nigerian Visa-on-Arrival (VoA) policy is a convenient immigration measure that allows eligible travelers to obtain...,https://chamanlawfirm.com/resources/blog/nigeria-visa-on-arrival-policy-eligibility,"Charles Chukwuma Nkwoka, Esq.",Immigration Services,current-law or procedure-sensitive topic,lawyer review required,no configured redirect conflict,keep hidden,featured image missing; alt text missing or weak; current-law or procedure-sensitive topic
hidden-160,https://chamanlawfirm.com/contractual-dispute-resolution,contractual-dispute-resolution,Contractual Dispute Resolution in Nigeria,Sanity hidden source present,103 blocks; 18787 chars,clear,adequate block structure,template/content review recommended; do not invent legal claims,article template provides consultation/contact CTA,internal/external links present in body marks,image present,Contractual Dispute Resolution in Nigeria legal guide | Chaman Law Firm,Contractual Dispute Resolution in Nigeria | Chaman Law Firm,Contractual Dispute Resolution A contract is a formal agreement between two or more parties that establishes legally enforceable rights and obligations. It typically...,https://chamanlawfirm.com/resources/blog/contractual-dispute-resolution,"Charles Chukwuma Nkwoka, Esq.",Corporate & Commercial Law,low automated risk,low automated risk,no configured redirect conflict,already public,public canonical article already exists
hidden-161,https://chamanlawfirm.com/fast-track-your-probate-process-in-nigeria,fast-track-your-probate-process-in-nigeria,Fast Track Your Probate Process In Nigeria,Sanity hidden source present,120 blocks; 7193 chars,clear,adequate block structure,template/content review recommended; do not invent legal claims,article template provides consultation/contact CTA,needs manual link enhancement,image missing,missing,Fast Track Your Probate Process In Nigeria | Chaman Law Firm,"Fast-track your probate process in Nigeria with trusted legal support—handling estate documentation, and administration efficiently.",https://chamanlawfirm.com/resources/blog/fast-track-your-probate-process-in-nigeria,"Charles Chukwuma Nkwoka, Esq.",Probate Estate Administration,current-law or procedure-sensitive topic,lawyer review required,no configured redirect conflict,keep hidden,featured image missing; alt text missing or weak; current-law or procedure-sensitive topic
hidden-162,https://chamanlawfirm.com/why-do-i-need-a-family-lawyer-in-nigeria,why-do-i-need-a-family-lawyer-in-nigeria,Why Do I Need A Family Lawyer In Nigeria,Sanity hidden source present,15 blocks; 3314 chars,clear,adequate block structure,template/content review recommended; do not invent legal claims,article template provides consultation/contact CTA,internal/external links present in body marks,image missing,missing,Why Do I Need A Family Lawyer In Nigeria | Chaman Law Firm,WHY DO I NEED A FAMILY LAWYER IN NIGERIA? A Family Lawyer in Nigeria can provide valuable assistance and guidance...,https://chamanlawfirm.com/resources/blog/why-do-i-need-a-family-lawyer-in-nigeria,"Charles Chukwuma Nkwoka, Esq.",Family Law,current-law or procedure-sensitive topic; family-status topic requires lawyer review; dispute-resolution wording requires lawyer review,lawyer review required,no configured redirect conflict,keep hidden,featured image missing; alt text missing or weak; current-law or procedure-sensitive topic; family-status topic requires lawyer review; dispute-resolution wording requires lawyer review
hidden-163,https://chamanlawfirm.com/the-land-use-act-relate-to-land-conflicts,the-land-use-act-relate-to-land-conflicts,How the Land Use Act Relates to Land Conflicts,Sanity hidden source present,120 blocks; 8753 chars,clear,adequate block structure,template/content review recommended; do not invent legal claims,article template provides consultation/contact CTA,needs manual link enhancement,image present,How the Land Use Act Relates to Land Conflicts legal guide | Chaman Law Firm,How the Land Use Act Relates to Land Conflicts | Chaman Law Firm,"Learn how the Land Use Act Relate to Land Conflicts in Nigeria, addressing ownership disputes, allocation issues, and legal resolution mechanisms.",https://chamanlawfirm.com/resources/blog/the-land-use-act-relate-to-land-conflicts,"Charles Chukwuma Nkwoka, Esq.",Property And Real Estate Law,current-law or procedure-sensitive topic; dispute-resolution wording requires lawyer review,lawyer review required,no configured redirect conflict,already public,public canonical article already exists
hidden-164,https://chamanlawfirm.com/consumer-contracts-and-guarantee,consumer-contracts-and-guarantee,Consumer Contracts And Guarantee,Sanity hidden source present,80 blocks; 21812 chars,clear,adequate block structure,template/content review recommended; do not invent legal claims,article template provides consultation/contact CTA,internal/external links present in body marks,image missing,missing,Consumer Contracts And Guarantee | Chaman Law Firm,Consumer Contracts And Guarantee Explore the legal aspects of consumer contracts and guarantees that protect businesses and consumers in their transactions...,https://chamanlawfirm.com/resources/blog/consumer-contracts-and-guarantee,"Charles Chukwuma Nkwoka, Esq.",Corporate & Commercial Law,unsupported outcome claim,low automated risk,no configured redirect conflict,keep hidden,featured image missing; alt text missing or weak; unsupported outcome claim
hidden-165,https://chamanlawfirm.com/mastering-nigerian-company-law-essentialstep,mastering-nigerian-company-law-essentialstep,Essential Steps in Nigerian Company Law,Sanity hidden source present,46 blocks; 4993 chars,clear,adequate block structure,template/content review recommended; do not invent legal claims,article template provides consultation/contact CTA,internal/external links present in body marks,image present,Essential Steps in Nigerian Company Law legal guide | Chaman Law Firm,Essential Steps in Nigerian Company Law | Chaman Law Firm,"Introduction Mastering Nigerian company law is governed by the Companies and Allied Matters Act (CAMA), which was enacted in 1990. The Act regulates the incorporation, operation, and winding up of companies in Nigeria.",https://chamanlawfirm.com/resources/blog/mastering-nigerian-company-law-essentialstep,"Charles Chukwuma Nkwoka, Esq.",Corporate & Commercial Law,unsupported outcome claim,low automated risk,no configured redirect conflict,already public,public canonical article already exists
hidden-166,https://chamanlawfirm.com/letter-of-administration-vs-grant-of-probate,letter-of-administration-vs-grant-of-probate,Letter Of Administration Vs Grant Of Probate,Sanity hidden source present,42 blocks; 7921 chars,clear,adequate block structure,template/content review recommended; do not invent legal claims,article template provides consultation/contact CTA,internal/external links present in body marks,image missing,missing,Letter Of Administration Vs Grant Of Probate | Chaman Law Firm,Letter of Administration vs Grant of Probate Choosing the Right Legal Process Explained,https://chamanlawfirm.com/resources/blog/letter-of-administration-vs-grant-of-probate,"Charles Chukwuma Nkwoka, Esq.",Probate Estate Administration,low automated risk,low automated risk,no configured redirect conflict,keep hidden,featured image missing; alt text missing or weak
hidden-167,https://chamanlawfirm.com/how-does-the-land-use-act-influence-real-estate-development,how-does-the-land-use-act-influence-real-estate-development,How the Land Use Act Influences Real Estate Development,Sanity hidden source present,25 blocks; 4486 chars,clear,adequate block structure,template/content review recommended; do not invent legal claims,article template provides consultation/contact CTA,internal/external links present in body marks,image present,How the Land Use Act Influences Real Estate Development legal guide | Chaman Law Firm,How the Land Use Act Influences Real Estate Development | Chaman Law Firm,How Does the Land Use Act Influence Real Estate Development? The Land Use Act of 1978 is a pivotal piece of legislation,https://chamanlawfirm.com/resources/blog/how-does-the-land-use-act-influence-real-estate-development,"Charles Chukwuma Nkwoka, Esq.",Probate Estate Administration,low automated risk,low automated risk,no configured redirect conflict,already public,public canonical article already exists
hidden-168,https://chamanlawfirm.com/company-registration-in-nigeria,company-registration-in-nigeria,Company Registration in Nigeria,Sanity hidden source present,77 blocks; 8311 chars,clear,adequate block structure,template/content review recommended; do not invent legal claims,article template provides consultation/contact CTA,internal/external links present in body marks,image present,Company Registration in Nigeria legal guide | Chaman Law Firm,Company Registration in Nigeria | Chaman Law Firm,"Company Registration In Nigeria made easy! Chaman Law Firm provides fast, reliable, and hassle-free business registration services.",https://chamanlawfirm.com/resources/blog/company-registration-in-nigeria,"Charles Chukwuma Nkwoka, Esq.",Corporate & Commercial Law,current-law or procedure-sensitive topic,lawyer review required,no configured redirect conflict,already public,public canonical article already exists
hidden-169,https://chamanlawfirm.com/land-tenure-systems-coexist-with-statutory-land,land-tenure-systems-coexist-with-statutory-land,How Land Tenure Systems Coexist With Statutory Land Ownership,Sanity hidden source present,120 blocks; 10024 chars,clear,adequate block structure,template/content review recommended; do not invent legal claims,article template provides consultation/contact CTA,needs manual link enhancement,image present,How Land Tenure Systems Coexist With Statutory Land Ownership legal guide | Chaman Law Firm,How Land Tenure Systems Coexist With Statutory Land Ownership | Chaman Law Firm,"What a customary Land Tenure Systems Coexist with Statutory Landownership in Nigeria, highlighting legal frameworks and reconciliation methods.",https://chamanlawfirm.com/resources/blog/land-tenure-systems-coexist-with-statutory-land,"Charles Chukwuma Nkwoka, Esq.",Property And Real Estate Law,current-law or procedure-sensitive topic; dispute-resolution wording requires lawyer review,lawyer review required,no configured redirect conflict,already public,public canonical article already exists
hidden-170,https://chamanlawfirm.com/effective-legal-framework-for-loan-recovery,effective-legal-framework-for-loan-recovery,Effective Legal Framework For Loan Recovery,Sanity hidden source present,11 blocks; 1102 chars,clear,adequate block structure,template/content review recommended; do not invent legal claims,article template provides consultation/contact CTA,internal/external links present in body marks,image missing,missing,Effective Legal Framework For Loan Recovery | Chaman Law Firm,LEGAL FRAMEWORK FOR LOAN RECOVERY IN NIGERIA: CHALLENGES AND SOLUTIONS,https://chamanlawfirm.com/resources/blog/effective-legal-framework-for-loan-recovery,"Charles Chukwuma Nkwoka, Esq.",Debt recovery,low automated risk,low automated risk,no configured redirect conflict,keep hidden,source body too short for approval; featured image missing; alt text missing or weak
hidden-171,https://chamanlawfirm.com/the-cyber-crime-investigation-procedure,the-cyber-crime-investigation-procedure,Cybercrime Investigation Procedure in Nigeria,Sanity hidden source present,51 blocks; 8433 chars,clear,adequate block structure,template/content review recommended; do not invent legal claims,article template provides consultation/contact CTA,internal/external links present in body marks,image present,Cybercrime Investigation Procedure in Nigeria legal guide | Chaman Law Firm,Cybercrime Investigation Procedure in Nigeria | Chaman Law Firm,"Introduction Cyber crime poses a significant threat to individuals, businesses, and national security in Nigeria, necessitating robust investigation procedures to combat these offenses effectively. This article explore",https://chamanlawfirm.com/resources/blog/the-cyber-crime-investigation-procedure,"Charles Chukwuma Nkwoka, Esq.",Property And Real Estate Law,current-law or procedure-sensitive topic,lawyer review required,no configured redirect conflict,already public,public canonical article already exists
hidden-172,https://chamanlawfirm.com/aim-to-improve-land-titles-and-ownership,aim-to-improve-land-titles-and-ownership,Reforms to Improve Land Titles and Ownership in Nigeria,Sanity hidden source present,120 blocks; 7713 chars,clear,adequate block structure,template/content review recommended; do not invent legal claims,article template provides consultation/contact CTA,needs manual link enhancement,image present,Reforms to Improve Land Titles and Ownership in Nigeria legal guide | Chaman Law Firm,Reforms to Improve Land Titles and Ownership in Nigeria | Chaman Law Firm,"proposed Reforms Aim to Improve Land Titles and Ownership in Nigeria, focusing on digitalization, decentralization, and legal framework updates",https://chamanlawfirm.com/resources/blog/aim-to-improve-land-titles-and-ownership,"Charles Chukwuma Nkwoka, Esq.",Property And Real Estate Law,current-law or procedure-sensitive topic; dispute-resolution wording requires lawyer review,lawyer review required,no configured redirect conflict,already public,public canonical article already exists
hidden-173,https://chamanlawfirm.com/investigating-title-in-property-transaction,investigating-title-in-property-transaction,Investigating Title in Property Transactions,Sanity hidden source present,14 blocks; 3256 chars,clear,adequate block structure,template/content review recommended; do not invent legal claims,article template provides consultation/contact CTA,internal/external links present in body marks,image present,Investigating Title in Property Transactions legal guide | Chaman Law Firm,Investigating Title in Property Transactions | Chaman Law Firm,"After the vendor has deduced his title, investigation is to be made by the purchaser's solicitor. Ensuring there is good title is the whole aim of investigating title in property transaction",https://chamanlawfirm.com/resources/blog/investigating-title-in-property-transaction,"Charles Chukwuma Nkwoka, Esq.",Property And Real Estate Law,low automated risk,low automated risk,no configured redirect conflict,already public,public canonical article already exists
hidden-174,https://chamanlawfirm.com/challenging-forged-property-documents-in-lagos,challenging-forged-property-documents-in-lagos,Challenging Forged Property Documents in Lagos,Sanity hidden source present,120 blocks; 7304 chars,clear,adequate block structure,template/content review recommended; do not invent legal claims,article template provides consultation/contact CTA,needs manual link enhancement,image present,Challenging Forged Property Documents in Lagos legal guide | Chaman Law Firm,Challenging Forged Property Documents in Lagos | Chaman Law Firm,"Challenging Forged Property Documents in Lagos - This guide explains how to detect, and challenge forged property documents in Lagos State.",https://chamanlawfirm.com/resources/blog/challenging-forged-property-documents-in-lagos,"Charles Chukwuma Nkwoka, Esq.",Notary Public,current-law or procedure-sensitive topic,lawyer review required,no configured redirect conflict,already public,public canonical article already exists
hidden-175,https://chamanlawfirm.com/child-education-and-religious-upbringing,child-education-and-religious-upbringing,Child Education And Religious Upbringing,Sanity hidden source present,91 blocks; 23382 chars,clear,adequate block structure,template/content review recommended; do not invent legal claims,article template provides consultation/contact CTA,internal/external links present in body marks,image missing,missing,Child Education And Religious Upbringing | Chaman Law Firm,"Child Education And Religious Upbringing The best interests of the child must remain the focal point of any resolution in such cases. This guiding principle, as entrenched...",https://chamanlawfirm.com/resources/blog/child-education-and-religious-upbringing,"Charles Chukwuma Nkwoka, Esq.",Family Law,misleading free-service wording; family-status topic requires lawyer review; unsupported outcome claim,low automated risk,no configured redirect conflict,keep hidden,featured image missing; alt text missing or weak; misleading free-service wording; family-status topic requires lawyer review; unsupported outcome claim
hidden-176,https://chamanlawfirm.com/process-probate-in-ogun-state-chaman-law-firm,process-probate-in-ogun-state-chaman-law-firm,Process Probate In Ogun State Chaman Law Firm,Sanity hidden source present,120 blocks; 14166 chars,clear,adequate block structure,template/content review recommended; do not invent legal claims,article template provides consultation/contact CTA,needs manual link enhancement,image missing,missing,Process Probate In Ogun State Chaman Law Firm | Chaman Law Firm,"process probate in - Learn the process for obtaining probate in Ogun State, Nigeria, legal requirements, steps, timelines, and professional support.",https://chamanlawfirm.com/resources/blog/process-probate-in-ogun-state-chaman-law-firm,"Charles Chukwuma Nkwoka, Esq.",Probate Estate Administration,unsupported outcome claim,low automated risk,no configured redirect conflict,keep hidden,featured image missing; alt text missing or weak; unsupported outcome claim
hidden-177,https://chamanlawfirm.com/how-long-does-a-title-search-take-in-nigeria,how-long-does-a-title-search-take-in-nigeria,How Long Does A Title Search Take In Nigeria,Sanity hidden source present,47 blocks; 7436 chars,clear,adequate block structure,template/content review recommended; do not invent legal claims,article template provides consultation/contact CTA,internal/external links present in body marks,image missing,missing,How Long Does A Title Search Take In Nigeria | Chaman Law Firm,"HOW LONG DOES A TITLE SEARCH TAKE IN NIGERIA When buying a property in Nigeria, “Land Title” is one of the terms you will come across during the home buying process. In this post we are going to talk about “Land Title”",https://chamanlawfirm.com/resources/blog/how-long-does-a-title-search-take-in-nigeria,"Charles Chukwuma Nkwoka, Esq.",Property And Real Estate Law,low automated risk,low automated risk,no configured redirect conflict,keep hidden,featured image missing; alt text missing or weak
hidden-178,https://chamanlawfirm.com/how-can-issues-of-land-fraud-and-illegal-land-transactions-be-addressed-in-nigeria,how-can-issues-of-land-fraud-and-illegal-land-transactions-be-addressed-in-nigeria,Addressing Land Fraud and Illegal Land Transactions in Nigeria,Sanity hidden source present,30 blocks; 3150 chars,clear,adequate block structure,template/content review recommended; do not invent legal claims,article template provides consultation/contact CTA,internal/external links present in body marks,image present,Addressing Land Fraud and Illegal Land Transactions in Nigeria legal guide | Chaman Law Firm,Addressing Land Fraud and Illegal Land Transactions in Nigeria | Chaman Law Firm,Introduction Land fraud and illegal land transactions pose a significant threat to property ownership and investments in Nigeria. This comprehensive guide explores the complex issue of land fraud and illegal land trans,https://chamanlawfirm.com/resources/blog/how-can-issues-of-land-fraud-and-illegal-land-transactions-be-addressed-in-nigeria,"Charles Chukwuma Nkwoka, Esq.",Property And Real Estate Law,low automated risk,low automated risk,no configured redirect conflict,already public,public canonical article already exists
hidden-179,https://chamanlawfirm.com/how-to-register-a-company-in-nigeria-2024,how-to-register-a-company-in-nigeria-2024,How to Register a Company in Nigeria,Sanity hidden source present,84 blocks; 10719 chars,clear,adequate block structure,template/content review recommended; do not invent legal claims,article template provides consultation/contact CTA,internal/external links present in body marks,image present,How to Register a Company in Nigeria legal guide | Chaman Law Firm,How to Register a Company in Nigeria | Chaman Law Firm,"Simple Steps to Successfully Register a Company in Nigeria - 2024 Guide Introduction Starting a business is an exciting yet challenging venture, and one of the key steps is to register a company in Nigeria . Whether yo",https://chamanlawfirm.com/resources/blog/how-to-register-a-company-in-nigeria-2024,"Charles Chukwuma Nkwoka, Esq.",Corporate & Commercial Law,low automated risk,low automated risk,no configured redirect conflict,already public,public canonical article already exists
hidden-180,https://chamanlawfirm.com/duties-of-company-board-of-directors,duties-of-company-board-of-directors,Duties of Company Board Directors in Nigeria,Sanity hidden source present,85 blocks; 6601 chars,clear,adequate block structure,template/content review recommended; do not invent legal claims,article template provides consultation/contact CTA,internal/external links present in body marks,image present,Duties of Company Board Directors in Nigeria legal guide | Chaman Law Firm,Duties of Company Board Directors in Nigeria | Chaman Law Firm,": Duties of Company Board of Directors, A company's Board of Directors (the ""Board"") has a significant impact....",https://chamanlawfirm.com/resources/blog/duties-of-company-board-of-directors,"Charles Chukwuma Nkwoka, Esq.",Corporate & Commercial Law,low automated risk,low automated risk,no configured redirect conflict,already public,public canonical article already exists
hidden-181,https://chamanlawfirm.com/how-do-i-process-probate-for-an-estate,how-do-i-process-probate-for-an-estate,How Do I Process Probate For An Estate,Sanity hidden source present,120 blocks; 10355 chars,clear,adequate block structure,template/content review recommended; do not invent legal claims,article template provides consultation/contact CTA,needs manual link enhancement,image missing,missing,How Do I Process Probate For An Estate | Chaman Law Firm,How Do I Process Probate for an Estate in Lagos. Chaman Law Firm provides expert legal help with estate administration and wills.,https://chamanlawfirm.com/resources/blog/how-do-i-process-probate-for-an-estate,"Charles Chukwuma Nkwoka, Esq.",Probate Estate Administration,unsupported outcome claim,low automated risk,no configured redirect conflict,keep hidden,featured image missing; alt text missing or weak; unsupported outcome claim
hidden-182,https://chamanlawfirm.com/10-proven-insights-into-tenancy-law-in-lago,10-proven-insights-into-tenancy-law-in-lago,10 Proven Insights Into Tenancy Law In Lago,Sanity hidden source present,52 blocks; 4361 chars,clear,adequate block structure,template/content review recommended; do not invent legal claims,article template provides consultation/contact CTA,internal/external links present in body marks,image missing,missing,10 Proven Insights Into Tenancy Law In Lago | Chaman Law Firm,10 Proven Insights into Tenancy Law in Lagos State: Empowering Rights of Tenants and Landlords,https://chamanlawfirm.com/resources/blog/10-proven-insights-into-tenancy-law-in-lago,"Charles Chukwuma Nkwoka, Esq.",Property And Real Estate Law,current-law or procedure-sensitive topic,lawyer review required,no configured redirect conflict,keep hidden,featured image missing; alt text missing or weak; current-law or procedure-sensitive topic
hidden-183,https://chamanlawfirm.com/termination-of-construction-contracts,termination-of-construction-contracts,Termination Of Construction Contracts,Sanity hidden source present,72 blocks; 18038 chars,clear,adequate block structure,template/content review recommended; do not invent legal claims,article template provides consultation/contact CTA,internal/external links present in body marks,image missing,missing,Termination Of Construction Contracts | Chaman Law Firm,Termination Of Construction Contracts Navigating the Termination of Construction Contracts: Understanding the Process and Its Implications...,https://chamanlawfirm.com/resources/blog/termination-of-construction-contracts,"Charles Chukwuma Nkwoka, Esq.",Corporate & Commercial Law,low automated risk,low automated risk,no configured redirect conflict,keep hidden,featured image missing; alt text missing or weak
hidden-184,https://chamanlawfirm.com/steps-on-how-to-company-in-nigeria,steps-on-how-to-company-in-nigeria,Steps On How To Company In Nigeria,Sanity hidden source present,50 blocks; 5930 chars,clear,adequate block structure,template/content review recommended; do not invent legal claims,article template provides consultation/contact CTA,internal/external links present in body marks,image missing,missing,Steps On How To Company In Nigeria | Chaman Law Firm,Introduction Incorporating a company in Nigeria is a crucial step for entrepreneurs looking to establish a legal business entity. This process not only provides legal protection and credibility but also enables busines,https://chamanlawfirm.com/resources/blog/steps-on-how-to-company-in-nigeria,"Charles Chukwuma Nkwoka, Esq.",Corporate & Commercial Law,low automated risk,low automated risk,no configured redirect conflict,keep hidden,featured image missing; alt text missing or weak
hidden-185,https://chamanlawfirm.com/foreigners-visa-challenges-in-nigeria,foreigners-visa-challenges-in-nigeria,Foreigners Visa Challenges In Nigeria,Sanity hidden source present,119 blocks; 19609 chars,clear,adequate block structure,template/content review recommended; do not invent legal claims,article template provides consultation/contact CTA,internal/external links present in body marks,image missing,missing,Foreigners Visa Challenges In Nigeria | Chaman Law Firm,Foreigners Visa Challenges In Nigeria,https://chamanlawfirm.com/resources/blog/foreigners-visa-challenges-in-nigeria,"Charles Chukwuma Nkwoka, Esq.",Immigration Services,current-law or procedure-sensitive topic,lawyer review required,no configured redirect conflict,keep hidden,featured image missing; alt text missing or weak; current-law or procedure-sensitive topic
hidden-186,https://chamanlawfirm.com/compliance-with-debt-recovery-regulations,compliance-with-debt-recovery-regulations,Compliance With Debt Recovery Regulations in Nigeria,Sanity hidden source present,86 blocks; 23561 chars,clear,adequate block structure,template/content review recommended; do not invent legal claims,article template provides consultation/contact CTA,internal/external links present in body marks,image present,Compliance With Debt Recovery Regulations in Nigeria legal guide | Chaman Law Firm,Compliance With Debt Recovery Regulations in Nigeria | Chaman Law Firm,"Compliance With Debt Recovery Regulations Debt recovery is a critical aspect of any economy as it ensures that lenders are able to recover funds lent to borrowers, thus maintaining...",https://chamanlawfirm.com/resources/blog/compliance-with-debt-recovery-regulations,"Charles Chukwuma Nkwoka, Esq.",Debt recovery,low automated risk,low automated risk,no configured redirect conflict,already public,public canonical article already exists
hidden-187,https://chamanlawfirm.com/due-diligence-in-real-estate-transaction,due-diligence-in-real-estate-transaction,Due Diligence in Real Estate Transactions,Sanity hidden source present,23 blocks; 4499 chars,clear,adequate block structure,template/content review recommended; do not invent legal claims,article template provides consultation/contact CTA,internal/external links present in body marks,image present,Due Diligence in Real Estate Transactions legal guide | Chaman Law Firm,Due Diligence in Real Estate Transactions | Chaman Law Firm,"DUE DILIGENCE IN REAL ESTATE TRANSACTION,Due diligence is the process of gathering information regarding the legal,",https://chamanlawfirm.com/resources/blog/due-diligence-in-real-estate-transaction,"Charles Chukwuma Nkwoka, Esq.",Probate Estate Administration,current-law or procedure-sensitive topic; unsupported outcome claim,lawyer review required,no configured redirect conflict,already public,public canonical article already exists
hidden-188,https://chamanlawfirm.com/invest-in-land-banking-or-developed-estates,invest-in-land-banking-or-developed-estates,Invest In Land Banking Or Developed Estates,Sanity hidden source present,117 blocks; 12252 chars,clear,adequate block structure,template/content review recommended; do not invent legal claims,article template provides consultation/contact CTA,internal/external links present in body marks,image missing,missing,Invest In Land Banking Or Developed Estates | Chaman Law Firm,Learn whether to invest in land banking or developed estates in Lekki. Chaman Law Firm offers expert legal and investment guidance.,https://chamanlawfirm.com/resources/blog/invest-in-land-banking-or-developed-estates,"Charles Chukwuma Nkwoka, Esq.",Probate Estate Administration,current-law or procedure-sensitive topic,lawyer review required,no configured redirect conflict,keep hidden,featured image missing; alt text missing or weak; current-law or procedure-sensitive topic
hidden-189,https://chamanlawfirm.com/key-differences-explained-deeds-chaman-law-firm,key-differences-explained-deeds-chaman-law-firm,Key Differences Explained Deeds Chaman Law Firm,Sanity hidden source present,114 blocks; 11327 chars,clear,adequate block structure,template/content review recommended; do not invent legal claims,article template provides consultation/contact CTA,internal/external links present in body marks,image missing,missing,Key Differences Explained Deeds Chaman Law Firm | Chaman Law Firm,"Key Differences Explained - types of property agreements - what each document means, when it's used, and how they impact property rights.",https://chamanlawfirm.com/resources/blog/key-differences-explained-deeds-chaman-law-firm,"Charles Chukwuma Nkwoka, Esq.",Property And Real Estate Law,current-law or procedure-sensitive topic,lawyer review required,no configured redirect conflict,keep hidden,featured image missing; alt text missing or weak; current-law or procedure-sensitive topic
hidden-190,https://chamanlawfirm.com/the-role-of-lawyers-in-debt-recovery-5-keys,the-role-of-lawyers-in-debt-recovery-5-keys,Role of Lawyers in Debt Recovery in Nigeria,Sanity hidden source present,60 blocks; 9945 chars,clear,adequate block structure,template/content review recommended; do not invent legal claims,article template provides consultation/contact CTA,internal/external links present in body marks,image present,Role of Lawyers in Debt Recovery in Nigeria legal guide | Chaman Law Firm,Role of Lawyers in Debt Recovery in Nigeria | Chaman Law Firm,"Debt recovery is a critical aspect of maintaining the financial health of any business. When clients or customers fail to pay their debts, it can lead to signif",https://chamanlawfirm.com/resources/blog/the-role-of-lawyers-in-debt-recovery-5-keys,"Charles Chukwuma Nkwoka, Esq.",Debt recovery,unsupported outcome claim,low automated risk,no configured redirect conflict,already public,public canonical article already exists
hidden-191,https://chamanlawfirm.com/intellectual-property-in-franchise-operations,intellectual-property-in-franchise-operations,Intellectual Property in Franchise Operations,Sanity hidden source present,85 blocks; 18721 chars,clear,adequate block structure,template/content review recommended; do not invent legal claims,article template provides consultation/contact CTA,internal/external links present in body marks,image present,Intellectual Property in Franchise Operations legal guide | Chaman Law Firm,Intellectual Property in Franchise Operations | Chaman Law Firm,"Intellectual Property In Franchise Operations Franchising is one of the most popular business models in today’s global economy, allowing entrepreneurs to expand...",https://chamanlawfirm.com/resources/blog/intellectual-property-in-franchise-operations,"Charles Chukwuma Nkwoka, Esq.",Property And Real Estate Law,low automated risk,low automated risk,no configured redirect conflict,already public,public canonical article already exists
hidden-192,https://chamanlawfirm.com/powerful-step-buying-family-land-in-lagos,powerful-step-buying-family-land-in-lagos,Powerful Step Buying Family Land In Lagos,Sanity hidden source present,120 blocks; 14730 chars,clear,adequate block structure,template/content review recommended; do not invent legal claims,article template provides consultation/contact CTA,needs manual link enhancement,image missing,missing,Powerful Step Buying Family Land In Lagos | Chaman Law Firm,Learn common challenges and risks of buying family land in Lagos. Chaman Law Firm offers expert legal advice for safe land transactions.,https://chamanlawfirm.com/resources/blog/powerful-step-buying-family-land-in-lagos,"Charles Chukwuma Nkwoka, Esq.",Family Law,current-law or procedure-sensitive topic; dispute-resolution wording requires lawyer review,lawyer review required,no configured redirect conflict,keep hidden,featured image missing; alt text missing or weak; current-law or procedure-sensitive topic; dispute-resolution wording requires lawyer review
hidden-193,https://chamanlawfirm.com/the-role-of-real-estate-investment-trusts,the-role-of-real-estate-investment-trusts,The Role Of Real Estate Investment Trusts,Sanity hidden source present,64 blocks; 19484 chars,clear,adequate block structure,template/content review recommended; do not invent legal claims,article template provides consultation/contact CTA,internal/external links present in body marks,image missing,missing,The Role Of Real Estate Investment Trusts | Chaman Law Firm,The Role Of Real Estate Investment Trusts,https://chamanlawfirm.com/resources/blog/the-role-of-real-estate-investment-trusts,"Charles Chukwuma Nkwoka, Esq.",Probate Estate Administration,current-law or procedure-sensitive topic,lawyer review required,no configured redirect conflict,keep hidden,featured image missing; alt text missing or weak; current-law or procedure-sensitive topic
hidden-194,https://chamanlawfirm.com/5-ways-to-avoid-property-scam-in-nigeria,5-ways-to-avoid-property-scam-in-nigeria,5 Ways To Avoid Property Scam In Nigeria,Sanity hidden source present,59 blocks; 3992 chars,clear,adequate block structure,template/content review recommended; do not invent legal claims,article template provides consultation/contact CTA,internal/external links present in body marks,image missing,missing,5 Ways To Avoid Property Scam In Nigeria | Chaman Law Firm,Understanding Property Scams,https://chamanlawfirm.com/resources/blog/5-ways-to-avoid-property-scam-in-nigeria,"Charles Chukwuma Nkwoka, Esq.",Property And Real Estate Law,low automated risk,low automated risk,no configured redirect conflict,keep hidden,featured image missing; alt text missing or weak
hidden-195,https://chamanlawfirm.com/disputes-arising-from-property-ownership,disputes-arising-from-property-ownership,Disputes Arising From Property Ownership in Nigeria,Sanity hidden source present,82 blocks; 9057 chars,clear,adequate block structure,template/content review recommended; do not invent legal claims,article template provides consultation/contact CTA,internal/external links present in body marks,image present,Disputes Arising From Property Ownership in Nigeria legal guide | Chaman Law Firm,Disputes Arising From Property Ownership in Nigeria | Chaman Law Firm,"Introduction Property ownership and inheritance are significant issues within families, often leading to disputes that can strain relationships. In Nigeria, family disputes over property and inheritance are common due",https://chamanlawfirm.com/resources/blog/disputes-arising-from-property-ownership,"Charles Chukwuma Nkwoka, Esq.",Property And Real Estate Law,current-law or procedure-sensitive topic; family-status topic requires lawyer review; dispute-resolution wording requires lawyer review,lawyer review required,no configured redirect conflict,already public,public canonical article already exists
hidden-196,https://chamanlawfirm.com/corporate-fraud-and-mismanagement,corporate-fraud-and-mismanagement,Corporate Fraud and Mismanagement in Nigeria,Sanity hidden source present,120 blocks; 12584 chars,clear,adequate block structure,template/content review recommended; do not invent legal claims,article template provides consultation/contact CTA,needs manual link enhancement,image present,Corporate Fraud and Mismanagement in Nigeria legal guide | Chaman Law Firm,Corporate Fraud and Mismanagement in Nigeria | Chaman Law Firm,Corporate Fraud And Mismanagement; Essential Strategies For Combating Corporate Fraud And Mismanagement...,https://chamanlawfirm.com/resources/blog/corporate-fraud-and-mismanagement,"Charles Chukwuma Nkwoka, Esq.",Corporate & Commercial Law,low automated risk,low automated risk,no configured redirect conflict,already public,public canonical article already exists
hidden-197,https://chamanlawfirm.com/environmental-law-and-corporate,environmental-law-and-corporate,Environmental Law And Corporate,Sanity hidden source present,19 blocks; 1274 chars,clear,adequate block structure,template/content review recommended; do not invent legal claims,article template provides consultation/contact CTA,internal/external links present in body marks,image missing,missing,Environmental Law And Corporate | Chaman Law Firm,Environmental Law and Corporate Liability: Legal Implications for Industrial Pollution in Nigeria,https://chamanlawfirm.com/resources/blog/environmental-law-and-corporate,"Charles Chukwuma Nkwoka, Esq.",Corporate & Commercial Law,current-law or procedure-sensitive topic,lawyer review required,no configured redirect conflict,keep hidden,source body too short for approval; featured image missing; alt text missing or weak; current-law or procedure-sensitive topic
hidden-198,https://chamanlawfirm.com/corporate-governance-failures-on-debt,corporate-governance-failures-on-debt,Corporate Governance Failures On Debt,Sanity hidden source present,98 blocks; 23298 chars,clear,adequate block structure,template/content review recommended; do not invent legal claims,article template provides consultation/contact CTA,internal/external links present in body marks,image missing,missing,Corporate Governance Failures On Debt | Chaman Law Firm,Corporate Governance Failures On Debt,https://chamanlawfirm.com/resources/blog/corporate-governance-failures-on-debt,"Charles Chukwuma Nkwoka, Esq.",Corporate & Commercial Law,current-law or procedure-sensitive topic; unsupported outcome claim,lawyer review required,no configured redirect conflict,keep hidden,featured image missing; alt text missing or weak; current-law or procedure-sensitive topic; unsupported outcome claim
hidden-199,https://chamanlawfirm.com/available-remedies-in-civil-litigation,available-remedies-in-civil-litigation,Available Remedies In Civil Litigation,Sanity hidden source present,79 blocks; 15340 chars,clear,adequate block structure,template/content review recommended; do not invent legal claims,article template provides consultation/contact CTA,internal/external links present in body marks,image missing,missing,Available Remedies In Civil Litigation | Chaman Law Firm,"Available Remedies In Civil Litigation Civil litigation in Nigeria encompasses a range of disputes between individuals, businesses, or government entities...",https://chamanlawfirm.com/resources/blog/available-remedies-in-civil-litigation,"Charles Chukwuma Nkwoka, Esq.",Litigation and dispute resolution,low automated risk,low automated risk,no configured redirect conflict,keep hidden,featured image missing; alt text missing or weak
hidden-200,https://chamanlawfirm.com/legal-assistance-for-visa-appeals-5-step,legal-assistance-for-visa-appeals-5-step,Legal Assistance for Visa Appeals in Nigeria,Sanity hidden source present,62 blocks; 8958 chars,clear,adequate block structure,template/content review recommended; do not invent legal claims,article template provides consultation/contact CTA,internal/external links present in body marks,image present,Legal Assistance for Visa Appeals in Nigeria legal guide | Chaman Law Firm,Legal Assistance for Visa Appeals in Nigeria | Chaman Law Firm,"Introduction Obtaining a visa can be a complex and lengthy process, and in some cases, visa applications may be denied. If you have had your visa application rejected, all hope is not lost—you may have the right to app",https://chamanlawfirm.com/resources/blog/legal-assistance-for-visa-appeals-5-step,"Charles Chukwuma Nkwoka, Esq.",Immigration Services,current-law or procedure-sensitive topic,lawyer review required,no configured redirect conflict,already public,public canonical article already exists
hidden-201,https://chamanlawfirm.com/thing-you-need-to-know-about-a-legal-will,thing-you-need-to-know-about-a-legal-will,What to Know About a Legal Will in Nigeria,Sanity hidden source present,92 blocks; 8239 chars,clear,adequate block structure,template/content review recommended; do not invent legal claims,article template provides consultation/contact CTA,internal/external links present in body marks,image present,What to Know About a Legal Will in Nigeria legal guide | Chaman Law Firm,What to Know About a Legal Will in Nigeria | Chaman Law Firm,"Introduction Drafting a will is a crucial step in estate planning that ensures your assets are distributed according to your wishes after your death. In Nigeria, where cultural and religious practices often influence i",https://chamanlawfirm.com/resources/blog/thing-you-need-to-know-about-a-legal-will,"Charles Chukwuma Nkwoka, Esq.",Probate Estate Administration,low automated risk,low automated risk,no configured redirect conflict,already public,public canonical article already exists
hidden-202,https://chamanlawfirm.com/matrimonial-reliefs-in-nigeria,matrimonial-reliefs-in-nigeria,Matrimonial Reliefs In Nigeria,Sanity hidden source present,34 blocks; 2621 chars,clear,adequate block structure,template/content review recommended; do not invent legal claims,article template provides consultation/contact CTA,internal/external links present in body marks,image missing,missing,Matrimonial Reliefs In Nigeria | Chaman Law Firm,"AN OVERVIEW OF MATRIMONIAL RELIEFS IN NIGERIA, Marriage is a union of either a man with one or many women...",https://chamanlawfirm.com/resources/blog/matrimonial-reliefs-in-nigeria,"Charles Chukwuma Nkwoka, Esq.",Family Law,family-status topic requires lawyer review,low automated risk,no configured redirect conflict,keep hidden,featured image missing; alt text missing or weak; family-status topic requires lawyer review
hidden-203,https://chamanlawfirm.com/obtaining-land-titles-in-rural-areas,obtaining-land-titles-in-rural-areas,Obtaining Land Titles In Rural Areas,Sanity hidden source present,112 blocks; 8772 chars,clear,adequate block structure,template/content review recommended; do not invent legal claims,article template provides consultation/contact CTA,internal/external links present in body marks,image missing,missing,Obtaining Land Titles In Rural Areas | Chaman Law Firm,What Challenges are Faced in Obtaining Land Titles in Rural Areas in Nigeria? Land is a precious and finite resource in Nigeria....,https://chamanlawfirm.com/resources/blog/obtaining-land-titles-in-rural-areas,"Charles Chukwuma Nkwoka, Esq.",Property And Real Estate Law,current-law or procedure-sensitive topic; dispute-resolution wording requires lawyer review,lawyer review required,no configured redirect conflict,keep hidden,featured image missing; alt text missing or weak; current-law or procedure-sensitive topic; dispute-resolution wording requires lawyer review
hidden-204,https://chamanlawfirm.com/obtaining-letters-of-administration-in-ogun,obtaining-letters-of-administration-in-ogun,Obtaining Letters Of Administration In Ogun,Sanity hidden source present,107 blocks; 10834 chars,clear,adequate block structure,template/content review recommended; do not invent legal claims,article template provides consultation/contact CTA,internal/external links present in body marks,image missing,missing,Obtaining Letters Of Administration In Ogun | Chaman Law Firm,Process of Obtaining Letters of Administration in Ogun - Discover the step-by-step procedure to obtain Letters of Administration / Chaman Law Firm,https://chamanlawfirm.com/resources/blog/obtaining-letters-of-administration-in-ogun,"Charles Chukwuma Nkwoka, Esq.",Probate Estate Administration,low automated risk,low automated risk,no configured redirect conflict,keep hidden,featured image missing; alt text missing or weak
hidden-205,https://chamanlawfirm.com/challenges-women-face-in-obtaining-land-titles,challenges-women-face-in-obtaining-land-titles,Challenges Women Face in Obtaining Land Titles in Nigeria,Sanity hidden source present,62 blocks; 3574 chars,clear,adequate block structure,template/content review recommended; do not invent legal claims,article template provides consultation/contact CTA,internal/external links present in body marks,image present,Challenges Women Face in Obtaining Land Titles in Nigeria legal guide | Chaman Law Firm,Challenges Women Face in Obtaining Land Titles in Nigeria | Chaman Law Firm,"Understand challenges women face in obtaining land titles in Nigeria, including legal, cultural, and administrative barriers to land ownership",https://chamanlawfirm.com/resources/blog/challenges-women-face-in-obtaining-land-titles,"Charles Chukwuma Nkwoka, Esq.",Property And Real Estate Law,low automated risk,low automated risk,no configured redirect conflict,already public,public canonical article already exists
hidden-206,https://chamanlawfirm.com/what-are-the-implications-of-land-use-conversion-on-land-ownership-in-nigeria,what-are-the-implications-of-land-use-conversion-on-land-ownership-in-nigeria,What Are The Implications Of Land Use Conversion On Land Ownership In Nigeria,Sanity hidden source present,30 blocks; 3213 chars,clear,adequate block structure,template/content review recommended; do not invent legal claims,article template provides consultation/contact CTA,internal/external links present in body marks,image missing,missing,What Are The Implications Of Land Use Conversion On Land Ownership In Nigeria | Chaman Law Firm,"Introduction Land use conversion is a process that involves changing the purpose for which land is used. In Nigeria, this transformation can have far-reaching implications for land ownership, property development, and",https://chamanlawfirm.com/resources/blog/what-are-the-implications-of-land-use-conversion-on-land-ownership-in-nigeria,"Charles Chukwuma Nkwoka, Esq.",Property And Real Estate Law,low automated risk,low automated risk,no configured redirect conflict,keep hidden,featured image missing; alt text missing or weak
hidden-207,https://chamanlawfirm.com/digitization-impact-land-title-registration,digitization-impact-land-title-registration,Impact of Digitization on Land Title Registration,Sanity hidden source present,27 blocks; 2769 chars,clear,adequate block structure,template/content review recommended; do not invent legal claims,article template provides consultation/contact CTA,internal/external links present in body marks,image present,Impact of Digitization on Land Title Registration legal guide | Chaman Law Firm,Impact of Digitization on Land Title Registration | Chaman Law Firm,"How Does Digitization Impact Land Title Registration in Nigeria? In a world rapidly embracing digital transformation, traditional administrative..",https://chamanlawfirm.com/resources/blog/digitization-impact-land-title-registration,"Charles Chukwuma Nkwoka, Esq.",Property And Real Estate Law,low automated risk,low automated risk,no configured redirect conflict,already public,public canonical article already exists
hidden-208,https://chamanlawfirm.com/newblogpost-ztnezvare-non-resident-companies-liable-to-tax-in-nigeria,newblogpost-ztnezvare-non-resident-companies-liable-to-tax-in-nigeria,Newblogpost Ztnezvare Non Resident Companies Liable To Tax In Nigeria,Sanity hidden source present,31 blocks; 4466 chars,clear,adequate block structure,template/content review recommended; do not invent legal claims,article template provides consultation/contact CTA,internal/external links present in body marks,image missing,missing,Newblogpost Ztnezvare Non Resident Companies Liable To Tax In Nigeria | Chaman Law Firm,"OUR STORY Quality, not quantity We have made quality our habit. It’s not something that we just strive for – we live by this principle every day. ARE NON-RESIDENT COMPANIES LIABLE TO TAX IN NIGERIA? A company is define",https://chamanlawfirm.com/resources/blog/newblogpost-ztnezvare-non-resident-companies-liable-to-tax-in-nigeria,"Charles Chukwuma Nkwoka, Esq.",Corporate & Commercial Law,current-law or procedure-sensitive topic,lawyer review required,no configured redirect conflict,keep hidden,featured image missing; alt text missing or weak; current-law or procedure-sensitive topic
hidden-209,https://chamanlawfirm.com/a-will-made-abroad-cover-property-in-ogun,a-will-made-abroad-cover-property-in-ogun,A Will Made Abroad Cover Property In Ogun,Sanity hidden source present,92 blocks; 10391 chars,clear,adequate block structure,template/content review recommended; do not invent legal claims,article template provides consultation/contact CTA,internal/external links present in body marks,image missing,missing,A Will Made Abroad Cover Property In Ogun | Chaman Law Firm,Wondering if a will made abroad cover property in Ogun State? Learn the legal requirements for foreign wills and inheritance in Nigeria,https://chamanlawfirm.com/resources/blog/a-will-made-abroad-cover-property-in-ogun,"Charles Chukwuma Nkwoka, Esq.",Probate Estate Administration,current-law or procedure-sensitive topic,lawyer review required,no configured redirect conflict,keep hidden,featured image missing; alt text missing or weak; current-law or procedure-sensitive topic
hidden-210,https://chamanlawfirm.com/legally-binding-contracts,legally-binding-contracts,Legally Binding Contracts in Nigeria,Sanity hidden source present,82 blocks; 16097 chars,clear,adequate block structure,template/content review recommended; do not invent legal claims,article template provides consultation/contact CTA,internal/external links present in body marks,image present,Legally Binding Contracts in Nigeria legal guide | Chaman Law Firm,Legally Binding Contracts in Nigeria | Chaman Law Firm,"Legally Binding Contracts In the complex world of law, contracts serve as the cornerstone of agreements between individuals, businesses, and organizations...",https://chamanlawfirm.com/resources/blog/legally-binding-contracts,"Charles Chukwuma Nkwoka, Esq.",Corporate & Commercial Law,unsupported outcome claim,low automated risk,no configured redirect conflict,already public,public canonical article already exists
hidden-211,https://chamanlawfirm.com/why-is-lekki-the-best-location-for-luxury,why-is-lekki-the-best-location-for-luxury,Why Is Lekki The Best Location For Luxury,Sanity hidden source present,106 blocks; 15666 chars,clear,adequate block structure,template/content review recommended; do not invent legal claims,article template provides consultation/contact CTA,internal/external links present in body marks,image missing,missing,Why Is Lekki The Best Location For Luxury | Chaman Law Firm,Discover Why Is Lekki the Best Location for Luxury real estate investment. Chaman Law Firm provides expert legal guidance for investors.,https://chamanlawfirm.com/resources/blog/why-is-lekki-the-best-location-for-luxury,"Charles Chukwuma Nkwoka, Esq.",Property And Real Estate Law,off-brand/property-sales wording; current-law or procedure-sensitive topic; dispute-resolution wording requires lawyer review; unsupported outcome claim,lawyer review required,no configured redirect conflict,keep hidden,featured image missing; alt text missing or weak; off-brand/property-sales wording; current-law or procedure-sensitive topic; dispute-resolution wording requires lawyer review; unsupported outcome claim
hidden-212,https://chamanlawfirm.com/how-to-draft-a-commercial-contract-a-proven,how-to-draft-a-commercial-contract-a-proven,How to Draft a Commercial Contract in Nigeria,Sanity hidden source present,86 blocks; 8596 chars,clear,adequate block structure,template/content review recommended; do not invent legal claims,article template provides consultation/contact CTA,internal/external links present in body marks,image present,How to Draft a Commercial Contract in Nigeria legal guide | Chaman Law Firm,How to Draft a Commercial Contract in Nigeria | Chaman Law Firm,Introduction Drafting a commercial contract is essential to ensure that both parties in a business transaction are protected legally and have a clear understanding of their obligations and rights. A well-drafted contra,https://chamanlawfirm.com/resources/blog/how-to-draft-a-commercial-contract-a-proven,"Charles Chukwuma Nkwoka, Esq.",Corporate & Commercial Law,unsupported outcome claim,low automated risk,no configured redirect conflict,already public,public canonical article already exists
hidden-213,https://chamanlawfirm.com/4-main-guide-to-land-ownership-in-nigeria,4-main-guide-to-land-ownership-in-nigeria,Guide to Land Ownership in Nigeria,Sanity hidden source present,41 blocks; 5622 chars,clear,adequate block structure,template/content review recommended; do not invent legal claims,article template provides consultation/contact CTA,internal/external links present in body marks,image present,Guide to Land Ownership in Nigeria legal guide | Chaman Law Firm,Guide to Land Ownership in Nigeria | Chaman Law Firm,"land ownership in Nigeria is a significant milestone, whether for personal use, investment, or development. of the country. Understanding....",https://chamanlawfirm.com/resources/blog/4-main-guide-to-land-ownership-in-nigeria,"Charles Chukwuma Nkwoka, Esq.",Property And Real Estate Law,current-law or procedure-sensitive topic; dispute-resolution wording requires lawyer review; unsupported outcome claim,lawyer review required,no configured redirect conflict,already public,public canonical article already exists
hidden-214,https://chamanlawfirm.com/piracy-and-its-burden-on-copyright,piracy-and-its-burden-on-copyright,Piracy and Copyright Protection in Nigeria,Sanity hidden source present,39 blocks; 7971 chars,clear,adequate block structure,template/content review recommended; do not invent legal claims,article template provides consultation/contact CTA,internal/external links present in body marks,image present,Piracy and Copyright Protection in Nigeria legal guide | Chaman Law Firm,Piracy and Copyright Protection in Nigeria | Chaman Law Firm,"PIRACY AND IT'S BURDEN ON COPYRIGHT, The Nigerian Copyright Act empowers the Nigerian Copyright Commission (NCC)...",https://chamanlawfirm.com/resources/blog/piracy-and-its-burden-on-copyright,"Charles Chukwuma Nkwoka, Esq.",Property And Real Estate Law,low automated risk,low automated risk,no configured redirect conflict,already public,public canonical article already exists
hidden-215,https://chamanlawfirm.com/how-to-check-if-a-property-title-is-genuine,how-to-check-if-a-property-title-is-genuine,How to Check if a Property Title Is Genuine in Nigeria,Sanity hidden source present,67 blocks; 8836 chars,clear,adequate block structure,template/content review recommended; do not invent legal claims,article template provides consultation/contact CTA,internal/external links present in body marks,image present,How to Check if a Property Title Is Genuine in Nigeria legal guide | Chaman Law Firm,How to Check if a Property Title Is Genuine in Nigeria | Chaman Law Firm,"Introduction When buying property in Nigeria, ensuring the title is genuine is essential for safeguarding your investment. Many property buyers in Nigeria have fallen victim to fraudulent land deals, often because they",https://chamanlawfirm.com/resources/blog/how-to-check-if-a-property-title-is-genuine,"Charles Chukwuma Nkwoka, Esq.",Property And Real Estate Law,current-law or procedure-sensitive topic; dispute-resolution wording requires lawyer review; unsupported outcome claim,lawyer review required,no configured redirect conflict,already public,public canonical article already exists
hidden-216,https://chamanlawfirm.com/how-to-licence-a-trademark-in-nigeria,how-to-licence-a-trademark-in-nigeria,How To Licence A Trademark In Nigeria,Sanity hidden source present,119 blocks; 11606 chars,clear,adequate block structure,template/content review recommended; do not invent legal claims,article template provides consultation/contact CTA,internal/external links present in body marks,image missing,missing,How To Licence A Trademark In Nigeria | Chaman Law Firm,Don’t fall into legal traps! Learn how to licence a trademark in Nigeria the right way and avoid the costly mistakes many businesses make.,https://chamanlawfirm.com/resources/blog/how-to-licence-a-trademark-in-nigeria,"Charles Chukwuma Nkwoka, Esq.",Property And Real Estate Law,current-law or procedure-sensitive topic,lawyer review required,no configured redirect conflict,keep hidden,featured image missing; alt text missing or weak; current-law or procedure-sensitive topic
hidden-217,https://chamanlawfirm.com/remedies-for-breach-of-property-contracts-in-lagos-a-legal-guide,remedies-for-breach-of-property-contracts-in-lagos-a-legal-guide,Remedies for Breach of Property Contracts in Lagos,Sanity hidden source present,120 blocks; 8362 chars,clear,adequate block structure,template/content review recommended; do not invent legal claims,article template provides consultation/contact CTA,needs manual link enhancement,image present,Remedies for Breach of Property Contracts in Lagos legal guide | Chaman Law Firm,Remedies for Breach of Property Contracts in Lagos | Chaman Law Firm,Breach of Property Contracts in Lagos -Learn how the laws protect you when a property contract is breached / the legal steps you can take,https://chamanlawfirm.com/resources/blog/remedies-for-breach-of-property-contracts-in-lagos-a-legal-guide,"Charles Chukwuma Nkwoka, Esq.",Corporate & Commercial Law,current-law or procedure-sensitive topic,lawyer review required,no configured redirect conflict,already public,public canonical article already exists
hidden-218,https://chamanlawfirm.com/insurance-in-construction-contracts,insurance-in-construction-contracts,Insurance in Construction Contracts in Nigeria,Sanity hidden source present,120 blocks; 6471 chars,clear,adequate block structure,template/content review recommended; do not invent legal claims,article template provides consultation/contact CTA,needs manual link enhancement,image present,Insurance in Construction Contracts in Nigeria legal guide | Chaman Law Firm,Insurance in Construction Contracts in Nigeria | Chaman Law Firm,"Explore the benefits and types of insurance in construction contracts, ensuring risk management, project security, and legal compliance.",https://chamanlawfirm.com/resources/blog/insurance-in-construction-contracts,"Charles Chukwuma Nkwoka, Esq.",Corporate & Commercial Law,unsupported outcome claim,low automated risk,no configured redirect conflict,already public,public canonical article already exists
hidden-219,https://chamanlawfirm.com/top-10-questions-about-probate-in-nigeria,top-10-questions-about-probate-in-nigeria,Top 10 Questions About Probate In Nigeria,Sanity hidden source present,109 blocks; 9453 chars,clear,adequate block structure,template/content review recommended; do not invent legal claims,article template provides consultation/contact CTA,internal/external links present in body marks,image missing,missing,Top 10 Questions About Probate In Nigeria | Chaman Law Firm,"Discover Top 10 Questions About Probate in Nigeria. Learn about process, cost, and legal guidance with Chaman Law Firm experts.",https://chamanlawfirm.com/resources/blog/top-10-questions-about-probate-in-nigeria,"Charles Chukwuma Nkwoka, Esq.",Probate Estate Administration,low automated risk,low automated risk,no configured redirect conflict,keep hidden,featured image missing; alt text missing or weak
hidden-220,https://chamanlawfirm.com/how-does-land-title-insurance-protect-property-owners-in-nigeria,how-does-land-title-insurance-protect-property-owners-in-nigeria,How Land Title Insurance Protects Property Owners in Nigeria,Sanity hidden source present,23 blocks; 3664 chars,clear,adequate block structure,template/content review recommended; do not invent legal claims,article template provides consultation/contact CTA,internal/external links present in body marks,image present,How Land Title Insurance Protects Property Owners in Nigeria legal guide | Chaman Law Firm,How Land Title Insurance Protects Property Owners in Nigeria | Chaman Law Firm,"Introduction: Land title insurance is an essential tool for property owners in Nigeria, offering protection and peace of mind when it comes to land and property investments. While it may not be as widely recognized as",https://chamanlawfirm.com/resources/blog/how-does-land-title-insurance-protect-property-owners-in-nigeria,"Charles Chukwuma Nkwoka, Esq.",Property And Real Estate Law,low automated risk,low automated risk,no configured redirect conflict,already public,public canonical article already exists
hidden-221,https://chamanlawfirm.com/corporate-tax-obligations-in-nigeria,corporate-tax-obligations-in-nigeria,Corporate Tax Obligations in Nigeria,Sanity hidden source present,64 blocks; 19606 chars,clear,adequate block structure,template/content review recommended; do not invent legal claims,article template provides consultation/contact CTA,internal/external links present in body marks,image present,Corporate Tax Obligations in Nigeria legal guide | Chaman Law Firm,Corporate Tax Obligations in Nigeria | Chaman Law Firm,"Corporate Tax Obligations in Nigeria Corporate tax obligations are fundamental to the legal and economic framework of Nigeria, impacting all business...",https://chamanlawfirm.com/resources/blog/corporate-tax-obligations-in-nigeria,"Charles Chukwuma Nkwoka, Esq.",Corporate & Commercial Law,current-law or procedure-sensitive topic,lawyer review required,no configured redirect conflict,already public,public canonical article already exists
hidden-222,https://chamanlawfirm.com/what-is-the-legal-process-for-land-dispute,what-is-the-legal-process-for-land-dispute,Legal Process for Land Disputes in Nigeria,Sanity hidden source present,120 blocks; 7592 chars,clear,adequate block structure,template/content review recommended; do not invent legal claims,article template provides consultation/contact CTA,needs manual link enhancement,image present,Legal Process for Land Disputes in Nigeria legal guide | Chaman Law Firm,Legal Process for Land Disputes in Nigeria | Chaman Law Firm,What Is the Legal Process for Land Dispute resolution in Lagos. Chaman Law Firm offers expert guidance to help property owners resolve disputes.,https://chamanlawfirm.com/resources/blog/what-is-the-legal-process-for-land-dispute,"Charles Chukwuma Nkwoka, Esq.",Property And Real Estate Law,current-law or procedure-sensitive topic; dispute-resolution wording requires lawyer review,lawyer review required,no configured redirect conflict,already public,public canonical article already exists
hidden-223,https://chamanlawfirm.com/setting-up-a-fintech-company-in-nigeria,setting-up-a-fintech-company-in-nigeria,Setting Up A Fintech Company In Nigeria,Sanity hidden source present,68 blocks; 3084 chars,clear,adequate block structure,template/content review recommended; do not invent legal claims,article template provides consultation/contact CTA,internal/external links present in body marks,image missing,missing,Setting Up A Fintech Company In Nigeria | Chaman Law Firm,"Ultimate Guide: Setting Up A Fintech Company in Nigeria Without Hassles The term ""fintech,"" which refers to financial technology, has been increasingly popular in recent years. It is a word that is used to characterize",https://chamanlawfirm.com/resources/blog/setting-up-a-fintech-company-in-nigeria,"Charles Chukwuma Nkwoka, Esq.",Corporate & Commercial Law,low automated risk,low automated risk,no configured redirect conflict,keep hidden,featured image missing; alt text missing or weak
hidden-224,https://chamanlawfirm.com/lawyers-help-you-access-inherited-property,lawyers-help-you-access-inherited-property,How Probate Lawyers Help Families Access Inherited Property,Sanity hidden source present,120 blocks; 9241 chars,clear,adequate block structure,template/content review recommended; do not invent legal claims,article template provides consultation/contact CTA,needs manual link enhancement,image present,How Probate Lawyers Help Families Access Inherited Property legal guide | Chaman Law Firm,How Probate Lawyers Help Families Access Inherited Property | Chaman Law Firm,"Discover how probate lawyers Help You Access Inherited Property in Nigeria, handling documentation, procedures, and administration efficiently.",https://chamanlawfirm.com/resources/blog/lawyers-help-you-access-inherited-property,"Charles Chukwuma Nkwoka, Esq.",Probate Estate Administration,current-law or procedure-sensitive topic,lawyer review required,no configured redirect conflict,already public,public canonical article already exists
hidden-225,https://chamanlawfirm.com/how-does-land-title-regularization-affect-p,how-does-land-title-regularization-affect-p,How Land Title Regularization Affects Property Owners,Sanity hidden source present,17 blocks; 936 chars,clear,adequate block structure,template/content review recommended; do not invent legal claims,article template provides consultation/contact CTA,internal/external links present in body marks,image present,How Land Title Regularization Affects Property Owners legal guide | Chaman Law Firm,How Land Title Regularization Affects Property Owners | Chaman Law Firm,"Introduction Land title regularization, a process that formalizes and validates land ownership, has a significant impact on property values in Nigeria. This article explores how land title regularization affects proper",https://chamanlawfirm.com/resources/blog/how-does-land-title-regularization-affect-p,"Charles Chukwuma Nkwoka, Esq.",Property And Real Estate Law,low automated risk,low automated risk,no configured redirect conflict,already public,public canonical article already exists
hidden-226,https://chamanlawfirm.com/the-land-use-act-protect-the-environment,the-land-use-act-protect-the-environment,How the Land Use Act Relates to Environmental Protection,Sanity hidden source present,22 blocks; 4238 chars,clear,adequate block structure,template/content review recommended; do not invent legal claims,article template provides consultation/contact CTA,internal/external links present in body marks,image present,How the Land Use Act Relates to Environmental Protection legal guide | Chaman Law Firm,How the Land Use Act Relates to Environmental Protection | Chaman Law Firm,"How Does the Land Use Act Protect the Environment? The Land Use Act of 1978 is a critical piece of legislation in Nigeria that governs land rights,",https://chamanlawfirm.com/resources/blog/the-land-use-act-protect-the-environment,"Charles Chukwuma Nkwoka, Esq.",Property And Real Estate Law,low automated risk,low automated risk,no configured redirect conflict,already public,public canonical article already exists
hidden-227,https://chamanlawfirm.com/immigration-law-at-chaman-law-firm,immigration-law-at-chaman-law-firm,Immigration Law Services in Nigeria,Sanity hidden source present,114 blocks; 10038 chars,clear,adequate block structure,template/content review recommended; do not invent legal claims,article template provides consultation/contact CTA,internal/external links present in body marks,image present,Immigration Law Services in Nigeria legal guide | Chaman Law Firm,Immigration Law Services in Nigeria | Chaman Law Firm,Immigration Law at Chaman Law Firm Powerful Legal Solutions: How CHAMAN Law Firm Excels in Nigerian Immigration Law Introduction...,https://chamanlawfirm.com/resources/blog/immigration-law-at-chaman-law-firm,"Charles Chukwuma Nkwoka, Esq.",Immigration Services,low automated risk,low automated risk,no configured redirect conflict,already public,public canonical article already exists
hidden-228,https://chamanlawfirm.com/land-record-keeping-ensure-accurate-land-titles,land-record-keeping-ensure-accurate-land-titles,Land Record Keeping and Accurate Land Titles in Nigeria,Sanity hidden source present,120 blocks; 7072 chars,clear,adequate block structure,template/content review recommended; do not invent legal claims,article template provides consultation/contact CTA,needs manual link enhancement,image present,Land Record Keeping and Accurate Land Titles in Nigeria legal guide | Chaman Law Firm,Land Record Keeping and Accurate Land Titles in Nigeria | Chaman Law Firm,"how Land Record Keeping Ensure Accurate Land Titles in Nigeria by promoting transparency, reducing disputes, and supporting legal ownership.",https://chamanlawfirm.com/resources/blog/land-record-keeping-ensure-accurate-land-titles,"Charles Chukwuma Nkwoka, Esq.",Property And Real Estate Law,off-brand/property-sales wording; current-law or procedure-sensitive topic; dispute-resolution wording requires lawyer review,lawyer review required,no configured redirect conflict,already public,public canonical article already exists
hidden-229,https://chamanlawfirm.com/5-proven-roles-of-a-child-adoption-lawyer,5-proven-roles-of-a-child-adoption-lawyer,Roles of a Child Adoption Lawyer in Nigeria,Sanity hidden source present,85 blocks; 10930 chars,clear,adequate block structure,template/content review recommended; do not invent legal claims,article template provides consultation/contact CTA,internal/external links present in body marks,image present,Roles of a Child Adoption Lawyer in Nigeria legal guide | Chaman Law Firm,Roles of a Child Adoption Lawyer in Nigeria | Chaman Law Firm,"Introduction Child Adoption Lawyer in Nigeria: Understanding the Process and Legalities Adopting a child is a noble and life-changing decision, bringing joy and hope to families while providing a loving environment for",https://chamanlawfirm.com/resources/blog/5-proven-roles-of-a-child-adoption-lawyer,"Charles Chukwuma Nkwoka, Esq.",Family Law,current-law or procedure-sensitive topic; family-status topic requires lawyer review,lawyer review required,no configured redirect conflict,already public,public canonical article already exists
hidden-230,https://chamanlawfirm.com/legal-advice-for-expatriates-in-nigeria-ess,legal-advice-for-expatriates-in-nigeria-ess,Legal Advice for Expatriates in Nigeria,Sanity hidden source present,58 blocks; 6317 chars,clear,adequate block structure,template/content review recommended; do not invent legal claims,article template provides consultation/contact CTA,internal/external links present in body marks,image present,Legal Advice for Expatriates in Nigeria legal guide | Chaman Law Firm,Legal Advice for Expatriates in Nigeria | Chaman Law Firm,Introduction Moving to Nigeria as an expatriate can be an exciting yet challenging experience. Navigating the legal landscape is crucial for a successful stay in the country. From understanding immigration regulations,https://chamanlawfirm.com/resources/blog/legal-advice-for-expatriates-in-nigeria-ess,"Charles Chukwuma Nkwoka, Esq.",Immigration Services,current-law or procedure-sensitive topic,lawyer review required,no configured redirect conflict,already public,public canonical article already exists
hidden-231,https://chamanlawfirm.com/different-types-of-marriage-in-nigeria,different-types-of-marriage-in-nigeria,Different Types of Marriage in Nigeria,Sanity hidden source present,112 blocks; 9380 chars,clear,adequate block structure,template/content review recommended; do not invent legal claims,article template provides consultation/contact CTA,internal/external links present in body marks,image present,Different Types of Marriage in Nigeria legal guide | Chaman Law Firm,Different Types of Marriage in Nigeria | Chaman Law Firm,"A comprehensive legal guide explaining the different types of marriage in Nigeria, their validity, legal implications, and rights of spouses.",https://chamanlawfirm.com/resources/blog/different-types-of-marriage-in-nigeria,"Charles Chukwuma Nkwoka, Esq.",Family Law,family-status topic requires lawyer review,low automated risk,no configured redirect conflict,already public,public canonical article already exists
hidden-232,https://chamanlawfirm.com/land-titles-in-nigeria,land-titles-in-nigeria,Land Titles in Nigeria,Sanity hidden source present,84 blocks; 9685 chars,clear,adequate block structure,template/content review recommended; do not invent legal claims,article template provides consultation/contact CTA,internal/external links present in body marks,image present,Land Titles in Nigeria legal guide | Chaman Law Firm,Land Titles in Nigeria | Chaman Law Firm,Land titles in Nigeria Critical Analysis: Implications of Land Titles on the Taxation of Real Estate Properties,https://chamanlawfirm.com/resources/blog/land-titles-in-nigeria,"Charles Chukwuma Nkwoka, Esq.",Property And Real Estate Law,current-law or procedure-sensitive topic,lawyer review required,no configured redirect conflict,already public,public canonical article already exists
hidden-233,https://chamanlawfirm.com/reasons-yourland-title-verification-may-fail,reasons-yourland-title-verification-may-fail,Reasons Land Title Verification May Fail,Sanity hidden source present,59 blocks; 7355 chars,clear,adequate block structure,template/content review recommended; do not invent legal claims,article template provides consultation/contact CTA,internal/external links present in body marks,image present,Reasons Land Title Verification May Fail legal guide | Chaman Law Firm,Reasons Land Title Verification May Fail | Chaman Law Firm,"Land ownership in Lagos is a prized asset, but verifying a land title can be fraught with challenges. The land title verification process is a crucial step to avoid disputes, financial loss, or even legal battles. Desp",https://chamanlawfirm.com/resources/blog/reasons-yourland-title-verification-may-fail,"Charles Chukwuma Nkwoka, Esq.",Property And Real Estate Law,current-law or procedure-sensitive topic,lawyer review required,no configured redirect conflict,already public,public canonical article already exists
hidden-234,https://chamanlawfirm.com/why-you-need-a-certificate-of-occupancy-in-nigeria,why-you-need-a-certificate-of-occupancy-in-nigeria,Why You Need a Certificate of Occupancy in Nigeria,Sanity hidden source present,20 blocks; 2877 chars,clear,adequate block structure,template/content review recommended; do not invent legal claims,article template provides consultation/contact CTA,internal/external links present in body marks,image present,Why You Need a Certificate of Occupancy in Nigeria legal guide | Chaman Law Firm,Why You Need a Certificate of Occupancy in Nigeria | Chaman Law Firm,"OUR STORY Quality, not quantity We have made quality our habit. It’s not something that we just strive for – we live by this principle every day. WHY YOU NEED A CERTIFICATE OF OCCUPANCY IN NIGERIA The C of O serves as",https://chamanlawfirm.com/resources/blog/why-you-need-a-certificate-of-occupancy-in-nigeria,"Charles Chukwuma Nkwoka, Esq.",Property And Real Estate Law,current-law or procedure-sensitive topic; dispute-resolution wording requires lawyer review,lawyer review required,no configured redirect conflict,already public,public canonical article already exists
hidden-235,https://chamanlawfirm.com/what-challenges-are-associated-with-preserving-and-digitizing-historical-land-records,what-challenges-are-associated-with-preserving-and-digitizing-historical-land-records,Challenges in Preserving and Digitizing Historical Land Records,Sanity hidden source present,30 blocks; 3128 chars,clear,adequate block structure,template/content review recommended; do not invent legal claims,article template provides consultation/contact CTA,internal/external links present in body marks,image present,Challenges in Preserving and Digitizing Historical Land Records legal guide | Chaman Law Firm,Challenges in Preserving and Digitizing Historical Land Records | Chaman Law Firm,"Introduction Nigeria's rich historical land records hold invaluable insights into property rights, land use, and heritage. However, the preservation and digitization of these records face numerous challenges that need",https://chamanlawfirm.com/resources/blog/what-challenges-are-associated-with-preserving-and-digitizing-historical-land-records,"Charles Chukwuma Nkwoka, Esq.",Property And Real Estate Law,dispute-resolution wording requires lawyer review,low automated risk,no configured redirect conflict,already public,public canonical article already exists
hidden-236,https://chamanlawfirm.com/real-estate-contracts,real-estate-contracts,Real Estate Contracts in Nigeria,Sanity hidden source present,83 blocks; 5713 chars,clear,adequate block structure,template/content review recommended; do not invent legal claims,article template provides consultation/contact CTA,internal/external links present in body marks,image present,Real Estate Contracts in Nigeria legal guide | Chaman Law Firm,Real Estate Contracts in Nigeria | Chaman Law Firm,"Because real estate contracts transactions usually involve significant financial and legal commitments, it is imperative to comprehend",https://chamanlawfirm.com/resources/blog/real-estate-contracts,"Charles Chukwuma Nkwoka, Esq.",Corporate & Commercial Law,unsupported outcome claim,low automated risk,no configured redirect conflict,already public,public canonical article already exists
hidden-237,https://chamanlawfirm.com/what-is-the-role-of-the-surveyor-general-in-land-allocation-under-the-land-use-act,what-is-the-role-of-the-surveyor-general-in-land-allocation-under-the-land-use-act,Role of the Surveyor-General in Land Allocation Under the Land Use Act,Sanity hidden source present,29 blocks; 3907 chars,clear,adequate block structure,template/content review recommended; do not invent legal claims,article template provides consultation/contact CTA,internal/external links present in body marks,image present,Role of the Surveyor-General in Land Allocation Under the Land Use Act legal guide | Chaman Law Firm,Role of the Surveyor-General in Land Allocation Under the Land Use Act | Chaman Law Firm,"Introduction: Embark on a journey through the intricate world of land allocation under the Land Use Act, unraveling the crucial role played by the Surveyor-General. This article explores the responsibilities, expertise",https://chamanlawfirm.com/resources/blog/what-is-the-role-of-the-surveyor-general-in-land-allocation-under-the-land-use-act,"Charles Chukwuma Nkwoka, Esq.",Property And Real Estate Law,dispute-resolution wording requires lawyer review,low automated risk,no configured redirect conflict,already public,public canonical article already exists
hidden-238,https://chamanlawfirm.com/what-is-the-legal-way-to-safeguard-your-will,what-is-the-legal-way-to-safeguard-your-will,Legal Ways to Safeguard Your Will in Nigeria,Sanity hidden source present,24 blocks; 5669 chars,clear,adequate block structure,template/content review recommended; do not invent legal claims,article template provides consultation/contact CTA,internal/external links present in body marks,image present,Legal Ways to Safeguard Your Will in Nigeria legal guide | Chaman Law Firm,Legal Ways to Safeguard Your Will in Nigeria | Chaman Law Firm,Introduction What is the legal way to safeguard your Will? What is a will? A Will is legal document in which an individual known as the testator describes how he/she would want his/her asset to be distributed upon thei,https://chamanlawfirm.com/resources/blog/what-is-the-legal-way-to-safeguard-your-will,"Charles Chukwuma Nkwoka, Esq.",Probate Estate Administration,low automated risk,low automated risk,no configured redirect conflict,already public,public canonical article already exists
hidden-239,https://chamanlawfirm.com/top-5-intellectual-property-enforcement-stra,top-5-intellectual-property-enforcement-stra,Intellectual Property Enforcement Strategies in Nigeria,Sanity hidden source present,77 blocks; 7973 chars,clear,adequate block structure,template/content review recommended; do not invent legal claims,article template provides consultation/contact CTA,internal/external links present in body marks,image present,Intellectual Property Enforcement Strategies in Nigeria legal guide | Chaman Law Firm,Intellectual Property Enforcement Strategies in Nigeria | Chaman Law Firm,"Introduction In today’s competitive business environment, protecting your intellectual property (IP) is crucial for maintaining a unique brand identity, securing your innovations, and preserving competitive advantages.",https://chamanlawfirm.com/resources/blog/top-5-intellectual-property-enforcement-stra,"Charles Chukwuma Nkwoka, Esq.",Property And Real Estate Law,low automated risk,low automated risk,no configured redirect conflict,already public,public canonical article already exists
hidden-240,https://chamanlawfirm.com/why-is-public-awareness-important-for-land-ownership-and-titles-in-nigeria,why-is-public-awareness-important-for-land-ownership-and-titles-in-nigeria,Why Public Awareness Matters for Land Ownership and Titles in Nigeria,Sanity hidden source present,27 blocks; 3915 chars,clear,adequate block structure,template/content review recommended; do not invent legal claims,article template provides consultation/contact CTA,internal/external links present in body marks,image present,Why Public Awareness Matters for Land Ownership and Titles in Nigeria legal guide | Chaman Law Firm,Why Public Awareness Matters for Land Ownership and Titles in Nigeria | Chaman Law Firm,"Introduction: Land is a precious and finite resource in Nigeria, and securing land ownership and titles is a crucial concern for individuals and communities. Public awareness about the importance of land ownership and",https://chamanlawfirm.com/resources/blog/why-is-public-awareness-important-for-land-ownership-and-titles-in-nigeria,"Charles Chukwuma Nkwoka, Esq.",Property And Real Estate Law,dispute-resolution wording requires lawyer review,low automated risk,no configured redirect conflict,already public,public canonical article already exists
hidden-241,https://chamanlawfirm.com/steps-to-understanding-financial-crimes,steps-to-understanding-financial-crimes,Understanding Financial Crimes in Nigeria,Sanity hidden source present,55 blocks; 8099 chars,clear,adequate block structure,template/content review recommended; do not invent legal claims,article template provides consultation/contact CTA,internal/external links present in body marks,image present,Understanding Financial Crimes in Nigeria legal guide | Chaman Law Firm,Understanding Financial Crimes in Nigeria | Chaman Law Firm,"Introduction Financial crimes are a significant concern in today’s economic landscape, often leading to severe legal repercussions and substantial penalties. These crimes can include fraud, money laundering, embezzleme",https://chamanlawfirm.com/resources/blog/steps-to-understanding-financial-crimes,"Charles Chukwuma Nkwoka, Esq.",Property And Real Estate Law,current-law or procedure-sensitive topic,lawyer review required,no configured redirect conflict,already public,public canonical article already exists
hidden-242,https://chamanlawfirm.com/review-of-corporate-affairs-commission-share-capital-for-company-registration-in-nigeria,review-of-corporate-affairs-commission-share-capital-for-company-registration-in-nigeria,Corporate Affairs Commission Share Capital Requirements for Company Registration,Sanity hidden source present,73 blocks; 4652 chars,clear,adequate block structure,template/content review recommended; do not invent legal claims,article template provides consultation/contact CTA,internal/external links present in body marks,image present,Corporate Affairs Commission Share Capital Requirements for Company Registration legal guide | Chaman Law Firm,Corporate Affairs Commission Share Capital Requirements for Company Registration | Chaman Law Firm,REVIEW OF CORPORATE AFFAIRS COMMISSION SHARE CAPITAL FOR COMPANY REGISTRATION IN NIGERIA A minimum share capital threshold must be met by individuals wishing to form a company in particular Nigerian industries and econ,https://chamanlawfirm.com/resources/blog/review-of-corporate-affairs-commission-share-capital-for-company-registration-in-nigeria,"Charles Chukwuma Nkwoka, Esq.",Corporate & Commercial Law,low automated risk,low automated risk,no configured redirect conflict,already public,public canonical article already exists
hidden-243,https://chamanlawfirm.com/register-your-company-with-cac-in-nigeria,register-your-company-with-cac-in-nigeria,How to Register Your Company With CAC in Nigeria,Sanity hidden source present,70 blocks; 5649 chars,clear,adequate block structure,template/content review recommended; do not invent legal claims,article template provides consultation/contact CTA,internal/external links present in body marks,image present,How to Register Your Company With CAC in Nigeria legal guide | Chaman Law Firm,How to Register Your Company With CAC in Nigeria | Chaman Law Firm,"Chaman Law Firm provides guidance on how to register your company with CAC in Nigeria, ensuring compliance and a seamless registration.",https://chamanlawfirm.com/resources/blog/register-your-company-with-cac-in-nigeria,"Charles Chukwuma Nkwoka, Esq.",Corporate & Commercial Law,current-law or procedure-sensitive topic,lawyer review required,no configured redirect conflict,already public,public canonical article already exists
hidden-244,https://chamanlawfirm.com/land-use-act-in-nigeria,land-use-act-in-nigeria,Land Use Act In Nigeria,Sanity hidden source present,98 blocks; 9342 chars,clear,adequate block structure,template/content review recommended; do not invent legal claims,article template provides consultation/contact CTA,internal/external links present in body marks,image missing,missing,Land Use Act In Nigeria | Chaman Law Firm,"Land Use Act Nigeria remains one of the most dynamic economies in sub-Saharan Africa, with vast land resources crucial for stimulating economic growth across sectors such as agriculture, real estate, oil and gas, infrast",https://chamanlawfirm.com/resources/blog/land-use-act-in-nigeria,"Charles Chukwuma Nkwoka, Esq.",Property And Real Estate Law,current-law or procedure-sensitive topic,lawyer review required,no configured redirect conflict,keep hidden,featured image missing; alt text missing or weak; current-law or procedure-sensitive topic
hidden-245,https://chamanlawfirm.com/obtain-a-certificate-of-occupancy-chaman-law,obtain-a-certificate-of-occupancy-chaman-law,How to Obtain a Certificate of Occupancy in Nigeria,Sanity hidden source present,86 blocks; 12177 chars,clear,adequate block structure,template/content review recommended; do not invent legal claims,article template provides consultation/contact CTA,internal/external links present in body marks,image present,How to Obtain a Certificate of Occupancy in Nigeria legal guide | Chaman Law Firm,How to Obtain a Certificate of Occupancy in Nigeria | Chaman Law Firm,"Obtain a Certificate of Occupancy for estate development in Ogun State, including necessary documents, fees, and legal requirements - Chaman",https://chamanlawfirm.com/resources/blog/obtain-a-certificate-of-occupancy-chaman-law,"Charles Chukwuma Nkwoka, Esq.",Property And Real Estate Law,current-law or procedure-sensitive topic; unsupported outcome claim,lawyer review required,no configured redirect conflict,already public,public canonical article already exists
hidden-246,https://chamanlawfirm.com/powerful-ways-on-property-ownership-in-nigeria,powerful-ways-on-property-ownership-in-nigeria,Powerful Ways On Property Ownership In Nigeria,Sanity hidden source present,65 blocks; 6973 chars,clear,adequate block structure,template/content review recommended; do not invent legal claims,article template provides consultation/contact CTA,internal/external links present in body marks,image missing,missing,Powerful Ways On Property Ownership In Nigeria | Chaman Law Firm,"Learn about property ownership in Nigeria, legal rights, acquisition, and regulations under the Land Use Act with insights from Chaman Law Firm.",https://chamanlawfirm.com/resources/blog/powerful-ways-on-property-ownership-in-nigeria,"Charles Chukwuma Nkwoka, Esq.",Property And Real Estate Law,low automated risk,low automated risk,no configured redirect conflict,keep hidden,featured image missing; alt text missing or weak
hidden-247,https://chamanlawfirm.com/how-to-start-a-private-lending-company,how-to-start-a-private-lending-company,How To Start A Private Lending Company,Sanity hidden source present,29 blocks; 4339 chars,clear,adequate block structure,template/content review recommended; do not invent legal claims,article template provides consultation/contact CTA,internal/external links present in body marks,image missing,missing,How To Start A Private Lending Company | Chaman Law Firm,HOW TO START A PRIVATE LENDING COMPANY IN NIGERIA Starting a private lending company in Nigeria involves several steps and considerations. Here is a general guide to help you get started: 1. Understand the Legal Framew,https://chamanlawfirm.com/resources/blog/how-to-start-a-private-lending-company,"Charles Chukwuma Nkwoka, Esq.",Corporate & Commercial Law,low automated risk,low automated risk,no configured redirect conflict,keep hidden,featured image missing; alt text missing or weak
hidden-248,https://chamanlawfirm.com/land-valuation-under-the-land-use-act,land-valuation-under-the-land-use-act,Land Valuation Under The Land Use Act,Sanity hidden source present,34 blocks; 4361 chars,clear,adequate block structure,template/content review recommended; do not invent legal claims,article template provides consultation/contact CTA,internal/external links present in body marks,image missing,missing,Land Valuation Under The Land Use Act | Chaman Law Firm,How is Land Valuation Carried out Under the Land Use Act? Land valuation under the Land Use Act in Nigeria is a structured and essential process....,https://chamanlawfirm.com/resources/blog/land-valuation-under-the-land-use-act,"Charles Chukwuma Nkwoka, Esq.",Property And Real Estate Law,current-law or procedure-sensitive topic,lawyer review required,no configured redirect conflict,keep hidden,featured image missing; alt text missing or weak; current-law or procedure-sensitive topic
hidden-249,https://chamanlawfirm.com/acquire-land-for-real-estate-development,acquire-land-for-real-estate-development,Acquire Land For Real Estate Development,Sanity hidden source present,121 blocks; 9613 chars,clear,adequate block structure,template/content review recommended; do not invent legal claims,article template provides consultation/contact CTA,internal/external links present in body marks,image missing,missing,Acquire Land For Real Estate Development | Chaman Law Firm,"Acquire Land for Real Estate Development - know the necessary steps, documentation, and regulatory requirements / Chaman Law Firm",https://chamanlawfirm.com/resources/blog/acquire-land-for-real-estate-development,"Charles Chukwuma Nkwoka, Esq.",Probate Estate Administration,current-law or procedure-sensitive topic; unsupported outcome claim,lawyer review required,no configured redirect conflict,keep hidden,featured image missing; alt text missing or weak; current-law or procedure-sensitive topic; unsupported outcome claim
hidden-250,https://chamanlawfirm.com/child-custody-and-visitations-emergencies,child-custody-and-visitations-emergencies,Child Custody And Visitations Emergencies,Sanity hidden source present,74 blocks; 19838 chars,clear,adequate block structure,template/content review recommended; do not invent legal claims,article template provides consultation/contact CTA,internal/external links present in body marks,image missing,missing,Child Custody And Visitations Emergencies | Chaman Law Firm,Child Custody And Visitations Emergencies,https://chamanlawfirm.com/resources/blog/child-custody-and-visitations-emergencies,"Charles Chukwuma Nkwoka, Esq.",Family Law,possible unsafe self-help wording; family-status topic requires lawyer review,low automated risk,no configured redirect conflict,keep hidden,featured image missing; alt text missing or weak; possible unsafe self-help wording; family-status topic requires lawyer review
hidden-251,https://chamanlawfirm.com/strategies-for-preventing-corporate-collapse,strategies-for-preventing-corporate-collapse,Strategies For Preventing Corporate Collapse,Sanity hidden source present,72 blocks; 18729 chars,clear,adequate block structure,template/content review recommended; do not invent legal claims,article template provides consultation/contact CTA,internal/external links present in body marks,image missing,missing,Strategies For Preventing Corporate Collapse | Chaman Law Firm,"Strategies For Preventing Corporate Collapse Corporate collapse is a significant risk that businesses, regardless of size or industry, must always be vigilant about...",https://chamanlawfirm.com/resources/blog/strategies-for-preventing-corporate-collapse,"Charles Chukwuma Nkwoka, Esq.",Corporate & Commercial Law,unsupported outcome claim,low automated risk,no configured redirect conflict,keep hidden,featured image missing; alt text missing or weak; unsupported outcome claim
hidden-252,https://chamanlawfirm.com/force-majeure-clauses-in-business-contracts,force-majeure-clauses-in-business-contracts,Force Majeure Clauses In Business Contracts,Sanity hidden source present,111 blocks; 21976 chars,clear,adequate block structure,template/content review recommended; do not invent legal claims,article template provides consultation/contact CTA,internal/external links present in body marks,image missing,missing,Force Majeure Clauses In Business Contracts | Chaman Law Firm,Force Majeure Clauses In Business Contracts,https://chamanlawfirm.com/resources/blog/force-majeure-clauses-in-business-contracts,"Charles Chukwuma Nkwoka, Esq.",Corporate & Commercial Law,low automated risk,low automated risk,no configured redirect conflict,already public,public canonical article already exists
hidden-253,https://chamanlawfirm.com/evaluating-real-estate-investment-returns,evaluating-real-estate-investment-returns,Evaluating Real Estate Investment Returns,Sanity hidden source present,116 blocks; 7532 chars,clear,adequate block structure,template/content review recommended; do not invent legal claims,article template provides consultation/contact CTA,internal/external links present in body marks,image missing,missing,Evaluating Real Estate Investment Returns | Chaman Law Firm,Evaluating Real Estate Investment Returns and performance metrics to make informed decisions and maximize profitability in the property market.,https://chamanlawfirm.com/resources/blog/evaluating-real-estate-investment-returns,"Charles Chukwuma Nkwoka, Esq.",Probate Estate Administration,low automated risk,low automated risk,no configured redirect conflict,already public,public canonical article already exists
hidden-254,https://chamanlawfirm.com/protect-your-properties-from-family-disputes,protect-your-properties-from-family-disputes,Protect Your Properties From Family Disputes,Sanity hidden source present,24 blocks; 1400 chars,clear,adequate block structure,template/content review recommended; do not invent legal claims,article template provides consultation/contact CTA,internal/external links present in body marks,image missing,missing,Protect Your Properties From Family Disputes | Chaman Law Firm,Discover effective ways to protect your properties from family disputes in Ogun State - Protect your inheritance with legal tips and smart planning.,https://chamanlawfirm.com/resources/blog/protect-your-properties-from-family-disputes,"Charles Chukwuma Nkwoka, Esq.",Family Law,low automated risk,low automated risk,no configured redirect conflict,keep hidden,featured image missing; alt text missing or weak
hidden-255,https://chamanlawfirm.com/notary-services-chaman-law-firm,notary-services-chaman-law-firm,Notary Services,Sanity hidden source present,93 blocks; 5948 chars,clear,adequate block structure,template/content review recommended; do not invent legal claims,article template provides consultation/contact CTA,internal/external links present in body marks,image missing,missing,Notary Services | Chaman Law Firm,notary services at Chaman Law Firm. Ensure your legal documents are certified and secure with our professional and reliable notary experts.,https://chamanlawfirm.com/resources/blog/notary-services-chaman-law-firm,"Charles Chukwuma Nkwoka, Esq.",Notary Public,misleading free-service wording,low automated risk,redirect conflict: /practice-areas/notary-public-services,keep hidden,featured image missing; alt text missing or weak; misleading free-service wording; legacy URL already redirects to /practice-areas/notary-public-services
hidden-256,https://chamanlawfirm.com/how-does-the-land-use-act-affect-forest-reserves,how-does-the-land-use-act-affect-forest-reserves,How Does The Land Use Act Affect Forest Reserves,Sanity hidden source present,28 blocks; 4107 chars,clear,adequate block structure,template/content review recommended; do not invent legal claims,article template provides consultation/contact CTA,internal/external links present in body marks,image missing,missing,How Does The Land Use Act Affect Forest Reserves | Chaman Law Firm,"How Does the Land Use Act Affect Forest Reserves? Ownership and management under the control of state governments. Under the Act, all land in a state,",https://chamanlawfirm.com/resources/blog/how-does-the-land-use-act-affect-forest-reserves,"Charles Chukwuma Nkwoka, Esq.",Property And Real Estate Law,low automated risk,low automated risk,no configured redirect conflict,keep hidden,featured image missing; alt text missing or weak
hidden-257,https://chamanlawfirm.com/3-proven-steps-on-how-to-rolve-land-disputes,3-proven-steps-on-how-to-rolve-land-disputes,3 Proven Steps On How To Rolve Land Disputes,Sanity hidden source present,62 blocks; 2987 chars,clear,adequate block structure,template/content review recommended; do not invent legal claims,article template provides consultation/contact CTA,internal/external links present in body marks,image missing,missing,3 Proven Steps On How To Rolve Land Disputes | Chaman Law Firm,3 Proven Steps on How to Resolve Land Disputes in Nigeria Without Going to Court,https://chamanlawfirm.com/resources/blog/3-proven-steps-on-how-to-rolve-land-disputes,"Charles Chukwuma Nkwoka, Esq.",Property And Real Estate Law,dispute-resolution wording requires lawyer review,low automated risk,no configured redirect conflict,already public,public canonical article already exists
hidden-258,https://chamanlawfirm.com/ultimate-legal-guide-to-buying-land-in-nigeria,ultimate-legal-guide-to-buying-land-in-nigeria,Ultimate Legal Guide To Buying Land In Nigeria,Sanity hidden source present,1431 blocks; 69885 chars,clear,adequate block structure,template/content review recommended; do not invent legal claims,article template provides consultation/contact CTA,internal/external links present in body marks,image present,Ultimate Legal Guide To Buying Land In Nigeria - Chaman Law Firm,Ultimate Legal Guide To Buying Land In Nigeria | Chaman Law Firm,"Learn the legal process of buying land in Nigeria, including due diligence, title verification, land searches, documentation, and fraud prevention.",https://chamanlawfirm.com/resources/blog/ultimate-legal-guide-to-buying-land-in-nigeria,"Charles Chukwuma Nkwoka, Esq.",Property And Real Estate Law,possible unsafe self-help wording; current-law or procedure-sensitive topic; dispute-resolution wording requires lawyer review; unsupported outcome claim,lawyer review required,no configured redirect conflict,keep hidden,possible unsafe self-help wording; current-law or procedure-sensitive topic; dispute-resolution wording requires lawyer review; unsupported outcome claim
hidden-259,https://chamanlawfirm.com/lekki-property-when-owner-dies-without-will,lekki-property-when-owner-dies-without-will,Lekki Property When Owner Dies Without Will,Sanity hidden source present,121 blocks; 11988 chars,clear,adequate block structure,template/content review recommended; do not invent legal claims,article template provides consultation/contact CTA,internal/external links present in body marks,image present,Lekki Property When Owner Dies Without Will legal guide | Chaman Law Firm,Lekki Property When Owner Dies Without Will | Chaman Law Firm,Learn what happens to Lekki property when owner dies without will. Chaman Law Firm provides expert legal advice on inheritance matters.,https://chamanlawfirm.com/resources/blog/lekki-property-when-owner-dies-without-will,"Charles Chukwuma Nkwoka, Esq.",Probate Estate Administration,current-law or procedure-sensitive topic; unsupported outcome claim,lawyer review required,no configured redirect conflict,already public,public canonical article already exists
hidden-260,https://chamanlawfirm.com/property-developers-guide-to-tax-compliance,property-developers-guide-to-tax-compliance,Property Developers Guide To Tax Compliance,Sanity hidden source present,121 blocks; 12318 chars,clear,adequate block structure,template/content review recommended; do not invent legal claims,article template provides consultation/contact CTA,internal/external links present in body marks,image present,Property Developers Guide To Tax Compliance legal guide | Chaman Law Firm,Property Developers Guide To Tax Compliance | Chaman Law Firm,Property Developers- Guide to Tax Compliance -from VAT and income tax to land use charges and compliance steps / Chaman Law Firm,https://chamanlawfirm.com/resources/blog/property-developers-guide-to-tax-compliance,"Charles Chukwuma Nkwoka, Esq.",Corporate & Commercial Law,off-brand/property-sales wording; current-law or procedure-sensitive topic,lawyer review required,no configured redirect conflict,keep hidden,off-brand/property-sales wording; current-law or procedure-sensitive topic
