priority,old URL,slug,title,source body recovery,source body quality,plugin debris cleanup,formatting repair,answer-first intro,CTA,internal links,image,alt text,SEO title,meta description,canonical,author,category,legal risk,current-law risk,duplicate risk,approval readiness,notes
1,https://chamanlawfirm.com/landlord-and-tenant-rights-in-nigeria/,landlord-and-tenant-rights-in-nigeria,Landlord And Tenant Rights In Nigeria,needs source recovery,repair attempted from local evidence; requires article-level review,required before approval; no Sprint 11T approval without clean body,required before approval,recommended where legally safe,required before approval,required before approval,candidate image present; verify relevance,verify relevance before approval,Landlord and Tenant Rights in Nigeria: Complete Legal Guide,"Understand your rights as a landlord or tenant in Nigeria. Learn about tenancy laws, and rent obligations under Nigerian property law.",https://chamanlawfirm.com/resources/blog/landlord-and-tenant-rights-in-nigeria,"Charles Chukwuma Nkwoka, Esq.",property/title,blocked for lawyer/current-law review,requires current-law review,requires cannibalization check before approval,not approved in Sprint 11T,Deep-repair queue from SPRINT-11S-BLOG-DEEP-REPAIR-BATCH.csv; kept hidden until all gates pass.
2,https://chamanlawfirm.com/obtaining-a-certificate-of-occupancy-c-of-o/,obtaining-a-certificate-of-occupancy-c-of-o,Obtaining A Certificate Of Occupancy C Of O,needs source recovery,repair attempted from local evidence; requires article-level review,required before approval; no Sprint 11T approval without clean body,required before approval,recommended where legally safe,required before approval,required before approval,image recovery required,required,The best way to obtain Certificate of Occupancy in Nigeria,"Certificate of Occupancy In Nigeria, for a person to successfully establish ownership or acquisition of land or landed property,",https://chamanlawfirm.com/resources/blog/obtaining-a-certificate-of-occupancy-c-of-o,"Charles Chukwuma Nkwoka, Esq.",property/title,blocked for lawyer/current-law review,requires current-law review,requires cannibalization check before approval,not approved in Sprint 11T,Deep-repair queue from SPRINT-11S-BLOG-DEEP-REPAIR-BATCH.csv; kept hidden until all gates pass.
3,https://chamanlawfirm.com/cac-public-search-guide-nigeria/,cac-public-search-guide-nigeria,CAC Public Search Guide Nigeria,needs source recovery,repair attempted from local evidence; requires article-level review,required before approval; no Sprint 11T approval without clean body,required before approval,recommended where legally safe,required before approval,required before approval,candidate image present; verify relevance,verify relevance before approval,How to Use CAC Public Search in Nigeria | Chaman Law Firm,"Learn how CAC public search helps verify Nigerian company information, what it can and cannot prove, and when to request legal due diligence.",https://chamanlawfirm.com/resources/blog/cac-public-search-guide-nigeria,"Charles Chukwuma Nkwoka, Esq.",corporate/commercial,low/medium - editorial and legal review still required,requires current-law review,requires cannibalization check before approval,not approved in Sprint 11T,Deep-repair queue from SPRINT-11S-BLOG-DEEP-REPAIR-BATCH.csv; kept hidden until all gates pass.
4,https://chamanlawfirm.com/the-jurisdiction-of-courts-in-nigeria/,the-jurisdiction-of-courts-in-nigeria,The Jurisdiction Of Courts In Nigeria,needs source recovery,repair attempted from local evidence; requires article-level review,required before approval; no Sprint 11T approval without clean body,required before approval,recommended where legally safe,required before approval,required before approval,candidate image present; verify relevance,verify relevance before approval,The Jurisdiction of Courts in Nigeria | Chaman Law Firm,"Understand how Nigerian court jurisdiction works, why the correct forum matters, and why legal advice is important before filing a claim.",https://chamanlawfirm.com/resources/blog/the-jurisdiction-of-courts-in-nigeria,"Charles Chukwuma Nkwoka, Esq.",litigation/ADR,low/medium - editorial and legal review still required,requires current-law review,requires cannibalization check before approval,not approved in Sprint 11T,Deep-repair queue from SPRINT-11S-BLOG-DEEP-REPAIR-BATCH.csv; kept hidden until all gates pass.
5,https://chamanlawfirm.com/the-concept-of-rule-of-law-in-nigeria/,the-concept-of-rule-of-law-in-nigeria,The Concept Of Rule Of Law In Nigeria,existing hidden Sanity/source queue,repair attempted from local evidence; requires article-level review,required before approval; no Sprint 11T approval without clean body,required before approval,recommended where legally safe,required before approval,required before approval,image recovery required,required,THE CONCEPT OF RULE OF LAW IN NIGERIA,"THE CONCEPT OF RULE OF LAW IN NIGERIA, Rule of law is a legal maxim that suggests that no one is above the law and governmental decisions....",https://chamanlawfirm.com/resources/blog/the-concept-of-rule-of-law-in-nigeria,"Charles Chukwuma Nkwoka, Esq.",general legal education,low/medium - editorial and legal review still required,requires current-law review,requires cannibalization check before approval,not approved in Sprint 11T,Deep-repair queue from SPRINT-11S-BLOG-DEEP-REPAIR-BATCH.csv; kept hidden until all gates pass.
6,https://chamanlawfirm.com/types-of-tenant-in-nigeria/,types-of-tenant-in-nigeria,Types Of Tenant In Nigeria,needs source recovery,repair attempted from local evidence; requires article-level review,required before approval; no Sprint 11T approval without clean body,required before approval,recommended where legally safe,required before approval,required before approval,candidate image present; verify relevance,verify relevance before approval,Types of Tenants in Nigeria | Chaman Law Firm,"Understand common types of tenants in Nigeria, including fixed-term and periodic tenancies, and why tenancy classification affects notices and rights.",https://chamanlawfirm.com/resources/blog/types-of-tenant-in-nigeria,"Charles Chukwuma Nkwoka, Esq.",property/title,blocked for lawyer/current-law review,requires current-law review,requires cannibalization check before approval,not approved in Sprint 11T,Deep-repair queue from SPRINT-11S-BLOG-DEEP-REPAIR-BATCH.csv; kept hidden until all gates pass.
7,https://chamanlawfirm.com/how-to-change-car-ownership-in-nigeria/,how-to-change-car-ownership-in-nigeria,How To Change Car Ownership In Nigeria,needs source recovery,repair attempted from local evidence; requires article-level review,required before approval; no Sprint 11T approval without clean body,required before approval,recommended where legally safe,required before approval,required before approval,image recovery required,required,requires preservation or rewrite,requires preservation or rewrite,https://chamanlawfirm.com/resources/blog/how-to-change-car-ownership-in-nigeria,"Charles Chukwuma Nkwoka, Esq.",general legal education,low/medium - editorial and legal review still required,requires current-law review,requires cannibalization check before approval,not approved in Sprint 11T,Deep-repair queue from SPRINT-11S-BLOG-DEEP-REPAIR-BATCH.csv; kept hidden until all gates pass.
8,https://chamanlawfirm.com/proper-steps-to-eviction-of-tenants/,proper-steps-to-eviction-of-tenants,Proper Steps To Eviction Of Tenants,needs source recovery,repair attempted from local evidence; requires article-level review,required before approval; no Sprint 11T approval without clean body,required before approval,recommended where legally safe,required before approval,required before approval,candidate image present; verify relevance,verify relevance before approval,Proper Legal Steps to Evict a Tenant in Nigeria | Chaman Law Firm,"Learn the lawful steps landlords should consider before recovering premises, including notices, court process, and avoiding self-help eviction.",https://chamanlawfirm.com/resources/blog/proper-steps-to-eviction-of-tenants,"Charles Chukwuma Nkwoka, Esq.",property/title,blocked for lawyer/current-law review,requires current-law review,requires cannibalization check before approval,not approved in Sprint 11T,Deep-repair queue from SPRINT-11S-BLOG-DEEP-REPAIR-BATCH.csv; kept hidden until all gates pass.
9,https://chamanlawfirm.com/how-to-track-a-stolen-phone-in-nigeria/,how-to-track-a-stolen-phone-in-nigeria,How To Track A Stolen Phone In Nigeria,needs source recovery,repair attempted from local evidence; requires article-level review,required before approval; no Sprint 11T approval without clean body,required before approval,recommended where legally safe,required before approval,required before approval,image recovery required,required,requires preservation or rewrite,requires preservation or rewrite,https://chamanlawfirm.com/resources/blog/how-to-track-a-stolen-phone-in-nigeria,"Charles Chukwuma Nkwoka, Esq.",general legal education,low/medium - editorial and legal review still required,requires current-law review,requires cannibalization check before approval,not approved in Sprint 11T,Deep-repair queue from SPRINT-11S-BLOG-DEEP-REPAIR-BATCH.csv; kept hidden until all gates pass.
10,https://chamanlawfirm.com/the-ogun-state-tenancy-law-chaman-law-firm/,the-ogun-state-tenancy-law-chaman-law-firm,The Ogun State Tenancy Law Chaman Law Firm,needs source recovery,repair attempted from local evidence; requires article-level review,required before approval; no Sprint 11T approval without clean body,required before approval,recommended where legally safe,required before approval,required before approval,candidate image present; verify relevance,verify relevance before approval,"Ogun State Tenancy Law: Rights, Notices and Eviction | Chaman Law Firm","A practical guide to tenancy issues in Ogun State, including agreements, rent, notices, lawful eviction, and when to seek legal advice.",https://chamanlawfirm.com/resources/blog/the-ogun-state-tenancy-law-chaman-law-firm,"Charles Chukwuma Nkwoka, Esq.",general legal education,low/medium - editorial and legal review still required,requires current-law review,requires cannibalization check before approval,not approved in Sprint 11T,Deep-repair queue from SPRINT-11S-BLOG-DEEP-REPAIR-BATCH.csv; kept hidden until all gates pass.
11,https://chamanlawfirm.com/building-permit-approval-in-ogun-state/,building-permit-approval-in-ogun-state,Building Permit Approval In Ogun State,needs source recovery,repair attempted from local evidence; requires article-level review,required before approval; no Sprint 11T approval without clean body,required before approval,recommended where legally safe,required before approval,required before approval,candidate image present; verify relevance,verify relevance before approval,How to Get Building Permit Approval in Ogun State | Chaman Law Firm,"Learn the key legal and compliance issues for building permit approval in Ogun State, including title checks, drawings, applications, and official approvals.",https://chamanlawfirm.com/resources/blog/building-permit-approval-in-ogun-state,"Charles Chukwuma Nkwoka, Esq.",general legal education,low/medium - editorial and legal review still required,requires current-law review,requires cannibalization check before approval,not approved in Sprint 11T,Deep-repair queue from SPRINT-11S-BLOG-DEEP-REPAIR-BATCH.csv; kept hidden until all gates pass.
12,https://chamanlawfirm.com/list-of-government-agencies-of-nigeria/,list-of-government-agencies-of-nigeria,List Of Government Agencies Of Nigeria,needs source recovery,repair attempted from local evidence; requires article-level review,required before approval; no Sprint 11T approval without clean body,required before approval,recommended where legally safe,required before approval,required before approval,image recovery required,required,requires preservation or rewrite,requires preservation or rewrite,https://chamanlawfirm.com/resources/blog/list-of-government-agencies-of-nigeria,"Charles Chukwuma Nkwoka, Esq.",general legal education,low/medium - editorial and legal review still required,requires current-law review,requires cannibalization check before approval,not approved in Sprint 11T,Deep-repair queue from SPRINT-11S-BLOG-DEEP-REPAIR-BATCH.csv; kept hidden until all gates pass.
13,https://chamanlawfirm.com/4-steps-on-how-to-deal-with-a-bad-landlordin/,4-steps-on-how-to-deal-with-a-bad-landlordin,4 Steps On How To Deal With A Bad Landlordin,needs source recovery,repair attempted from local evidence; requires article-level review,required before approval; no Sprint 11T approval without clean body,required before approval,recommended where legally safe,required before approval,required before approval,candidate image present; verify relevance,verify relevance before approval,How to Deal with a Bad Landlord,"Introduction As a tenant in Lagos State, you may sometimes find yourself dealing with a landlord who doesn’t play by the rules. Some landlords can be quite difficult, using tactics like police intimidation, harassment,",https://chamanlawfirm.com/resources/blog/4-steps-on-how-to-deal-with-a-bad-landlordin,"Charles Chukwuma Nkwoka, Esq.",property/title,blocked for lawyer/current-law review,requires current-law review,requires cannibalization check before approval,not approved in Sprint 11T,Deep-repair queue from SPRINT-11S-BLOG-DEEP-REPAIR-BATCH.csv; kept hidden until all gates pass.
14,https://chamanlawfirm.com/joinder-of-parties-misjoinder-of-parties/,joinder-of-parties-misjoinder-of-parties,Joinder Of Parties Misjoinder Of Parties,needs source recovery,repair attempted from local evidence; requires article-level review,required before approval; no Sprint 11T approval without clean body,required before approval,recommended where legally safe,required before approval,required before approval,candidate image present; verify relevance,verify relevance before approval,Joinder and Misjoinder of Parties,JOINDER OF PARTIES (MISJOINDER OF PARTIES) Nigerian jurisprudence generally allows the joinder of a person as co-plaintiff,https://chamanlawfirm.com/resources/blog/joinder-of-parties-misjoinder-of-parties,"Charles Chukwuma Nkwoka, Esq.",general legal education,low/medium - editorial and legal review still required,requires current-law review,requires cannibalization check before approval,not approved in Sprint 11T,Deep-repair queue from SPRINT-11S-BLOG-DEEP-REPAIR-BATCH.csv; kept hidden until all gates pass.
15,https://chamanlawfirm.com/how-to-change-name-with-deed-poll/,how-to-change-name-with-deed-poll,How To Change Name With Deed Poll,needs source recovery,repair attempted from local evidence; requires article-level review,required before approval; no Sprint 11T approval without clean body,required before approval,recommended where legally safe,required before approval,required before approval,candidate image present; verify relevance,verify relevance before approval,How to Change Name with Deed Poll in Nigeria | Chaman Law Firm,"Learn the general process for changing a name with deed poll in Nigeria, including documentation, publication, and when to seek legal help.",https://chamanlawfirm.com/resources/blog/how-to-change-name-with-deed-poll,"Charles Chukwuma Nkwoka, Esq.",property/title,low/medium - editorial and legal review still required,requires current-law review,requires cannibalization check before approval,not approved in Sprint 11T,Deep-repair queue from SPRINT-11S-BLOG-DEEP-REPAIR-BATCH.csv; kept hidden until all gates pass.
16,https://chamanlawfirm.com/statutory-right-of-occupancy-vs-customary-right/,statutory-right-of-occupancy-vs-customary-right,Statutory Right Of Occupancy Vs Customary Right,needs source recovery,repair attempted from local evidence; requires article-level review,required before approval; no Sprint 11T approval without clean body,required before approval,recommended where legally safe,required before approval,required before approval,candidate image present; verify relevance,verify relevance before approval,Statutory Right of Occupancy vs Customary Right: Powerful Insight: Statutory vs Customary Right of Occupancy Explained,Statutory Right of Occupancy vs Customary Right Understand the difference between Statutory Right of Occupancy and Customary Right of Occupancy under Nigerian law...,https://chamanlawfirm.com/resources/blog/statutory-right-of-occupancy-vs-customary-right,"Charles Chukwuma Nkwoka, Esq.",general legal education,low/medium - editorial and legal review still required,requires current-law review,requires cannibalization check before approval,not approved in Sprint 11T,Deep-repair queue from SPRINT-11S-BLOG-DEEP-REPAIR-BATCH.csv; kept hidden until all gates pass.
17,https://chamanlawfirm.com/ways-to-prove-ownership-of-land/,ways-to-prove-ownership-of-land,Ways To Prove Ownership Of Land,needs source recovery,repair attempted from local evidence; requires article-level review,required before approval; no Sprint 11T approval without clean body,required before approval,recommended where legally safe,required before approval,required before approval,candidate image present; verify relevance,verify relevance before approval,Five Ways to Prove Ownership of Land in Nigeria | Chaman Law Firm,"Learn common ways to prove land ownership in Nigeria and why title verification, documents, possession, and legal advice matter.",https://chamanlawfirm.com/resources/blog/ways-to-prove-ownership-of-land,"Charles Chukwuma Nkwoka, Esq.",property/title,blocked for lawyer/current-law review,requires current-law review,requires cannibalization check before approval,not approved in Sprint 11T,Deep-repair queue from SPRINT-11S-BLOG-DEEP-REPAIR-BATCH.csv; kept hidden until all gates pass.
18,https://chamanlawfirm.com/5-steps-on-how-to-obtain-restraining-order/,5-steps-on-how-to-obtain-restraining-order,5 Steps On How To Obtain Restraining Order,needs source recovery,repair attempted from local evidence; requires article-level review,required before approval; no Sprint 11T approval without clean body,required before approval,recommended where legally safe,required before approval,required before approval,candidate image present; verify relevance,verify relevance before approval,How to Obtain a Restraining Order,"Introduction In Nigeria, restraining and protection orders are legal tools designed to safeguard individuals from threats, harassment, or violence. These orders are crucial in cases of domestic violence, stalking, hara",https://chamanlawfirm.com/resources/blog/5-steps-on-how-to-obtain-restraining-order,"Charles Chukwuma Nkwoka, Esq.",general legal education,blocked for lawyer/current-law review,requires current-law review,requires cannibalization check before approval,not approved in Sprint 11T,Deep-repair queue from SPRINT-11S-BLOG-DEEP-REPAIR-BATCH.csv; kept hidden until all gates pass.
19,https://chamanlawfirm.com/steps-on-how-to-confidently-report-acrimelaw/,steps-on-how-to-confidently-report-acrimelaw,Steps On How To Confidently Report Acrimelaw,existing hidden Sanity/source queue,repair attempted from local evidence; requires article-level review,required before approval; no Sprint 11T approval without clean body,required before approval,recommended where legally safe,required before approval,required before approval,candidate image present; verify relevance,verify relevance before approval,Steps On How To Confidently Report Acrimelaw,"Introduction Reporting a crime is a crucial step in ensuring justice and maintaining public safety. In Nigeria, the process of reporting a crime can be straightforward, but understanding the appropriate steps can help",https://chamanlawfirm.com/resources/blog/steps-on-how-to-confidently-report-acrimelaw,"Charles Chukwuma Nkwoka, Esq.",general legal education,low/medium - editorial and legal review still required,requires current-law review,requires cannibalization check before approval,not approved in Sprint 11T,Deep-repair queue from SPRINT-11S-BLOG-DEEP-REPAIR-BATCH.csv; kept hidden until all gates pass.
20,https://chamanlawfirm.com/what-are-elements-of-tax-law/,what-are-elements-of-tax-law,What Are Elements Of Tax Law,needs source recovery,repair attempted from local evidence; requires article-level review,required before approval; no Sprint 11T approval without clean body,required before approval,recommended where legally safe,required before approval,required before approval,candidate image present; verify relevance,verify relevance before approval,Elements of Tax Law,"Introduction Quality, not quantity We have made quality our habit. It’s not something that we just strive for – we live by this principle every day. WHAT ARE ELEMENTS OF TAXATION? Law is comprised of components or elem",https://chamanlawfirm.com/resources/blog/what-are-elements-of-tax-law,"Charles Chukwuma Nkwoka, Esq.",corporate/commercial,blocked for lawyer/current-law review,requires current-law review,requires cannibalization check before approval,not approved in Sprint 11T,Deep-repair queue from SPRINT-11S-BLOG-DEEP-REPAIR-BATCH.csv; kept hidden until all gates pass.
21,https://chamanlawfirm.com/apply-for-drivers-licence-in-nigeria/,apply-for-drivers-licence-in-nigeria,Apply For Drivers Licence In Nigeria,needs source recovery,repair attempted from local evidence; requires article-level review,required before approval; no Sprint 11T approval without clean body,required before approval,recommended where legally safe,required before approval,required before approval,image recovery required,required,requires preservation or rewrite,requires preservation or rewrite,https://chamanlawfirm.com/resources/blog/apply-for-drivers-licence-in-nigeria,"Charles Chukwuma Nkwoka, Esq.",general legal education,low/medium - editorial and legal review still required,requires current-law review,requires cannibalization check before approval,not approved in Sprint 11T,Deep-repair queue from SPRINT-11S-BLOG-DEEP-REPAIR-BATCH.csv; kept hidden until all gates pass.
22,https://chamanlawfirm.com/tax-administration-in-nigeria/,tax-administration-in-nigeria,Tax Administration In Nigeria,needs source recovery,repair attempted from local evidence; requires article-level review,required before approval; no Sprint 11T approval without clean body,required before approval,recommended where legally safe,required before approval,required before approval,candidate image present; verify relevance,verify relevance before approval,Tax Administration in Nigeria,"TAX ADMINISTRATION IN NIGERIA In Nigeria, taxation is regulated by law. Implicitly, the passing of the applicable statute is required to make such a tax a legal obligation (Act, By-law, decree among others). The admini",https://chamanlawfirm.com/resources/blog/tax-administration-in-nigeria,"Charles Chukwuma Nkwoka, Esq.",corporate/commercial,blocked for lawyer/current-law review,requires current-law review,requires cannibalization check before approval,not approved in Sprint 11T,Deep-repair queue from SPRINT-11S-BLOG-DEEP-REPAIR-BATCH.csv; kept hidden until all gates pass.
23,https://chamanlawfirm.com/difference-between-ownership-and-possession/,difference-between-ownership-and-possession,Difference Between Ownership And Possession,needs source recovery,repair attempted from local evidence; requires article-level review,required before approval; no Sprint 11T approval without clean body,required before approval,recommended where legally safe,required before approval,required before approval,candidate image present; verify relevance,verify relevance before approval,Powerful Steps: Difference Between Ownership and Possession,"the difference between ownership and possession in Nigerian law, including legal definitions, rights, and implications for property holders.",https://chamanlawfirm.com/resources/blog/difference-between-ownership-and-possession,"Charles Chukwuma Nkwoka, Esq.",general legal education,low/medium - editorial and legal review still required,requires current-law review,requires cannibalization check before approval,not approved in Sprint 11T,Deep-repair queue from SPRINT-11S-BLOG-DEEP-REPAIR-BATCH.csv; kept hidden until all gates pass.
24,https://chamanlawfirm.com/community-development-associations-law/,community-development-associations-law,Community Development Associations Law,needs source recovery,repair attempted from local evidence; requires article-level review,required before approval; no Sprint 11T approval without clean body,required before approval,recommended where legally safe,required before approval,required before approval,candidate image present; verify relevance,verify relevance before approval,Powerful Ways: Community Development Associations Law,"Community Development Associations Law of Lagos State, The Lagos State House of Assembly enacted the Community....",https://chamanlawfirm.com/resources/blog/community-development-associations-law,"Charles Chukwuma Nkwoka, Esq.",general legal education,low/medium - editorial and legal review still required,requires current-law review,requires cannibalization check before approval,not approved in Sprint 11T,Deep-repair queue from SPRINT-11S-BLOG-DEEP-REPAIR-BATCH.csv; kept hidden until all gates pass.
25,https://chamanlawfirm.com/child-support-and-maintenance-payment/,child-support-and-maintenance-payment,Child Support And Maintenance Payment,needs source recovery,repair attempted from local evidence; requires article-level review,required before approval; no Sprint 11T approval without clean body,required before approval,recommended where legally safe,required before approval,required before approval,candidate image present; verify relevance,verify relevance before approval,Child Support And Maintenance-Payment; Essential Guide to Navigating Child Support and Maintenance Payments in Nigeria Without Stress,"Child Support And Maintenance-Payment Child support and maintenance payments are crucial aspects of family law, often arising in cases of divorce, separation, or disputes...",https://chamanlawfirm.com/resources/blog/child-support-and-maintenance-payment,"Charles Chukwuma Nkwoka, Esq.",family law,blocked for lawyer/current-law review,requires current-law review,requires cannibalization check before approval,not approved in Sprint 11T,Deep-repair queue from SPRINT-11S-BLOG-DEEP-REPAIR-BATCH.csv; kept hidden until all gates pass.
26,https://chamanlawfirm.com/how-to-notarize-a-document-in-nigeria/,how-to-notarize-a-document-in-nigeria,How To Notarize A Document In Nigeria,needs source recovery,repair attempted from local evidence; requires article-level review,required before approval; no Sprint 11T approval without clean body,required before approval,recommended where legally safe,required before approval,required before approval,candidate image present; verify relevance,verify relevance before approval,How to Notarize a Document in Nigeria | Chaman Law Firm,"Learn what notarisation means in Nigeria, when documents may need a Notary Public, and what to prepare before notarising a document.",https://chamanlawfirm.com/resources/blog/how-to-notarize-a-document-in-nigeria,"Charles Chukwuma Nkwoka, Esq.",notary/documentation,low/medium - editorial and legal review still required,requires current-law review,requires cannibalization check before approval,not approved in Sprint 11T,Deep-repair queue from SPRINT-11S-BLOG-DEEP-REPAIR-BATCH.csv; kept hidden until all gates pass.
27,https://chamanlawfirm.com/how-to-replace-a-lost-a-marriage-certificate/,how-to-replace-a-lost-a-marriage-certificate,How To Replace A Lost A Marriage Certificate,needs source recovery,repair attempted from local evidence; requires article-level review,required before approval; no Sprint 11T approval without clean body,required before approval,recommended where legally safe,required before approval,required before approval,candidate image present; verify relevance,verify relevance before approval,HOW TO REPLACE A LOST A MARRIAGE CERTIFICATE,"To replace a lost marriage certificate in Nigeria, follow these general steps: 1. Report the loss: Inform the appropriate authorities about the lost marriage certificate. This may involve visiting the nearest police s...",https://chamanlawfirm.com/resources/blog/how-to-replace-a-lost-a-marriage-certificate,"Charles Chukwuma Nkwoka, Esq.",family law,blocked for lawyer/current-law review,requires current-law review,requires cannibalization check before approval,not approved in Sprint 11T,Deep-repair queue from SPRINT-11S-BLOG-DEEP-REPAIR-BATCH.csv; kept hidden until all gates pass.
28,https://chamanlawfirm.com/the-statutory-right-of-occupancy-in-nigeria/,the-statutory-right-of-occupancy-in-nigeria,The Statutory Right Of Occupancy In Nigeria,needs source recovery,repair attempted from local evidence; requires article-level review,required before approval; no Sprint 11T approval without clean body,required before approval,recommended where legally safe,required before approval,required before approval,candidate image present; verify relevance,verify relevance before approval,Statutory Right of Occupancy in Nigeria | Chaman Law Firm,"Understand statutory right of occupancy in Nigeria, its role under land law, and why title verification matters before land transactions.",https://chamanlawfirm.com/resources/blog/the-statutory-right-of-occupancy-in-nigeria,"Charles Chukwuma Nkwoka, Esq.",general legal education,low/medium - editorial and legal review still required,requires current-law review,requires cannibalization check before approval,not approved in Sprint 11T,Deep-repair queue from SPRINT-11S-BLOG-DEEP-REPAIR-BATCH.csv; kept hidden until all gates pass.
29,https://chamanlawfirm.com/legal-steps-to-take-when-our-land-has-been/,legal-steps-to-take-when-our-land-has-been,Legal Steps To Take When Our Land Has Been,needs source recovery,repair attempted from local evidence; requires article-level review,required before approval; no Sprint 11T approval without clean body,required before approval,recommended where legally safe,required before approval,required before approval,candidate image present; verify relevance,verify relevance before approval,Legal Steps When Land Has Been Affected,Introduction Land encroachment is a common legal challenge many property owners in Nigeria face. It occurs when another individual or entity unlawfully trespasses or occupies part of your land. Protecting your property,https://chamanlawfirm.com/resources/blog/legal-steps-to-take-when-our-land-has-been,"Charles Chukwuma Nkwoka, Esq.",property/title,blocked for lawyer/current-law review,requires current-law review,requires cannibalization check before approval,not approved in Sprint 11T,Deep-repair queue from SPRINT-11S-BLOG-DEEP-REPAIR-BATCH.csv; kept hidden until all gates pass.
30,https://chamanlawfirm.com/transfer-of-company-shares-in-nigeria/,transfer-of-company-shares-in-nigeria,Transfer Of Company Shares In Nigeria,needs source recovery,repair attempted from local evidence; requires article-level review,required before approval; no Sprint 11T approval without clean body,required before approval,recommended where legally safe,required before approval,required before approval,candidate image present; verify relevance,verify relevance before approval,Transfer of Company Shares in Nigeria | Chaman Law Firm,"Learn the general legal steps and documents involved in transferring company shares in Nigeria, and why corporate-law review matters.",https://chamanlawfirm.com/resources/blog/transfer-of-company-shares-in-nigeria,"Charles Chukwuma Nkwoka, Esq.",corporate/commercial,low/medium - editorial and legal review still required,requires current-law review,requires cannibalization check before approval,not approved in Sprint 11T,Deep-repair queue from SPRINT-11S-BLOG-DEEP-REPAIR-BATCH.csv; kept hidden until all gates pass.
31,https://chamanlawfirm.com/rights-of-tenants-in-ogun-chaman-law-firm/,rights-of-tenants-in-ogun-chaman-law-firm,Rights Of Tenants In Ogun Chaman Law Firm,needs source recovery,repair attempted from local evidence; requires article-level review,required before approval; no Sprint 11T approval without clean body,required before approval,recommended where legally safe,required before approval,required before approval,candidate image present; verify relevance,verify relevance before approval,Powerful Steps: Rights of Tenants in Ogun / Chaman Law Firm,Rights of Tenants in Ogun - Learn the legal protections to help tenants understand their rights and avoid common disputes with landlords.,https://chamanlawfirm.com/resources/blog/rights-of-tenants-in-ogun-chaman-law-firm,"Charles Chukwuma Nkwoka, Esq.",property/title,blocked for lawyer/current-law review,requires current-law review,requires cannibalization check before approval,not approved in Sprint 11T,Deep-repair queue from SPRINT-11S-BLOG-DEEP-REPAIR-BATCH.csv; kept hidden until all gates pass.
32,https://chamanlawfirm.com/5-vital-role-of-consumer-protection-agencies/,5-vital-role-of-consumer-protection-agencies,5 Vital Role Of Consumer Protection Agencies,needs source recovery,repair attempted from local evidence; requires article-level review,required before approval; no Sprint 11T approval without clean body,required before approval,recommended where legally safe,required before approval,required before approval,candidate image present; verify relevance,verify relevance before approval,Role of Consumer Protection Agencies,"Introduction The role In today's fast-paced and increasingly complex marketplace, consumers often find themselves at a disadvantage. With a plethora of products and services available, the risk of exploitation, fraud,",https://chamanlawfirm.com/resources/blog/5-vital-role-of-consumer-protection-agencies,"Charles Chukwuma Nkwoka, Esq.",general legal education,low/medium - editorial and legal review still required,requires current-law review,requires cannibalization check before approval,not approved in Sprint 11T,Deep-repair queue from SPRINT-11S-BLOG-DEEP-REPAIR-BATCH.csv; kept hidden until all gates pass.
33,https://chamanlawfirm.com/the-overall-list-of-federal-laws-in-nigeria/,the-overall-list-of-federal-laws-in-nigeria,The Overall List Of Federal Laws In Nigeria,existing hidden Sanity/source queue,repair attempted from local evidence; requires article-level review,required before approval; no Sprint 11T approval without clean body,required before approval,recommended where legally safe,required before approval,required before approval,candidate image present; verify relevance,verify relevance before approval,THE OVERALL LIST OF FEDERAL LAWS IN NIGERIA,"THE OVERALL LIST OF FEDERAL LAWS IN NIGERIA, The Laws of the Federation of Nigeria comprises all the laws in existence in Nigeria....",https://chamanlawfirm.com/resources/blog/the-overall-list-of-federal-laws-in-nigeria,"Charles Chukwuma Nkwoka, Esq.",general legal education,low/medium - editorial and legal review still required,requires current-law review,requires cannibalization check before approval,not approved in Sprint 11T,Deep-repair queue from SPRINT-11S-BLOG-DEEP-REPAIR-BATCH.csv; kept hidden until all gates pass.
34,https://chamanlawfirm.com/polygamy-and-multiple-marriages-in-nigeria/,polygamy-and-multiple-marriages-in-nigeria,Polygamy And Multiple Marriages In Nigeria,needs source recovery,repair attempted from local evidence; requires article-level review,required before approval; no Sprint 11T approval without clean body,required before approval,recommended where legally safe,required before approval,required before approval,candidate image present; verify relevance,verify relevance before approval,Polygamy And Multiple Marriages In Nigeria; The Ultimate Guide to Polygamy under Nigerian Law: Proven Essential Insights,Polygamy And Multiple Marriages In Nigeria,https://chamanlawfirm.com/resources/blog/polygamy-and-multiple-marriages-in-nigeria,"Charles Chukwuma Nkwoka, Esq.",family law,blocked for lawyer/current-law review,requires current-law review,requires cannibalization check before approval,not approved in Sprint 11T,Deep-repair queue from SPRINT-11S-BLOG-DEEP-REPAIR-BATCH.csv; kept hidden until all gates pass.
35,https://chamanlawfirm.com/steps-to-permanent-residency-in-nigeria/,steps-to-permanent-residency-in-nigeria,Steps To Permanent Residency In Nigeria,needs source recovery,repair attempted from local evidence; requires article-level review,required before approval; no Sprint 11T approval without clean body,required before approval,recommended where legally safe,required before approval,required before approval,candidate image present; verify relevance,verify relevance before approval,Steps to Permanent Residency in Nigeria,"Introduction Obtaining permanent residency in Nigeria is a crucial step for foreign nationals who wish to live, work, or invest in the country on a long-term basis. The process involves specific legal requirements and",https://chamanlawfirm.com/resources/blog/steps-to-permanent-residency-in-nigeria,"Charles Chukwuma Nkwoka, Esq.",immigration,low/medium - editorial and legal review still required,requires current-law review,requires cannibalization check before approval,not approved in Sprint 11T,Deep-repair queue from SPRINT-11S-BLOG-DEEP-REPAIR-BATCH.csv; kept hidden until all gates pass.
36,https://chamanlawfirm.com/what-are-the-sources-of-nigerian-law/,what-are-the-sources-of-nigerian-law,What Are The Sources Of Nigerian Law,needs source recovery,repair attempted from local evidence; requires article-level review,required before approval; no Sprint 11T approval without clean body,required before approval,recommended where legally safe,required before approval,required before approval,image recovery required,required,requires preservation or rewrite,requires preservation or rewrite,https://chamanlawfirm.com/resources/blog/what-are-the-sources-of-nigerian-law,"Charles Chukwuma Nkwoka, Esq.",general legal education,low/medium - editorial and legal review still required,requires current-law review,requires cannibalization check before approval,not approved in Sprint 11T,Deep-repair queue from SPRINT-11S-BLOG-DEEP-REPAIR-BATCH.csv; kept hidden until all gates pass.
37,https://chamanlawfirm.com/taxation-of-the-construction-sector-in-nigeria/,taxation-of-the-construction-sector-in-nigeria,Taxation Of The Construction Sector In Nigeria,needs source recovery,repair attempted from local evidence; requires article-level review,required before approval; no Sprint 11T approval without clean body,required before approval,recommended where legally safe,required before approval,required before approval,candidate image present; verify relevance,verify relevance before approval,Taxation of the Construction Sector in Nigeria,"TAXATION OF THE CONSTRUCTION SECTOR IN NIGERIA, In its most widely used context, construction covers the processes involved....",https://chamanlawfirm.com/resources/blog/taxation-of-the-construction-sector-in-nigeria,"Charles Chukwuma Nkwoka, Esq.",corporate/commercial,blocked for lawyer/current-law review,requires current-law review,requires cannibalization check before approval,not approved in Sprint 11T,Deep-repair queue from SPRINT-11S-BLOG-DEEP-REPAIR-BATCH.csv; kept hidden until all gates pass.
38,https://chamanlawfirm.com/sharing-of-property-after-divorce-in-nigeria/,sharing-of-property-after-divorce-in-nigeria,Sharing Of Property After Divorce In Nigeria,needs source recovery,repair attempted from local evidence; requires article-level review,required before approval; no Sprint 11T approval without clean body,required before approval,recommended where legally safe,required before approval,required before approval,candidate image present; verify relevance,verify relevance before approval,Sharing Of Property After Divorce In Nigeria: Crucial Insights into Fair and Unfair Sharing of Property After Divorce in Nigeria: Unlock Success,"Sharing Of Property After Divorce In Nigeria The court in determining the extent of the property to be settled, it would consider the circumstances of the case including the fortune of the parties and their responsibilit",https://chamanlawfirm.com/resources/blog/sharing-of-property-after-divorce-in-nigeria,"Charles Chukwuma Nkwoka, Esq.",property/title,blocked for lawyer/current-law review,requires current-law review,requires cannibalization check before approval,not approved in Sprint 11T,Deep-repair queue from SPRINT-11S-BLOG-DEEP-REPAIR-BATCH.csv; kept hidden until all gates pass.
39,https://chamanlawfirm.com/challenges-facing-the-nigerian-court-system/,challenges-facing-the-nigerian-court-system,Challenges Facing The Nigerian Court System,needs source recovery,repair attempted from local evidence; requires article-level review,required before approval; no Sprint 11T approval without clean body,required before approval,recommended where legally safe,required before approval,required before approval,candidate image present; verify relevance,verify relevance before approval,Challenges Facing the Nigerian Court System; 7 Critical Challenges Facing the Nigerian Court System in Resolving Disputes And How to Overcome Them,Challenges Facing the Nigerian Court System ;7 Critical Challenges Facing the Nigerian Court System in Resolving Disputes And How to Overcome Them...,https://chamanlawfirm.com/resources/blog/challenges-facing-the-nigerian-court-system,"Charles Chukwuma Nkwoka, Esq.",litigation/ADR,low/medium - editorial and legal review still required,requires current-law review,requires cannibalization check before approval,not approved in Sprint 11T,Deep-repair queue from SPRINT-11S-BLOG-DEEP-REPAIR-BATCH.csv; kept hidden until all gates pass.
40,https://chamanlawfirm.com/statute-of-limitations-on-debt-in-nigeria/,statute-of-limitations-on-debt-in-nigeria,Statute Of Limitations On Debt In Nigeria,needs source recovery,repair attempted from local evidence; requires article-level review,required before approval; no Sprint 11T approval without clean body,required before approval,recommended where legally safe,required before approval,required before approval,candidate image present; verify relevance,verify relevance before approval,Statute of Limitations on Debt in Nigeria | Chaman Law Firm,Understand why limitation periods matter in Nigerian debt recovery and why creditors should review documents and act before claims become time-barred.,https://chamanlawfirm.com/resources/blog/statute-of-limitations-on-debt-in-nigeria,"Charles Chukwuma Nkwoka, Esq.",debt recovery,blocked for lawyer/current-law review,requires current-law review,requires cannibalization check before approval,not approved in Sprint 11T,Deep-repair queue from SPRINT-11S-BLOG-DEEP-REPAIR-BATCH.csv; kept hidden until all gates pass.
41,https://chamanlawfirm.com/is-foreign-marriage-under-the-nigerian-law/,is-foreign-marriage-under-the-nigerian-law,Is Foreign Marriage Under The Nigerian Law,needs source recovery,repair attempted from local evidence; requires article-level review,required before approval; no Sprint 11T approval without clean body,required before approval,recommended where legally safe,required before approval,required before approval,candidate image present; verify relevance,verify relevance before approval,HOW VALID IS FOREIGN MARRIAGE UNDER NIGERIAN LAW,"HOW VALID IS FOREIGN MARRIAGE UNDER THE NIGERIAN LAW, The customary procedure among Nigerians who reside abroad has been to..",https://chamanlawfirm.com/resources/blog/is-foreign-marriage-under-the-nigerian-law,"Charles Chukwuma Nkwoka, Esq.",family law,blocked for lawyer/current-law review,requires current-law review,requires cannibalization check before approval,not approved in Sprint 11T,Deep-repair queue from SPRINT-11S-BLOG-DEEP-REPAIR-BATCH.csv; kept hidden until all gates pass.
42,https://chamanlawfirm.com/the-role-of-technology-in-nigerian-education/,the-role-of-technology-in-nigerian-education,The Role Of Technology In Nigerian Education,needs source recovery,repair attempted from local evidence; requires article-level review,required before approval; no Sprint 11T approval without clean body,required before approval,recommended where legally safe,required before approval,required before approval,image recovery required,required,requires preservation or rewrite,requires preservation or rewrite,https://chamanlawfirm.com/resources/blog/the-role-of-technology-in-nigerian-education,"Charles Chukwuma Nkwoka, Esq.",general legal education,low/medium - editorial and legal review still required,requires current-law review,requires cannibalization check before approval,not approved in Sprint 11T,Deep-repair queue from SPRINT-11S-BLOG-DEEP-REPAIR-BATCH.csv; kept hidden until all gates pass.
43,https://chamanlawfirm.com/taxation-of-sole-proprietorship/,taxation-of-sole-proprietorship,Taxation Of Sole Proprietorship,needs source recovery,repair attempted from local evidence; requires article-level review,required before approval; no Sprint 11T approval without clean body,required before approval,recommended where legally safe,required before approval,required before approval,candidate image present; verify relevance,verify relevance before approval,Powerful Steps: Taxation of Sole Proprietorship,Explore taxation of sole proprietorships in Nigeria and stay compliant with Chaman Law Firm’s expert legal advice,https://chamanlawfirm.com/resources/blog/taxation-of-sole-proprietorship,"Charles Chukwuma Nkwoka, Esq.",corporate/commercial,blocked for lawyer/current-law review,requires current-law review,requires cannibalization check before approval,not approved in Sprint 11T,Deep-repair queue from SPRINT-11S-BLOG-DEEP-REPAIR-BATCH.csv; kept hidden until all gates pass.
44,https://chamanlawfirm.com/customary-vs-statutory-marriage-in-nigeria/,customary-vs-statutory-marriage-in-nigeria,Customary Vs Statutory Marriage In Nigeria,needs source recovery,repair attempted from local evidence; requires article-level review,required before approval; no Sprint 11T approval without clean body,required before approval,recommended where legally safe,required before approval,required before approval,candidate image present; verify relevance,verify relevance before approval,Powerful Steps:Customary vs Statutory Marriage in Nigeria,"Understand the key differences between Customary vs Statutory Marriage in Nigeria, including legal recognition, rights, and obligations.",https://chamanlawfirm.com/resources/blog/customary-vs-statutory-marriage-in-nigeria,"Charles Chukwuma Nkwoka, Esq.",family law,blocked for lawyer/current-law review,requires current-law review,requires cannibalization check before approval,not approved in Sprint 11T,Deep-repair queue from SPRINT-11S-BLOG-DEEP-REPAIR-BATCH.csv; kept hidden until all gates pass.
45,https://chamanlawfirm.com/powerful-steps-what-is-trespass-to-land-2/,powerful-steps-what-is-trespass-to-land-2,Powerful Steps What Is Trespass To Land 2,needs source recovery,repair attempted from local evidence; requires article-level review,required before approval; no Sprint 11T approval without clean body,required before approval,recommended where legally safe,required before approval,required before approval,candidate image present; verify relevance,verify relevance before approval,Powerful Steps: What is Trespass to Land | Chaman Law Firm,"Learn What is Trespass to Land means, including its legal definition, examples, consequences, and remedies available under Nigerian property law.",https://chamanlawfirm.com/resources/blog/powerful-steps-what-is-trespass-to-land-2,"Charles Chukwuma Nkwoka, Esq.",property/title,blocked for lawyer/current-law review,requires current-law review,requires cannibalization check before approval,not approved in Sprint 11T,Deep-repair queue from SPRINT-11S-BLOG-DEEP-REPAIR-BATCH.csv; kept hidden until all gates pass.
46,https://chamanlawfirm.com/duties-of-correctional-institutions-in-nigeria/,duties-of-correctional-institutions-in-nigeria,Duties Of Correctional Institutions In Nigeria,needs source recovery,repair attempted from local evidence; requires article-level review,required before approval; no Sprint 11T approval without clean body,required before approval,recommended where legally safe,required before approval,required before approval,image recovery required,required,requires preservation or rewrite,requires preservation or rewrite,https://chamanlawfirm.com/resources/blog/duties-of-correctional-institutions-in-nigeria,"Charles Chukwuma Nkwoka, Esq.",general legal education,low/medium - editorial and legal review still required,requires current-law review,requires cannibalization check before approval,not approved in Sprint 11T,Deep-repair queue from SPRINT-11S-BLOG-DEEP-REPAIR-BATCH.csv; kept hidden until all gates pass.
47,https://chamanlawfirm.com/the-duties-of-lawyers-to-client/,the-duties-of-lawyers-to-client,The Duties Of Lawyers To Client,existing hidden Sanity/source queue,repair attempted from local evidence; requires article-level review,required before approval; no Sprint 11T approval without clean body,required before approval,recommended where legally safe,required before approval,required before approval,candidate image present; verify relevance,verify relevance before approval,The Duties of Lawyers to Clients: 6 Essential Responsibilities for Trust and Success,"THE DUTIES OF LAWYERS TO CLIENT There are ethics and professional code of conduct which a lawyer must adhere to. In Nigeria, lawyers are bound by the rules of professional conduct (RPC). The rules of professional cond...",https://chamanlawfirm.com/resources/blog/the-duties-of-lawyers-to-client,"Charles Chukwuma Nkwoka, Esq.",general legal education,low/medium - editorial and legal review still required,requires current-law review,requires cannibalization check before approval,not approved in Sprint 11T,Deep-repair queue from SPRINT-11S-BLOG-DEEP-REPAIR-BATCH.csv; kept hidden until all gates pass.
48,https://chamanlawfirm.com/how-to-secure-child-support-and-maintenance/,how-to-secure-child-support-and-maintenance,How To Secure Child Support And Maintenance,needs source recovery,repair attempted from local evidence; requires article-level review,required before approval; no Sprint 11T approval without clean body,required before approval,recommended where legally safe,required before approval,required before approval,candidate image present; verify relevance,verify relevance before approval,Powerful Steps: How to Secure Child Support and Maintenance,"Discover how to secure child support and maintenance in Nigeria, including court procedures, parental duties, and help from Chaman Law Firm.",https://chamanlawfirm.com/resources/blog/how-to-secure-child-support-and-maintenance,"Charles Chukwuma Nkwoka, Esq.",family law,blocked for lawyer/current-law review,requires current-law review,requires cannibalization check before approval,not approved in Sprint 11T,Deep-repair queue from SPRINT-11S-BLOG-DEEP-REPAIR-BATCH.csv; kept hidden until all gates pass.
49,https://chamanlawfirm.com/to-apply-for-and-get-certificate-of-occupancy/,to-apply-for-and-get-certificate-of-occupancy,To Apply For And Get Certificate Of Occupancy,needs source recovery,repair attempted from local evidence; requires article-level review,required before approval; no Sprint 11T approval without clean body,required before approval,recommended where legally safe,required before approval,required before approval,candidate image present; verify relevance,verify relevance before approval,Proven Steps: To Apply for and get Certificate of Occupancy,"Learn howto Apply for and get Certificate of Occupancy in FCT Abuja, Nigeria, including required documents, procedures, and legal guidelines.",https://chamanlawfirm.com/resources/blog/to-apply-for-and-get-certificate-of-occupancy,"Charles Chukwuma Nkwoka, Esq.",property/title,low/medium - editorial and legal review still required,requires current-law review,requires cannibalization check before approval,not approved in Sprint 11T,Deep-repair queue from SPRINT-11S-BLOG-DEEP-REPAIR-BATCH.csv; kept hidden until all gates pass.
50,https://chamanlawfirm.com/stamping-and-up-stamping-of-a-mortgage-document/,stamping-and-up-stamping-of-a-mortgage-document,Stamping And Up Stamping Of A Mortgage Document,existing hidden Sanity/source queue,repair attempted from local evidence; requires article-level review,required before approval; no Sprint 11T approval without clean body,required before approval,recommended where legally safe,required before approval,required before approval,image recovery required,required,Proven: Stamping and Up-Stamping of a Mortgage Document,process of Stamping and Up-Stamping of a Mortgage Document for commercial properties and why it matters for legal and financial transactions.,https://chamanlawfirm.com/resources/blog/stamping-and-up-stamping-of-a-mortgage-document,"Charles Chukwuma Nkwoka, Esq.",notary/documentation,low/medium - editorial and legal review still required,requires current-law review,requires cannibalization check before approval,not approved in Sprint 11T,Deep-repair queue from SPRINT-11S-BLOG-DEEP-REPAIR-BATCH.csv; kept hidden until all gates pass.
51,https://chamanlawfirm.com/dissolution-of-marriage-under-the-nigeria-law/,dissolution-of-marriage-under-the-nigeria-law,Dissolution Of Marriage Under The Nigeria Law,needs source recovery,repair attempted from local evidence; requires article-level review,required before approval; no Sprint 11T approval without clean body,required before approval,recommended where legally safe,required before approval,required before approval,candidate image present; verify relevance,verify relevance before approval,Powerful Step: Dissolution of Marriage Under the Nigeria Law,"Explore the grounds for Dissolution of Marriage Under the Nigeria Law, including legal reasons, court processes, and rights of the parties involved.",https://chamanlawfirm.com/resources/blog/dissolution-of-marriage-under-the-nigeria-law,"Charles Chukwuma Nkwoka, Esq.",family law,blocked for lawyer/current-law review,requires current-law review,requires cannibalization check before approval,not approved in Sprint 11T,Deep-repair queue from SPRINT-11S-BLOG-DEEP-REPAIR-BATCH.csv; kept hidden until all gates pass.
52,https://chamanlawfirm.com/family-property-and-right-of-individual-member-in-family-property/,family-property-and-right-of-individual-member-in-family-property,Family Property And Right Of Individual Member In Family Property,needs source recovery,repair attempted from local evidence; requires article-level review,required before approval; no Sprint 11T approval without clean body,required before approval,recommended where legally safe,required before approval,required before approval,candidate image present; verify relevance,verify relevance before approval,FAMILY PROPERTY AND THE RIGHTS OF INDIVIDUAL MEMBER,"FAMILY PROPERTY AND RIGHTS OF INDIVIDUAL MEMBER IN FAMILY PROPERTY Family property is that property vested in a group of persons i.e family members, which is meant for the use and enjoyment of the family as a whole wh...",https://chamanlawfirm.com/resources/blog/family-property-and-right-of-individual-member-in-family-property,"Charles Chukwuma Nkwoka, Esq.",property/title,blocked for lawyer/current-law review,requires current-law review,requires cannibalization check before approval,not approved in Sprint 11T,Deep-repair queue from SPRINT-11S-BLOG-DEEP-REPAIR-BATCH.csv; kept hidden until all gates pass.
53,https://chamanlawfirm.com/annulment-of-marriage-under-the-nigerian-law/,annulment-of-marriage-under-the-nigerian-law,Annulment Of Marriage Under The Nigerian Law,needs source recovery,repair attempted from local evidence; requires article-level review,required before approval; no Sprint 11T approval without clean body,required before approval,recommended where legally safe,required before approval,required before approval,candidate image present; verify relevance,verify relevance before approval,Annulment of Marriage Under Nigerian Law: 5 Essential Insights for Positive Legal Clarity,Introduction ANNULMENT OF MARRIAGE UNDER THE NIGERIAN LAW An annulment of marriage is a procedure used in Nigeria where a party to a Statutory marriage tries to entirely void the union on the grounds that it is void o...,https://chamanlawfirm.com/resources/blog/annulment-of-marriage-under-the-nigerian-law,"Charles Chukwuma Nkwoka, Esq.",family law,blocked for lawyer/current-law review,requires current-law review,requires cannibalization check before approval,not approved in Sprint 11T,Deep-repair queue from SPRINT-11S-BLOG-DEEP-REPAIR-BATCH.csv; kept hidden until all gates pass.
54,https://chamanlawfirm.com/the-nigerian-legal-system/,the-nigerian-legal-system,The Nigerian Legal System,needs source recovery,repair attempted from local evidence; requires article-level review,required before approval; no Sprint 11T approval without clean body,required before approval,recommended where legally safe,required before approval,required before approval,image recovery required,required,requires preservation or rewrite,requires preservation or rewrite,https://chamanlawfirm.com/resources/blog/the-nigerian-legal-system,"Charles Chukwuma Nkwoka, Esq.",general legal education,low/medium - editorial and legal review still required,requires current-law review,requires cannibalization check before approval,not approved in Sprint 11T,Deep-repair queue from SPRINT-11S-BLOG-DEEP-REPAIR-BATCH.csv; kept hidden until all gates pass.
55,https://chamanlawfirm.com/what-are-rights-of-women-to-inheritance-in-nigeria/,what-are-rights-of-women-to-inheritance-in-nigeria,What Are Rights Of Women To Inheritance In Nigeria,needs source recovery,repair attempted from local evidence; requires article-level review,required before approval; no Sprint 11T approval without clean body,required before approval,recommended where legally safe,required before approval,required before approval,candidate image present; verify relevance,verify relevance before approval,WHAT ARE RIGHTS OF WOMEN TO INHERITANCE IN NIGERIA,"WHAT ARE RIGHTS OF WOMEN TO INHERITANCE IN NIGERIA This will be considergb(255, 0, 0) in two spheres: A woman as a daughter and a woman as a widow. The woman as a daughter: In most tribes in Nigeria, the female daught...",https://chamanlawfirm.com/resources/blog/what-are-rights-of-women-to-inheritance-in-nigeria,"Charles Chukwuma Nkwoka, Esq.",probate/estate,blocked for lawyer/current-law review,requires current-law review,requires cannibalization check before approval,not approved in Sprint 11T,Deep-repair queue from SPRINT-11S-BLOG-DEEP-REPAIR-BATCH.csv; kept hidden until all gates pass.
56,https://chamanlawfirm.com/communal-land-and-family-land/,communal-land-and-family-land,Communal Land And Family Land,needs source recovery,repair attempted from local evidence; requires article-level review,required before approval; no Sprint 11T approval without clean body,required before approval,recommended where legally safe,required before approval,required before approval,candidate image present; verify relevance,verify relevance before approval,Communal and Family Land: The 5 Key Differences Between Them,"Basically, communal land is land that is collectively own by member of a particular community, but family land is owe by member of a family.",https://chamanlawfirm.com/resources/blog/communal-land-and-family-land,"Charles Chukwuma Nkwoka, Esq.",property/title,blocked for lawyer/current-law review,requires current-law review,requires cannibalization check before approval,not approved in Sprint 11T,Deep-repair queue from SPRINT-11S-BLOG-DEEP-REPAIR-BATCH.csv; kept hidden until all gates pass.
57,https://chamanlawfirm.com/land-ownership-disputes-in-nigeria/,land-ownership-disputes-in-nigeria,Land Ownership Disputes In Nigeria,needs source recovery,repair attempted from local evidence; requires article-level review,required before approval; no Sprint 11T approval without clean body,required before approval,recommended where legally safe,required before approval,required before approval,candidate image present; verify relevance,verify relevance before approval,The Role of Courts in Resolving Land Ownership Disputes in Nigeria: Legal Insights & Case Studies,"What Role do the Courts Play in Resolving Land Ownership Disputes in Nigeria , Land ownership disputes are a common occurrence in Nigeria,",https://chamanlawfirm.com/resources/blog/land-ownership-disputes-in-nigeria,"Charles Chukwuma Nkwoka, Esq.",property/title,blocked for lawyer/current-law review,requires current-law review,requires cannibalization check before approval,not approved in Sprint 11T,Deep-repair queue from SPRINT-11S-BLOG-DEEP-REPAIR-BATCH.csv; kept hidden until all gates pass.
58,https://chamanlawfirm.com/overview-of-the-concept-recovery-of-premises/,overview-of-the-concept-recovery-of-premises,Overview Of The Concept Recovery Of Premises,needs source recovery,repair attempted from local evidence; requires article-level review,required before approval; no Sprint 11T approval without clean body,required before approval,recommended where legally safe,required before approval,required before approval,candidate image present; verify relevance,verify relevance before approval,Powerful Steps: Overview of the Concept Recovery of Premises,"Get an Overview of the Concept Recovery of Premises in Lagos State, covering legal processes, tenant eviction, and landlord rights under the law.",https://chamanlawfirm.com/resources/blog/overview-of-the-concept-recovery-of-premises,"Charles Chukwuma Nkwoka, Esq.",property/title,low/medium - editorial and legal review still required,requires current-law review,requires cannibalization check before approval,not approved in Sprint 11T,Deep-repair queue from SPRINT-11S-BLOG-DEEP-REPAIR-BATCH.csv; kept hidden until all gates pass.
59,https://chamanlawfirm.com/how-do-i-legally-evict-a-tenant-in-ogun-state/,how-do-i-legally-evict-a-tenant-in-ogun-state,How Do I Legally Evict A Tenant In Ogun State,needs source recovery,repair attempted from local evidence; requires article-level review,required before approval; no Sprint 11T approval without clean body,required before approval,recommended where legally safe,required before approval,required before approval,image recovery required,required,How Do I Legally Evict a Tenant in Ogun State?,How Do I Legally Evict a Tenant in Ogun State? A Step-by-Step Guide for Landlords Under Ogun State Tenancy Law Introduction Evicting a tenant can be one of the most difficult and stressful situations a landlord in Ogu...,https://chamanlawfirm.com/resources/blog/how-do-i-legally-evict-a-tenant-in-ogun-state,"Charles Chukwuma Nkwoka, Esq.",property/title,blocked for lawyer/current-law review,requires current-law review,requires cannibalization check before approval,not approved in Sprint 11T,Deep-repair queue from SPRINT-11S-BLOG-DEEP-REPAIR-BATCH.csv; kept hidden until all gates pass.
60,https://chamanlawfirm.com/types-of-land-registration-in-nigeria/,types-of-land-registration-in-nigeria,Types Of Land Registration In Nigeria,needs source recovery,repair attempted from local evidence; requires article-level review,required before approval; no Sprint 11T approval without clean body,required before approval,recommended where legally safe,required before approval,required before approval,candidate image present; verify relevance,verify relevance before approval,Powerful Steps: Types of Land Registration in Nigeria,"the Types of Land Registration in Nigeria, highlighting processes, legal frameworks, and benefits of proper land documentation and ownership.",https://chamanlawfirm.com/resources/blog/types-of-land-registration-in-nigeria,"Charles Chukwuma Nkwoka, Esq.",property/title,blocked for lawyer/current-law review,requires current-law review,requires cannibalization check before approval,not approved in Sprint 11T,Deep-repair queue from SPRINT-11S-BLOG-DEEP-REPAIR-BATCH.csv; kept hidden until all gates pass.
61,https://chamanlawfirm.com/land-grabbing-the-legal-consequences-of/,land-grabbing-the-legal-consequences-of,Land Grabbing The Legal Consequences Of,needs source recovery,repair attempted from local evidence; requires article-level review,required before approval; no Sprint 11T approval without clean body,required before approval,recommended where legally safe,required before approval,required before approval,candidate image present; verify relevance,verify relevance before approval,Severe Repercussions of Land Grabbing in Nigeria: What Property Owners Must Know,The Legal Consequences of Land Grabbing in Nigeria: What Property Owners Must Know...,https://chamanlawfirm.com/resources/blog/land-grabbing-the-legal-consequences-of,"Charles Chukwuma Nkwoka, Esq.",property/title,blocked for lawyer/current-law review,requires current-law review,requires cannibalization check before approval,not approved in Sprint 11T,Deep-repair queue from SPRINT-11S-BLOG-DEEP-REPAIR-BATCH.csv; kept hidden until all gates pass.
62,https://chamanlawfirm.com/what-to-know-about-company-resolution/,what-to-know-about-company-resolution,What To Know About Company Resolution,needs source recovery,repair attempted from local evidence; requires article-level review,required before approval; no Sprint 11T approval without clean body,required before approval,recommended where legally safe,required before approval,required before approval,candidate image present; verify relevance,verify relevance before approval,Powerful Steps: What to Know About Company Resolution,"key aspects What to Know About Company Resolutions, their types, procedures, and legal significance in corporate governance under Nigerian law.",https://chamanlawfirm.com/resources/blog/what-to-know-about-company-resolution,"Charles Chukwuma Nkwoka, Esq.",corporate/commercial,low/medium - editorial and legal review still required,requires current-law review,requires cannibalization check before approval,not approved in Sprint 11T,Deep-repair queue from SPRINT-11S-BLOG-DEEP-REPAIR-BATCH.csv; kept hidden until all gates pass.
63,https://chamanlawfirm.com/powerful-steps-sources-of-tax-law-in-nigeria/,powerful-steps-sources-of-tax-law-in-nigeria,Powerful Steps Sources Of Tax Law In Nigeria,needs source recovery,repair attempted from local evidence; requires article-level review,required before approval; no Sprint 11T approval without clean body,required before approval,recommended where legally safe,required before approval,required before approval,candidate image present; verify relevance,verify relevance before approval,Powerful Steps: Sources of Tax Law in Nigeria,Understanding Sources of Tax Law in Nigeria can be divided into primary and secondary sources.,https://chamanlawfirm.com/resources/blog/powerful-steps-sources-of-tax-law-in-nigeria,"Charles Chukwuma Nkwoka, Esq.",corporate/commercial,blocked for lawyer/current-law review,requires current-law review,requires cannibalization check before approval,not approved in Sprint 11T,Deep-repair queue from SPRINT-11S-BLOG-DEEP-REPAIR-BATCH.csv; kept hidden until all gates pass.
64,https://chamanlawfirm.com/what-is-the-process-of-land-acquisition/,what-is-the-process-of-land-acquisition,What Is The Process Of Land Acquisition,needs source recovery,repair attempted from local evidence; requires article-level review,required before approval; no Sprint 11T approval without clean body,required before approval,recommended where legally safe,required before approval,required before approval,candidate image present; verify relevance,verify relevance before approval,Powerful Steps: What is the Process of Land Acquisition,"What is the Process of Land Acquisition in Nigeria, including legal steps, documentation, and key government agencies involved in the transaction",https://chamanlawfirm.com/resources/blog/what-is-the-process-of-land-acquisition,"Charles Chukwuma Nkwoka, Esq.",property/title,blocked for lawyer/current-law review,requires current-law review,requires cannibalization check before approval,not approved in Sprint 11T,Deep-repair queue from SPRINT-11S-BLOG-DEEP-REPAIR-BATCH.csv; kept hidden until all gates pass.
65,https://chamanlawfirm.com/the-role-of-family-court-in-relation-to-child-protect-in-nigeria/,the-role-of-family-court-in-relation-to-child-protect-in-nigeria,The Role Of Family Court In Relation To Child Protect In Nigeria,needs source recovery,repair attempted from local evidence; requires article-level review,required before approval; no Sprint 11T approval without clean body,required before approval,recommended where legally safe,required before approval,required before approval,candidate image present; verify relevance,verify relevance before approval,THE ROLE OF FAMILY COURT IN RELATION TO CHILD PROTECTION IN NIGERIA,THE ROLE OF FAMILY COURT IN RELATION TO CHILD PROTECTION IN NIGERIA The Family Court is a special court designed to deal with legal problems involving children. The Court emerged for the purposes of hearing and determ...,https://chamanlawfirm.com/resources/blog/the-role-of-family-court-in-relation-to-child-protect-in-nigeria,"Charles Chukwuma Nkwoka, Esq.",litigation/ADR,blocked for lawyer/current-law review,requires current-law review,requires cannibalization check before approval,not approved in Sprint 11T,Deep-repair queue from SPRINT-11S-BLOG-DEEP-REPAIR-BATCH.csv; kept hidden until all gates pass.
66,https://chamanlawfirm.com/cost-of-building-approval-chaman-law-firm/,cost-of-building-approval-chaman-law-firm,Cost Of Building Approval Chaman Law Firm,needs source recovery,repair attempted from local evidence; requires article-level review,required before approval; no Sprint 11T approval without clean body,required before approval,recommended where legally safe,required before approval,required before approval,image recovery required,required,Powerful Steps: Cost of Building Approval / Chaman Law Firm,Cost of building approval in Ogun? Find out the estimated cost of obtaining building approval and other costs that influence total expenses.,https://chamanlawfirm.com/resources/blog/cost-of-building-approval-chaman-law-firm,"Charles Chukwuma Nkwoka, Esq.",general legal education,low/medium - editorial and legal review still required,requires current-law review,requires cannibalization check before approval,not approved in Sprint 11T,Deep-repair queue from SPRINT-11S-BLOG-DEEP-REPAIR-BATCH.csv; kept hidden until all gates pass.
67,https://chamanlawfirm.com/complete-guide-to-probate-registry-in-lagos/,complete-guide-to-probate-registry-in-lagos,Complete Guide To Probate Registry In Lagos,needs source recovery,repair attempted from local evidence; requires article-level review,required before approval; no Sprint 11T approval without clean body,required before approval,recommended where legally safe,required before approval,required before approval,candidate image present; verify relevance,verify relevance before approval,Powerful Steps: Complete Guide to Probate Registry in Lagos,"the Complete Guide to Probate Registry in Lagos, covering application process, documents, timelines, and support from Chaman Law Firm.",https://chamanlawfirm.com/resources/blog/complete-guide-to-probate-registry-in-lagos,"Charles Chukwuma Nkwoka, Esq.",probate/estate,blocked for lawyer/current-law review,requires current-law review,requires cannibalization check before approval,not approved in Sprint 11T,Deep-repair queue from SPRINT-11S-BLOG-DEEP-REPAIR-BATCH.csv; kept hidden until all gates pass.
68,https://chamanlawfirm.com/property-how-to-place-a-caveat/,property-how-to-place-a-caveat,Property How To Place A Caveat,needs source recovery,repair attempted from local evidence; requires article-level review,required before approval; no Sprint 11T approval without clean body,required before approval,recommended where legally safe,required before approval,required before approval,candidate image present; verify relevance,verify relevance before approval,Property How To Place A Caveat,"Secure Your Property Rights; How to Place a Caveat on a Property in Ogun State, Nigeria",https://chamanlawfirm.com/resources/blog/property-how-to-place-a-caveat,"Charles Chukwuma Nkwoka, Esq.",property/title,blocked for lawyer/current-law review,requires current-law review,requires cannibalization check before approval,not approved in Sprint 11T,Deep-repair queue from SPRINT-11S-BLOG-DEEP-REPAIR-BATCH.csv; kept hidden until all gates pass.
69,https://chamanlawfirm.com/how-to-calculate-stamp-duty-chaman-law-firm/,how-to-calculate-stamp-duty-chaman-law-firm,How To Calculate Stamp Duty Chaman Law Firm,needs source recovery,repair attempted from local evidence; requires article-level review,required before approval; no Sprint 11T approval without clean body,required before approval,recommended where legally safe,required before approval,required before approval,candidate image present; verify relevance,verify relevance before approval,Powerful Steps: How to calculate stamp duty /Chaman Law Firm,"How to calculate stamp duty in Ogun - Learn the applicable rates for property transactions, the property value basis, and who pays what - Chaman",https://chamanlawfirm.com/resources/blog/how-to-calculate-stamp-duty-chaman-law-firm,"Charles Chukwuma Nkwoka, Esq.",general legal education,low/medium - editorial and legal review still required,requires current-law review,requires cannibalization check before approval,not approved in Sprint 11T,Deep-repair queue from SPRINT-11S-BLOG-DEEP-REPAIR-BATCH.csv; kept hidden until all gates pass.
70,https://chamanlawfirm.com/nigeria-prohibited-items-list/,nigeria-prohibited-items-list,Nigeria Prohibited Items List,needs source recovery,repair attempted from local evidence; requires article-level review,required before approval; no Sprint 11T approval without clean body,required before approval,recommended where legally safe,required before approval,required before approval,image recovery required,required,requires preservation or rewrite,requires preservation or rewrite,https://chamanlawfirm.com/resources/blog/nigeria-prohibited-items-list,"Charles Chukwuma Nkwoka, Esq.",general legal education,low/medium - editorial and legal review still required,requires current-law review,requires cannibalization check before approval,not approved in Sprint 11T,Deep-repair queue from SPRINT-11S-BLOG-DEEP-REPAIR-BATCH.csv; kept hidden until all gates pass.
71,https://chamanlawfirm.com/can-a-landlord-increase-rent-arbitrarily-in-ogun/,can-a-landlord-increase-rent-arbitrarily-in-ogun,Can A Landlord Increase Rent Arbitrarily In Ogun,needs source recovery,repair attempted from local evidence; requires article-level review,required before approval; no Sprint 11T approval without clean body,required before approval,recommended where legally safe,required before approval,required before approval,candidate image present; verify relevance,verify relevance before approval,Powerful Steps: Can a Landlord Increase Rent Arbitrarily,Increase Rent Arbitrarily - Learn when and how rent can be increased lawfully and what tenants can do if they believe a rent hike is unfair in Ogun,https://chamanlawfirm.com/resources/blog/can-a-landlord-increase-rent-arbitrarily-in-ogun,"Charles Chukwuma Nkwoka, Esq.",property/title,blocked for lawyer/current-law review,requires current-law review,requires cannibalization check before approval,not approved in Sprint 11T,Deep-repair queue from SPRINT-11S-BLOG-DEEP-REPAIR-BATCH.csv; kept hidden until all gates pass.
72,https://chamanlawfirm.com/how-to-legally-sublet-a-property-in-nigeria/,how-to-legally-sublet-a-property-in-nigeria,How To Legally Sublet A Property In Nigeria,needs source recovery,repair attempted from local evidence; requires article-level review,required before approval; no Sprint 11T approval without clean body,required before approval,recommended where legally safe,required before approval,required before approval,candidate image present; verify relevance,verify relevance before approval,Powerful Ways on How to Legally Sublet a Property in Nigeria,"Chaman Law Firm offers on how to legally sublet a property in Nigeria, ensuring compliance, secure agreements, and protection of your rights",https://chamanlawfirm.com/resources/blog/how-to-legally-sublet-a-property-in-nigeria,"Charles Chukwuma Nkwoka, Esq.",property/title,blocked for lawyer/current-law review,requires current-law review,requires cannibalization check before approval,not approved in Sprint 11T,Deep-repair queue from SPRINT-11S-BLOG-DEEP-REPAIR-BATCH.csv; kept hidden until all gates pass.
73,https://chamanlawfirm.com/enforcing-fundamental-human-right/,enforcing-fundamental-human-right,Enforcing Fundamental Human Right,needs source recovery,repair attempted from local evidence; requires article-level review,required before approval; no Sprint 11T approval without clean body,required before approval,recommended where legally safe,required before approval,required before approval,image recovery required,required,requires preservation or rewrite,requires preservation or rewrite,https://chamanlawfirm.com/resources/blog/enforcing-fundamental-human-right,"Charles Chukwuma Nkwoka, Esq.",general legal education,low/medium - editorial and legal review still required,requires current-law review,requires cannibalization check before approval,not approved in Sprint 11T,Deep-repair queue from SPRINT-11S-BLOG-DEEP-REPAIR-BATCH.csv; kept hidden until all gates pass.
74,https://chamanlawfirm.com/revocation-of-power-of-attorney/,revocation-of-power-of-attorney,Revocation Of Power Of Attorney,needs source recovery,repair attempted from local evidence; requires article-level review,required before approval; no Sprint 11T approval without clean body,required before approval,recommended where legally safe,required before approval,required before approval,image recovery required,required,requires preservation or rewrite,requires preservation or rewrite,https://chamanlawfirm.com/resources/blog/revocation-of-power-of-attorney,"Charles Chukwuma Nkwoka, Esq.",general legal education,low/medium - editorial and legal review still required,requires current-law review,requires cannibalization check before approval,not approved in Sprint 11T,Deep-repair queue from SPRINT-11S-BLOG-DEEP-REPAIR-BATCH.csv; kept hidden until all gates pass.
75,https://chamanlawfirm.com/what-governs-contract-in-nigeria/,what-governs-contract-in-nigeria,What Governs Contract In Nigeria,needs source recovery,repair attempted from local evidence; requires article-level review,required before approval; no Sprint 11T approval without clean body,required before approval,recommended where legally safe,required before approval,required before approval,candidate image present; verify relevance,verify relevance before approval,Proven Steps on What Governs Contract in Nigeria?,"Chaman Law Firm explains what governs contract in Nigeria? ensuring compliance, clarity, and protection in business agreements",https://chamanlawfirm.com/resources/blog/what-governs-contract-in-nigeria,"Charles Chukwuma Nkwoka, Esq.",corporate/commercial,blocked for lawyer/current-law review,requires current-law review,requires cannibalization check before approval,not approved in Sprint 11T,Deep-repair queue from SPRINT-11S-BLOG-DEEP-REPAIR-BATCH.csv; kept hidden until all gates pass.
76,https://chamanlawfirm.com/documents-apostilled-in-nigeria/,documents-apostilled-in-nigeria,Documents Apostilled In Nigeria,needs source recovery,repair attempted from local evidence; requires article-level review,required before approval; no Sprint 11T approval without clean body,required before approval,recommended where legally safe,required before approval,required before approval,image recovery required,required,requires preservation or rewrite,requires preservation or rewrite,https://chamanlawfirm.com/resources/blog/documents-apostilled-in-nigeria,"Charles Chukwuma Nkwoka, Esq.",notary/documentation,low/medium - editorial and legal review still required,requires current-law review,requires cannibalization check before approval,not approved in Sprint 11T,Deep-repair queue from SPRINT-11S-BLOG-DEEP-REPAIR-BATCH.csv; kept hidden until all gates pass.
77,https://chamanlawfirm.com/obtaining-governor-consent-for-land-transactions/,obtaining-governor-consent-for-land-transactions,Obtaining Governor Consent For Land Transactions,needs source recovery,repair attempted from local evidence; requires article-level review,required before approval; no Sprint 11T approval without clean body,required before approval,recommended where legally safe,required before approval,required before approval,candidate image present; verify relevance,verify relevance before approval,Obtaining Governor Consent for Land Transactions,"Chaman Law Firm explains Obtaining Governor Consent for land transactions in Nigeria, ensuring, security, and protection in property ownership.",https://chamanlawfirm.com/resources/blog/obtaining-governor-consent-for-land-transactions,"Charles Chukwuma Nkwoka, Esq.",property/title,blocked for lawyer/current-law review,requires current-law review,requires cannibalization check before approval,not approved in Sprint 11T,Deep-repair queue from SPRINT-11S-BLOG-DEEP-REPAIR-BATCH.csv; kept hidden until all gates pass.
78,https://chamanlawfirm.com/rights-of-a-property-owner-in-nigeria/,rights-of-a-property-owner-in-nigeria,Rights Of A Property Owner In Nigeria,needs source recovery,repair attempted from local evidence; requires article-level review,required before approval; no Sprint 11T approval without clean body,required before approval,recommended where legally safe,required before approval,required before approval,image recovery required,required,requires preservation or rewrite,requires preservation or rewrite,https://chamanlawfirm.com/resources/blog/rights-of-a-property-owner-in-nigeria,"Charles Chukwuma Nkwoka, Esq.",property/title,blocked for lawyer/current-law review,requires current-law review,requires cannibalization check before approval,not approved in Sprint 11T,Deep-repair queue from SPRINT-11S-BLOG-DEEP-REPAIR-BATCH.csv; kept hidden until all gates pass.
79,https://chamanlawfirm.com/deed-of-assignment-in-nigeria/,deed-of-assignment-in-nigeria,Deed Of Assignment In Nigeria,needs source recovery,repair attempted from local evidence; requires article-level review,required before approval; no Sprint 11T approval without clean body,required before approval,recommended where legally safe,required before approval,required before approval,candidate image present; verify relevance,verify relevance before approval,deed of assignment best registration procedures,THE STEPS FOR REGISTRATION OF DEED OF ASSIGNMENT IN NIGERIA The consent of the Governor is important before...,https://chamanlawfirm.com/resources/blog/deed-of-assignment-in-nigeria,"Charles Chukwuma Nkwoka, Esq.",property/title,low/medium - editorial and legal review still required,requires current-law review,requires cannibalization check before approval,not approved in Sprint 11T,Deep-repair queue from SPRINT-11S-BLOG-DEEP-REPAIR-BATCH.csv; kept hidden until all gates pass.
80,https://chamanlawfirm.com/the-land-use-and-allocation-committee-luac/,the-land-use-and-allocation-committee-luac,The Land Use And Allocation Committee Luac,needs source recovery,repair attempted from local evidence; requires article-level review,required before approval; no Sprint 11T approval without clean body,required before approval,recommended where legally safe,required before approval,required before approval,candidate image present; verify relevance,verify relevance before approval,The Land Use and Allocation Committee (LUAC) in Nigeria,What is the Land Use and Allocation Committee (LUAC) in Nigeria? Introduction The Land Use and Allocation Committee (LUAC) is a crucial component of land management and allocation in Nigeria. This comprehensive guide o,https://chamanlawfirm.com/resources/blog/the-land-use-and-allocation-committee-luac,"Charles Chukwuma Nkwoka, Esq.",property/title,blocked for lawyer/current-law review,requires current-law review,requires cannibalization check before approval,not approved in Sprint 11T,Deep-repair queue from SPRINT-11S-BLOG-DEEP-REPAIR-BATCH.csv; kept hidden until all gates pass.
81,https://chamanlawfirm.com/the-concept-of-restitution-of-conjugal-rights/,the-concept-of-restitution-of-conjugal-rights,The Concept Of Restitution Of Conjugal Rights,needs source recovery,repair attempted from local evidence; requires article-level review,required before approval; no Sprint 11T approval without clean body,required before approval,recommended where legally safe,required before approval,required before approval,image recovery required,required,requires preservation or rewrite,requires preservation or rewrite,https://chamanlawfirm.com/resources/blog/the-concept-of-restitution-of-conjugal-rights,"Charles Chukwuma Nkwoka, Esq.",general legal education,low/medium - editorial and legal review still required,requires current-law review,requires cannibalization check before approval,not approved in Sprint 11T,Deep-repair queue from SPRINT-11S-BLOG-DEEP-REPAIR-BATCH.csv; kept hidden until all gates pass.
82,https://chamanlawfirm.com/5-lis-pendens-understanding-the-doctrine/,5-lis-pendens-understanding-the-doctrine,5 Lis Pendens Understanding The Doctrine,needs source recovery,repair attempted from local evidence; requires article-level review,required before approval; no Sprint 11T approval without clean body,required before approval,recommended where legally safe,required before approval,required before approval,image recovery required,required,requires preservation or rewrite,requires preservation or rewrite,https://chamanlawfirm.com/resources/blog/5-lis-pendens-understanding-the-doctrine,"Charles Chukwuma Nkwoka, Esq.",general legal education,low/medium - editorial and legal review still required,requires current-law review,requires cannibalization check before approval,not approved in Sprint 11T,Deep-repair queue from SPRINT-11S-BLOG-DEEP-REPAIR-BATCH.csv; kept hidden until all gates pass.
83,https://chamanlawfirm.com/legal-implications-of-joint-property/,legal-implications-of-joint-property,Legal Implications Of Joint Property,existing hidden Sanity/source queue,repair attempted from local evidence; requires article-level review,required before approval; no Sprint 11T approval without clean body,required before approval,recommended where legally safe,required before approval,required before approval,candidate image present; verify relevance,verify relevance before approval,Legal Implications Of Joint Property; Essential Avoidable Legal Traps in Joint Property Ownership in Nigeria,Legal Implications Of Joint Property Joint ownership implies that two or more individuals share ownership rights over the same property. The implication is that...,https://chamanlawfirm.com/resources/blog/legal-implications-of-joint-property,"Charles Chukwuma Nkwoka, Esq.",property/title,blocked for lawyer/current-law review,requires current-law review,requires cannibalization check before approval,not approved in Sprint 11T,Deep-repair queue from SPRINT-11S-BLOG-DEEP-REPAIR-BATCH.csv; kept hidden until all gates pass.
84,https://chamanlawfirm.com/property-insurance-in-nigeria/,property-insurance-in-nigeria,Property Insurance In Nigeria,needs source recovery,repair attempted from local evidence; requires article-level review,required before approval; no Sprint 11T approval without clean body,required before approval,recommended where legally safe,required before approval,required before approval,candidate image present; verify relevance,verify relevance before approval,Powerful Steps: Property Insurance in Nigeria,"Explore property insurance in Nigeria, including coverage types, benefits, legal requirements, and how to choose the right insurance provider.",https://chamanlawfirm.com/resources/blog/property-insurance-in-nigeria,"Charles Chukwuma Nkwoka, Esq.",property/title,blocked for lawyer/current-law review,requires current-law review,requires cannibalization check before approval,not approved in Sprint 11T,Deep-repair queue from SPRINT-11S-BLOG-DEEP-REPAIR-BATCH.csv; kept hidden until all gates pass.
85,https://chamanlawfirm.com/insightful-overview-of-family-law-in-nigeria/,insightful-overview-of-family-law-in-nigeria,Insightful Overview Of Family Law In Nigeria,needs source recovery,repair attempted from local evidence; requires article-level review,required before approval; no Sprint 11T approval without clean body,required before approval,recommended where legally safe,required before approval,required before approval,candidate image present; verify relevance,verify relevance before approval,Overview of Family Law in Nigeria,"Introduction Family law in Nigeria is a broad area of legal practice that encompasses various aspects of familial relationships, including marriage, divorce, child custody, maintenance, and inheritance. It plays a vita",https://chamanlawfirm.com/resources/blog/insightful-overview-of-family-law-in-nigeria,"Charles Chukwuma Nkwoka, Esq.",family law,low/medium - editorial and legal review still required,requires current-law review,requires cannibalization check before approval,not approved in Sprint 11T,Deep-repair queue from SPRINT-11S-BLOG-DEEP-REPAIR-BATCH.csv; kept hidden until all gates pass.
86,https://chamanlawfirm.com/land-use-act-1978/,land-use-act-1978,Land Use Act 1978,needs source recovery,repair attempted from local evidence; requires article-level review,required before approval; no Sprint 11T approval without clean body,required before approval,recommended where legally safe,required before approval,required before approval,image recovery required,required,requires preservation or rewrite,requires preservation or rewrite,https://chamanlawfirm.com/resources/blog/land-use-act-1978,"Charles Chukwuma Nkwoka, Esq.",property/title,blocked for lawyer/current-law review,requires current-law review,requires cannibalization check before approval,not approved in Sprint 11T,Deep-repair queue from SPRINT-11S-BLOG-DEEP-REPAIR-BATCH.csv; kept hidden until all gates pass.
87,https://chamanlawfirm.com/maxims-of-equity/,maxims-of-equity,Maxims Of Equity,needs source recovery,repair attempted from local evidence; requires article-level review,required before approval; no Sprint 11T approval without clean body,required before approval,recommended where legally safe,required before approval,required before approval,image recovery required,required,requires preservation or rewrite,requires preservation or rewrite,https://chamanlawfirm.com/resources/blog/maxims-of-equity,"Charles Chukwuma Nkwoka, Esq.",general legal education,low/medium - editorial and legal review still required,requires current-law review,requires cannibalization check before approval,not approved in Sprint 11T,Deep-repair queue from SPRINT-11S-BLOG-DEEP-REPAIR-BATCH.csv; kept hidden until all gates pass.
88,https://chamanlawfirm.com/of-the-securities-and-exchange-commission/,of-the-securities-and-exchange-commission,Of The Securities And Exchange Commission,needs source recovery,repair attempted from local evidence; requires article-level review,required before approval; no Sprint 11T approval without clean body,required before approval,recommended where legally safe,required before approval,required before approval,image recovery required,required,requires preservation or rewrite,requires preservation or rewrite,https://chamanlawfirm.com/resources/blog/of-the-securities-and-exchange-commission,"Charles Chukwuma Nkwoka, Esq.",general legal education,low/medium - editorial and legal review still required,requires current-law review,requires cannibalization check before approval,not approved in Sprint 11T,Deep-repair queue from SPRINT-11S-BLOG-DEEP-REPAIR-BATCH.csv; kept hidden until all gates pass.
89,https://chamanlawfirm.com/digital-evidence-admissibility-in-nigeria/,digital-evidence-admissibility-in-nigeria,Digital Evidence Admissibility In Nigeria,needs source recovery,repair attempted from local evidence; requires article-level review,required before approval; no Sprint 11T approval without clean body,required before approval,recommended where legally safe,required before approval,required before approval,image recovery required,required,requires preservation or rewrite,requires preservation or rewrite,https://chamanlawfirm.com/resources/blog/digital-evidence-admissibility-in-nigeria,"Charles Chukwuma Nkwoka, Esq.",general legal education,low/medium - editorial and legal review still required,requires current-law review,requires cannibalization check before approval,not approved in Sprint 11T,Deep-repair queue from SPRINT-11S-BLOG-DEEP-REPAIR-BATCH.csv; kept hidden until all gates pass.
90,https://chamanlawfirm.com/proven-steps-the-canons-of-interpretation/,proven-steps-the-canons-of-interpretation,Proven Steps The Canons Of Interpretation,needs source recovery,repair attempted from local evidence; requires article-level review,required before approval; no Sprint 11T approval without clean body,required before approval,recommended where legally safe,required before approval,required before approval,image recovery required,required,requires preservation or rewrite,requires preservation or rewrite,https://chamanlawfirm.com/resources/blog/proven-steps-the-canons-of-interpretation,"Charles Chukwuma Nkwoka, Esq.",general legal education,low/medium - editorial and legal review still required,requires current-law review,requires cannibalization check before approval,not approved in Sprint 11T,Deep-repair queue from SPRINT-11S-BLOG-DEEP-REPAIR-BATCH.csv; kept hidden until all gates pass.
91,https://chamanlawfirm.com/rights-of-parties-to-a-mortgage/,rights-of-parties-to-a-mortgage,Rights Of Parties To A Mortgage,needs source recovery,repair attempted from local evidence; requires article-level review,required before approval; no Sprint 11T approval without clean body,required before approval,recommended where legally safe,required before approval,required before approval,image recovery required,required,requires preservation or rewrite,requires preservation or rewrite,https://chamanlawfirm.com/resources/blog/rights-of-parties-to-a-mortgage,"Charles Chukwuma Nkwoka, Esq.",general legal education,low/medium - editorial and legal review still required,requires current-law review,requires cannibalization check before approval,not approved in Sprint 11T,Deep-repair queue from SPRINT-11S-BLOG-DEEP-REPAIR-BATCH.csv; kept hidden until all gates pass.
92,https://chamanlawfirm.com/how-to-obtain-tax-clearance-certificate/,how-to-obtain-tax-clearance-certificate,How To Obtain Tax Clearance Certificate,existing hidden Sanity/source queue,repair attempted from local evidence; requires article-level review,required before approval; no Sprint 11T approval without clean body,required before approval,recommended where legally safe,required before approval,required before approval,candidate image present; verify relevance,verify relevance before approval,How To Obtain Tax Clearance Certificate,"HOW TO OBTAIN TAX CLEARANCE CERTIFICATE,A Tax Clearance Certificate is confirmation from Revenue...",https://chamanlawfirm.com/resources/blog/how-to-obtain-tax-clearance-certificate,"Charles Chukwuma Nkwoka, Esq.",corporate/commercial,blocked for lawyer/current-law review,requires current-law review,requires cannibalization check before approval,not approved in Sprint 11T,Deep-repair queue from SPRINT-11S-BLOG-DEEP-REPAIR-BATCH.csv; kept hidden until all gates pass.
93,https://chamanlawfirm.com/who-holds-authority-over-land-under-the-land/,who-holds-authority-over-land-under-the-land,Who Holds Authority Over Land Under The Land,needs source recovery,repair attempted from local evidence; requires article-level review,required before approval; no Sprint 11T approval without clean body,required before approval,recommended where legally safe,required before approval,required before approval,candidate image present; verify relevance,verify relevance before approval,Who Holds Authority Over Land Under the Land Use Act?,Introduction The Land Use Act of 1978 in Nigeria is a comprehensive piece of legislation that redefined land ownership and administration across the nation. One of the central questions it addresses is: Who holds autho,https://chamanlawfirm.com/resources/blog/who-holds-authority-over-land-under-the-land,"Charles Chukwuma Nkwoka, Esq.",property/title,blocked for lawyer/current-law review,requires current-law review,requires cannibalization check before approval,not approved in Sprint 11T,Deep-repair queue from SPRINT-11S-BLOG-DEEP-REPAIR-BATCH.csv; kept hidden until all gates pass.
94,https://chamanlawfirm.com/developer-fails-to-deliver-property/,developer-fails-to-deliver-property,Developer Fails To Deliver Property,needs source recovery,repair attempted from local evidence; requires article-level review,required before approval; no Sprint 11T approval without clean body,required before approval,recommended where legally safe,required before approval,required before approval,candidate image present; verify relevance,verify relevance before approval,Developer Fails to Deliver Property; Shocking Reality: 5 Steps to Take If a Developer Fails to Deliver Your Property or Refund,Developer Fails to Deliver Property.; Shocking Reality: 5 Steps to Take If a Developer Fails to Deliver Your Property or Refund,https://chamanlawfirm.com/resources/blog/developer-fails-to-deliver-property,"Charles Chukwuma Nkwoka, Esq.",property/title,blocked for lawyer/current-law review,requires current-law review,requires cannibalization check before approval,not approved in Sprint 11T,Deep-repair queue from SPRINT-11S-BLOG-DEEP-REPAIR-BATCH.csv; kept hidden until all gates pass.
95,https://chamanlawfirm.com/pohistory-of-legal-profession-in-nigeria/,pohistory-of-legal-profession-in-nigeria,Pohistory Of Legal Profession In Nigeria,existing hidden Sanity/source queue,repair attempted from local evidence; requires article-level review,required before approval; no Sprint 11T approval without clean body,required before approval,recommended where legally safe,required before approval,required before approval,image recovery required,required,HISTORY OF LEGAL PROFESSION IN NIGERIA,"OUR STORY Quality, not quantity We have made quality our habit. It’s not something that we just strive for – we live by this principle every day. HISTORY OF LEGAL PROFESSION IN NIGERIA The history of the legal profess...",https://chamanlawfirm.com/resources/blog/pohistory-of-legal-profession-in-nigeria,"Charles Chukwuma Nkwoka, Esq.",general legal education,low/medium - editorial and legal review still required,requires current-law review,requires cannibalization check before approval,not approved in Sprint 11T,Deep-repair queue from SPRINT-11S-BLOG-DEEP-REPAIR-BATCH.csv; kept hidden until all gates pass.
96,https://chamanlawfirm.com/land-registration-system-in-nigeria/,land-registration-system-in-nigeria,Land Registration System In Nigeria,existing hidden Sanity/source queue,repair attempted from local evidence; requires article-level review,required before approval; no Sprint 11T approval without clean body,required before approval,recommended where legally safe,required before approval,required before approval,candidate image present; verify relevance,verify relevance before approval,Land Registration System In Nigeria,THE ULTIMATE GUIDE TO NIGERIA'S LAND REGISTRATION SYSTEM; SECURE AND TRANSPARENT PROPERTY OWNERSHIP Property Sale can be formal through Auctions; but to a large extent it is informal through the introduction by agents,https://chamanlawfirm.com/resources/blog/land-registration-system-in-nigeria,"Charles Chukwuma Nkwoka, Esq.",property/title,blocked for lawyer/current-law review,requires current-law review,requires cannibalization check before approval,not approved in Sprint 11T,Deep-repair queue from SPRINT-11S-BLOG-DEEP-REPAIR-BATCH.csv; kept hidden until all gates pass.
97,https://chamanlawfirm.com/board-of-directors-in-nigerian-companies/,board-of-directors-in-nigerian-companies,Board Of Directors In Nigerian Companies,needs source recovery,repair attempted from local evidence; requires article-level review,required before approval; no Sprint 11T approval without clean body,required before approval,recommended where legally safe,required before approval,required before approval,image recovery required,required,requires preservation or rewrite,requires preservation or rewrite,https://chamanlawfirm.com/resources/blog/board-of-directors-in-nigerian-companies,"Charles Chukwuma Nkwoka, Esq.",corporate/commercial,low/medium - editorial and legal review still required,requires current-law review,requires cannibalization check before approval,not approved in Sprint 11T,Deep-repair queue from SPRINT-11S-BLOG-DEEP-REPAIR-BATCH.csv; kept hidden until all gates pass.
98,https://chamanlawfirm.com/lagos-tenancy-fixed-and-periodic-tenancies/,lagos-tenancy-fixed-and-periodic-tenancies,Lagos Tenancy Fixed And Periodic Tenancies,existing hidden Sanity/source queue,repair attempted from local evidence; requires article-level review,required before approval; no Sprint 11T approval without clean body,required before approval,recommended where legally safe,required before approval,required before approval,image recovery required,required,Powerful Steps: Lagos Tenancy: Fixed and Periodic Tenancies,Lagos Tenancy: Fixed and Periodic Tenancies - Understand the key differences between tenancy types before signing your next rental agreement,https://chamanlawfirm.com/resources/blog/lagos-tenancy-fixed-and-periodic-tenancies,"Charles Chukwuma Nkwoka, Esq.",general legal education,low/medium - editorial and legal review still required,requires current-law review,requires cannibalization check before approval,not approved in Sprint 11T,Deep-repair queue from SPRINT-11S-BLOG-DEEP-REPAIR-BATCH.csv; kept hidden until all gates pass.
99,https://chamanlawfirm.com/expert-witnesses-in-nigeria-court-proceeding/,expert-witnesses-in-nigeria-court-proceeding,Expert Witnesses In Nigeria Court Proceeding,existing hidden Sanity/source queue,repair attempted from local evidence; requires article-level review,required before approval; no Sprint 11T approval without clean body,required before approval,recommended where legally safe,required before approval,required before approval,candidate image present; verify relevance,verify relevance before approval,Expert Witnesses In Nigeria Court Proceeding ;Crucial Role of Expert Witnesses in Nigerian Court Proceedings: A Powerful Legal Tool,Expert Witnesses In Nigeria Court Proceeding,https://chamanlawfirm.com/resources/blog/expert-witnesses-in-nigeria-court-proceeding,"Charles Chukwuma Nkwoka, Esq.",litigation/ADR,low/medium - editorial and legal review still required,requires current-law review,requires cannibalization check before approval,not approved in Sprint 11T,Deep-repair queue from SPRINT-11S-BLOG-DEEP-REPAIR-BATCH.csv; kept hidden until all gates pass.
100,https://chamanlawfirm.com/how-to-conduct-search-at-land-registry/,how-to-conduct-search-at-land-registry,How To Conduct Search At Land Registry,needs source recovery,repair attempted from local evidence; requires article-level review,required before approval; no Sprint 11T approval without clean body,required before approval,recommended where legally safe,required before approval,required before approval,candidate image present; verify relevance,verify relevance before approval,How to Conduct a Search at the Land Registry in Nigeria,"HOW TO CONDUCT SEARCH AT LAND REGISTRY, The Land Registry Directorate is a very sensitive part of the......",https://chamanlawfirm.com/resources/blog/how-to-conduct-search-at-land-registry,"Charles Chukwuma Nkwoka, Esq.",property/title,blocked for lawyer/current-law review,requires current-law review,requires cannibalization check before approval,not approved in Sprint 11T,Deep-repair queue from SPRINT-11S-BLOG-DEEP-REPAIR-BATCH.csv; kept hidden until all gates pass.
101,https://chamanlawfirm.com/importance-of-covenants-in-a-tenancy-agreement/,importance-of-covenants-in-a-tenancy-agreement,Importance Of Covenants In A Tenancy Agreement,needs source recovery,repair attempted from local evidence; requires article-level review,required before approval; no Sprint 11T approval without clean body,required before approval,recommended where legally safe,required before approval,required before approval,candidate image present; verify relevance,verify relevance before approval,Importance of Covenants in a Tenancy Agreement,Covenants in every contractual relationship operate as terms and conditions of a contract that must be observed by parties to the contract in order to give effect to the terms of the contract. Covenants are usually enf,https://chamanlawfirm.com/resources/blog/importance-of-covenants-in-a-tenancy-agreement,"Charles Chukwuma Nkwoka, Esq.",general legal education,low/medium - editorial and legal review still required,requires current-law review,requires cannibalization check before approval,not approved in Sprint 11T,Deep-repair queue from SPRINT-11S-BLOG-DEEP-REPAIR-BATCH.csv; kept hidden until all gates pass.
102,https://chamanlawfirm.com/methods-of-transfer-of-shares/,methods-of-transfer-of-shares,Methods Of Transfer Of Shares,needs source recovery,repair attempted from local evidence; requires article-level review,required before approval; no Sprint 11T approval without clean body,required before approval,recommended where legally safe,required before approval,required before approval,image recovery required,required,requires preservation or rewrite,requires preservation or rewrite,https://chamanlawfirm.com/resources/blog/methods-of-transfer-of-shares,"Charles Chukwuma Nkwoka, Esq.",corporate/commercial,low/medium - editorial and legal review still required,requires current-law review,requires cannibalization check before approval,not approved in Sprint 11T,Deep-repair queue from SPRINT-11S-BLOG-DEEP-REPAIR-BATCH.csv; kept hidden until all gates pass.
103,https://chamanlawfirm.com/how-to-prove-ownership-of-land-in-nigeria/,how-to-prove-ownership-of-land-in-nigeria,How To Prove Ownership Of Land In Nigeria,needs source recovery,repair attempted from local evidence; requires article-level review,required before approval; no Sprint 11T approval without clean body,required before approval,recommended where legally safe,required before approval,required before approval,candidate image present; verify relevance,verify relevance before approval,How to Prove Ownership of Land in Nigeria,"HOW TO PROVE OWNERSHIP OF LAND IN NIGERIA, Dispute to land is not a novel phenomenon in Nigerian, meaning that you've experienced...",https://chamanlawfirm.com/resources/blog/how-to-prove-ownership-of-land-in-nigeria,"Charles Chukwuma Nkwoka, Esq.",property/title,blocked for lawyer/current-law review,requires current-law review,requires cannibalization check before approval,not approved in Sprint 11T,Deep-repair queue from SPRINT-11S-BLOG-DEEP-REPAIR-BATCH.csv; kept hidden until all gates pass.
104,https://chamanlawfirm.com/deed-of-partition-in-nigeria/,deed-of-partition-in-nigeria,Deed Of Partition In Nigeria,existing hidden Sanity/source queue,repair attempted from local evidence; requires article-level review,required before approval; no Sprint 11T approval without clean body,required before approval,recommended where legally safe,required before approval,required before approval,image recovery required,required,Deed Of Partition In Nigeria,"DEED OF PARTITION IN NIGERIA WHAT IS A DEED OF PARTITION? A deed of partition for a property is a means of executing a deed to divide a property among two or more persons, usually among the family members or partners.",https://chamanlawfirm.com/resources/blog/deed-of-partition-in-nigeria,"Charles Chukwuma Nkwoka, Esq.",property/title,low/medium - editorial and legal review still required,requires current-law review,requires cannibalization check before approval,not approved in Sprint 11T,Deep-repair queue from SPRINT-11S-BLOG-DEEP-REPAIR-BATCH.csv; kept hidden until all gates pass.
105,https://chamanlawfirm.com/can-a-member-be-expelled-from-a-trade-union/,can-a-member-be-expelled-from-a-trade-union,Can A Member Be Expelled From A Trade Union,needs source recovery,repair attempted from local evidence; requires article-level review,required before approval; no Sprint 11T approval without clean body,required before approval,recommended where legally safe,required before approval,required before approval,image recovery required,required,requires preservation or rewrite,requires preservation or rewrite,https://chamanlawfirm.com/resources/blog/can-a-member-be-expelled-from-a-trade-union,"Charles Chukwuma Nkwoka, Esq.",general legal education,low/medium - editorial and legal review still required,requires current-law review,requires cannibalization check before approval,not approved in Sprint 11T,Deep-repair queue from SPRINT-11S-BLOG-DEEP-REPAIR-BATCH.csv; kept hidden until all gates pass.
106,https://chamanlawfirm.com/international-law-in-conflict-resolution/,international-law-in-conflict-resolution,International Law In Conflict Resolution,needs source recovery,repair attempted from local evidence; requires article-level review,required before approval; no Sprint 11T approval without clean body,required before approval,recommended where legally safe,required before approval,required before approval,image recovery required,required,requires preservation or rewrite,requires preservation or rewrite,https://chamanlawfirm.com/resources/blog/international-law-in-conflict-resolution,"Charles Chukwuma Nkwoka, Esq.",general legal education,low/medium - editorial and legal review still required,requires current-law review,requires cannibalization check before approval,not approved in Sprint 11T,Deep-repair queue from SPRINT-11S-BLOG-DEEP-REPAIR-BATCH.csv; kept hidden until all gates pass.
107,https://chamanlawfirm.com/landlords-and-tenants-in-nigeria/,landlords-and-tenants-in-nigeria,Landlords And Tenants In Nigeria,existing hidden Sanity/source queue,repair attempted from local evidence; requires article-level review,required before approval; no Sprint 11T approval without clean body,required before approval,recommended where legally safe,required before approval,required before approval,candidate image present; verify relevance,verify relevance before approval,Landlords And Tenants In Nigeria; Know Your Rights or Risk It All: Essential Legal Guide for Landlords and Tenants in Nigeria,"Landlords And Tenants In Nigeria In Nigeria's bustling real estate market, understanding the legal rights and responsibilities of landlords and tenants is essential...",https://chamanlawfirm.com/resources/blog/landlords-and-tenants-in-nigeria,"Charles Chukwuma Nkwoka, Esq.",property/title,blocked for lawyer/current-law review,requires current-law review,requires cannibalization check before approval,not approved in Sprint 11T,Deep-repair queue from SPRINT-11S-BLOG-DEEP-REPAIR-BATCH.csv; kept hidden until all gates pass.
108,https://chamanlawfirm.com/step-by-step-guide-on-how-to-conduct-a-statutory-marriage-in-nigeria/,step-by-step-guide-on-how-to-conduct-a-statutory-marriage-in-nigeria,Step By Step Guide On How To Conduct A Statutory Marriage In Nigeria,needs source recovery,repair attempted from local evidence; requires article-level review,required before approval; no Sprint 11T approval without clean body,required before approval,recommended where legally safe,required before approval,required before approval,candidate image present; verify relevance,verify relevance before approval,How to Conduct a Statutory Marriage in Nigeria,"Marriage can be defined as a legally and socially sanctioned union between a man and a woman, that is regulated by laws, rules, customs, beliefs, and attitudes that prescribe the rights and duties of the partners and a",https://chamanlawfirm.com/resources/blog/step-by-step-guide-on-how-to-conduct-a-statutory-marriage-in-nigeria,"Charles Chukwuma Nkwoka, Esq.",family law,blocked for lawyer/current-law review,requires current-law review,requires cannibalization check before approval,not approved in Sprint 11T,Deep-repair queue from SPRINT-11S-BLOG-DEEP-REPAIR-BATCH.csv; kept hidden until all gates pass.
109,https://chamanlawfirm.com/probate-in-lagos-everything-you-need-to-know/,probate-in-lagos-everything-you-need-to-know,Probate In Lagos Everything You Need To Know,existing hidden Sanity/source queue,repair attempted from local evidence; requires article-level review,required before approval; no Sprint 11T approval without clean body,required before approval,recommended where legally safe,required before approval,required before approval,image recovery required,required,Powerful Steps: Probate in Lagos:Everything You Need to Know,"Probate in Lagos: Everything You Need to Know - understand the process, timelines, and costs involved in settling a deceased person’s estate.",https://chamanlawfirm.com/resources/blog/probate-in-lagos-everything-you-need-to-know,"Charles Chukwuma Nkwoka, Esq.",probate/estate,blocked for lawyer/current-law review,requires current-law review,requires cannibalization check before approval,not approved in Sprint 11T,Deep-repair queue from SPRINT-11S-BLOG-DEEP-REPAIR-BATCH.csv; kept hidden until all gates pass.
110,https://chamanlawfirm.com/the-role-of-regulatory-bodies/,the-role-of-regulatory-bodies,The Role Of Regulatory Bodies,needs source recovery,repair attempted from local evidence; requires article-level review,required before approval; no Sprint 11T approval without clean body,required before approval,recommended where legally safe,required before approval,required before approval,image recovery required,required,requires preservation or rewrite,requires preservation or rewrite,https://chamanlawfirm.com/resources/blog/the-role-of-regulatory-bodies,"Charles Chukwuma Nkwoka, Esq.",general legal education,low/medium - editorial and legal review still required,requires current-law review,requires cannibalization check before approval,not approved in Sprint 11T,Deep-repair queue from SPRINT-11S-BLOG-DEEP-REPAIR-BATCH.csv; kept hidden until all gates pass.
111,https://chamanlawfirm.com/legally-combat-police-harassment-in-nigeria/,legally-combat-police-harassment-in-nigeria,Legally Combat Police Harassment In Nigeria,existing hidden Sanity/source queue,repair attempted from local evidence; requires article-level review,required before approval; no Sprint 11T approval without clean body,required before approval,recommended where legally safe,required before approval,required before approval,candidate image present; verify relevance,verify relevance before approval,Police Harassment :8 Steps to Combat Police Molestation,"Police harassment, intimidation, and molestation have unfortunately become common experiences for many Nigerians. Learn to combat police harassment",https://chamanlawfirm.com/resources/blog/legally-combat-police-harassment-in-nigeria,"Charles Chukwuma Nkwoka, Esq.",litigation/ADR,blocked for lawyer/current-law review,requires current-law review,requires cannibalization check before approval,not approved in Sprint 11T,Deep-repair queue from SPRINT-11S-BLOG-DEEP-REPAIR-BATCH.csv; kept hidden until all gates pass.
112,https://chamanlawfirm.com/minority-protection-rights-and-remedies/,minority-protection-rights-and-remedies,Minority Protection Rights And Remedies,needs source recovery,repair attempted from local evidence; requires article-level review,required before approval; no Sprint 11T approval without clean body,required before approval,recommended where legally safe,required before approval,required before approval,image recovery required,required,requires preservation or rewrite,requires preservation or rewrite,https://chamanlawfirm.com/resources/blog/minority-protection-rights-and-remedies,"Charles Chukwuma Nkwoka, Esq.",general legal education,low/medium - editorial and legal review still required,requires current-law review,requires cannibalization check before approval,not approved in Sprint 11T,Deep-repair queue from SPRINT-11S-BLOG-DEEP-REPAIR-BATCH.csv; kept hidden until all gates pass.
113,https://chamanlawfirm.com/legal-obligations-for-debt-collectors/,legal-obligations-for-debt-collectors,Legal Obligations For Debt Collectors,needs source recovery,repair attempted from local evidence; requires article-level review,required before approval; no Sprint 11T approval without clean body,required before approval,recommended where legally safe,required before approval,required before approval,candidate image present; verify relevance,verify relevance before approval,Legal Obligations For Debt Collectors: Powerful Insight: Understanding Legal Obligations for Debt Collectors in Nigeria,Legal Obligations For Debt Collectors The bottom line is simple but powerful: there is no room for shortcuts in lawful debt recovery. Compliance is not a bureaucratic...,https://chamanlawfirm.com/resources/blog/legal-obligations-for-debt-collectors,"Charles Chukwuma Nkwoka, Esq.",debt recovery,blocked for lawyer/current-law review,requires current-law review,requires cannibalization check before approval,not approved in Sprint 11T,Deep-repair queue from SPRINT-11S-BLOG-DEEP-REPAIR-BATCH.csv; kept hidden until all gates pass.
114,https://chamanlawfirm.com/challenges-of-implementing-the-land-use-act/,challenges-of-implementing-the-land-use-act,Challenges Of Implementing The Land Use Act,existing hidden Sanity/source queue,repair attempted from local evidence; requires article-level review,required before approval; no Sprint 11T approval without clean body,required before approval,recommended where legally safe,required before approval,required before approval,candidate image present; verify relevance,verify relevance before approval,Challenges Of Implementing The Land Use Act,The Challenges of Implementing the Land Use Act: A Deep Dive into Nigeria’s Land Administration,https://chamanlawfirm.com/resources/blog/challenges-of-implementing-the-land-use-act,"Charles Chukwuma Nkwoka, Esq.",property/title,blocked for lawyer/current-law review,requires current-law review,requires cannibalization check before approval,not approved in Sprint 11T,Deep-repair queue from SPRINT-11S-BLOG-DEEP-REPAIR-BATCH.csv; kept hidden until all gates pass.
115,https://chamanlawfirm.com/legal-restrictions-to-sale-of-land/,legal-restrictions-to-sale-of-land,Legal Restrictions To Sale Of Land,needs source recovery,repair attempted from local evidence; requires article-level review,required before approval; no Sprint 11T approval without clean body,required before approval,recommended where legally safe,required before approval,required before approval,image recovery required,required,requires preservation or rewrite,requires preservation or rewrite,https://chamanlawfirm.com/resources/blog/legal-restrictions-to-sale-of-land,"Charles Chukwuma Nkwoka, Esq.",property/title,blocked for lawyer/current-law review,requires current-law review,requires cannibalization check before approval,not approved in Sprint 11T,Deep-repair queue from SPRINT-11S-BLOG-DEEP-REPAIR-BATCH.csv; kept hidden until all gates pass.
116,https://chamanlawfirm.com/two-years-rule-as-regards-dissolution-of/,two-years-rule-as-regards-dissolution-of,Two Years Rule As Regards Dissolution Of,needs source recovery,repair attempted from local evidence; requires article-level review,required before approval; no Sprint 11T approval without clean body,required before approval,recommended where legally safe,required before approval,required before approval,image recovery required,required,requires preservation or rewrite,requires preservation or rewrite,https://chamanlawfirm.com/resources/blog/two-years-rule-as-regards-dissolution-of,"Charles Chukwuma Nkwoka, Esq.",general legal education,low/medium - editorial and legal review still required,requires current-law review,requires cannibalization check before approval,not approved in Sprint 11T,Deep-repair queue from SPRINT-11S-BLOG-DEEP-REPAIR-BATCH.csv; kept hidden until all gates pass.
117,https://chamanlawfirm.com/legal-processofobtaininga-deed-of-assignment/,legal-processofobtaininga-deed-of-assignment,Legal Processofobtaininga Deed Of Assignment,needs source recovery,repair attempted from local evidence; requires article-level review,required before approval; no Sprint 11T approval without clean body,required before approval,recommended where legally safe,required before approval,required before approval,candidate image present; verify relevance,verify relevance before approval,Legal Process for Obtaining a Deed of Assignment in Nigeria,"Introduction Securing real estate ownership in Lagos, Nigeria, involves numerous legal processes, with the Deed of Assignment being a crucial document that solidifies property transfer. Understanding the importance of",https://chamanlawfirm.com/resources/blog/legal-processofobtaininga-deed-of-assignment,"Charles Chukwuma Nkwoka, Esq.",property/title,low/medium - editorial and legal review still required,requires current-law review,requires cannibalization check before approval,not approved in Sprint 11T,Deep-repair queue from SPRINT-11S-BLOG-DEEP-REPAIR-BATCH.csv; kept hidden until all gates pass.
118,https://chamanlawfirm.com/establishing-paternity-and-maternity-under/,establishing-paternity-and-maternity-under,Establishing Paternity And Maternity Under,needs source recovery,repair attempted from local evidence; requires article-level review,required before approval; no Sprint 11T approval without clean body,required before approval,recommended where legally safe,required before approval,required before approval,image recovery required,required,requires preservation or rewrite,requires preservation or rewrite,https://chamanlawfirm.com/resources/blog/establishing-paternity-and-maternity-under,"Charles Chukwuma Nkwoka, Esq.",general legal education,low/medium - editorial and legal review still required,requires current-law review,requires cannibalization check before approval,not approved in Sprint 11T,Deep-repair queue from SPRINT-11S-BLOG-DEEP-REPAIR-BATCH.csv; kept hidden until all gates pass.
119,https://chamanlawfirm.com/the-difference-between-adoption-and-fostering-in-nigeria/,the-difference-between-adoption-and-fostering-in-nigeria,The Difference Between Adoption And Fostering In Nigeria,needs source recovery,repair attempted from local evidence; requires article-level review,required before approval; no Sprint 11T approval without clean body,required before approval,recommended where legally safe,required before approval,required before approval,image recovery required,required,requires preservation or rewrite,requires preservation or rewrite,https://chamanlawfirm.com/resources/blog/the-difference-between-adoption-and-fostering-in-nigeria,"Charles Chukwuma Nkwoka, Esq.",general legal education,low/medium - editorial and legal review still required,requires current-law review,requires cannibalization check before approval,not approved in Sprint 11T,Deep-repair queue from SPRINT-11S-BLOG-DEEP-REPAIR-BATCH.csv; kept hidden until all gates pass.
120,https://chamanlawfirm.com/limitations-to-testamentary-freedom/,limitations-to-testamentary-freedom,Limitations To Testamentary Freedom,needs source recovery,repair attempted from local evidence; requires article-level review,required before approval; no Sprint 11T approval without clean body,required before approval,recommended where legally safe,required before approval,required before approval,image recovery required,required,requires preservation or rewrite,requires preservation or rewrite,https://chamanlawfirm.com/resources/blog/limitations-to-testamentary-freedom,"Charles Chukwuma Nkwoka, Esq.",general legal education,low/medium - editorial and legal review still required,requires current-law review,requires cannibalization check before approval,not approved in Sprint 11T,Deep-repair queue from SPRINT-11S-BLOG-DEEP-REPAIR-BATCH.csv; kept hidden until all gates pass.
121,https://chamanlawfirm.com/list-of-government-agencies-of-nigeria,list-of-government-agencies-of-nigeria,List of Government Agencies of Nigeria,recovery attempted from prior local inventory,requires article-level lawyer/editorial review,required before approval; no Sprint 11T approval without clean body,required before approval,recommended where legally safe,required before approval,required before approval,image recovery/verification required,required before approval,yes,yes,https://chamanlawfirm.com/resources/blog/list-of-government-agencies-of-nigeria,"Charles Chukwuma Nkwoka, Esq.",General Legal Education,requires lawyer-safe review,requires current-law review,requires cannibalization check,not approved in Sprint 11T,Deep-repair queue from SPRINT-11R-BLOG-DEEP-BODY-RECOVERY-AND-REVIVAL.csv; kept hidden until all gates pass.
122,https://chamanlawfirm.com/how-to-track-a-stolen-phone-in-nigeria,how-to-track-a-stolen-phone-in-nigeria,How To Track A Stolen Phone In Nigeria,recovery attempted from prior local inventory,requires article-level lawyer/editorial review,required before approval; no Sprint 11T approval without clean body,required before approval,recommended where legally safe,required before approval,required before approval,image recovery/verification required,required before approval,yes,yes,https://chamanlawfirm.com/resources/blog/how-to-track-a-stolen-phone-in-nigeria,"Charles Chukwuma Nkwoka, Esq.",General Legal Education,requires lawyer-safe review,requires current-law review,requires cannibalization check,not approved in Sprint 11T,Deep-repair queue from SPRINT-11R-BLOG-DEEP-BODY-RECOVERY-AND-REVIVAL.csv; kept hidden until all gates pass.
123,https://chamanlawfirm.com/how-to-change-car-ownership-in-nigeria,how-to-change-car-ownership-in-nigeria,How To Change Car Ownership In Nigeria,recovery attempted from prior local inventory,requires article-level lawyer/editorial review,required before approval; no Sprint 11T approval without clean body,required before approval,recommended where legally safe,required before approval,required before approval,image recovery/verification required,required before approval,yes,yes,https://chamanlawfirm.com/resources/blog/how-to-change-car-ownership-in-nigeria,"Charles Chukwuma Nkwoka, Esq.",General Legal Education,requires lawyer-safe review,requires current-law review,requires cannibalization check,not approved in Sprint 11T,Deep-repair queue from SPRINT-11R-BLOG-DEEP-BODY-RECOVERY-AND-REVIVAL.csv; kept hidden until all gates pass.
124,https://chamanlawfirm.com/apply-for-drivers-licence-in-nigeria,apply-for-drivers-licence-in-nigeria,Guide: How To Apply For A Driver'S Licence In Nigeria Without Stress,recovery attempted from prior local inventory,requires article-level lawyer/editorial review,required before approval; no Sprint 11T approval without clean body,required before approval,recommended where legally safe,required before approval,required before approval,image recovery/verification required,required before approval,yes,yes,https://chamanlawfirm.com/resources/blog/apply-for-drivers-licence-in-nigeria,"Charles Chukwuma Nkwoka, Esq.",General Legal Education,requires lawyer-safe review,requires current-law review,requires cannibalization check,not approved in Sprint 11T,Deep-repair queue from SPRINT-11R-BLOG-DEEP-BODY-RECOVERY-AND-REVIVAL.csv; kept hidden until all gates pass.
125,https://chamanlawfirm.com/steps-on-how-to-confidently-report-acrimelaw,steps-on-how-to-confidently-report-acrimelaw,Steps On How To Confidently Report Acrimelaw,recovery attempted from prior local inventory,requires article-level lawyer/editorial review,required before approval; no Sprint 11T approval without clean body,required before approval,recommended where legally safe,required before approval,required before approval,image recovery/verification required,required before approval,yes,yes,https://chamanlawfirm.com/resources/blog/steps-on-how-to-confidently-report-acrimelaw,"Charles Chukwuma Nkwoka, Esq.",General Legal Education,requires lawyer-safe review,requires current-law review,requires cannibalization check,not approved in Sprint 11T,Deep-repair queue from SPRINT-11R-BLOG-DEEP-BODY-RECOVERY-AND-REVIVAL.csv; kept hidden until all gates pass.
126,https://chamanlawfirm.com/the-overall-list-of-federal-laws-in-nigeria,the-overall-list-of-federal-laws-in-nigeria,The Overall List of Federal Laws In Nigeria,recovery attempted from prior local inventory,requires article-level lawyer/editorial review,required before approval; no Sprint 11T approval without clean body,required before approval,recommended where legally safe,required before approval,required before approval,image recovery/verification required,required before approval,yes,yes,https://chamanlawfirm.com/resources/blog/the-overall-list-of-federal-laws-in-nigeria,"Charles Chukwuma Nkwoka, Esq.",Litigation and Dispute Resolution,requires lawyer-safe review,requires current-law review,requires cannibalization check,not approved in Sprint 11T,Deep-repair queue from SPRINT-11R-BLOG-DEEP-BODY-RECOVERY-AND-REVIVAL.csv; kept hidden until all gates pass.
127,https://chamanlawfirm.com/duties-of-correctional-institutions-in-nigeria,duties-of-correctional-institutions-in-nigeria,What Are the Duties of Correctional Institutions In Nigeria?,recovery attempted from prior local inventory,requires article-level lawyer/editorial review,required before approval; no Sprint 11T approval without clean body,required before approval,recommended where legally safe,required before approval,required before approval,image recovery/verification required,required before approval,yes,yes,https://chamanlawfirm.com/resources/blog/duties-of-correctional-institutions-in-nigeria,"Charles Chukwuma Nkwoka, Esq.",General Legal Education,requires lawyer-safe review,requires current-law review,requires cannibalization check,not approved in Sprint 11T,Deep-repair queue from SPRINT-11R-BLOG-DEEP-BODY-RECOVERY-AND-REVIVAL.csv; kept hidden until all gates pass.
128,https://chamanlawfirm.com/the-role-of-technology-in-nigerian-education,the-role-of-technology-in-nigerian-education,Learning: the Impact of Technology On Nigerian Education,recovery attempted from prior local inventory,requires article-level lawyer/editorial review,required before approval; no Sprint 11T approval without clean body,required before approval,recommended where legally safe,required before approval,required before approval,image recovery/verification required,required before approval,yes,yes,https://chamanlawfirm.com/resources/blog/the-role-of-technology-in-nigerian-education,"Charles Chukwuma Nkwoka, Esq.",General Legal Education,requires lawyer-safe review,requires current-law review,requires cannibalization check,not approved in Sprint 11T,Deep-repair queue from SPRINT-11R-BLOG-DEEP-BODY-RECOVERY-AND-REVIVAL.csv; kept hidden until all gates pass.
129,https://chamanlawfirm.com/stamping-and-up-stamping-of-a-mortgage-document,stamping-and-up-stamping-of-a-mortgage-document,What Is Stamping and Up-Stamping of A Mortgage Document,recovery attempted from prior local inventory,requires article-level lawyer/editorial review,required before approval; no Sprint 11T approval without clean body,required before approval,recommended where legally safe,required before approval,required before approval,image recovery/verification required,required before approval,yes,yes,https://chamanlawfirm.com/resources/blog/stamping-and-up-stamping-of-a-mortgage-document,"Charles Chukwuma Nkwoka, Esq.",Property and Real Estate Law,requires lawyer-safe review,requires current-law review,requires cannibalization check,not approved in Sprint 11T,Deep-repair queue from SPRINT-11R-BLOG-DEEP-BODY-RECOVERY-AND-REVIVAL.csv; kept hidden until all gates pass.
130,https://chamanlawfirm.com/land-use-act-1978,land-use-act-1978,Understanding the Land Use Act: How It Affects You,recovery attempted from prior local inventory,requires article-level lawyer/editorial review,required before approval; no Sprint 11T approval without clean body,required before approval,recommended where legally safe,required before approval,required before approval,image recovery/verification required,required before approval,yes,yes,https://chamanlawfirm.com/resources/blog/land-use-act-1978,"Charles Chukwuma Nkwoka, Esq.",Property and Real Estate Law,requires lawyer-safe review,requires current-law review,requires cannibalization check,not approved in Sprint 11T,Deep-repair queue from SPRINT-11R-BLOG-DEEP-BODY-RECOVERY-AND-REVIVAL.csv; kept hidden until all gates pass.
131,https://chamanlawfirm.com/how-to-obtain-tax-clearance-certificate,how-to-obtain-tax-clearance-certificate,How To Obtain Tax Clearance Certificate,recovery attempted from prior local inventory,requires article-level lawyer/editorial review,required before approval; no Sprint 11T approval without clean body,required before approval,recommended where legally safe,required before approval,required before approval,image recovery/verification required,required before approval,yes,yes,https://chamanlawfirm.com/resources/blog/how-to-obtain-tax-clearance-certificate,"Charles Chukwuma Nkwoka, Esq.",Property and Real Estate Law,requires lawyer-safe review,requires current-law review,requires cannibalization check,not approved in Sprint 11T,Deep-repair queue from SPRINT-11R-BLOG-DEEP-BODY-RECOVERY-AND-REVIVAL.csv; kept hidden until all gates pass.
132,https://chamanlawfirm.com/nigeria-prohibited-items-list,nigeria-prohibited-items-list,Nigeria'S Prohibited Items List; What You Must Know!,recovery attempted from prior local inventory,requires article-level lawyer/editorial review,required before approval; no Sprint 11T approval without clean body,required before approval,recommended where legally safe,required before approval,required before approval,image recovery/verification required,required before approval,yes,yes,https://chamanlawfirm.com/resources/blog/nigeria-prohibited-items-list,"Charles Chukwuma Nkwoka, Esq.",General Legal Education,requires lawyer-safe review,requires current-law review,requires cannibalization check,not approved in Sprint 11T,Deep-repair queue from SPRINT-11R-BLOG-DEEP-BODY-RECOVERY-AND-REVIVAL.csv; kept hidden until all gates pass.
133,https://chamanlawfirm.com/landlords-and-tenants-in-nigeria,landlords-and-tenants-in-nigeria,Landlords and Tenants In Nigeria,recovery attempted from prior local inventory,requires article-level lawyer/editorial review,required before approval; no Sprint 11T approval without clean body,required before approval,recommended where legally safe,required before approval,required before approval,image recovery/verification required,required before approval,yes,yes,https://chamanlawfirm.com/resources/blog/landlords-and-tenants-in-nigeria,"Charles Chukwuma Nkwoka, Esq.",Property and Real Estate Law,requires lawyer-safe review,requires current-law review,requires cannibalization check,not approved in Sprint 11T,Deep-repair queue from SPRINT-11R-BLOG-DEEP-BODY-RECOVERY-AND-REVIVAL.csv; kept hidden until all gates pass.
134,https://chamanlawfirm.com/rights-of-a-property-owner-in-nigeria,rights-of-a-property-owner-in-nigeria,Your Rights As A Property Owner In Nigeria: What the Law Says,recovery attempted from prior local inventory,requires article-level lawyer/editorial review,required before approval; no Sprint 11T approval without clean body,required before approval,recommended where legally safe,required before approval,required before approval,image recovery/verification required,required before approval,yes,yes,https://chamanlawfirm.com/resources/blog/rights-of-a-property-owner-in-nigeria,"Charles Chukwuma Nkwoka, Esq.",Property and Real Estate Law,requires lawyer-safe review,requires current-law review,requires cannibalization check,not approved in Sprint 11T,Deep-repair queue from SPRINT-11R-BLOG-DEEP-BODY-RECOVERY-AND-REVIVAL.csv; kept hidden until all gates pass.
135,https://chamanlawfirm.com/doctrine-of-ultra-vires,doctrine-of-ultra-vires,Understanding the Doctrine of Ultra Vires: A Legal Safeguard For Businesses,recovery attempted from prior local inventory,requires article-level lawyer/editorial review,required before approval; no Sprint 11T approval without clean body,required before approval,recommended where legally safe,required before approval,required before approval,image recovery/verification required,required before approval,yes,yes,https://chamanlawfirm.com/resources/blog/doctrine-of-ultra-vires,"Charles Chukwuma Nkwoka, Esq.",Corporate and Commercial Law,requires lawyer-safe review,requires current-law review,requires cannibalization check,not approved in Sprint 11T,Deep-repair queue from SPRINT-11R-BLOG-DEEP-BODY-RECOVERY-AND-REVIVAL.csv; kept hidden until all gates pass.
136,https://chamanlawfirm.com/land-registration-system-in-nigeria,land-registration-system-in-nigeria,Land Registration System In Nigeria,recovery attempted from prior local inventory,requires article-level lawyer/editorial review,required before approval; no Sprint 11T approval without clean body,required before approval,recommended where legally safe,required before approval,required before approval,image recovery/verification required,required before approval,yes,yes,https://chamanlawfirm.com/resources/blog/land-registration-system-in-nigeria,"Charles Chukwuma Nkwoka, Esq.",Property and Real Estate Law,requires lawyer-safe review,requires current-law review,requires cannibalization check,not approved in Sprint 11T,Deep-repair queue from SPRINT-11R-BLOG-DEEP-BODY-RECOVERY-AND-REVIVAL.csv; kept hidden until all gates pass.
137,https://chamanlawfirm.com/lagos-tenancy-fixed-and-periodic-tenancies,lagos-tenancy-fixed-and-periodic-tenancies,Lagos Tenancy Fixed and Periodic Tenancies,recovery attempted from prior local inventory,requires article-level lawyer/editorial review,required before approval; no Sprint 11T approval without clean body,required before approval,recommended where legally safe,required before approval,required before approval,image recovery/verification required,required before approval,yes,yes,https://chamanlawfirm.com/resources/blog/lagos-tenancy-fixed-and-periodic-tenancies,"Charles Chukwuma Nkwoka, Esq.",General Legal Education,requires lawyer-safe review,requires current-law review,requires cannibalization check,not approved in Sprint 11T,Deep-repair queue from SPRINT-11R-BLOG-DEEP-BODY-RECOVERY-AND-REVIVAL.csv; kept hidden until all gates pass.
138,https://chamanlawfirm.com/board-of-directors-in-nigerian-companies,board-of-directors-in-nigerian-companies,The Strategic Power of the Board Directors In Nigerian Companies- For A Successful Business,recovery attempted from prior local inventory,requires article-level lawyer/editorial review,required before approval; no Sprint 11T approval without clean body,required before approval,recommended where legally safe,required before approval,required before approval,image recovery/verification required,required before approval,yes,yes,https://chamanlawfirm.com/resources/blog/board-of-directors-in-nigerian-companies,"Charles Chukwuma Nkwoka, Esq.",Corporate and Commercial Law,requires lawyer-safe review,requires current-law review,requires cannibalization check,not approved in Sprint 11T,Deep-repair queue from SPRINT-11R-BLOG-DEEP-BODY-RECOVERY-AND-REVIVAL.csv; kept hidden until all gates pass.
139,https://chamanlawfirm.com/how-to-file-a-lawsuit-in-nigeria,how-to-file-a-lawsuit-in-nigeria,How To File A Lawsuit In Nigeria,recovery attempted from prior local inventory,requires article-level lawyer/editorial review,required before approval; no Sprint 11T approval without clean body,required before approval,recommended where legally safe,required before approval,required before approval,image recovery/verification required,required before approval,yes,yes,https://chamanlawfirm.com/resources/blog/how-to-file-a-lawsuit-in-nigeria,"Charles Chukwuma Nkwoka, Esq.",Litigation and Dispute Resolution,requires lawyer-safe review,requires current-law review,requires cannibalization check,not approved in Sprint 11T,Deep-repair queue from SPRINT-11R-BLOG-DEEP-BODY-RECOVERY-AND-REVIVAL.csv; kept hidden until all gates pass.
140,https://chamanlawfirm.com/analysis-of-the-nigerian-legal-system,analysis-of-the-nigerian-legal-system,Unmasking the Flaws and Triumphs of the Nigerian Legal System: A Power Analysis,recovery attempted from prior local inventory,requires article-level lawyer/editorial review,required before approval; no Sprint 11T approval without clean body,required before approval,recommended where legally safe,required before approval,required before approval,image recovery/verification required,required before approval,yes,yes,https://chamanlawfirm.com/resources/blog/analysis-of-the-nigerian-legal-system,"Charles Chukwuma Nkwoka, Esq.",Litigation and Dispute Resolution,requires lawyer-safe review,requires current-law review,requires cannibalization check,not approved in Sprint 11T,Deep-repair queue from SPRINT-11R-BLOG-DEEP-BODY-RECOVERY-AND-REVIVAL.csv; kept hidden until all gates pass.
141,https://chamanlawfirm.com/how-to-apply-for-certificate-of-good-conduct-in-nigeria,how-to-apply-for-certificate-of-good-conduct-in-nigeria,How To Apply For Certificate of Good Conduct In Nigeria,recovery attempted from prior local inventory,requires article-level lawyer/editorial review,required before approval; no Sprint 11T approval without clean body,required before approval,recommended where legally safe,required before approval,required before approval,image recovery/verification required,required before approval,yes,yes,https://chamanlawfirm.com/resources/blog/how-to-apply-for-certificate-of-good-conduct-in-nigeria,"Charles Chukwuma Nkwoka, Esq.",Property and Real Estate Law,requires lawyer-safe review,requires current-law review,requires cannibalization check,not approved in Sprint 11T,Deep-repair queue from SPRINT-11R-BLOG-DEEP-BODY-RECOVERY-AND-REVIVAL.csv; kept hidden until all gates pass.
142,https://chamanlawfirm.com/how-to-legally-evict-a-tenant-in-lagos-state,how-to-legally-evict-a-tenant-in-lagos-state,How To Legally Evict A Tenant In Lagos State Without Breaking the Law,recovery attempted from prior local inventory,requires article-level lawyer/editorial review,required before approval; no Sprint 11T approval without clean body,required before approval,recommended where legally safe,required before approval,required before approval,image recovery/verification required,required before approval,yes,yes,https://chamanlawfirm.com/resources/blog/how-to-legally-evict-a-tenant-in-lagos-state,"Charles Chukwuma Nkwoka, Esq.",Property and Real Estate Law,requires lawyer-safe review,requires current-law review,requires cannibalization check,not approved in Sprint 11T,Deep-repair queue from SPRINT-11R-BLOG-DEEP-BODY-RECOVERY-AND-REVIVAL.csv; kept hidden until all gates pass.
143,https://chamanlawfirm.com/of-the-securities-and-exchange-commission,of-the-securities-and-exchange-commission,5 Functions of the Securities and Exchange Commission,recovery attempted from prior local inventory,requires article-level lawyer/editorial review,required before approval; no Sprint 11T approval without clean body,required before approval,recommended where legally safe,required before approval,required before approval,image recovery/verification required,required before approval,yes,yes,https://chamanlawfirm.com/resources/blog/of-the-securities-and-exchange-commission,"Charles Chukwuma Nkwoka, Esq.",Corporate and Commercial Law,requires lawyer-safe review,requires current-law review,requires cannibalization check,not approved in Sprint 11T,Deep-repair queue from SPRINT-11R-BLOG-DEEP-BODY-RECOVERY-AND-REVIVAL.csv; kept hidden until all gates pass.
144,https://chamanlawfirm.com/challenges-of-implementing-the-land-use-act,challenges-of-implementing-the-land-use-act,Challenges of Implementing the Land Use Act,recovery attempted from prior local inventory,requires article-level lawyer/editorial review,required before approval; no Sprint 11T approval without clean body,required before approval,recommended where legally safe,required before approval,required before approval,image recovery/verification required,required before approval,yes,yes,https://chamanlawfirm.com/resources/blog/challenges-of-implementing-the-land-use-act,"Charles Chukwuma Nkwoka, Esq.",Property and Real Estate Law,requires lawyer-safe review,requires current-law review,requires cannibalization check,not approved in Sprint 11T,Deep-repair queue from SPRINT-11R-BLOG-DEEP-BODY-RECOVERY-AND-REVIVAL.csv; kept hidden until all gates pass.
145,https://chamanlawfirm.com/expert-witnesses-in-nigeria-court-proceeding,expert-witnesses-in-nigeria-court-proceeding,Expert Witnesses In Nigeria Court Proceeding,recovery attempted from prior local inventory,requires article-level lawyer/editorial review,required before approval; no Sprint 11T approval without clean body,required before approval,recommended where legally safe,required before approval,required before approval,image recovery/verification required,required before approval,yes,yes,https://chamanlawfirm.com/resources/blog/expert-witnesses-in-nigeria-court-proceeding,"Charles Chukwuma Nkwoka, Esq.",Litigation and Dispute Resolution,requires lawyer-safe review,requires current-law review,requires cannibalization check,not approved in Sprint 11T,Deep-repair queue from SPRINT-11R-BLOG-DEEP-BODY-RECOVERY-AND-REVIVAL.csv; kept hidden until all gates pass.
146,https://chamanlawfirm.com/how-to-calculate-and-pay-land-use-charge,how-to-calculate-and-pay-land-use-charge,How To Calculate and Pay Land Use Charge,recovery attempted from prior local inventory,requires article-level lawyer/editorial review,required before approval; no Sprint 11T approval without clean body,required before approval,recommended where legally safe,required before approval,required before approval,image recovery/verification required,required before approval,yes,yes,https://chamanlawfirm.com/resources/blog/how-to-calculate-and-pay-land-use-charge,"Charles Chukwuma Nkwoka, Esq.",Property and Real Estate Law,requires lawyer-safe review,requires current-law review,requires cannibalization check,not approved in Sprint 11T,Deep-repair queue from SPRINT-11R-BLOG-DEEP-BODY-RECOVERY-AND-REVIVAL.csv; kept hidden until all gates pass.
147,https://chamanlawfirm.com/legally-combat-police-harassment-in-nigeria,legally-combat-police-harassment-in-nigeria,Legally Combat Police Harassment In Nigeria,recovery attempted from prior local inventory,requires article-level lawyer/editorial review,required before approval; no Sprint 11T approval without clean body,required before approval,recommended where legally safe,required before approval,required before approval,image recovery/verification required,required before approval,yes,yes,https://chamanlawfirm.com/resources/blog/legally-combat-police-harassment-in-nigeria,"Charles Chukwuma Nkwoka, Esq.",Litigation and Dispute Resolution,requires lawyer-safe review,requires current-law review,requires cannibalization check,not approved in Sprint 11T,Deep-repair queue from SPRINT-11R-BLOG-DEEP-BODY-RECOVERY-AND-REVIVAL.csv; kept hidden until all gates pass.
148,https://chamanlawfirm.com/legal-restrictions-to-sale-of-land,legal-restrictions-to-sale-of-land,Crucial Insights: Understanding the Legal Restrictions To Sale of Land,recovery attempted from prior local inventory,requires article-level lawyer/editorial review,required before approval; no Sprint 11T approval without clean body,required before approval,recommended where legally safe,required before approval,required before approval,image recovery/verification required,required before approval,yes,yes,https://chamanlawfirm.com/resources/blog/legal-restrictions-to-sale-of-land,"Charles Chukwuma Nkwoka, Esq.",Property and Real Estate Law,requires lawyer-safe review,requires current-law review,requires cannibalization check,not approved in Sprint 11T,Deep-repair queue from SPRINT-11R-BLOG-DEEP-BODY-RECOVERY-AND-REVIVAL.csv; kept hidden until all gates pass.
149,https://chamanlawfirm.com/establishing-paternity-and-maternity-under,establishing-paternity-and-maternity-under,Establishing Paternity and Maternity Under Nigerian Law: A Comprehensive 3 Steps Guide,recovery attempted from prior local inventory,requires article-level lawyer/editorial review,required before approval; no Sprint 11T approval without clean body,required before approval,recommended where legally safe,required before approval,required before approval,image recovery/verification required,required before approval,yes,yes,https://chamanlawfirm.com/resources/blog/establishing-paternity-and-maternity-under,"Charles Chukwuma Nkwoka, Esq.",Family Law,requires lawyer-safe review,requires current-law review,requires cannibalization check,not approved in Sprint 11T,Deep-repair queue from SPRINT-11R-BLOG-DEEP-BODY-RECOVERY-AND-REVIVAL.csv; kept hidden until all gates pass.
150,https://chamanlawfirm.com/selling-a-family-land-without-everyones-consent,selling-a-family-land-without-everyones-consent,Selling A Family Land Without Everyones Consent,recovery attempted from prior local inventory,requires article-level lawyer/editorial review,required before approval; no Sprint 11T approval without clean body,required before approval,recommended where legally safe,required before approval,required before approval,image recovery/verification required,required before approval,yes,yes,https://chamanlawfirm.com/resources/blog/selling-a-family-land-without-everyones-consent,"Charles Chukwuma Nkwoka, Esq.",Property and Real Estate Law,requires lawyer-safe review,requires current-law review,requires cannibalization check,not approved in Sprint 11T,Deep-repair queue from SPRINT-11R-BLOG-DEEP-BODY-RECOVERY-AND-REVIVAL.csv; kept hidden until all gates pass.
151,https://chamanlawfirm.com/rights-of-parties-to-a-mortgage,rights-of-parties-to-a-mortgage,Rights of Parties To A Mortgage,recovery attempted from prior local inventory,requires article-level lawyer/editorial review,required before approval; no Sprint 11T approval without clean body,required before approval,recommended where legally safe,required before approval,required before approval,image recovery/verification required,required before approval,yes,yes,https://chamanlawfirm.com/resources/blog/rights-of-parties-to-a-mortgage,"Charles Chukwuma Nkwoka, Esq.",Property and Real Estate Law,requires lawyer-safe review,requires current-law review,requires cannibalization check,not approved in Sprint 11T,Deep-repair queue from SPRINT-11R-BLOG-DEEP-BODY-RECOVERY-AND-REVIVAL.csv; kept hidden until all gates pass.
152,https://chamanlawfirm.com/right-of-an-illegitimate-child,right-of-an-illegitimate-child,Right of An Illegitimate Child,recovery attempted from prior local inventory,requires article-level lawyer/editorial review,required before approval; no Sprint 11T approval without clean body,required before approval,recommended where legally safe,required before approval,required before approval,image recovery/verification required,required before approval,yes,yes,https://chamanlawfirm.com/resources/blog/right-of-an-illegitimate-child,"Charles Chukwuma Nkwoka, Esq.",Family Law,requires lawyer-safe review,requires current-law review,requires cannibalization check,not approved in Sprint 11T,Deep-repair queue from SPRINT-11R-BLOG-DEEP-BODY-RECOVERY-AND-REVIVAL.csv; kept hidden until all gates pass.
153,https://chamanlawfirm.com/minority-protection-rights-and-remedies,minority-protection-rights-and-remedies,Minority Protection: Rights and Remedies of Minorities,recovery attempted from prior local inventory,requires article-level lawyer/editorial review,required before approval; no Sprint 11T approval without clean body,required before approval,recommended where legally safe,required before approval,required before approval,image recovery/verification required,required before approval,yes,yes,https://chamanlawfirm.com/resources/blog/minority-protection-rights-and-remedies,"Charles Chukwuma Nkwoka, Esq.",Corporate and Commercial Law,requires lawyer-safe review,requires current-law review,requires cannibalization check,not approved in Sprint 11T,Deep-repair queue from SPRINT-11R-BLOG-DEEP-BODY-RECOVERY-AND-REVIVAL.csv; kept hidden until all gates pass.
154,https://chamanlawfirm.com/taxes-on-real-estate-transactions-in-nigeria,taxes-on-real-estate-transactions-in-nigeria,Taxes On Real Estate Transactions In Nigeria,recovery attempted from prior local inventory,requires article-level lawyer/editorial review,required before approval; no Sprint 11T approval without clean body,required before approval,recommended where legally safe,required before approval,required before approval,image recovery/verification required,required before approval,yes,yes,https://chamanlawfirm.com/resources/blog/taxes-on-real-estate-transactions-in-nigeria,"Charles Chukwuma Nkwoka, Esq.",Corporate and Commercial Law,requires lawyer-safe review,requires current-law review,requires cannibalization check,not approved in Sprint 11T,Deep-repair queue from SPRINT-11R-BLOG-DEEP-BODY-RECOVERY-AND-REVIVAL.csv; kept hidden until all gates pass.
155,https://chamanlawfirm.com/the-concept-of-restitution-of-conjugal-rights,the-concept-of-restitution-of-conjugal-rights,The Concept of Restitution of Conjugal Rights,recovery attempted from prior local inventory,requires article-level lawyer/editorial review,required before approval; no Sprint 11T approval without clean body,required before approval,recommended where legally safe,required before approval,required before approval,image recovery/verification required,required before approval,yes,yes,https://chamanlawfirm.com/resources/blog/the-concept-of-restitution-of-conjugal-rights,"Charles Chukwuma Nkwoka, Esq.",General Legal Education,requires lawyer-safe review,requires current-law review,requires cannibalization check,not approved in Sprint 11T,Deep-repair queue from SPRINT-11R-BLOG-DEEP-BODY-RECOVERY-AND-REVIVAL.csv; kept hidden until all gates pass.
156,https://chamanlawfirm.com/breach-of-promise-to-marriage-in-nigeria,breach-of-promise-to-marriage-in-nigeria,Breach of Promise To Marriage In Nigeria,recovery attempted from prior local inventory,requires article-level lawyer/editorial review,required before approval; no Sprint 11T approval without clean body,required before approval,recommended where legally safe,required before approval,required before approval,image recovery/verification required,required before approval,yes,yes,https://chamanlawfirm.com/resources/blog/breach-of-promise-to-marriage-in-nigeria,"Charles Chukwuma Nkwoka, Esq.",Family Law,requires lawyer-safe review,requires current-law review,requires cannibalization check,not approved in Sprint 11T,Deep-repair queue from SPRINT-11R-BLOG-DEEP-BODY-RECOVERY-AND-REVIVAL.csv; kept hidden until all gates pass.
157,https://chamanlawfirm.com/individual-tax-clearance-certificate,individual-tax-clearance-certificate,Individual Tax Clearance Certificate,recovery attempted from prior local inventory,requires article-level lawyer/editorial review,required before approval; no Sprint 11T approval without clean body,required before approval,recommended where legally safe,required before approval,required before approval,image recovery/verification required,required before approval,yes,yes,https://chamanlawfirm.com/resources/blog/individual-tax-clearance-certificate,"Charles Chukwuma Nkwoka, Esq.",Property and Real Estate Law,requires lawyer-safe review,requires current-law review,requires cannibalization check,not approved in Sprint 11T,Deep-repair queue from SPRINT-11R-BLOG-DEEP-BODY-RECOVERY-AND-REVIVAL.csv; kept hidden until all gates pass.
158,https://chamanlawfirm.com/7-effective-steps-to-take-when-a-landlord-refuses-to-return-your-rent-deposit,7-effective-steps-to-take-when-a-landlord-refuses-to-return-your-rent-deposit,7 Effective Steps To Take When A Landlord Refuses To Return Your Rent Deposit,recovery attempted from prior local inventory,requires article-level lawyer/editorial review,required before approval; no Sprint 11T approval without clean body,required before approval,recommended where legally safe,required before approval,required before approval,image recovery/verification required,required before approval,yes,yes,https://chamanlawfirm.com/resources/blog/7-effective-steps-to-take-when-a-landlord-refuses-to-return-your-rent-deposit,"Charles Chukwuma Nkwoka, Esq.",Property and Real Estate Law,requires lawyer-safe review,requires current-law review,requires cannibalization check,not approved in Sprint 11T,Deep-repair queue from SPRINT-11R-BLOG-DEEP-BODY-RECOVERY-AND-REVIVAL.csv; kept hidden until all gates pass.
159,https://chamanlawfirm.com/laspppa-what-it-is-and-why-it-matters-in-lagos,laspppa-what-it-is-and-why-it-matters-in-lagos,Laspppa: What It Is and Why It Matters For Property Owners In Lagos,recovery attempted from prior local inventory,requires article-level lawyer/editorial review,required before approval; no Sprint 11T approval without clean body,required before approval,recommended where legally safe,required before approval,required before approval,image recovery/verification required,required before approval,yes,yes,https://chamanlawfirm.com/resources/blog/laspppa-what-it-is-and-why-it-matters-in-lagos,"Charles Chukwuma Nkwoka, Esq.",Property and Real Estate Law,requires lawyer-safe review,requires current-law review,requires cannibalization check,not approved in Sprint 11T,Deep-repair queue from SPRINT-11R-BLOG-DEEP-BODY-RECOVERY-AND-REVIVAL.csv; kept hidden until all gates pass.
160,https://chamanlawfirm.com/proven-steps-onoverview-of-the-child-right-act,proven-steps-onoverview-of-the-child-right-act,Onoverview of the Child Right Act,recovery attempted from prior local inventory,requires article-level lawyer/editorial review,required before approval; no Sprint 11T approval without clean body,required before approval,recommended where legally safe,required before approval,required before approval,image recovery/verification required,required before approval,yes,yes,https://chamanlawfirm.com/resources/blog/proven-steps-onoverview-of-the-child-right-act,"Charles Chukwuma Nkwoka, Esq.",Family Law,requires lawyer-safe review,requires current-law review,requires cannibalization check,not approved in Sprint 11T,Deep-repair queue from SPRINT-11R-BLOG-DEEP-BODY-RECOVERY-AND-REVIVAL.csv; kept hidden until all gates pass.
161,https://chamanlawfirm.com/clauses-for-drafting-a-tenancy-agreement,clauses-for-drafting-a-tenancy-agreement,Clauses For Drafting A Tenancy Agreement,recovery attempted from prior local inventory,requires article-level lawyer/editorial review,required before approval; no Sprint 11T approval without clean body,required before approval,recommended where legally safe,required before approval,required before approval,image recovery/verification required,required before approval,yes,yes,https://chamanlawfirm.com/resources/blog/clauses-for-drafting-a-tenancy-agreement,"Charles Chukwuma Nkwoka, Esq.",General Legal Education,requires lawyer-safe review,requires current-law review,requires cannibalization check,not approved in Sprint 11T,Deep-repair queue from SPRINT-11R-BLOG-DEEP-BODY-RECOVERY-AND-REVIVAL.csv; kept hidden until all gates pass.
162,https://chamanlawfirm.com/how-to-resolve-land-disputes-in-nigeria-with,how-to-resolve-land-disputes-in-nigeria-with,How To Resolve Land Disputes In Nigeria With,recovery attempted from prior local inventory,requires article-level lawyer/editorial review,required before approval; no Sprint 11T approval without clean body,required before approval,recommended where legally safe,required before approval,required before approval,image recovery/verification required,required before approval,yes,yes,https://chamanlawfirm.com/resources/blog/how-to-resolve-land-disputes-in-nigeria-with,"Charles Chukwuma Nkwoka, Esq.",Property and Real Estate Law,requires lawyer-safe review,requires current-law review,requires cannibalization check,not approved in Sprint 11T,Deep-repair queue from SPRINT-11R-BLOG-DEEP-BODY-RECOVERY-AND-REVIVAL.csv; kept hidden until all gates pass.
163,https://chamanlawfirm.com/limitation-of-action-in-nigeria,limitation-of-action-in-nigeria,Limitation of Action In Nigeria,recovery attempted from prior local inventory,requires article-level lawyer/editorial review,required before approval; no Sprint 11T approval without clean body,required before approval,recommended where legally safe,required before approval,required before approval,image recovery/verification required,required before approval,yes,yes,https://chamanlawfirm.com/resources/blog/limitation-of-action-in-nigeria,"Charles Chukwuma Nkwoka, Esq.",General Legal Education,requires lawyer-safe review,requires current-law review,requires cannibalization check,not approved in Sprint 11T,Deep-repair queue from SPRINT-11R-BLOG-DEEP-BODY-RECOVERY-AND-REVIVAL.csv; kept hidden until all gates pass.
164,https://chamanlawfirm.com/legal-implications-of-joint-property,legal-implications-of-joint-property,The Legal Implications of Joint Property Ownership In Nigeria,recovery attempted from prior local inventory,requires article-level lawyer/editorial review,required before approval; no Sprint 11T approval without clean body,required before approval,recommended where legally safe,required before approval,required before approval,image recovery/verification required,required before approval,yes,yes,https://chamanlawfirm.com/resources/blog/legal-implications-of-joint-property,"Charles Chukwuma Nkwoka, Esq.",Property and Real Estate Law,requires lawyer-safe review,requires current-law review,requires cannibalization check,not approved in Sprint 11T,Deep-repair queue from SPRINT-11R-BLOG-DEEP-BODY-RECOVERY-AND-REVIVAL.csv; kept hidden until all gates pass.
165,https://chamanlawfirm.com/enforcing-fundamental-human-right,enforcing-fundamental-human-right,Fundamental Human Right; What Are the Procedures For Enforcing Fundamental Human Right?,recovery attempted from prior local inventory,requires article-level lawyer/editorial review,required before approval; no Sprint 11T approval without clean body,required before approval,recommended where legally safe,required before approval,required before approval,image recovery/verification required,required before approval,yes,yes,https://chamanlawfirm.com/resources/blog/enforcing-fundamental-human-right,"Charles Chukwuma Nkwoka, Esq.",General Legal Education,requires lawyer-safe review,requires current-law review,requires cannibalization check,not approved in Sprint 11T,Deep-repair queue from SPRINT-11R-BLOG-DEEP-BODY-RECOVERY-AND-REVIVAL.csv; kept hidden until all gates pass.
166,https://chamanlawfirm.com/powerful-steps-who-is-mercantile-agent,powerful-steps-who-is-mercantile-agent,Who Is Mercantile Agent,recovery attempted from prior local inventory,requires article-level lawyer/editorial review,required before approval; no Sprint 11T approval without clean body,required before approval,recommended where legally safe,required before approval,required before approval,image recovery/verification required,required before approval,yes,yes,https://chamanlawfirm.com/resources/blog/powerful-steps-who-is-mercantile-agent,"Charles Chukwuma Nkwoka, Esq.",General Legal Education,requires lawyer-safe review,requires current-law review,requires cannibalization check,not approved in Sprint 11T,Deep-repair queue from SPRINT-11R-BLOG-DEEP-BODY-RECOVERY-AND-REVIVAL.csv; kept hidden until all gates pass.
