priority rank,legacy post ID,old URL,old slug,old title,old SEO title,old meta description,old status,old publish date,clicks,impressions,indexed/search evidence,current production status,current redirect target,body recovered yes/no,image recovered yes/no,Sanity draft exists yes/no,Sanity slug,Sanity approval status,public URL,sitemap status,redirect replacement status,legal review status,notes
1,,https://chamanlawfirm.com/,blog,Blog,,,,,1598,78655,source body not present in Phase 5C prepared drafts; SEO title requires RankMath/source preservation or rewrite; meta description requires RankMath/source preservation or rewrite; image recovery/fallback required,not restored,/resources/blog/,no,no,no,blog,not approved,,excluded while hidden,pending,not required unless revived,source body not present in Phase 5C prepared drafts; SEO title requires RankMath/source preservation or rewrite; meta description requires RankMath/source preservation or rewrite; image recovery/fallback required
2,,https://chamanlawfirm.com/landlord-and-tenant-rights-in-nigeria/,landlord-and-tenant-rights-in-nigeria,A comprehensive guide on Landlord and Tenant Rights in Nigeria,Landlord and Tenant Rights in Nigeria: Complete Legal Guide,"Understand your rights as a landlord or tenant in Nigeria. Learn about tenancy laws, and rent obligations under Nigerian property law.",,,1579,59489,,public article live/eligible,/resources/blog/landlord-and-tenant-rights-in-nigeria,yes,yes,no,landlord-and-tenant-rights-in-nigeria,approved,https://chamanlawfirm.com/resources/blog/landlord-and-tenant-rights-in-nigeria,eligible after deployment/revalidation,pending,passed for preview,
3,,https://www.chamanlawfirm.com/,,,,,,,1452,96316,source body not present in Phase 5C prepared drafts; SEO title requires RankMath/source preservation or rewrite; meta description requires RankMath/source preservation or rewrite; image recovery/fallback required; redirect planning only; do not publish as article without equivalent content,not restored,https://chamanlawfirm.com/,no,no,no,,not approved,,excluded while hidden,pending,not required unless revived,source body not present in Phase 5C prepared drafts; SEO title requires RankMath/source preservation or rewrite; meta description requires RankMath/source preservation or rewrite; image recovery/fallback required; redirect planning only; do not publish as article without equivalent content
4,,https://chamanlawfirm.com/obtaining-a-certificate-of-occupancy-c-of-o/,obtaining-a-certificate-of-occupancy-c-of-o,REQUIREMENTS FOR OBTAINING A CERTIFICATE OF OCCUPANCY (CofO) IN NIGERIA (LAGOS AND OGUN STATE),The best way to obtain Certificate of Occupancy in Nigeria,"Certificate of Occupancy In Nigeria, for a person to successfully establish ownership or acquisition of land or landed property,",,,1173,39662,GSC Pages export and Sprint 10C inventory,not restored,/resources/blog/obtaining-a-certificate-of-occupancy-c-of-o,no,no,no,obtaining-a-certificate-of-occupancy-c-of-o,not approved,,excluded while hidden,pending,pending lawyer review,image recovery/fallback required
5,,https://chamanlawfirm.com/cac-public-search-guide-nigeria/,cac-public-search-guide-nigeria,How to Use CAC Public Search for Your Business Registration,How to Use CAC Public Search for Your Business Registration,Learn how to use CAC public search for business registration. Chaman Law Firm provides expert guidance on company verification.,,,1009,77699,image recovery/fallback required,public article live/eligible,/resources/blog/cac-public-search-guide-nigeria,yes,no,no,cac-public-search-guide-nigeria,approved,https://chamanlawfirm.com/resources/blog/cac-public-search-guide-nigeria,eligible after deployment/revalidation,pending,pending lawyer review,image recovery/fallback required
6,,https://chamanlawfirm.com/the-jurisdiction-of-courts-in-nigeria/,the-jurisdiction-of-courts-in-nigeria,The Jurisdiction of Courts in Nigeria,Powerful Steps: the jurisdiction of courts in Nigeria,the jurisdiction of courts in Nigeria and how judicial powers are defined. Chaman Law Firm provides expert legal analysis.,,,770,40707,image recovery/fallback required,public article live/eligible,/resources/blog/the-jurisdiction-of-courts-in-nigeria,yes,no,no,the-jurisdiction-of-courts-in-nigeria,approved,https://chamanlawfirm.com/resources/blog/the-jurisdiction-of-courts-in-nigeria,eligible after deployment/revalidation,pending,passed for preview,image recovery/fallback required
7,,https://chamanlawfirm.com/the-concept-of-rule-of-law-in-nigeria/,the-concept-of-rule-of-law-in-nigeria,THE CONCEPT OF RULE OF LAW IN NIGERIA,THE CONCEPT OF RULE OF LAW IN NIGERIA,"THE CONCEPT OF RULE OF LAW IN NIGERIA, Rule of law is a legal maxim that suggests that no one is above the law and governmental decisions....",,,763,51092,image recovery/fallback required,not restored,/resources/blog/the-concept-of-rule-of-law-in-nigeria,no,no,no,the-concept-of-rule-of-law-in-nigeria,not approved,,excluded while hidden,pending,pending lawyer review,image recovery/fallback required
8,,https://chamanlawfirm.com/types-of-tenant-in-nigeria/,types-of-tenant-in-nigeria,TYPES OF TENANT IN NIGERIA,TYPES OF TENANT IN NIGERIA,"TYPES OF TENANT IN NIGERIA, Depending on the purpose, duration, and method of establishment, tenancies can be of different types...",,,758,23316,image recovery/fallback required,public article live/eligible,/resources/blog/types-of-tenant-in-nigeria,yes,no,no,types-of-tenant-in-nigeria,approved,https://chamanlawfirm.com/resources/blog/types-of-tenant-in-nigeria,eligible after deployment/revalidation,pending,pending lawyer review,image recovery/fallback required
9,,https://chamanlawfirm.com/about-us/,about-us,About,,,,,733,41803,source body not present in Phase 5C prepared drafts; SEO title requires RankMath/source preservation or rewrite; meta description requires RankMath/source preservation or rewrite; image recovery/fallback required; redirect planning only; do not publish as article without equivalent content,not restored,/about,no,no,no,about-us,not approved,,excluded while hidden,pending,not required unless revived,source body not present in Phase 5C prepared drafts; SEO title requires RankMath/source preservation or rewrite; meta description requires RankMath/source preservation or rewrite; image recovery/fallback required; redirect planning only; do not publish as article without equivalent content
10,,https://chamanlawfirm.com/how-to-change-car-ownership-in-nigeria/,how-to-change-car-ownership-in-nigeria,How To Change Car Ownership In Nigeria,,,,,731,34973,source body not present in Phase 5C prepared drafts; SEO title requires RankMath/source preservation or rewrite; meta description requires RankMath/source preservation or rewrite; image recovery/fallback required,not restored,/resources/blog/how-to-change-car-ownership-in-nigeria,no,no,no,how-to-change-car-ownership-in-nigeria,not approved,,excluded while hidden,pending,pending lawyer review,source body not present in Phase 5C prepared drafts; SEO title requires RankMath/source preservation or rewrite; meta description requires RankMath/source preservation or rewrite; image recovery/fallback required
11,,https://chamanlawfirm.com/proper-steps-to-eviction-of-tenants/,proper-steps-to-eviction-of-tenants,STEPS TO EVICTION OF TENANTS,STEPS TO EVICTION OF TENANTS,"STEPS TO EVICTION OF TENANTS, It is never easy as a Landlord in Nigeria to have a Tenant that does not pay rent or causes so much trouble....",,,708,32444,image recovery/fallback required,public article live/eligible,/resources/blog/proper-steps-to-eviction-of-tenants,yes,no,no,proper-steps-to-eviction-of-tenants,approved,https://chamanlawfirm.com/resources/blog/proper-steps-to-eviction-of-tenants,eligible after deployment/revalidation,pending,passed for preview,image recovery/fallback required
12,,https://chamanlawfirm.com/how-to-track-a-stolen-phone-in-nigeria/,how-to-track-a-stolen-phone-in-nigeria,How To Track A Stolen Phone In Nigeria,,,,,689,48652,source body not present in Phase 5C prepared drafts; SEO title requires RankMath/source preservation or rewrite; meta description requires RankMath/source preservation or rewrite; image recovery/fallback required,not restored,/resources/blog/how-to-track-a-stolen-phone-in-nigeria,no,no,no,how-to-track-a-stolen-phone-in-nigeria,not approved,,excluded while hidden,pending,pending lawyer review,source body not present in Phase 5C prepared drafts; SEO title requires RankMath/source preservation or rewrite; meta description requires RankMath/source preservation or rewrite; image recovery/fallback required
13,,https://chamanlawfirm.com/the-ogun-state-tenancy-law-chaman-law-firm/,the-ogun-state-tenancy-law-chaman-law-firm,Understanding the Ogun State Tenancy Law: A Comprehensive Guide,Powerful Steps:the Ogun State Tenancy Law / Chaman Law Firm,"the Ogun State Tenancy Law - Learn about its core provisions, legal responsibilities, and practical implications for both landlords and tenants.",,,646,10043,,public article live/eligible,/resources/blog/the-ogun-state-tenancy-law-chaman-law-firm,yes,yes,no,the-ogun-state-tenancy-law-chaman-law-firm,approved,https://chamanlawfirm.com/resources/blog/the-ogun-state-tenancy-law-chaman-law-firm,eligible after deployment/revalidation,pending,passed for preview,
14,,https://chamanlawfirm.com/building-permit-approval-in-ogun-state/,building-permit-approval-in-ogun-state,How to Get Building Permit Approval in Ogun State (Full Guide),Building Permit Approval in Ogun State : Effortless Steps to Secure Building Permit Approval in Ogun State (Full Guide),Building Permit Approval in Ogun State A complete legal guide to obtaining building permit approval in Ogun State...,,,629,22729,image recovery/fallback required,public article live/eligible,/resources/blog/building-permit-approval-in-ogun-state,yes,no,no,building-permit-approval-in-ogun-state,approved,https://chamanlawfirm.com/resources/blog/building-permit-approval-in-ogun-state,eligible after deployment/revalidation,pending,passed for preview,image recovery/fallback required
15,,https://chamanlawfirm.com/list-of-government-agencies-of-nigeria/,list-of-government-agencies-of-nigeria,List Of Government Agencies Of Nigeria,,,,,608,70716,source body not present in Phase 5C prepared drafts; SEO title requires RankMath/source preservation or rewrite; meta description requires RankMath/source preservation or rewrite; image recovery/fallback required,not restored,/resources/blog/list-of-government-agencies-of-nigeria,no,no,no,list-of-government-agencies-of-nigeria,not approved,,excluded while hidden,pending,pending lawyer review,source body not present in Phase 5C prepared drafts; SEO title requires RankMath/source preservation or rewrite; meta description requires RankMath/source preservation or rewrite; image recovery/fallback required
16,49215,https://chamanlawfirm.com/4-steps-on-how-to-deal-with-a-bad-landlordin/,4-steps-on-how-to-deal-with-a-bad-landlordin,4 Steps On How To Deal With A Bad Landlordin,,,,,570,14414,GSC Pages export and Sprint 10C inventory,public article live/eligible,/resources/blog/4-steps-on-how-to-deal-with-a-bad-landlordin,yes,yes,yes,4-steps-on-how-to-deal-with-a-bad-landlordin,approved,https://chamanlawfirm.com/resources/blog/4-steps-on-how-to-deal-with-a-bad-landlordin,eligible after deployment/revalidation,replace temporary redirect with exact article target,automated legal-safety check passed; controlled publication batch,source body not present in Phase 5C prepared drafts; SEO title requires RankMath/source preservation or rewrite; meta description requires RankMath/source preservation or rewrite; image recovery/fallback required
17,9847,https://chamanlawfirm.com/joinder-of-parties-misjoinder-of-parties/,joinder-of-parties-misjoinder-of-parties,Joinder Of Parties Misjoinder Of Parties,,JOINDER OF PARTIES (MISJOINDER OF PARTIES) Nigerian jurisprudence generally allows the joinder of a person as co-plaintiff,,,553,15775,GSC Pages export and Sprint 10C inventory,public article live/eligible,/resources/blog/joinder-of-parties-misjoinder-of-parties,yes,yes,yes,joinder-of-parties-misjoinder-of-parties,approved,https://chamanlawfirm.com/resources/blog/joinder-of-parties-misjoinder-of-parties,eligible after deployment/revalidation,replace temporary redirect with exact article target,automated legal-safety check passed; controlled publication batch,source body not present in Phase 5C prepared drafts; SEO title requires RankMath/source preservation or rewrite; meta description requires RankMath/source preservation or rewrite; image recovery/fallback required
18,,https://chamanlawfirm.com/how-to-change-name-with-deed-poll/,how-to-change-name-with-deed-poll,Effortless Name Change: How to Change Name with Deed Poll Successfully,Effortless Name Change: How to Change Name with Deed Poll Successfully,"HOW TO CHANGE NAME WITH DEED POLL, A Deed Poll is a legal document that binds an individual to a particular course of action...",,,531,24126,image recovery/fallback required,public article live/eligible,/resources/blog/how-to-change-name-with-deed-poll,yes,no,no,how-to-change-name-with-deed-poll,approved,https://chamanlawfirm.com/resources/blog/how-to-change-name-with-deed-poll,eligible after deployment/revalidation,pending,pending lawyer review,image recovery/fallback required
19,59581,https://chamanlawfirm.com/gain-nigerian-citizenship-by-marriage/,gain-nigerian-citizenship-by-marriage,Gain Nigerian Citizenship By Marriage,,"Learn how a foreign wife can gain Nigerian citizenship by marriage, including eligibility, legal process, and documents required for application.",,,505,34961,GSC Pages export and Sprint 10C inventory,hidden Sanity draft,https://chamanlawfirm.com/gain-nigerian-citizenship-by-marriage/,yes,no,yes,gain-nigerian-citizenship-by-marriage,not approved,,excluded while hidden,pending,not required unless revived,Missing consultation CTA; Missing practice-area internal link
20,9239,https://chamanlawfirm.com/statutory-right-of-occupancy-vs-customary-right/,statutory-right-of-occupancy-vs-customary-right,Statutory Right Of Occupancy Vs Customary Right,,Statutory Right of Occupancy vs Customary Right Understand the difference between Statutory Right of Occupancy and Customary Right of Occupancy under Nigerian law...,,,503,14711,GSC Pages export and Sprint 10C inventory,public article live/eligible,/resources/blog/statutory-right-of-occupancy-vs-customary-right,yes,yes,yes,statutory-right-of-occupancy-vs-customary-right,approved,https://chamanlawfirm.com/resources/blog/statutory-right-of-occupancy-vs-customary-right,eligible after deployment/revalidation,replace temporary redirect with exact article target,automated legal-safety check passed; controlled publication batch,Selected for Sprint 10F controlled sub-batch
21,,https://chamanlawfirm.com/ways-to-prove-ownership-of-land/,ways-to-prove-ownership-of-land,What are Five Ways to Prove Ownership of Land,Powerful Steps: Ways to Prove Ownership of Land,"Discover five ways to prove ownership of land in Nigeria, including legal documents, possession evidence, and registration with relevant authorities.",,,442,28020,image recovery/fallback required,public article live/eligible,/resources/blog/ways-to-prove-ownership-of-land,yes,no,no,ways-to-prove-ownership-of-land,approved,https://chamanlawfirm.com/resources/blog/ways-to-prove-ownership-of-land,eligible after deployment/revalidation,pending,pending lawyer review,image recovery/fallback required
22,48752,https://chamanlawfirm.com/5-steps-on-how-to-obtain-restraining-order/,5-steps-on-how-to-obtain-restraining-order,5 Steps On How To Obtain Restraining Order,,,,,421,7829,GSC Pages export and Sprint 10C inventory,public article live/eligible,/resources/blog/5-steps-on-how-to-obtain-restraining-order,yes,yes,yes,5-steps-on-how-to-obtain-restraining-order,approved,https://chamanlawfirm.com/resources/blog/5-steps-on-how-to-obtain-restraining-order,eligible after deployment/revalidation,replace temporary redirect with exact article target,automated legal-safety check passed; controlled publication batch,source body not present in Phase 5C prepared drafts; SEO title requires RankMath/source preservation or rewrite; meta description requires RankMath/source preservation or rewrite; image recovery/fallback required
23,,https://chamanlawfirm.com/steps-on-how-to-confidently-report-acrimelaw/,steps-on-how-to-confidently-report-acrimelaw,Steps On How To Confidently Report Acrimelaw,,,,,414,30229,source body not present in Phase 5C prepared drafts; SEO title requires RankMath/source preservation or rewrite; meta description requires RankMath/source preservation or rewrite; image recovery/fallback required,not restored,/resources/blog/steps-on-how-to-confidently-report-acrimelaw,no,no,no,steps-on-how-to-confidently-report-acrimelaw,not approved,,excluded while hidden,pending,pending lawyer review,source body not present in Phase 5C prepared drafts; SEO title requires RankMath/source preservation or rewrite; meta description requires RankMath/source preservation or rewrite; image recovery/fallback required
24,10040,https://chamanlawfirm.com/what-are-elements-of-tax-law/,what-are-elements-of-tax-law,What Are Elements Of Tax Law,,,,,397,10170,GSC Pages export,public article live/eligible,/resources/blog/what-are-elements-of-tax-law,yes,yes,yes,what-are-elements-of-tax-law,approved,https://chamanlawfirm.com/resources/blog/what-are-elements-of-tax-law,eligible after deployment/revalidation,replace temporary redirect with exact article target,automated legal-safety check passed; controlled publication batch,Selected for Sprint 10F controlled sub-batch
25,10137,https://chamanlawfirm.com/tax-administration-in-nigeria/,tax-administration-in-nigeria,Tax Administration In Nigeria,,,,,376,16882,GSC Pages export,public article live/eligible,/resources/blog/tax-administration-in-nigeria,yes,yes,yes,tax-administration-in-nigeria,approved,https://chamanlawfirm.com/resources/blog/tax-administration-in-nigeria,eligible after deployment/revalidation,replace temporary redirect with exact article target,automated legal-safety check passed; controlled publication batch,Selected for Sprint 10F controlled sub-batch
26,9293,https://chamanlawfirm.com/difference-between-ownership-and-possession/,difference-between-ownership-and-possession,Difference Between Ownership and Possession,Powerful Steps: Difference Between Ownership and Possession,"the difference between ownership and possession in Nigerian law, including legal definitions, rights, and implications for property holders.",,,375,13367,GSC Pages export,public article live/eligible,/resources/blog/difference-between-ownership-and-possession,yes,yes,yes,difference-between-ownership-and-possession,approved,https://chamanlawfirm.com/resources/blog/difference-between-ownership-and-possession,eligible after deployment/revalidation,replace temporary redirect with exact article target,automated legal-safety check passed; controlled publication batch,Selected for Sprint 10F controlled sub-batch
27,,https://chamanlawfirm.com/apply-for-drivers-licence-in-nigeria/,apply-for-drivers-licence-in-nigeria,Apply For Drivers Licence In Nigeria,,,,,373,102871,source body not present in Phase 5C prepared drafts; SEO title requires RankMath/source preservation or rewrite; meta description requires RankMath/source preservation or rewrite; image recovery/fallback required,not restored,/resources/blog/apply-for-drivers-licence-in-nigeria,no,no,no,apply-for-drivers-licence-in-nigeria,not approved,,excluded while hidden,pending,pending lawyer review,source body not present in Phase 5C prepared drafts; SEO title requires RankMath/source preservation or rewrite; meta description requires RankMath/source preservation or rewrite; image recovery/fallback required
28,9603,https://chamanlawfirm.com/community-development-associations-law/,community-development-associations-law,Transforming Communities: The Powerful Impact of the Community Development Associations Law of Lagos State,Powerful Ways: Community Development Associations Law,"Community Development Associations Law of Lagos State, The Lagos State House of Assembly enacted the Community....",,,372,16011,GSC Pages export,public article live/eligible,/resources/blog/community-development-associations-law,yes,yes,yes,community-development-associations-law,approved,https://chamanlawfirm.com/resources/blog/community-development-associations-law,eligible after deployment/revalidation,replace temporary redirect with exact article target,automated legal-safety check passed; controlled publication batch,Selected for Sprint 10F controlled sub-batch
29,46538,https://chamanlawfirm.com/child-support-and-maintenance-payment/,child-support-and-maintenance-payment,Child Support And Maintenance Payment,,"Child Support And Maintenance-Payment Child support and maintenance payments are crucial aspects of family law, often arising in cases of divorce, separation, or disputes...",,,366,29484,GSC Pages export and Sprint 10C inventory,public article live/eligible,/resources/blog/child-support-and-maintenance-payment,yes,yes,yes,child-support-and-maintenance-payment,approved,https://chamanlawfirm.com/resources/blog/child-support-and-maintenance-payment,eligible after deployment/revalidation,replace temporary redirect with exact article target,automated legal-safety check passed; controlled publication batch,source body not present in Phase 5C prepared drafts; SEO title requires RankMath/source preservation or rewrite; meta description requires RankMath/source preservation or rewrite; image recovery/fallback required
30,,https://chamanlawfirm.com/how-to-notarize-a-document-in-nigeria/,how-to-notarize-a-document-in-nigeria,Effortless Success: How to Notarize a Document in Nigeria Without Legal Hassles,How To Notarize a Document in Nigeria; Effortless Success: How to Notarize a Document in Nigeria Without Legal Hassles,"How To Notarize a Document in Nigeria In the dynamic world of business, commerce, real estate, immigration, and legal transactions, one critical step...",,,351,27073,image recovery/fallback required,public article live/eligible,/resources/blog/how-to-notarize-a-document-in-nigeria,yes,no,no,how-to-notarize-a-document-in-nigeria,approved,https://chamanlawfirm.com/resources/blog/how-to-notarize-a-document-in-nigeria,eligible after deployment/revalidation,pending,pending lawyer review,image recovery/fallback required
31,10128,https://chamanlawfirm.com/how-to-replace-a-lost-a-marriage-certificate/,how-to-replace-a-lost-a-marriage-certificate,HOW TO REPLACE A LOST A MARRIAGE CERTIFICATE,HOW TO REPLACE A LOST A MARRIAGE CERTIFICATE,"To replace a lost marriage certificate in Nigeria, follow these general steps: 1. Report the loss: Inform the appropriate authorities about the lost marriage certificate. This may involve visiting the nearest police s...",,,336,7917,GSC Pages export and Sprint 10C inventory,hidden Sanity draft,/resources/blog/how-to-replace-a-lost-a-marriage-certificate,yes,yes,yes,how-to-replace-a-lost-a-marriage-certificate,not approved,,excluded while hidden,pending,pending lawyer review,
32,,https://chamanlawfirm.com/the-statutory-right-of-occupancy-in-nigeria/,the-statutory-right-of-occupancy-in-nigeria,What is the Statutory Right of Occupancy in Nigeria?,Powerful Steps: The Statutory Right of Occupancy in Nigeria,"Learn what The Statutory Right of Occupancy in Nigeria is, including its legal basis, how it's granted, and its role in land ownership and control.",,,328,24757,image recovery/fallback required,public article live/eligible,/resources/blog/the-statutory-right-of-occupancy-in-nigeria,yes,no,no,the-statutory-right-of-occupancy-in-nigeria,approved,https://chamanlawfirm.com/resources/blog/the-statutory-right-of-occupancy-in-nigeria,eligible after deployment/revalidation,pending,pending lawyer review,image recovery/fallback required
33,,http://www.chamanlawfirm.com/,,,,,,,319,23150,source body not present in Phase 5C prepared drafts; SEO title requires RankMath/source preservation or rewrite; meta description requires RankMath/source preservation or rewrite; image recovery/fallback required; redirect planning only; do not publish as article without equivalent content,not restored,https://chamanlawfirm.com/,no,no,no,,not approved,,excluded while hidden,pending,not required unless revived,source body not present in Phase 5C prepared drafts; SEO title requires RankMath/source preservation or rewrite; meta description requires RankMath/source preservation or rewrite; image recovery/fallback required; redirect planning only; do not publish as article without equivalent content
34,51486,https://chamanlawfirm.com/legal-steps-to-take-when-our-land-has-been/,legal-steps-to-take-when-our-land-has-been,5 Powerful Legal Steps to Take When Your Land Has Been Encroached Upon in Nigeria,5 Powerful Legal Steps to Take When Your Land Has Been Encroached Upon in Nigeria,Introduction Land encroachment is a common legal challenge many property owners in Nigeria face. It occurs when another individual or entity unlawfully trespasses or occupies part of your land. Protecting your propert...,,,315,8372,GSC Pages export and Sprint 10C inventory,public article live/eligible,/resources/blog/legal-steps-to-take-when-our-land-has-been,yes,yes,yes,legal-steps-to-take-when-our-land-has-been,approved,https://chamanlawfirm.com/resources/blog/legal-steps-to-take-when-our-land-has-been,eligible after deployment/revalidation,replace temporary redirect with exact article target,automated legal-safety check passed; controlled publication batch,
35,,https://chamanlawfirm.com/transfer-of-company-shares-in-nigeria/,transfer-of-company-shares-in-nigeria,TRANSFER OF COMPANY SHARES IN NIGERIA,TRANSFER OF COMPANY SHARES IN NIGERIA,"TRANSFER OF COMPANY SHARES IN NIGERIA, Units of ownership interests in the company make up the share capital....",,,295,8083,image recovery/fallback required,public article live/eligible,/resources/blog/transfer-of-company-shares-in-nigeria,yes,no,no,transfer-of-company-shares-in-nigeria,approved,https://chamanlawfirm.com/resources/blog/transfer-of-company-shares-in-nigeria,eligible after deployment/revalidation,pending,pending lawyer review,image recovery/fallback required
36,61021,https://chamanlawfirm.com/rights-of-tenants-in-ogun-chaman-law-firm/,rights-of-tenants-in-ogun-chaman-law-firm,What Are the Rights of Tenants in Ogun State?,Powerful Steps: Rights of Tenants in Ogun / Chaman Law Firm,Rights of Tenants in Ogun - Learn the legal protections to help tenants understand their rights and avoid common disputes with landlords.,,,286,6542,GSC Pages export and Sprint 10C inventory,hidden Sanity draft,/resources/blog/rights-of-tenants-in-ogun-chaman-law-firm,yes,no,yes,rights-of-tenants-in-ogun-chaman-law-firm,not approved,,excluded while hidden,pending,pending lawyer review,image recovery/fallback required
37,48460,https://chamanlawfirm.com/5-vital-role-of-consumer-protection-agencies/,5-vital-role-of-consumer-protection-agencies,5 Vital Role Of Consumer Protection Agencies,,,,,284,44484,GSC Pages export,public article live/eligible,/resources/blog/5-vital-role-of-consumer-protection-agencies,yes,yes,yes,5-vital-role-of-consumer-protection-agencies,approved,https://chamanlawfirm.com/resources/blog/5-vital-role-of-consumer-protection-agencies,eligible after deployment/revalidation,replace temporary redirect with exact article target,automated legal-safety check passed; controlled publication batch,Selected for Sprint 10F controlled sub-batch
38,9255,https://chamanlawfirm.com/what-is-the-implication-of-quit-notice/,what-is-the-implication-of-quit-notice,What Is The Implication Of Quit Notice,,Implication of Quit Notice. It is a letter issued to a tenant by the landlord stating the specific date the tenant is expected to evict the premises and give up possession of the property.,,,283,30132,GSC Pages export and Sprint 10C inventory,hidden Sanity draft,/resources/blog/what-is-the-implication-of-quit-notice,yes,no,yes,what-is-the-implication-of-quit-notice,not approved,,excluded while hidden,pending,pending lawyer review,source body not present in Phase 5C prepared drafts; SEO title requires RankMath/source preservation or rewrite; meta description requires RankMath/source preservation or rewrite; image recovery/fallback required
39,,https://chamanlawfirm.com/the-overall-list-of-federal-laws-in-nigeria/,the-overall-list-of-federal-laws-in-nigeria,THE OVERALL LIST OF FEDERAL LAWS IN NIGERIA,THE OVERALL LIST OF FEDERAL LAWS IN NIGERIA,"THE OVERALL LIST OF FEDERAL LAWS IN NIGERIA, The Laws of the Federation of Nigeria comprises all the laws in existence in Nigeria....",,,263,22517,image recovery/fallback required,not restored,/resources/blog/the-overall-list-of-federal-laws-in-nigeria,no,no,no,the-overall-list-of-federal-laws-in-nigeria,not approved,,excluded while hidden,pending,pending lawyer review,image recovery/fallback required
40,39980,https://chamanlawfirm.com/polygamy-and-multiple-marriages-in-nigeria/,polygamy-and-multiple-marriages-in-nigeria,Polygamy And Multiple Marriages In Nigeria,,Polygamy And Multiple Marriages In Nigeria,,,262,65029,GSC Pages export and Sprint 10C inventory,hidden Sanity draft,/resources/blog/polygamy-and-multiple-marriages-in-nigeria,yes,no,yes,polygamy-and-multiple-marriages-in-nigeria,not approved,,excluded while hidden,pending,pending lawyer review,source body not present in Phase 5C prepared drafts; SEO title requires RankMath/source preservation or rewrite; meta description requires RankMath/source preservation or rewrite; image recovery/fallback required
41,49787,https://chamanlawfirm.com/steps-to-permanent-residency-in-nigeria/,steps-to-permanent-residency-in-nigeria,Steps To Permanent Residency In Nigeria,,,,,244,22900,GSC Pages export and Sprint 10C inventory,public article live/eligible,/resources/blog/steps-to-permanent-residency-in-nigeria,yes,yes,yes,steps-to-permanent-residency-in-nigeria,approved,https://chamanlawfirm.com/resources/blog/steps-to-permanent-residency-in-nigeria,eligible after deployment/revalidation,replace temporary redirect with exact article target,automated legal-safety check passed; controlled publication batch,source body not present in Phase 5C prepared drafts; SEO title requires RankMath/source preservation or rewrite; meta description requires RankMath/source preservation or rewrite; image recovery/fallback required
42,9494,https://chamanlawfirm.com/taxation-of-the-construction-sector-in-nigeria/,taxation-of-the-construction-sector-in-nigeria,Taxation Of The Construction Sector In Nigeria,,"TAXATION OF THE CONSTRUCTION SECTOR IN NIGERIA, In its most widely used context, construction covers the processes involved....",,,234,4891,GSC Pages export,hidden Sanity draft,/resources/blog/taxation-of-the-construction-sector-in-nigeria,yes,no,yes,taxation-of-the-construction-sector-in-nigeria,not approved,,excluded while hidden,pending,pending lawyer review,source body not present in Phase 5C prepared drafts; SEO title requires RankMath/source preservation or rewrite; meta description requires RankMath/source preservation or rewrite; image recovery/fallback required
43,,https://chamanlawfirm.com/what-are-the-sources-of-nigerian-law/,what-are-the-sources-of-nigerian-law,What Are The Sources Of Nigerian Law,,,,,231,30286,source body not present in Phase 5C prepared drafts; SEO title requires RankMath/source preservation or rewrite; meta description requires RankMath/source preservation or rewrite; image recovery/fallback required,not restored,/resources/blog/what-are-the-sources-of-nigerian-law,no,no,no,what-are-the-sources-of-nigerian-law,not approved,,excluded while hidden,pending,pending lawyer review,source body not present in Phase 5C prepared drafts; SEO title requires RankMath/source preservation or rewrite; meta description requires RankMath/source preservation or rewrite; image recovery/fallback required
44,9236,https://chamanlawfirm.com/sharing-of-property-after-divorce-in-nigeria/,sharing-of-property-after-divorce-in-nigeria,Sharing Of Property After Divorce In Nigeria,,"Sharing Of Property After Divorce In Nigeria The court in determining the extent of the property to be settled, it would consider the circumstances of the case including the fortune of the parties and their responsibilit",,,231,14184,GSC Pages export and Sprint 10C inventory,hidden Sanity draft,/resources/blog/sharing-of-property-after-divorce-in-nigeria,yes,no,yes,sharing-of-property-after-divorce-in-nigeria,not approved,,excluded while hidden,pending,pending lawyer review,source body not present in Phase 5C prepared drafts; SEO title requires RankMath/source preservation or rewrite; meta description requires RankMath/source preservation or rewrite; image recovery/fallback required
45,37189,https://chamanlawfirm.com/challenges-facing-the-nigerian-court-system/,challenges-facing-the-nigerian-court-system,Challenges Facing The Nigerian Court System,,Challenges Facing the Nigerian Court System ;7 Critical Challenges Facing the Nigerian Court System in Resolving Disputes And How to Overcome Them...,,,230,26691,GSC Pages export and Sprint 10C inventory,hidden Sanity draft,/resources/blog/challenges-facing-the-nigerian-court-system,yes,no,yes,challenges-facing-the-nigerian-court-system,not approved,,excluded while hidden,pending,pending lawyer review,source body not present in Phase 5C prepared drafts; SEO title requires RankMath/source preservation or rewrite; meta description requires RankMath/source preservation or rewrite; image recovery/fallback required
46,,https://chamanlawfirm.com/statute-of-limitations-on-debt-in-nigeria/,statute-of-limitations-on-debt-in-nigeria,Empowering Insights: Understanding the Statute of Limitations on Debt in Nigeria: Unlock Success,Empowering Insights: Understanding the Statute of Limitations on Debt in Nigeria: Unlock Success,Statute of Limitations on Debt in Nigeria The statute of limitations on debt is a crucial concept in the legal and financial landscape of Nigeria...,,,229,10391,image recovery/fallback required,public article live/eligible,/resources/blog/statute-of-limitations-on-debt-in-nigeria,yes,no,no,statute-of-limitations-on-debt-in-nigeria,approved,https://chamanlawfirm.com/resources/blog/statute-of-limitations-on-debt-in-nigeria,eligible after deployment/revalidation,pending,pending lawyer review,image recovery/fallback required
47,10194,https://chamanlawfirm.com/registration-of-trade-union-in-nigeria/,registration-of-trade-union-in-nigeria,Registration Of Trade Union In Nigeria,,"REGISTRATION OF TRADE UNION IN NIGERIA, A trade union is an organization made up of members and its membership must be....",,,227,11085,GSC Pages export,not restored,/resources/blog/registration-of-trade-union-in-nigeria,no,no,no,registration-of-trade-union-in-nigeria,not approved,,excluded while hidden,pending,pending lawyer review,source body not present in Phase 5C prepared drafts; SEO title requires RankMath/source preservation or rewrite; meta description requires RankMath/source preservation or rewrite; image recovery/fallback required
48,9486,https://chamanlawfirm.com/is-foreign-marriage-under-the-nigerian-law/,is-foreign-marriage-under-the-nigerian-law,HOW VALID IS FOREIGN MARRIAGE UNDER NIGERIAN LAW,HOW VALID IS FOREIGN MARRIAGE UNDER NIGERIAN LAW,"HOW VALID IS FOREIGN MARRIAGE UNDER THE NIGERIAN LAW, The customary procedure among Nigerians who reside abroad has been to..",,,227,9164,GSC Pages export and Sprint 10C inventory,not restored,/resources/blog/is-foreign-marriage-under-the-nigerian-law,no,no,no,is-foreign-marriage-under-the-nigerian-law,not approved,,excluded while hidden,pending,pending lawyer review,image recovery/fallback required
49,9722,https://chamanlawfirm.com/how-to-file-complaint-against-police-officers-in-nigeria/,how-to-file-complaint-against-police-officers-in-nigeria,How To File Complaint Against Police Officers In Nigeria,,"HOW TO FILE COMPLAINT AGAINST POLICE OFFICERS IN NIGERIA, To file a complaint against a police officer in Nigeria...",,,226,14028,GSC Pages export,not restored,/resources/blog/how-to-file-complaint-against-police-officers-in-nigeria,no,no,no,how-to-file-complaint-against-police-officers-in-nigeria,not approved,,excluded while hidden,pending,pending lawyer review,source body not present in Phase 5C prepared drafts; SEO title requires RankMath/source preservation or rewrite; meta description requires RankMath/source preservation or rewrite; image recovery/fallback required
50,9935,https://chamanlawfirm.com/abandonment-and-withdrew-of-court-action/,abandonment-and-withdrew-of-court-action,What You Need to Know About Consequence of Abandonment and Withdrew of Court Action in Nigeria,Proven Steps on Abandonment and Withdrew of Court Action,"Chaman Law Firm explains the consequences of Abandonment and Withdrew of Court Action in Nigeria, clarity and guidance on litigation decisions",,,219,10144,GSC Pages export,not restored,/resources/blog/abandonment-and-withdrew-of-court-action,no,no,no,abandonment-and-withdrew-of-court-action,not approved,,excluded while hidden,pending,pending lawyer review,image recovery/fallback required
51,,https://chamanlawfirm.com/taxation-of-sole-proprietorship/,taxation-of-sole-proprietorship,Taxation Of Sole Proprietorship,,,,,215,10558,source body not present in Phase 5C prepared drafts; SEO title requires RankMath/source preservation or rewrite; meta description requires RankMath/source preservation or rewrite; image recovery/fallback required,not restored,/resources/blog/taxation-of-sole-proprietorship,no,no,no,taxation-of-sole-proprietorship,not approved,,excluded while hidden,pending,pending lawyer review,source body not present in Phase 5C prepared drafts; SEO title requires RankMath/source preservation or rewrite; meta description requires RankMath/source preservation or rewrite; image recovery/fallback required
52,,https://chamanlawfirm.com/customary-vs-statutory-marriage-in-nigeria/,customary-vs-statutory-marriage-in-nigeria,Customary Vs Statutory Marriage In Nigeria,,,,,214,22906,source body not present in Phase 5C prepared drafts; SEO title requires RankMath/source preservation or rewrite; meta description requires RankMath/source preservation or rewrite; image recovery/fallback required,not restored,/resources/blog/customary-vs-statutory-marriage-in-nigeria,no,no,no,customary-vs-statutory-marriage-in-nigeria,not approved,,excluded while hidden,pending,pending lawyer review,source body not present in Phase 5C prepared drafts; SEO title requires RankMath/source preservation or rewrite; meta description requires RankMath/source preservation or rewrite; image recovery/fallback required
53,,https://chamanlawfirm.com/powerful-steps-what-is-trespass-to-land-2/,powerful-steps-what-is-trespass-to-land-2,What is Trespass to Land,Powerful Steps: What is Trespass to Land | Chaman Law Firm,"Learn What is Trespass to Land means, including its legal definition, examples, consequences, and remedies available under Nigerian property law.",,,212,17921,image recovery/fallback required,not restored,/resources/blog/powerful-steps-what-is-trespass-to-land-2,no,no,no,powerful-steps-what-is-trespass-to-land-2,not approved,,excluded while hidden,pending,pending lawyer review,image recovery/fallback required
54,,https://chamanlawfirm.com/the-role-of-technology-in-nigerian-education/,the-role-of-technology-in-nigerian-education,The Role Of Technology In Nigerian Education,,,,,210,19932,source body not present in Phase 5C prepared drafts; SEO title requires RankMath/source preservation or rewrite; meta description requires RankMath/source preservation or rewrite; image recovery/fallback required,not restored,/resources/blog/the-role-of-technology-in-nigerian-education,no,no,no,the-role-of-technology-in-nigerian-education,not approved,,excluded while hidden,pending,pending lawyer review,source body not present in Phase 5C prepared drafts; SEO title requires RankMath/source preservation or rewrite; meta description requires RankMath/source preservation or rewrite; image recovery/fallback required
55,,https://chamanlawfirm.com/certificate-of-occupancy-in-rivers-state/,certificate-of-occupancy-in-rivers-state,Certificate Of Occupancy In Rivers State,,,,,210,5338,source body not present in Phase 5C prepared drafts; SEO title requires RankMath/source preservation or rewrite; meta description requires RankMath/source preservation or rewrite; image recovery/fallback required,not restored,/resources/blog/certificate-of-occupancy-in-rivers-state,no,no,no,certificate-of-occupancy-in-rivers-state,not approved,,excluded while hidden,pending,pending lawyer review,source body not present in Phase 5C prepared drafts; SEO title requires RankMath/source preservation or rewrite; meta description requires RankMath/source preservation or rewrite; image recovery/fallback required
56,,https://chamanlawfirm.com/the-duties-of-lawyers-to-client/,the-duties-of-lawyers-to-client,The Duties of Lawyers to Clients: 6 Essential Responsibilities for Trust and Success,The Duties of Lawyers to Clients: 6 Essential Responsibilities for Trust and Success,"THE DUTIES OF LAWYERS TO CLIENT There are ethics and professional code of conduct which a lawyer must adhere to. In Nigeria, lawyers are bound by the rules of professional conduct (RPC). The rules of professional cond...",,,202,10665,image recovery/fallback required,not restored,/resources/blog/the-duties-of-lawyers-to-client,no,no,no,the-duties-of-lawyers-to-client,not approved,,excluded while hidden,pending,pending lawyer review,image recovery/fallback required
57,,https://chamanlawfirm.com/duties-of-correctional-institutions-in-nigeria/,duties-of-correctional-institutions-in-nigeria,Duties Of Correctional Institutions In Nigeria,,,,,197,25303,source body not present in Phase 5C prepared drafts; SEO title requires RankMath/source preservation or rewrite; meta description requires RankMath/source preservation or rewrite; image recovery/fallback required,not restored,/resources/blog/duties-of-correctional-institutions-in-nigeria,no,no,no,duties-of-correctional-institutions-in-nigeria,not approved,,excluded while hidden,pending,pending lawyer review,source body not present in Phase 5C prepared drafts; SEO title requires RankMath/source preservation or rewrite; meta description requires RankMath/source preservation or rewrite; image recovery/fallback required
58,,https://chamanlawfirm.com/how-to-secure-child-support-and-maintenance/,how-to-secure-child-support-and-maintenance,How To Secure Child Support And Maintenance,,,,,194,18502,source body not present in Phase 5C prepared drafts; SEO title requires RankMath/source preservation or rewrite; meta description requires RankMath/source preservation or rewrite; image recovery/fallback required,not restored,/resources/blog/how-to-secure-child-support-and-maintenance,no,no,no,how-to-secure-child-support-and-maintenance,not approved,,excluded while hidden,pending,pending lawyer review,source body not present in Phase 5C prepared drafts; SEO title requires RankMath/source preservation or rewrite; meta description requires RankMath/source preservation or rewrite; image recovery/fallback required
59,,https://chamanlawfirm.com/to-apply-for-and-get-certificate-of-occupancy/,to-apply-for-and-get-certificate-of-occupancy,To Apply For And Get Certificate Of Occupancy,,,,,188,21261,source body not present in Phase 5C prepared drafts; SEO title requires RankMath/source preservation or rewrite; meta description requires RankMath/source preservation or rewrite; image recovery/fallback required,not restored,/resources/blog/to-apply-for-and-get-certificate-of-occupancy,no,no,no,to-apply-for-and-get-certificate-of-occupancy,not approved,,excluded while hidden,pending,pending lawyer review,source body not present in Phase 5C prepared drafts; SEO title requires RankMath/source preservation or rewrite; meta description requires RankMath/source preservation or rewrite; image recovery/fallback required
60,,https://chamanlawfirm.com/stamping-and-up-stamping-of-a-mortgage-document/,stamping-and-up-stamping-of-a-mortgage-document,What is Stamping and Up-Stamping of a Mortgage Document,Proven: Stamping and Up-Stamping of a Mortgage Document,process of Stamping and Up-Stamping of a Mortgage Document for commercial properties and why it matters for legal and financial transactions.,,,187,6730,image recovery/fallback required,not restored,/resources/blog/stamping-and-up-stamping-of-a-mortgage-document,no,no,no,stamping-and-up-stamping-of-a-mortgage-document,not approved,,excluded while hidden,pending,pending lawyer review,image recovery/fallback required
61,,https://chamanlawfirm.com/how-to-legally-change-a-child-surname/,how-to-legally-change-a-child-surname,How To Legally Change A Child Surname,,,,,180,10512,source body not present in Phase 5C prepared drafts; SEO title requires RankMath/source preservation or rewrite; meta description requires RankMath/source preservation or rewrite; image recovery/fallback required; redirect planning only; do not publish as article without equivalent content,not restored,https://chamanlawfirm.com/how-to-legally-change-a-child-surname/,no,no,no,how-to-legally-change-a-child-surname,not approved,,excluded while hidden,pending,not required unless revived,source body not present in Phase 5C prepared drafts; SEO title requires RankMath/source preservation or rewrite; meta description requires RankMath/source preservation or rewrite; image recovery/fallback required; redirect planning only; do not publish as article without equivalent content
62,,https://chamanlawfirm.com/the-role-of-the-judiciary-in-nigerian-democracy/,the-role-of-the-judiciary-in-nigerian-democracy,The Role Of The Judiciary In Nigerian Democracy,,,,,177,8272,source body not present in Phase 5C prepared drafts; SEO title requires RankMath/source preservation or rewrite; meta description requires RankMath/source preservation or rewrite; image recovery/fallback required; redirect planning only; do not publish as article without equivalent content,not restored,https://chamanlawfirm.com/the-role-of-the-judiciary-in-nigerian-democracy/,no,no,no,the-role-of-the-judiciary-in-nigerian-democracy,not approved,,excluded while hidden,pending,not required unless revived,source body not present in Phase 5C prepared drafts; SEO title requires RankMath/source preservation or rewrite; meta description requires RankMath/source preservation or rewrite; image recovery/fallback required; redirect planning only; do not publish as article without equivalent content
63,,https://chamanlawfirm.com/void-and-voidable-marriages-in-nigeria/,void-and-voidable-marriages-in-nigeria,Void and Voidable Marriages in Nigeria: Understanding Legal Implications,Void and Voidable Marriages in Nigeria: Understanding Legal Implications,"VOID AND VOIDABLE MARRIAGES IN NIGERIA,Marriages are generally annulled in Nigeria when parties",,,172,7850,image recovery/fallback required,not restored,/resources/blog/void-and-voidable-marriages-in-nigeria,no,no,no,void-and-voidable-marriages-in-nigeria,not approved,,excluded while hidden,pending,pending lawyer review,image recovery/fallback required
64,,https://chamanlawfirm.com/dissolution-of-marriage-under-the-nigeria-law/,dissolution-of-marriage-under-the-nigeria-law,Ground for Dissolution of Marriage Under the Nigeria Law,Powerful Step: Dissolution of Marriage Under the Nigeria Law,"Explore the grounds for Dissolution of Marriage Under the Nigeria Law, including legal reasons, court processes, and rights of the parties involved.",,,171,9696,image recovery/fallback required,not restored,/resources/blog/dissolution-of-marriage-under-the-nigeria-law,no,no,no,dissolution-of-marriage-under-the-nigeria-law,not approved,,excluded while hidden,pending,pending lawyer review,image recovery/fallback required
65,,https://chamanlawfirm.com/can-a-minor-enter-into-a-valid-contract-in-nigeria/,can-a-minor-enter-into-a-valid-contract-in-nigeria,CAN A MINOR ENTER INTO A VALID CONTRACT IN NIGERIA?,CAN A MINOR ENTER INTO A VALID CONTRACT IN NIGERIA?,CAN A MINOR ENTER INTO A VALID CONTRACT IN NIGERIA? A minor can legally enter into a contract but,,,168,10340,image recovery/fallback required,not restored,/resources/blog/can-a-minor-enter-into-a-valid-contract-in-nigeria,no,no,no,can-a-minor-enter-into-a-valid-contract-in-nigeria,not approved,,excluded while hidden,pending,pending lawyer review,image recovery/fallback required
66,,https://chamanlawfirm.com/family-property-and-right-of-individual-member-in-family-property/,family-property-and-right-of-individual-member-in-family-property,FAMILY PROPERTY AND THE RIGHTS OF INDIVIDUAL MEMBER,FAMILY PROPERTY AND THE RIGHTS OF INDIVIDUAL MEMBER,"FAMILY PROPERTY AND RIGHTS OF INDIVIDUAL MEMBER IN FAMILY PROPERTY Family property is that property vested in a group of persons i.e family members, which is meant for the use and enjoyment of the family as a whole wh...",,,166,4234,image recovery/fallback required,not restored,/resources/blog/family-property-and-right-of-individual-member-in-family-property,no,no,no,family-property-and-right-of-individual-member-in-family-property,not approved,,excluded while hidden,pending,pending lawyer review,image recovery/fallback required
67,,https://chamanlawfirm.com/conditions-for-granting-injunctions-and-types-of-injunctions/,conditions-for-granting-injunctions-and-types-of-injunctions,Conditions For Granting Injunctions And Types Of Injunctions,,,,,164,3033,source body not present in Phase 5C prepared drafts; SEO title requires RankMath/source preservation or rewrite; meta description requires RankMath/source preservation or rewrite; image recovery/fallback required,not restored,/resources/blog/conditions-for-granting-injunctions-and-types-of-injunctions,no,no,no,conditions-for-granting-injunctions-and-types-of-injunctions,not approved,,excluded while hidden,pending,pending lawyer review,source body not present in Phase 5C prepared drafts; SEO title requires RankMath/source preservation or rewrite; meta description requires RankMath/source preservation or rewrite; image recovery/fallback required
68,,https://chamanlawfirm.com/annulment-of-marriage-under-the-nigerian-law/,annulment-of-marriage-under-the-nigerian-law,Annulment of Marriage Under Nigerian Law: 5 Essential Insights for Positive Legal Clarity,Annulment of Marriage Under Nigerian Law: 5 Essential Insights for Positive Legal Clarity,Introduction ANNULMENT OF MARRIAGE UNDER THE NIGERIAN LAW An annulment of marriage is a procedure used in Nigeria where a party to a Statutory marriage tries to entirely void the union on the grounds that it is void o...,,,163,7865,image recovery/fallback required,not restored,/resources/blog/annulment-of-marriage-under-the-nigerian-law,no,no,no,annulment-of-marriage-under-the-nigerian-law,not approved,,excluded while hidden,pending,pending lawyer review,image recovery/fallback required
69,,https://chamanlawfirm.com/how-to-verify-land-title-before-buying-land/,how-to-verify-land-title-before-buying-land,How To Verify Land Title Before Buying Land,,,,,154,8738,source body not present in Phase 5C prepared drafts; SEO title requires RankMath/source preservation or rewrite; meta description requires RankMath/source preservation or rewrite; image recovery/fallback required; redirect planning only; do not publish as article without equivalent content,not restored,https://chamanlawfirm.com/how-to-verify-land-title-before-buying-land/,no,no,no,how-to-verify-land-title-before-buying-land,not approved,,excluded while hidden,pending,not required unless revived,source body not present in Phase 5C prepared drafts; SEO title requires RankMath/source preservation or rewrite; meta description requires RankMath/source preservation or rewrite; image recovery/fallback required; redirect planning only; do not publish as article without equivalent content
70,,https://chamanlawfirm.com/what-are-rights-of-women-to-inheritance-in-nigeria/,what-are-rights-of-women-to-inheritance-in-nigeria,WHAT ARE RIGHTS OF WOMEN TO INHERITANCE IN NIGERIA,WHAT ARE RIGHTS OF WOMEN TO INHERITANCE IN NIGERIA,"WHAT ARE RIGHTS OF WOMEN TO INHERITANCE IN NIGERIA This will be considergb(255, 0, 0) in two spheres: A woman as a daughter and a woman as a widow. The woman as a daughter: In most tribes in Nigeria, the female daught...",,,152,8878,image recovery/fallback required,not restored,/resources/blog/what-are-rights-of-women-to-inheritance-in-nigeria,no,no,no,what-are-rights-of-women-to-inheritance-in-nigeria,not approved,,excluded while hidden,pending,pending lawyer review,image recovery/fallback required
71,,https://chamanlawfirm.com/communal-land-and-family-land/,communal-land-and-family-land,WHAT ARE THE DIFFERENCES BETWEEN COMMUNAL LAND AND FAMILY LAND,Communal and Family Land: The 5 Key Differences Between Them,"Basically, communal land is land that is collectively own by member of a particular community, but family land is owe by member of a family.",,,151,11645,image recovery/fallback required,not restored,/resources/blog/communal-land-and-family-land,no,no,no,communal-land-and-family-land,not approved,,excluded while hidden,pending,pending lawyer review,image recovery/fallback required
72,,https://chamanlawfirm.com/land-ownership-disputes-in-nigeria/,land-ownership-disputes-in-nigeria,The Role of Courts in Resolving Land Ownership Disputes in Nigeria: Legal Insights & Case Studies,The Role of Courts in Resolving Land Ownership Disputes in Nigeria: Legal Insights & Case Studies,"What Role do the Courts Play in Resolving Land Ownership Disputes in Nigeria , Land ownership disputes are a common occurrence in Nigeria,",,,151,10907,image recovery/fallback required,not restored,/resources/blog/land-ownership-disputes-in-nigeria,no,no,no,land-ownership-disputes-in-nigeria,not approved,,excluded while hidden,pending,pending lawyer review,image recovery/fallback required
73,,https://chamanlawfirm.com/overview-of-the-concept-recovery-of-premises/,overview-of-the-concept-recovery-of-premises,Overview of the Concept Recovery of Premises in Lagos State,Powerful Steps: Overview of the Concept Recovery of Premises,"Get an Overview of the Concept Recovery of Premises in Lagos State, covering legal processes, tenant eviction, and landlord rights under the law.",,,151,8920,image recovery/fallback required,not restored,/resources/blog/overview-of-the-concept-recovery-of-premises,no,no,no,overview-of-the-concept-recovery-of-premises,not approved,,excluded while hidden,pending,pending lawyer review,image recovery/fallback required
74,,https://chamanlawfirm.com/how-do-i-legally-evict-a-tenant-in-ogun-state/,how-do-i-legally-evict-a-tenant-in-ogun-state,How Do I Legally Evict a Tenant in Ogun State?,How Do I Legally Evict a Tenant in Ogun State?,How Do I Legally Evict a Tenant in Ogun State? A Step-by-Step Guide for Landlords Under Ogun State Tenancy Law Introduction Evicting a tenant can be one of the most difficult and stressful situations a landlord in Ogu...,,,151,4331,,not restored,/resources/blog/how-do-i-legally-evict-a-tenant-in-ogun-state,no,yes,no,how-do-i-legally-evict-a-tenant-in-ogun-state,not approved,,excluded while hidden,pending,pending lawyer review,
75,,https://chamanlawfirm.com/types-of-land-registration-in-nigeria/,types-of-land-registration-in-nigeria,Types of Land Registration in Nigeria,Powerful Steps: Types of Land Registration in Nigeria,"the Types of Land Registration in Nigeria, highlighting processes, legal frameworks, and benefits of proper land documentation and ownership.",,,150,9485,image recovery/fallback required,not restored,/resources/blog/types-of-land-registration-in-nigeria,no,no,no,types-of-land-registration-in-nigeria,not approved,,excluded while hidden,pending,pending lawyer review,image recovery/fallback required
76,,https://chamanlawfirm.com/how-to-apply-for-certificate-of-good-conduct-in-nigeria/,how-to-apply-for-certificate-of-good-conduct-in-nigeria,How To Apply For Certificate Of Good Conduct In Nigeria,,,,,150,8056,source body not present in Phase 5C prepared drafts; SEO title requires RankMath/source preservation or rewrite; meta description requires RankMath/source preservation or rewrite; image recovery/fallback required,not restored,/resources/blog/how-to-apply-for-certificate-of-good-conduct-in-nigeria,no,no,no,how-to-apply-for-certificate-of-good-conduct-in-nigeria,not approved,,excluded while hidden,pending,pending lawyer review,source body not present in Phase 5C prepared drafts; SEO title requires RankMath/source preservation or rewrite; meta description requires RankMath/source preservation or rewrite; image recovery/fallback required
77,,https://chamanlawfirm.com/overview-of-latches-and-acquiescence/,overview-of-latches-and-acquiescence,Overview Of Latches And Acquiescence,,,,,149,9158,source body not present in Phase 5C prepared drafts; SEO title requires RankMath/source preservation or rewrite; meta description requires RankMath/source preservation or rewrite; image recovery/fallback required,not restored,/resources/blog/overview-of-latches-and-acquiescence,no,no,no,overview-of-latches-and-acquiescence,not approved,,excluded while hidden,pending,pending lawyer review,source body not present in Phase 5C prepared drafts; SEO title requires RankMath/source preservation or rewrite; meta description requires RankMath/source preservation or rewrite; image recovery/fallback required
78,,https://chamanlawfirm.com/land-grabbing-the-legal-consequences-of/,land-grabbing-the-legal-consequences-of,Severe Repercussions of Land Grabbing in Nigeria: What Property Owners Must Know,Severe Repercussions of Land Grabbing in Nigeria: What Property Owners Must Know,The Legal Consequences of Land Grabbing in Nigeria: What Property Owners Must Know...,,,148,7395,image recovery/fallback required,not restored,/resources/blog/land-grabbing-the-legal-consequences-of,no,no,no,land-grabbing-the-legal-consequences-of,not approved,,excluded while hidden,pending,pending lawyer review,image recovery/fallback required
79,,https://chamanlawfirm.com/is-police-bail-free-in-nigeria/,is-police-bail-free-in-nigeria,Is Police Bail Free In Nigeria,,,,,146,13323,source body not present in Phase 5C prepared drafts; SEO title requires RankMath/source preservation or rewrite; meta description requires RankMath/source preservation or rewrite; image recovery/fallback required,not restored,/resources/blog/is-police-bail-free-in-nigeria,no,no,no,is-police-bail-free-in-nigeria,not approved,,excluded while hidden,pending,pending lawyer review,source body not present in Phase 5C prepared drafts; SEO title requires RankMath/source preservation or rewrite; meta description requires RankMath/source preservation or rewrite; image recovery/fallback required
80,,https://chamanlawfirm.com/what-to-know-about-company-resolution/,what-to-know-about-company-resolution,What to Know About Company Resolution,Powerful Steps: What to Know About Company Resolution,"key aspects What to Know About Company Resolutions, their types, procedures, and legal significance in corporate governance under Nigerian law.",,,146,12053,image recovery/fallback required,not restored,/resources/blog/what-to-know-about-company-resolution,no,no,no,what-to-know-about-company-resolution,not approved,,excluded while hidden,pending,pending lawyer review,image recovery/fallback required
81,,https://chamanlawfirm.com/powerful-steps-sources-of-tax-law-in-nigeria/,powerful-steps-sources-of-tax-law-in-nigeria,Powerful Steps Sources Of Tax Law In Nigeria,,,,,146,9857,source body not present in Phase 5C prepared drafts; SEO title requires RankMath/source preservation or rewrite; meta description requires RankMath/source preservation or rewrite; image recovery/fallback required,not restored,/resources/blog/powerful-steps-sources-of-tax-law-in-nigeria,no,no,no,powerful-steps-sources-of-tax-law-in-nigeria,not approved,,excluded while hidden,pending,pending lawyer review,source body not present in Phase 5C prepared drafts; SEO title requires RankMath/source preservation or rewrite; meta description requires RankMath/source preservation or rewrite; image recovery/fallback required
82,,https://chamanlawfirm.com/the-nigerian-legal-system/,the-nigerian-legal-system,The Nigerian Legal System,,,,,145,21767,source body not present in Phase 5C prepared drafts; SEO title requires RankMath/source preservation or rewrite; meta description requires RankMath/source preservation or rewrite; image recovery/fallback required; redirect planning only; do not publish as article without equivalent content,not restored,https://chamanlawfirm.com/the-nigerian-legal-system/,no,no,no,the-nigerian-legal-system,not approved,,excluded while hidden,pending,not required unless revived,source body not present in Phase 5C prepared drafts; SEO title requires RankMath/source preservation or rewrite; meta description requires RankMath/source preservation or rewrite; image recovery/fallback required; redirect planning only; do not publish as article without equivalent content
83,,https://chamanlawfirm.com/what-is-the-process-of-land-acquisition/,what-is-the-process-of-land-acquisition,What is the Process of Land Acquisition in Nigeria?,Powerful Steps: What is the Process of Land Acquisition,"What is the Process of Land Acquisition in Nigeria, including legal steps, documentation, and key government agencies involved in the transaction",,,145,10528,image recovery/fallback required,not restored,/resources/blog/what-is-the-process-of-land-acquisition,no,no,no,what-is-the-process-of-land-acquisition,not approved,,excluded while hidden,pending,pending lawyer review,image recovery/fallback required
84,,https://chamanlawfirm.com/the-role-of-family-court-in-relation-to-child-protect-in-nigeria/,the-role-of-family-court-in-relation-to-child-protect-in-nigeria,THE ROLE OF FAMILY COURT IN RELATION TO CHILD PROTECTION IN NIGERIA,THE ROLE OF FAMILY COURT IN RELATION TO CHILD PROTECTION IN NIGERIA,THE ROLE OF FAMILY COURT IN RELATION TO CHILD PROTECTION IN NIGERIA The Family Court is a special court designed to deal with legal problems involving children. The Court emerged for the purposes of hearing and determ...,,,144,6480,image recovery/fallback required,not restored,/resources/blog/the-role-of-family-court-in-relation-to-child-protect-in-nigeria,no,no,no,the-role-of-family-court-in-relation-to-child-protect-in-nigeria,not approved,,excluded while hidden,pending,pending lawyer review,image recovery/fallback required
85,,https://chamanlawfirm.com/cost-of-building-approval-chaman-law-firm/,cost-of-building-approval-chaman-law-firm,What is the Cost of Building Approval in Ogun State?,Powerful Steps: Cost of Building Approval / Chaman Law Firm,Cost of building approval in Ogun? Find out the estimated cost of obtaining building approval and other costs that influence total expenses.,,,142,5152,image recovery/fallback required,not restored,/resources/blog/cost-of-building-approval-chaman-law-firm,no,no,no,cost-of-building-approval-chaman-law-firm,not approved,,excluded while hidden,pending,pending lawyer review,image recovery/fallback required
86,,https://chamanlawfirm.com/complete-guide-to-probate-registry-in-lagos/,complete-guide-to-probate-registry-in-lagos,Complete Guide To Probate Registry In Lagos,,,,,140,6097,source body not present in Phase 5C prepared drafts; SEO title requires RankMath/source preservation or rewrite; meta description requires RankMath/source preservation or rewrite; image recovery/fallback required,not restored,/resources/blog/complete-guide-to-probate-registry-in-lagos,no,no,no,complete-guide-to-probate-registry-in-lagos,not approved,,excluded while hidden,pending,pending lawyer review,source body not present in Phase 5C prepared drafts; SEO title requires RankMath/source preservation or rewrite; meta description requires RankMath/source preservation or rewrite; image recovery/fallback required
87,,https://chamanlawfirm.com/property-how-to-place-a-caveat/,property-how-to-place-a-caveat,Property How To Place A Caveat,,,,,140,4283,source body not present in Phase 5C prepared drafts; SEO title requires RankMath/source preservation or rewrite; meta description requires RankMath/source preservation or rewrite; image recovery/fallback required,not restored,/resources/blog/property-how-to-place-a-caveat,no,no,no,property-how-to-place-a-caveat,not approved,,excluded while hidden,pending,pending lawyer review,source body not present in Phase 5C prepared drafts; SEO title requires RankMath/source preservation or rewrite; meta description requires RankMath/source preservation or rewrite; image recovery/fallback required
88,,https://chamanlawfirm.com/tthe-legal-rights-of-a-wife-after-divorce/,tthe-legal-rights-of-a-wife-after-divorce,Tthe Legal Rights Of A Wife After Divorce,,,,,138,7285,source body not present in Phase 5C prepared drafts; SEO title requires RankMath/source preservation or rewrite; meta description requires RankMath/source preservation or rewrite; image recovery/fallback required; redirect planning only; do not publish as article without equivalent content,not restored,https://chamanlawfirm.com/tthe-legal-rights-of-a-wife-after-divorce/,no,no,no,tthe-legal-rights-of-a-wife-after-divorce,not approved,,excluded while hidden,pending,not required unless revived,source body not present in Phase 5C prepared drafts; SEO title requires RankMath/source preservation or rewrite; meta description requires RankMath/source preservation or rewrite; image recovery/fallback required; redirect planning only; do not publish as article without equivalent content
89,,https://chamanlawfirm.com/how-to-calculate-stamp-duty-chaman-law-firm/,how-to-calculate-stamp-duty-chaman-law-firm,How to calculate stamp duty for property transactions in Ogun?,Powerful Steps: How to calculate stamp duty /Chaman Law Firm,"How to calculate stamp duty in Ogun - Learn the applicable rates for property transactions, the property value basis, and who pays what - Chaman",,,138,5274,image recovery/fallback required,not restored,/resources/blog/how-to-calculate-stamp-duty-chaman-law-firm,no,no,no,how-to-calculate-stamp-duty-chaman-law-firm,not approved,,excluded while hidden,pending,pending lawyer review,image recovery/fallback required
90,,https://chamanlawfirm.com/can-a-landlord-increase-rent-arbitrarily-in-ogun/,can-a-landlord-increase-rent-arbitrarily-in-ogun,Can A Landlord Increase Rent Arbitrarily In Ogun,,,,,136,4178,source body not present in Phase 5C prepared drafts; SEO title requires RankMath/source preservation or rewrite; meta description requires RankMath/source preservation or rewrite; image recovery/fallback required,not restored,/resources/blog/can-a-landlord-increase-rent-arbitrarily-in-ogun,no,no,no,can-a-landlord-increase-rent-arbitrarily-in-ogun,not approved,,excluded while hidden,pending,pending lawyer review,source body not present in Phase 5C prepared drafts; SEO title requires RankMath/source preservation or rewrite; meta description requires RankMath/source preservation or rewrite; image recovery/fallback required
91,,https://chamanlawfirm.com/deal-with-and-bad-tenant-as-a-landlord/,deal-with-and-bad-tenant-as-a-landlord,How to Deal with a Stubborn and Bad Tenant as a Landlord in Nigeria,How to Deal with a bad tenant as a landlord in nigeria,"As a landlord in Nigeria, dealing with bad tenants is part and parcel of property management. While many tenants fulfill their obligations respectfully,",,,130,7642,image recovery/fallback required,not restored,/resources/blog/deal-with-and-bad-tenant-as-a-landlord,no,no,no,deal-with-and-bad-tenant-as-a-landlord,not approved,,excluded while hidden,pending,pending lawyer review,image recovery/fallback required
92,,https://chamanlawfirm.com/nigeria-prohibited-items-list/,nigeria-prohibited-items-list,Nigeria Prohibited Items List,,,,,127,21883,source body not present in Phase 5C prepared drafts; SEO title requires RankMath/source preservation or rewrite; meta description requires RankMath/source preservation or rewrite; image recovery/fallback required,not restored,/resources/blog/nigeria-prohibited-items-list,no,no,no,nigeria-prohibited-items-list,not approved,,excluded while hidden,pending,pending lawyer review,source body not present in Phase 5C prepared drafts; SEO title requires RankMath/source preservation or rewrite; meta description requires RankMath/source preservation or rewrite; image recovery/fallback required
93,,https://chamanlawfirm.com/types-of-parties-to-a-civil-action/,types-of-parties-to-a-civil-action,Types Of Parties To A Civil Action,,,,,127,7219,source body not present in Phase 5C prepared drafts; SEO title requires RankMath/source preservation or rewrite; meta description requires RankMath/source preservation or rewrite; image recovery/fallback required,not restored,/resources/blog/types-of-parties-to-a-civil-action,no,no,no,types-of-parties-to-a-civil-action,not approved,,excluded while hidden,pending,pending lawyer review,source body not present in Phase 5C prepared drafts; SEO title requires RankMath/source preservation or rewrite; meta description requires RankMath/source preservation or rewrite; image recovery/fallback required
94,,https://chamanlawfirm.com/how-to-legally-sublet-a-property-in-nigeria/,how-to-legally-sublet-a-property-in-nigeria,How to Legally Sublet a Property in Nigeria: 7 Step-by-Step Guide,Powerful Ways on How to Legally Sublet a Property in Nigeria,"Chaman Law Firm offers on how to legally sublet a property in Nigeria, ensuring compliance, secure agreements, and protection of your rights",,,124,8399,image recovery/fallback required,not restored,/resources/blog/how-to-legally-sublet-a-property-in-nigeria,no,no,no,how-to-legally-sublet-a-property-in-nigeria,not approved,,excluded while hidden,pending,pending lawyer review,image recovery/fallback required
95,,https://chamanlawfirm.com/how-do-i-obtain-a-certificate-of-occupancy/,how-do-i-obtain-a-certificate-of-occupancy,How do I obtain a Certificate of Occupancy (C of O) in Ogun State?,Powerful Steps: How do I obtain a Certificate of Occupancy,How do i obtain a Certificate of Occupancy? Crucial for land ownership in Ogun State. Chaman Law Firm explains the steps and required documents,,,122,6087,image recovery/fallback required,not restored,/resources/blog/how-do-i-obtain-a-certificate-of-occupancy,no,no,no,how-do-i-obtain-a-certificate-of-occupancy,not approved,,excluded while hidden,pending,pending lawyer review,image recovery/fallback required
96,,https://chamanlawfirm.com/powerful-steps-valid-survey/,powerful-steps-valid-survey,Powerful Steps Valid Survey,,,,,120,4234,source body not present in Phase 5C prepared drafts; SEO title requires RankMath/source preservation or rewrite; meta description requires RankMath/source preservation or rewrite; image recovery/fallback required; redirect planning only; do not publish as article without equivalent content,not restored,https://chamanlawfirm.com/powerful-steps-valid-survey/,no,no,no,powerful-steps-valid-survey,not approved,,excluded while hidden,pending,not required unless revived,source body not present in Phase 5C prepared drafts; SEO title requires RankMath/source preservation or rewrite; meta description requires RankMath/source preservation or rewrite; image recovery/fallback required; redirect planning only; do not publish as article without equivalent content
97,,https://chamanlawfirm.com/what-governs-contract-in-nigeria/,what-governs-contract-in-nigeria,What Governs Contract In Nigeria,,,,,119,13789,source body not present in Phase 5C prepared drafts; SEO title requires RankMath/source preservation or rewrite; meta description requires RankMath/source preservation or rewrite; image recovery/fallback required,not restored,/resources/blog/what-governs-contract-in-nigeria,no,no,no,what-governs-contract-in-nigeria,not approved,,excluded while hidden,pending,pending lawyer review,source body not present in Phase 5C prepared drafts; SEO title requires RankMath/source preservation or rewrite; meta description requires RankMath/source preservation or rewrite; image recovery/fallback required
98,,https://chamanlawfirm.com/understanding-rent-increase-laws-in-lagos/,understanding-rent-increase-laws-in-lagos,Understanding Rent Increase Laws In Lagos,,,,,115,27541,source body not present in Phase 5C prepared drafts; SEO title requires RankMath/source preservation or rewrite; meta description requires RankMath/source preservation or rewrite; image recovery/fallback required,not restored,/resources/blog/understanding-rent-increase-laws-in-lagos,no,no,no,understanding-rent-increase-laws-in-lagos,not approved,,excluded while hidden,pending,pending lawyer review,source body not present in Phase 5C prepared drafts; SEO title requires RankMath/source preservation or rewrite; meta description requires RankMath/source preservation or rewrite; image recovery/fallback required
99,,https://chamanlawfirm.com/obtaining-governor-consent-for-land-transactions/,obtaining-governor-consent-for-land-transactions,Obtaining Governor Consent For Land Transactions,,,,,115,14071,source body not present in Phase 5C prepared drafts; SEO title requires RankMath/source preservation or rewrite; meta description requires RankMath/source preservation or rewrite; image recovery/fallback required,not restored,/resources/blog/obtaining-governor-consent-for-land-transactions,no,no,no,obtaining-governor-consent-for-land-transactions,not approved,,excluded while hidden,pending,pending lawyer review,source body not present in Phase 5C prepared drafts; SEO title requires RankMath/source preservation or rewrite; meta description requires RankMath/source preservation or rewrite; image recovery/fallback required
100,,https://chamanlawfirm.com/deed-of-assignment-in-nigeria/,deed-of-assignment-in-nigeria,Deed Of Assignment In Nigeria,,,,,114,5572,source body not present in Phase 5C prepared drafts; SEO title requires RankMath/source preservation or rewrite; meta description requires RankMath/source preservation or rewrite; image recovery/fallback required,not restored,/resources/blog/deed-of-assignment-in-nigeria,no,no,no,deed-of-assignment-in-nigeria,not approved,,excluded while hidden,pending,pending lawyer review,source body not present in Phase 5C prepared drafts; SEO title requires RankMath/source preservation or rewrite; meta description requires RankMath/source preservation or rewrite; image recovery/fallback required
101,,https://chamanlawfirm.com/the-land-use-and-allocation-committee-luac/,the-land-use-and-allocation-committee-luac,The Land Use And Allocation Committee Luac,,,,,114,2298,source body not present in Phase 5C prepared drafts; SEO title requires RankMath/source preservation or rewrite; meta description requires RankMath/source preservation or rewrite; image recovery/fallback required,not restored,/resources/blog/the-land-use-and-allocation-committee-luac,no,no,no,the-land-use-and-allocation-committee-luac,not approved,,excluded while hidden,pending,pending lawyer review,source body not present in Phase 5C prepared drafts; SEO title requires RankMath/source preservation or rewrite; meta description requires RankMath/source preservation or rewrite; image recovery/fallback required
102,,https://chamanlawfirm.com/legal-implications-of-joint-property/,legal-implications-of-joint-property,The Critical Legal Implications of Joint Property Ownership in Nigeria,Legal Implications Of Joint Property; Essential Avoidable Legal Traps in Joint Property Ownership in Nigeria,Legal Implications Of Joint Property Joint ownership implies that two or more individuals share ownership rights over the same property. The implication is that...,,,112,5574,image recovery/fallback required,not restored,/resources/blog/legal-implications-of-joint-property,no,no,no,legal-implications-of-joint-property,not approved,,excluded while hidden,pending,pending lawyer review,image recovery/fallback required
103,,https://chamanlawfirm.com/enforcing-fundamental-human-right/,enforcing-fundamental-human-right,Enforcing Fundamental Human Right,,,,,110,5894,source body not present in Phase 5C prepared drafts; SEO title requires RankMath/source preservation or rewrite; meta description requires RankMath/source preservation or rewrite; image recovery/fallback required,not restored,/resources/blog/enforcing-fundamental-human-right,no,no,no,enforcing-fundamental-human-right,not approved,,excluded while hidden,pending,pending lawyer review,source body not present in Phase 5C prepared drafts; SEO title requires RankMath/source preservation or rewrite; meta description requires RankMath/source preservation or rewrite; image recovery/fallback required
104,,https://chamanlawfirm.com/revocation-of-power-of-attorney/,revocation-of-power-of-attorney,Revocation Of Power Of Attorney,,,,,110,3208,source body not present in Phase 5C prepared drafts; SEO title requires RankMath/source preservation or rewrite; meta description requires RankMath/source preservation or rewrite; image recovery/fallback required,not restored,/resources/blog/revocation-of-power-of-attorney,no,no,no,revocation-of-power-of-attorney,not approved,,excluded while hidden,pending,pending lawyer review,source body not present in Phase 5C prepared drafts; SEO title requires RankMath/source preservation or rewrite; meta description requires RankMath/source preservation or rewrite; image recovery/fallback required
105,,https://chamanlawfirm.com/property-insurance-in-nigeria/,property-insurance-in-nigeria,Property Insurance In Nigeria,,,,,109,12006,source body not present in Phase 5C prepared drafts; SEO title requires RankMath/source preservation or rewrite; meta description requires RankMath/source preservation or rewrite; image recovery/fallback required,not restored,/resources/blog/property-insurance-in-nigeria,no,no,no,property-insurance-in-nigeria,not approved,,excluded while hidden,pending,pending lawyer review,source body not present in Phase 5C prepared drafts; SEO title requires RankMath/source preservation or rewrite; meta description requires RankMath/source preservation or rewrite; image recovery/fallback required
106,,https://chamanlawfirm.com/documents-apostilled-in-nigeria/,documents-apostilled-in-nigeria,Documents Apostilled In Nigeria,,,,,108,16563,source body not present in Phase 5C prepared drafts; SEO title requires RankMath/source preservation or rewrite; meta description requires RankMath/source preservation or rewrite; image recovery/fallback required,not restored,/resources/blog/documents-apostilled-in-nigeria,no,no,no,documents-apostilled-in-nigeria,not approved,,excluded while hidden,pending,pending lawyer review,source body not present in Phase 5C prepared drafts; SEO title requires RankMath/source preservation or rewrite; meta description requires RankMath/source preservation or rewrite; image recovery/fallback required
107,,https://chamanlawfirm.com/insightful-overview-of-family-law-in-nigeria/,insightful-overview-of-family-law-in-nigeria,Insightful Overview Of Family Law In Nigeria,,,,,106,5702,source body not present in Phase 5C prepared drafts; SEO title requires RankMath/source preservation or rewrite; meta description requires RankMath/source preservation or rewrite; image recovery/fallback required,not restored,/resources/blog/insightful-overview-of-family-law-in-nigeria,no,no,no,insightful-overview-of-family-law-in-nigeria,not approved,,excluded while hidden,pending,pending lawyer review,source body not present in Phase 5C prepared drafts; SEO title requires RankMath/source preservation or rewrite; meta description requires RankMath/source preservation or rewrite; image recovery/fallback required
108,,https://chamanlawfirm.com/rights-of-a-property-owner-in-nigeria/,rights-of-a-property-owner-in-nigeria,Rights Of A Property Owner In Nigeria,,,,,105,7442,source body not present in Phase 5C prepared drafts; SEO title requires RankMath/source preservation or rewrite; meta description requires RankMath/source preservation or rewrite; image recovery/fallback required; redirect planning only; do not publish as article without equivalent content,not restored,https://chamanlawfirm.com/rights-of-a-property-owner-in-nigeria/,no,no,no,rights-of-a-property-owner-in-nigeria,not approved,,excluded while hidden,pending,not required unless revived,source body not present in Phase 5C prepared drafts; SEO title requires RankMath/source preservation or rewrite; meta description requires RankMath/source preservation or rewrite; image recovery/fallback required; redirect planning only; do not publish as article without equivalent content
109,,https://chamanlawfirm.com/the-concept-of-restitution-of-conjugal-rights/,the-concept-of-restitution-of-conjugal-rights,The Concept Of Restitution Of Conjugal Rights,,,,,103,12073,source body not present in Phase 5C prepared drafts; SEO title requires RankMath/source preservation or rewrite; meta description requires RankMath/source preservation or rewrite; image recovery/fallback required,not restored,/resources/blog/the-concept-of-restitution-of-conjugal-rights,no,no,no,the-concept-of-restitution-of-conjugal-rights,not approved,,excluded while hidden,pending,pending lawyer review,source body not present in Phase 5C prepared drafts; SEO title requires RankMath/source preservation or rewrite; meta description requires RankMath/source preservation or rewrite; image recovery/fallback required
110,,https://chamanlawfirm.com/5-lis-pendens-understanding-the-doctrine/,5-lis-pendens-understanding-the-doctrine,5 Lis Pendens Understanding The Doctrine,,,,,103,5850,source body not present in Phase 5C prepared drafts; SEO title requires RankMath/source preservation or rewrite; meta description requires RankMath/source preservation or rewrite; image recovery/fallback required,not restored,/resources/blog/5-lis-pendens-understanding-the-doctrine,no,no,no,5-lis-pendens-understanding-the-doctrine,not approved,,excluded while hidden,pending,pending lawyer review,source body not present in Phase 5C prepared drafts; SEO title requires RankMath/source preservation or rewrite; meta description requires RankMath/source preservation or rewrite; image recovery/fallback required
111,,https://chamanlawfirm.com/how-to-obtain-tax-clearance-certificate/,how-to-obtain-tax-clearance-certificate,How To Obtain Tax Clearance Certificate,,,,,102,14116,source body not present in Phase 5C prepared drafts; SEO title requires RankMath/source preservation or rewrite; meta description requires RankMath/source preservation or rewrite; image recovery/fallback required,not restored,/resources/blog/how-to-obtain-tax-clearance-certificate,no,no,no,how-to-obtain-tax-clearance-certificate,not approved,,excluded while hidden,pending,pending lawyer review,source body not present in Phase 5C prepared drafts; SEO title requires RankMath/source preservation or rewrite; meta description requires RankMath/source preservation or rewrite; image recovery/fallback required
112,,https://chamanlawfirm.com/who-holds-authority-over-land-under-the-land/,who-holds-authority-over-land-under-the-land,Who Holds Authority Over Land Under The Land,,,,,102,4252,source body not present in Phase 5C prepared drafts; SEO title requires RankMath/source preservation or rewrite; meta description requires RankMath/source preservation or rewrite; image recovery/fallback required,not restored,/resources/blog/who-holds-authority-over-land-under-the-land,no,no,no,who-holds-authority-over-land-under-the-land,not approved,,excluded while hidden,pending,pending lawyer review,source body not present in Phase 5C prepared drafts; SEO title requires RankMath/source preservation or rewrite; meta description requires RankMath/source preservation or rewrite; image recovery/fallback required
113,,https://chamanlawfirm.com/developer-fails-to-deliver-property/,developer-fails-to-deliver-property,Developer Fails To Deliver Property,,,,,102,3898,source body not present in Phase 5C prepared drafts; SEO title requires RankMath/source preservation or rewrite; meta description requires RankMath/source preservation or rewrite; image recovery/fallback required,not restored,/resources/blog/developer-fails-to-deliver-property,no,no,no,developer-fails-to-deliver-property,not approved,,excluded while hidden,pending,pending lawyer review,source body not present in Phase 5C prepared drafts; SEO title requires RankMath/source preservation or rewrite; meta description requires RankMath/source preservation or rewrite; image recovery/fallback required
114,,https://chamanlawfirm.com/pohistory-of-legal-profession-in-nigeria/,pohistory-of-legal-profession-in-nigeria,HISTORY OF LEGAL PROFESSION IN NIGERIA,HISTORY OF LEGAL PROFESSION IN NIGERIA,"OUR STORY Quality, not quantity We have made quality our habit. It’s not something that we just strive for – we live by this principle every day. HISTORY OF LEGAL PROFESSION IN NIGERIA The history of the legal profess...",,,102,2525,image recovery/fallback required,not restored,/resources/blog/pohistory-of-legal-profession-in-nigeria,no,no,no,pohistory-of-legal-profession-in-nigeria,not approved,,excluded while hidden,pending,pending lawyer review,image recovery/fallback required
115,,https://chamanlawfirm.com/land-registration-system-in-nigeria/,land-registration-system-in-nigeria,Land Registration System In Nigeria,,,,,101,7937,source body not present in Phase 5C prepared drafts; SEO title requires RankMath/source preservation or rewrite; meta description requires RankMath/source preservation or rewrite; image recovery/fallback required,not restored,/resources/blog/land-registration-system-in-nigeria,no,no,no,land-registration-system-in-nigeria,not approved,,excluded while hidden,pending,pending lawyer review,source body not present in Phase 5C prepared drafts; SEO title requires RankMath/source preservation or rewrite; meta description requires RankMath/source preservation or rewrite; image recovery/fallback required
116,,https://chamanlawfirm.com/lagos-tenancy-fixed-and-periodic-tenancies/,lagos-tenancy-fixed-and-periodic-tenancies,Lagos Tenancy Fixed And Periodic Tenancies,,,,,100,6197,source body not present in Phase 5C prepared drafts; SEO title requires RankMath/source preservation or rewrite; meta description requires RankMath/source preservation or rewrite; image recovery/fallback required,not restored,/resources/blog/lagos-tenancy-fixed-and-periodic-tenancies,no,no,no,lagos-tenancy-fixed-and-periodic-tenancies,not approved,,excluded while hidden,pending,pending lawyer review,source body not present in Phase 5C prepared drafts; SEO title requires RankMath/source preservation or rewrite; meta description requires RankMath/source preservation or rewrite; image recovery/fallback required
117,,https://chamanlawfirm.com/expert-witnesses-in-nigeria-court-proceeding/,expert-witnesses-in-nigeria-court-proceeding,Expert Witnesses In Nigeria Court Proceeding,,,,,100,3895,source body not present in Phase 5C prepared drafts; SEO title requires RankMath/source preservation or rewrite; meta description requires RankMath/source preservation or rewrite; image recovery/fallback required,not restored,/resources/blog/expert-witnesses-in-nigeria-court-proceeding,no,no,no,expert-witnesses-in-nigeria-court-proceeding,not approved,,excluded while hidden,pending,pending lawyer review,source body not present in Phase 5C prepared drafts; SEO title requires RankMath/source preservation or rewrite; meta description requires RankMath/source preservation or rewrite; image recovery/fallback required
118,,https://chamanlawfirm.com/how-to-conduct-search-at-land-registry/,how-to-conduct-search-at-land-registry,How To Conduct Search At Land Registry,,,,,99,6971,source body not present in Phase 5C prepared drafts; SEO title requires RankMath/source preservation or rewrite; meta description requires RankMath/source preservation or rewrite; image recovery/fallback required,not restored,/resources/blog/how-to-conduct-search-at-land-registry,no,no,no,how-to-conduct-search-at-land-registry,not approved,,excluded while hidden,pending,pending lawyer review,source body not present in Phase 5C prepared drafts; SEO title requires RankMath/source preservation or rewrite; meta description requires RankMath/source preservation or rewrite; image recovery/fallback required
119,,https://chamanlawfirm.com/importance-of-covenants-in-a-tenancy-agreement/,importance-of-covenants-in-a-tenancy-agreement,Importance Of Covenants In A Tenancy Agreement,,,,,99,4366,source body not present in Phase 5C prepared drafts; SEO title requires RankMath/source preservation or rewrite; meta description requires RankMath/source preservation or rewrite; image recovery/fallback required,not restored,/resources/blog/importance-of-covenants-in-a-tenancy-agreement,no,no,no,importance-of-covenants-in-a-tenancy-agreement,not approved,,excluded while hidden,pending,pending lawyer review,source body not present in Phase 5C prepared drafts; SEO title requires RankMath/source preservation or rewrite; meta description requires RankMath/source preservation or rewrite; image recovery/fallback required
120,,https://chamanlawfirm.com/how-to-prove-ownership-of-land-in-nigeria/,how-to-prove-ownership-of-land-in-nigeria,How To Prove Ownership Of Land In Nigeria,,,,,98,3656,source body not present in Phase 5C prepared drafts; SEO title requires RankMath/source preservation or rewrite; meta description requires RankMath/source preservation or rewrite; image recovery/fallback required,not restored,/resources/blog/how-to-prove-ownership-of-land-in-nigeria,no,no,no,how-to-prove-ownership-of-land-in-nigeria,not approved,,excluded while hidden,pending,pending lawyer review,source body not present in Phase 5C prepared drafts; SEO title requires RankMath/source preservation or rewrite; meta description requires RankMath/source preservation or rewrite; image recovery/fallback required
121,,https://chamanlawfirm.com/deed-of-partition-in-nigeria/,deed-of-partition-in-nigeria,Deed Of Partition In Nigeria,,,,,97,7388,source body not present in Phase 5C prepared drafts; SEO title requires RankMath/source preservation or rewrite; meta description requires RankMath/source preservation or rewrite; image recovery/fallback required,not restored,/resources/blog/deed-of-partition-in-nigeria,no,no,no,deed-of-partition-in-nigeria,not approved,,excluded while hidden,pending,pending lawyer review,source body not present in Phase 5C prepared drafts; SEO title requires RankMath/source preservation or rewrite; meta description requires RankMath/source preservation or rewrite; image recovery/fallback required
122,,https://chamanlawfirm.com/land-use-act-1978/,land-use-act-1978,Land Use Act 1978,,,,,96,15652,source body not present in Phase 5C prepared drafts; SEO title requires RankMath/source preservation or rewrite; meta description requires RankMath/source preservation or rewrite; image recovery/fallback required; redirect planning only; do not publish as article without equivalent content,not restored,https://chamanlawfirm.com/land-use-act-1978/,no,no,no,land-use-act-1978,not approved,,excluded while hidden,pending,not required unless revived,source body not present in Phase 5C prepared drafts; SEO title requires RankMath/source preservation or rewrite; meta description requires RankMath/source preservation or rewrite; image recovery/fallback required; redirect planning only; do not publish as article without equivalent content
123,,https://chamanlawfirm.com/landlords-and-tenants-in-nigeria/,landlords-and-tenants-in-nigeria,Landlords And Tenants In Nigeria,,,,,95,13014,source body not present in Phase 5C prepared drafts; SEO title requires RankMath/source preservation or rewrite; meta description requires RankMath/source preservation or rewrite; image recovery/fallback required,not restored,/resources/blog/landlords-and-tenants-in-nigeria,no,no,no,landlords-and-tenants-in-nigeria,not approved,,excluded while hidden,pending,pending lawyer review,source body not present in Phase 5C prepared drafts; SEO title requires RankMath/source preservation or rewrite; meta description requires RankMath/source preservation or rewrite; image recovery/fallback required
124,,https://chamanlawfirm.com/maxims-of-equity/,maxims-of-equity,Maxims Of Equity,,,,,95,11092,source body not present in Phase 5C prepared drafts; SEO title requires RankMath/source preservation or rewrite; meta description requires RankMath/source preservation or rewrite; image recovery/fallback required,not restored,/resources/blog/maxims-of-equity,no,no,no,maxims-of-equity,not approved,,excluded while hidden,pending,pending lawyer review,source body not present in Phase 5C prepared drafts; SEO title requires RankMath/source preservation or rewrite; meta description requires RankMath/source preservation or rewrite; image recovery/fallback required
125,,https://chamanlawfirm.com/of-the-securities-and-exchange-commission/,of-the-securities-and-exchange-commission,Of The Securities And Exchange Commission,,,,,95,6545,source body not present in Phase 5C prepared drafts; SEO title requires RankMath/source preservation or rewrite; meta description requires RankMath/source preservation or rewrite; image recovery/fallback required,not restored,/resources/blog/of-the-securities-and-exchange-commission,no,no,no,of-the-securities-and-exchange-commission,not approved,,excluded while hidden,pending,pending lawyer review,source body not present in Phase 5C prepared drafts; SEO title requires RankMath/source preservation or rewrite; meta description requires RankMath/source preservation or rewrite; image recovery/fallback required
126,,https://chamanlawfirm.com/step-by-step-guide-on-how-to-conduct-a-statutory-marriage-in-nigeria/,step-by-step-guide-on-how-to-conduct-a-statutory-marriage-in-nigeria,Step By Step Guide On How To Conduct A Statutory Marriage In Nigeria,,,,,94,10219,source body not present in Phase 5C prepared drafts; SEO title requires RankMath/source preservation or rewrite; meta description requires RankMath/source preservation or rewrite; image recovery/fallback required,not restored,/resources/blog/step-by-step-guide-on-how-to-conduct-a-statutory-marriage-in-nigeria,no,no,no,step-by-step-guide-on-how-to-conduct-a-statutory-marriage-in-nigeria,not approved,,excluded while hidden,pending,pending lawyer review,source body not present in Phase 5C prepared drafts; SEO title requires RankMath/source preservation or rewrite; meta description requires RankMath/source preservation or rewrite; image recovery/fallback required
127,,https://chamanlawfirm.com/digital-evidence-admissibility-in-nigeria/,digital-evidence-admissibility-in-nigeria,Digital Evidence Admissibility In Nigeria,,,,,94,7016,source body not present in Phase 5C prepared drafts; SEO title requires RankMath/source preservation or rewrite; meta description requires RankMath/source preservation or rewrite; image recovery/fallback required,not restored,/resources/blog/digital-evidence-admissibility-in-nigeria,no,no,no,digital-evidence-admissibility-in-nigeria,not approved,,excluded while hidden,pending,pending lawyer review,source body not present in Phase 5C prepared drafts; SEO title requires RankMath/source preservation or rewrite; meta description requires RankMath/source preservation or rewrite; image recovery/fallback required
128,,https://chamanlawfirm.com/probate-in-lagos-everything-you-need-to-know/,probate-in-lagos-everything-you-need-to-know,Probate In Lagos Everything You Need To Know,,,,,94,6122,source body not present in Phase 5C prepared drafts; SEO title requires RankMath/source preservation or rewrite; meta description requires RankMath/source preservation or rewrite; image recovery/fallback required,not restored,/resources/blog/probate-in-lagos-everything-you-need-to-know,no,no,no,probate-in-lagos-everything-you-need-to-know,not approved,,excluded while hidden,pending,pending lawyer review,source body not present in Phase 5C prepared drafts; SEO title requires RankMath/source preservation or rewrite; meta description requires RankMath/source preservation or rewrite; image recovery/fallback required
129,,https://chamanlawfirm.com/how-to-register-a-deed-of-assignment-in-ogun/,how-to-register-a-deed-of-assignment-in-ogun,How To Register A Deed Of Assignment In Ogun,,,,,94,2623,source body not present in Phase 5C prepared drafts; SEO title requires RankMath/source preservation or rewrite; meta description requires RankMath/source preservation or rewrite; image recovery/fallback required,not restored,/resources/blog/how-to-register-a-deed-of-assignment-in-ogun,no,no,no,how-to-register-a-deed-of-assignment-in-ogun,not approved,,excluded while hidden,pending,pending lawyer review,source body not present in Phase 5C prepared drafts; SEO title requires RankMath/source preservation or rewrite; meta description requires RankMath/source preservation or rewrite; image recovery/fallback required
130,,https://chamanlawfirm.com/how-to-handle-land-grabbers-in-ogun-state/,how-to-handle-land-grabbers-in-ogun-state,How To Handle Land Grabbers In Ogun State,,,,,94,2455,source body not present in Phase 5C prepared drafts; SEO title requires RankMath/source preservation or rewrite; meta description requires RankMath/source preservation or rewrite; image recovery/fallback required,not restored,/resources/blog/how-to-handle-land-grabbers-in-ogun-state,no,no,no,how-to-handle-land-grabbers-in-ogun-state,not approved,,excluded while hidden,pending,pending lawyer review,source body not present in Phase 5C prepared drafts; SEO title requires RankMath/source preservation or rewrite; meta description requires RankMath/source preservation or rewrite; image recovery/fallback required
131,,https://chamanlawfirm.com/proven-steps-the-canons-of-interpretation/,proven-steps-the-canons-of-interpretation,Proven Steps The Canons Of Interpretation,,,,,93,7675,source body not present in Phase 5C prepared drafts; SEO title requires RankMath/source preservation or rewrite; meta description requires RankMath/source preservation or rewrite; image recovery/fallback required,not restored,/resources/blog/proven-steps-the-canons-of-interpretation,no,no,no,proven-steps-the-canons-of-interpretation,not approved,,excluded while hidden,pending,pending lawyer review,source body not present in Phase 5C prepared drafts; SEO title requires RankMath/source preservation or rewrite; meta description requires RankMath/source preservation or rewrite; image recovery/fallback required
132,,https://chamanlawfirm.com/how-to-file-a-lawsuit-in-nigeria/,how-to-file-a-lawsuit-in-nigeria,How To File A Lawsuit In Nigeria,,,,,93,7639,source body not present in Phase 5C prepared drafts; SEO title requires RankMath/source preservation or rewrite; meta description requires RankMath/source preservation or rewrite; image recovery/fallback required,not restored,/resources/blog/how-to-file-a-lawsuit-in-nigeria,no,no,no,how-to-file-a-lawsuit-in-nigeria,not approved,,excluded while hidden,pending,pending lawyer review,source body not present in Phase 5C prepared drafts; SEO title requires RankMath/source preservation or rewrite; meta description requires RankMath/source preservation or rewrite; image recovery/fallback required
133,,https://chamanlawfirm.com/legally-combat-police-harassment-in-nigeria/,legally-combat-police-harassment-in-nigeria,Legally Combat Police Harassment In Nigeria,,,,,93,4804,source body not present in Phase 5C prepared drafts; SEO title requires RankMath/source preservation or rewrite; meta description requires RankMath/source preservation or rewrite; image recovery/fallback required,not restored,/resources/blog/legally-combat-police-harassment-in-nigeria,no,no,no,legally-combat-police-harassment-in-nigeria,not approved,,excluded while hidden,pending,pending lawyer review,source body not present in Phase 5C prepared drafts; SEO title requires RankMath/source preservation or rewrite; meta description requires RankMath/source preservation or rewrite; image recovery/fallback required
134,,https://chamanlawfirm.com/rights-of-parties-to-a-mortgage/,rights-of-parties-to-a-mortgage,Rights Of Parties To A Mortgage,,,,,93,2853,source body not present in Phase 5C prepared drafts; SEO title requires RankMath/source preservation or rewrite; meta description requires RankMath/source preservation or rewrite; image recovery/fallback required,not restored,/resources/blog/rights-of-parties-to-a-mortgage,no,no,no,rights-of-parties-to-a-mortgage,not approved,,excluded while hidden,pending,pending lawyer review,source body not present in Phase 5C prepared drafts; SEO title requires RankMath/source preservation or rewrite; meta description requires RankMath/source preservation or rewrite; image recovery/fallback required
135,,https://chamanlawfirm.com/legal-obligations-for-debt-collectors/,legal-obligations-for-debt-collectors,LEGAL OBLIGATIONS FOR DEBT COLLECTORS IN NIGERIA,Legal Obligations For Debt Collectors: Powerful Insight: Understanding Legal Obligations for Debt Collectors in Nigeria,Legal Obligations For Debt Collectors The bottom line is simple but powerful: there is no room for shortcuts in lawful debt recovery. Compliance is not a bureaucratic...,,,92,8933,image recovery/fallback required,not restored,/resources/blog/legal-obligations-for-debt-collectors,no,no,no,legal-obligations-for-debt-collectors,not approved,,excluded while hidden,pending,pending lawyer review,image recovery/fallback required
136,,https://chamanlawfirm.com/challenges-of-implementing-the-land-use-act/,challenges-of-implementing-the-land-use-act,Challenges Of Implementing The Land Use Act,,,,,92,6626,source body not present in Phase 5C prepared drafts; SEO title requires RankMath/source preservation or rewrite; meta description requires RankMath/source preservation or rewrite; image recovery/fallback required,not restored,/resources/blog/challenges-of-implementing-the-land-use-act,no,no,no,challenges-of-implementing-the-land-use-act,not approved,,excluded while hidden,pending,pending lawyer review,source body not present in Phase 5C prepared drafts; SEO title requires RankMath/source preservation or rewrite; meta description requires RankMath/source preservation or rewrite; image recovery/fallback required
137,,https://chamanlawfirm.com/board-of-directors-in-nigerian-companies/,board-of-directors-in-nigerian-companies,Board Of Directors In Nigerian Companies,,,,,91,8410,source body not present in Phase 5C prepared drafts; SEO title requires RankMath/source preservation or rewrite; meta description requires RankMath/source preservation or rewrite; image recovery/fallback required,not restored,/resources/blog/board-of-directors-in-nigerian-companies,no,no,no,board-of-directors-in-nigerian-companies,not approved,,excluded while hidden,pending,pending lawyer review,source body not present in Phase 5C prepared drafts; SEO title requires RankMath/source preservation or rewrite; meta description requires RankMath/source preservation or rewrite; image recovery/fallback required
138,,https://chamanlawfirm.com/how-to-legally-evict-a-tenant-in-lagos-state/,how-to-legally-evict-a-tenant-in-lagos-state,How to Legally Evict a Tenant in Lagos State Without Breaking the Law in 6 Proven Steps.,How to Legally Evict a Tenant in Lagos State Without Breaking the Law in 6 Proven Steps.,"Landlord-tenant disputes are common in Lagos State, with eviction being one of the most sensitive issues. Landlords must understand the legal process of evicting a tenant to avoid contravening laws and facing legal re...",,,90,7981,image recovery/fallback required,not restored,/resources/blog/how-to-legally-evict-a-tenant-in-lagos-state,no,no,no,how-to-legally-evict-a-tenant-in-lagos-state,not approved,,excluded while hidden,pending,pending lawyer review,image recovery/fallback required
139,,https://chamanlawfirm.com/legal-processofobtaininga-deed-of-assignment/,legal-processofobtaininga-deed-of-assignment,Legal Processofobtaininga Deed Of Assignment,,,,,90,7853,source body not present in Phase 5C prepared drafts; SEO title requires RankMath/source preservation or rewrite; meta description requires RankMath/source preservation or rewrite; image recovery/fallback required,not restored,/resources/blog/legal-processofobtaininga-deed-of-assignment,no,no,no,legal-processofobtaininga-deed-of-assignment,not approved,,excluded while hidden,pending,pending lawyer review,source body not present in Phase 5C prepared drafts; SEO title requires RankMath/source preservation or rewrite; meta description requires RankMath/source preservation or rewrite; image recovery/fallback required
140,,https://chamanlawfirm.com/methods-of-transfer-of-shares/,methods-of-transfer-of-shares,Methods Of Transfer Of Shares,,,,,89,6874,source body not present in Phase 5C prepared drafts; SEO title requires RankMath/source preservation or rewrite; meta description requires RankMath/source preservation or rewrite; image recovery/fallback required,not restored,/resources/blog/methods-of-transfer-of-shares,no,no,no,methods-of-transfer-of-shares,not approved,,excluded while hidden,pending,pending lawyer review,source body not present in Phase 5C prepared drafts; SEO title requires RankMath/source preservation or rewrite; meta description requires RankMath/source preservation or rewrite; image recovery/fallback required
141,,https://chamanlawfirm.com/laspppa-what-it-is-and-why-it-matters-in-lagos/,laspppa-what-it-is-and-why-it-matters-in-lagos,Laspppa What It Is And Why It Matters In Lagos,,,,,88,15004,source body not present in Phase 5C prepared drafts; SEO title requires RankMath/source preservation or rewrite; meta description requires RankMath/source preservation or rewrite; image recovery/fallback required,not restored,/resources/blog/laspppa-what-it-is-and-why-it-matters-in-lagos,no,no,no,laspppa-what-it-is-and-why-it-matters-in-lagos,not approved,,excluded while hidden,pending,pending lawyer review,source body not present in Phase 5C prepared drafts; SEO title requires RankMath/source preservation or rewrite; meta description requires RankMath/source preservation or rewrite; image recovery/fallback required
142,,https://chamanlawfirm.com/land-tenures-and-customary-land-tenure-systems/,land-tenures-and-customary-land-tenure-systems,Land Tenures And Customary Land Tenure Systems,,,,,88,12139,source body not present in Phase 5C prepared drafts; SEO title requires RankMath/source preservation or rewrite; meta description requires RankMath/source preservation or rewrite; image recovery/fallback required,not restored,/resources/blog/land-tenures-and-customary-land-tenure-systems,no,no,no,land-tenures-and-customary-land-tenure-systems,not approved,,excluded while hidden,pending,pending lawyer review,source body not present in Phase 5C prepared drafts; SEO title requires RankMath/source preservation or rewrite; meta description requires RankMath/source preservation or rewrite; image recovery/fallback required
143,,https://chamanlawfirm.com/can-a-member-be-expelled-from-a-trade-union/,can-a-member-be-expelled-from-a-trade-union,Can A Member Be Expelled From A Trade Union,,,,,87,3688,source body not present in Phase 5C prepared drafts; SEO title requires RankMath/source preservation or rewrite; meta description requires RankMath/source preservation or rewrite; image recovery/fallback required,not restored,/resources/blog/can-a-member-be-expelled-from-a-trade-union,no,no,no,can-a-member-be-expelled-from-a-trade-union,not approved,,excluded while hidden,pending,pending lawyer review,source body not present in Phase 5C prepared drafts; SEO title requires RankMath/source preservation or rewrite; meta description requires RankMath/source preservation or rewrite; image recovery/fallback required
144,,https://chamanlawfirm.com/property-with-existing-tenants-in-nigeria/,property-with-existing-tenants-in-nigeria,Property With Existing Tenants In Nigeria,,,,,87,3193,source body not present in Phase 5C prepared drafts; SEO title requires RankMath/source preservation or rewrite; meta description requires RankMath/source preservation or rewrite; image recovery/fallback required,not restored,/resources/blog/property-with-existing-tenants-in-nigeria,no,no,no,property-with-existing-tenants-in-nigeria,not approved,,excluded while hidden,pending,pending lawyer review,source body not present in Phase 5C prepared drafts; SEO title requires RankMath/source preservation or rewrite; meta description requires RankMath/source preservation or rewrite; image recovery/fallback required
145,,https://chamanlawfirm.com/letter-of-administration-in-ogun-state/,letter-of-administration-in-ogun-state,Letter Of Administration In Ogun State,,,,,87,2544,source body not present in Phase 5C prepared drafts; SEO title requires RankMath/source preservation or rewrite; meta description requires RankMath/source preservation or rewrite; image recovery/fallback required,not restored,/resources/blog/letter-of-administration-in-ogun-state,no,no,no,letter-of-administration-in-ogun-state,not approved,,excluded while hidden,pending,pending lawyer review,source body not present in Phase 5C prepared drafts; SEO title requires RankMath/source preservation or rewrite; meta description requires RankMath/source preservation or rewrite; image recovery/fallback required
146,,https://chamanlawfirm.com/land-use-act-and-land-tenure-systems/,land-use-act-and-land-tenure-systems,Land Use Act And Land Tenure Systems,,,,,86,8434,source body not present in Phase 5C prepared drafts; SEO title requires RankMath/source preservation or rewrite; meta description requires RankMath/source preservation or rewrite; image recovery/fallback required,not restored,/resources/blog/land-use-act-and-land-tenure-systems,no,no,no,land-use-act-and-land-tenure-systems,not approved,,excluded while hidden,pending,pending lawyer review,source body not present in Phase 5C prepared drafts; SEO title requires RankMath/source preservation or rewrite; meta description requires RankMath/source preservation or rewrite; image recovery/fallback required
147,,https://chamanlawfirm.com/international-law-in-conflict-resolution/,international-law-in-conflict-resolution,International Law In Conflict Resolution,,,,,86,8203,source body not present in Phase 5C prepared drafts; SEO title requires RankMath/source preservation or rewrite; meta description requires RankMath/source preservation or rewrite; image recovery/fallback required,not restored,/resources/blog/international-law-in-conflict-resolution,no,no,no,international-law-in-conflict-resolution,not approved,,excluded while hidden,pending,pending lawyer review,source body not present in Phase 5C prepared drafts; SEO title requires RankMath/source preservation or rewrite; meta description requires RankMath/source preservation or rewrite; image recovery/fallback required
148,,https://chamanlawfirm.com/where-marriage-under-the-act-can-be-conducted/,where-marriage-under-the-act-can-be-conducted,Where Marriage Under The Act Can Be Conducted,,,,,85,15038,source body not present in Phase 5C prepared drafts; SEO title requires RankMath/source preservation or rewrite; meta description requires RankMath/source preservation or rewrite; image recovery/fallback required,not restored,/resources/blog/where-marriage-under-the-act-can-be-conducted,no,no,no,where-marriage-under-the-act-can-be-conducted,not approved,,excluded while hidden,pending,pending lawyer review,source body not present in Phase 5C prepared drafts; SEO title requires RankMath/source preservation or rewrite; meta description requires RankMath/source preservation or rewrite; image recovery/fallback required
149,,https://chamanlawfirm.com/how-nigerian-courts-handle-electronic-evidence/,how-nigerian-courts-handle-electronic-evidence,How Nigerian Courts Handle Electronic Evidence,,,,,85,14154,source body not present in Phase 5C prepared drafts; SEO title requires RankMath/source preservation or rewrite; meta description requires RankMath/source preservation or rewrite; image recovery/fallback required,not restored,/resources/blog/how-nigerian-courts-handle-electronic-evidence,no,no,no,how-nigerian-courts-handle-electronic-evidence,not approved,,excluded while hidden,pending,pending lawyer review,source body not present in Phase 5C prepared drafts; SEO title requires RankMath/source preservation or rewrite; meta description requires RankMath/source preservation or rewrite; image recovery/fallback required
150,,https://chamanlawfirm.com/the-role-of-regulatory-bodies/,the-role-of-regulatory-bodies,The Role Of Regulatory Bodies,,,,,84,12523,source body not present in Phase 5C prepared drafts; SEO title requires RankMath/source preservation or rewrite; meta description requires RankMath/source preservation or rewrite; image recovery/fallback required,not restored,/resources/blog/the-role-of-regulatory-bodies,no,no,no,the-role-of-regulatory-bodies,not approved,,excluded while hidden,pending,pending lawyer review,source body not present in Phase 5C prepared drafts; SEO title requires RankMath/source preservation or rewrite; meta description requires RankMath/source preservation or rewrite; image recovery/fallback required
151,,https://chamanlawfirm.com/who-can-be-a-notary-public/,who-can-be-a-notary-public,Who Can Be A Notary Public,,,,,83,15411,source body not present in Phase 5C prepared drafts; SEO title requires RankMath/source preservation or rewrite; meta description requires RankMath/source preservation or rewrite; image recovery/fallback required,not restored,/resources/blog/who-can-be-a-notary-public,no,no,no,who-can-be-a-notary-public,not approved,,excluded while hidden,pending,pending lawyer review,source body not present in Phase 5C prepared drafts; SEO title requires RankMath/source preservation or rewrite; meta description requires RankMath/source preservation or rewrite; image recovery/fallback required
152,,https://chamanlawfirm.com/doctrine-of-ultra-vires/,doctrine-of-ultra-vires,Doctrine Of Ultra Vires,,,,,83,12540,source body not present in Phase 5C prepared drafts; SEO title requires RankMath/source preservation or rewrite; meta description requires RankMath/source preservation or rewrite; image recovery/fallback required,not restored,/resources/blog/doctrine-of-ultra-vires,no,no,no,doctrine-of-ultra-vires,not approved,,excluded while hidden,pending,pending lawyer review,source body not present in Phase 5C prepared drafts; SEO title requires RankMath/source preservation or rewrite; meta description requires RankMath/source preservation or rewrite; image recovery/fallback required
153,,https://chamanlawfirm.com/about-chaman-law-firm/,about-chaman-law-firm,About Chaman Law Firm,,,,,83,7680,source body not present in Phase 5C prepared drafts; SEO title requires RankMath/source preservation or rewrite; meta description requires RankMath/source preservation or rewrite; image recovery/fallback required,not restored,/resources/blog/about-chaman-law-firm,no,no,no,about-chaman-law-firm,not approved,,excluded while hidden,pending,pending lawyer review,source body not present in Phase 5C prepared drafts; SEO title requires RankMath/source preservation or rewrite; meta description requires RankMath/source preservation or rewrite; image recovery/fallback required
154,,https://chamanlawfirm.com/minority-protection-rights-and-remedies/,minority-protection-rights-and-remedies,Minority Protection Rights And Remedies,,,,,83,4287,source body not present in Phase 5C prepared drafts; SEO title requires RankMath/source preservation or rewrite; meta description requires RankMath/source preservation or rewrite; image recovery/fallback required,not restored,/resources/blog/minority-protection-rights-and-remedies,no,no,no,minority-protection-rights-and-remedies,not approved,,excluded while hidden,pending,pending lawyer review,source body not present in Phase 5C prepared drafts; SEO title requires RankMath/source preservation or rewrite; meta description requires RankMath/source preservation or rewrite; image recovery/fallback required
155,,https://chamanlawfirm.com/types-of-company-in-nigeria/,types-of-company-in-nigeria,Types Of Company In Nigeria,,,,,82,14421,source body not present in Phase 5C prepared drafts; SEO title requires RankMath/source preservation or rewrite; meta description requires RankMath/source preservation or rewrite; image recovery/fallback required,not restored,/resources/blog/types-of-company-in-nigeria,no,no,no,types-of-company-in-nigeria,not approved,,excluded while hidden,pending,pending lawyer review,source body not present in Phase 5C prepared drafts; SEO title requires RankMath/source preservation or rewrite; meta description requires RankMath/source preservation or rewrite; image recovery/fallback required
156,,https://chamanlawfirm.com/contract-breach-and-remedies/,contract-breach-and-remedies,Contract Breach And Remedies,,,,,82,6175,source body not present in Phase 5C prepared drafts; SEO title requires RankMath/source preservation or rewrite; meta description requires RankMath/source preservation or rewrite; image recovery/fallback required,not restored,/resources/blog/contract-breach-and-remedies,no,no,no,contract-breach-and-remedies,not approved,,excluded while hidden,pending,pending lawyer review,source body not present in Phase 5C prepared drafts; SEO title requires RankMath/source preservation or rewrite; meta description requires RankMath/source preservation or rewrite; image recovery/fallback required
157,,https://chamanlawfirm.com/tax-clearance-certificate-in-nigeria/,tax-clearance-certificate-in-nigeria,Tax Clearance Certificate In Nigeria,,,,,81,28880,source body not present in Phase 5C prepared drafts; SEO title requires RankMath/source preservation or rewrite; meta description requires RankMath/source preservation or rewrite; image recovery/fallback required,not restored,/resources/blog/tax-clearance-certificate-in-nigeria,no,no,no,tax-clearance-certificate-in-nigeria,not approved,,excluded while hidden,pending,pending lawyer review,source body not present in Phase 5C prepared drafts; SEO title requires RankMath/source preservation or rewrite; meta description requires RankMath/source preservation or rewrite; image recovery/fallback required
158,,https://chamanlawfirm.com/legal-restrictions-to-sale-of-land/,legal-restrictions-to-sale-of-land,Legal Restrictions To Sale Of Land,,,,,81,7000,source body not present in Phase 5C prepared drafts; SEO title requires RankMath/source preservation or rewrite; meta description requires RankMath/source preservation or rewrite; image recovery/fallback required; redirect planning only; do not publish as article without equivalent content,not restored,https://chamanlawfirm.com/legal-restrictions-to-sale-of-land/,no,no,no,legal-restrictions-to-sale-of-land,not approved,,excluded while hidden,pending,not required unless revived,source body not present in Phase 5C prepared drafts; SEO title requires RankMath/source preservation or rewrite; meta description requires RankMath/source preservation or rewrite; image recovery/fallback required; redirect planning only; do not publish as article without equivalent content
159,,https://chamanlawfirm.com/two-years-rule-as-regards-dissolution-of/,two-years-rule-as-regards-dissolution-of,Two Years Rule As Regards Dissolution Of,,,,,81,5229,source body not present in Phase 5C prepared drafts; SEO title requires RankMath/source preservation or rewrite; meta description requires RankMath/source preservation or rewrite; image recovery/fallback required,not restored,/resources/blog/two-years-rule-as-regards-dissolution-of,no,no,no,two-years-rule-as-regards-dissolution-of,not approved,,excluded while hidden,pending,pending lawyer review,source body not present in Phase 5C prepared drafts; SEO title requires RankMath/source preservation or rewrite; meta description requires RankMath/source preservation or rewrite; image recovery/fallback required
160,,https://chamanlawfirm.com/how-to-calculate-and-pay-land-use-charge/,how-to-calculate-and-pay-land-use-charge,How To Calculate And Pay Land Use Charge,,,,,80,8298,source body not present in Phase 5C prepared drafts; SEO title requires RankMath/source preservation or rewrite; meta description requires RankMath/source preservation or rewrite; image recovery/fallback required,not restored,/resources/blog/how-to-calculate-and-pay-land-use-charge,no,no,no,how-to-calculate-and-pay-land-use-charge,not approved,,excluded while hidden,pending,pending lawyer review,source body not present in Phase 5C prepared drafts; SEO title requires RankMath/source preservation or rewrite; meta description requires RankMath/source preservation or rewrite; image recovery/fallback required
161,,https://chamanlawfirm.com/establishing-paternity-and-maternity-under/,establishing-paternity-and-maternity-under,Establishing Paternity And Maternity Under,,,,,80,7061,source body not present in Phase 5C prepared drafts; SEO title requires RankMath/source preservation or rewrite; meta description requires RankMath/source preservation or rewrite; image recovery/fallback required,not restored,/resources/blog/establishing-paternity-and-maternity-under,no,no,no,establishing-paternity-and-maternity-under,not approved,,excluded while hidden,pending,pending lawyer review,source body not present in Phase 5C prepared drafts; SEO title requires RankMath/source preservation or rewrite; meta description requires RankMath/source preservation or rewrite; image recovery/fallback required
162,,https://chamanlawfirm.com/the-difference-between-adoption-and-fostering-in-nigeria/,the-difference-between-adoption-and-fostering-in-nigeria,The Difference Between Adoption And Fostering In Nigeria,,,,,80,5716,source body not present in Phase 5C prepared drafts; SEO title requires RankMath/source preservation or rewrite; meta description requires RankMath/source preservation or rewrite; image recovery/fallback required,not restored,/resources/blog/the-difference-between-adoption-and-fostering-in-nigeria,no,no,no,the-difference-between-adoption-and-fostering-in-nigeria,not approved,,excluded while hidden,pending,pending lawyer review,source body not present in Phase 5C prepared drafts; SEO title requires RankMath/source preservation or rewrite; meta description requires RankMath/source preservation or rewrite; image recovery/fallback required
163,,https://chamanlawfirm.com/selling-a-family-land-without-everyones-consent/,selling-a-family-land-without-everyones-consent,Selling A Family Land Without Everyones Consent,,,,,79,7191,source body not present in Phase 5C prepared drafts; SEO title requires RankMath/source preservation or rewrite; meta description requires RankMath/source preservation or rewrite; image recovery/fallback required,not restored,/resources/blog/selling-a-family-land-without-everyones-consent,no,no,no,selling-a-family-land-without-everyones-consent,not approved,,excluded while hidden,pending,pending lawyer review,source body not present in Phase 5C prepared drafts; SEO title requires RankMath/source preservation or rewrite; meta description requires RankMath/source preservation or rewrite; image recovery/fallback required
164,,https://chamanlawfirm.com/limitations-to-testamentary-freedom/,limitations-to-testamentary-freedom,Limitations To Testamentary Freedom,,,,,79,1923,source body not present in Phase 5C prepared drafts; SEO title requires RankMath/source preservation or rewrite; meta description requires RankMath/source preservation or rewrite; image recovery/fallback required,not restored,/resources/blog/limitations-to-testamentary-freedom,no,no,no,limitations-to-testamentary-freedom,not approved,,excluded while hidden,pending,pending lawyer review,source body not present in Phase 5C prepared drafts; SEO title requires RankMath/source preservation or rewrite; meta description requires RankMath/source preservation or rewrite; image recovery/fallback required
165,,https://chamanlawfirm.com/legalisation-authentication-of-marriage-certificate-in-nigeria/,legalisation-authentication-of-marriage-certificate-in-nigeria,Legalisation Authentication Of Marriage Certificate In Nigeria,,,,,77,5655,source body not present in Phase 5C prepared drafts; SEO title requires RankMath/source preservation or rewrite; meta description requires RankMath/source preservation or rewrite; image recovery/fallback required,not restored,/resources/blog/legalisation-authentication-of-marriage-certificate-in-nigeria,no,no,no,legalisation-authentication-of-marriage-certificate-in-nigeria,not approved,,excluded while hidden,pending,pending lawyer review,source body not present in Phase 5C prepared drafts; SEO title requires RankMath/source preservation or rewrite; meta description requires RankMath/source preservation or rewrite; image recovery/fallback required
166,,https://chamanlawfirm.com/the-valid-procession-of-a-statutory-marriage/,the-valid-procession-of-a-statutory-marriage,The Valid Procession Of A Statutory Marriage,,,,,76,10495,source body not present in Phase 5C prepared drafts; SEO title requires RankMath/source preservation or rewrite; meta description requires RankMath/source preservation or rewrite; image recovery/fallback required; redirect planning only; do not publish as article without equivalent content,not restored,https://chamanlawfirm.com/the-valid-procession-of-a-statutory-marriage/,no,no,no,the-valid-procession-of-a-statutory-marriage,not approved,,excluded while hidden,pending,not required unless revived,source body not present in Phase 5C prepared drafts; SEO title requires RankMath/source preservation or rewrite; meta description requires RankMath/source preservation or rewrite; image recovery/fallback required; redirect planning only; do not publish as article without equivalent content
167,,https://chamanlawfirm.com/successfully-obtain-a-building-plan-approval/,successfully-obtain-a-building-plan-approval,Successfully Obtain A Building Plan Approval,,,,,75,7662,source body not present in Phase 5C prepared drafts; SEO title requires RankMath/source preservation or rewrite; meta description requires RankMath/source preservation or rewrite; image recovery/fallback required,not restored,/resources/blog/successfully-obtain-a-building-plan-approval,no,no,no,successfully-obtain-a-building-plan-approval,not approved,,excluded while hidden,pending,pending lawyer review,source body not present in Phase 5C prepared drafts; SEO title requires RankMath/source preservation or rewrite; meta description requires RankMath/source preservation or rewrite; image recovery/fallback required
168,,https://chamanlawfirm.com/the-morgage-sell-the-mortgaged-property/,the-morgage-sell-the-mortgaged-property,The Morgage Sell The Mortgaged Property,,,,,75,4900,source body not present in Phase 5C prepared drafts; SEO title requires RankMath/source preservation or rewrite; meta description requires RankMath/source preservation or rewrite; image recovery/fallback required,not restored,/resources/blog/the-morgage-sell-the-mortgaged-property,no,no,no,the-morgage-sell-the-mortgaged-property,not approved,,excluded while hidden,pending,pending lawyer review,source body not present in Phase 5C prepared drafts; SEO title requires RankMath/source preservation or rewrite; meta description requires RankMath/source preservation or rewrite; image recovery/fallback required
169,,https://chamanlawfirm.com/what-is-the-legal-status-of-collective-agreement/,what-is-the-legal-status-of-collective-agreement,What Is The Legal Status Of Collective Agreement,,,,,75,2301,source body not present in Phase 5C prepared drafts; SEO title requires RankMath/source preservation or rewrite; meta description requires RankMath/source preservation or rewrite; image recovery/fallback required,not restored,/resources/blog/what-is-the-legal-status-of-collective-agreement,no,no,no,what-is-the-legal-status-of-collective-agreement,not approved,,excluded while hidden,pending,pending lawyer review,source body not present in Phase 5C prepared drafts; SEO title requires RankMath/source preservation or rewrite; meta description requires RankMath/source preservation or rewrite; image recovery/fallback required
170,,https://chamanlawfirm.com/how-to-obtain-dual-citizenship-in-nigeria-a/,how-to-obtain-dual-citizenship-in-nigeria-a,How To Obtain Dual Citizenship In Nigeria A,,,,,74,17312,source body not present in Phase 5C prepared drafts; SEO title requires RankMath/source preservation or rewrite; meta description requires RankMath/source preservation or rewrite; image recovery/fallback required,not restored,/resources/blog/how-to-obtain-dual-citizenship-in-nigeria-a,no,no,no,how-to-obtain-dual-citizenship-in-nigeria-a,not approved,,excluded while hidden,pending,pending lawyer review,source body not present in Phase 5C prepared drafts; SEO title requires RankMath/source preservation or rewrite; meta description requires RankMath/source preservation or rewrite; image recovery/fallback required
171,,https://chamanlawfirm.com/powerful-steps-who-is-mercantile-agent/,powerful-steps-who-is-mercantile-agent,Powerful Steps Who Is Mercantile Agent,,,,,74,13848,source body not present in Phase 5C prepared drafts; SEO title requires RankMath/source preservation or rewrite; meta description requires RankMath/source preservation or rewrite; image recovery/fallback required,not restored,/resources/blog/powerful-steps-who-is-mercantile-agent,no,no,no,powerful-steps-who-is-mercantile-agent,not approved,,excluded while hidden,pending,pending lawyer review,source body not present in Phase 5C prepared drafts; SEO title requires RankMath/source preservation or rewrite; meta description requires RankMath/source preservation or rewrite; image recovery/fallback required
172,,https://chamanlawfirm.com/what-is-a-deed-of-assent-in-nigeria/,what-is-a-deed-of-assent-in-nigeria,What Is A Deed Of Assent In Nigeria,,,,,74,8388,source body not present in Phase 5C prepared drafts; SEO title requires RankMath/source preservation or rewrite; meta description requires RankMath/source preservation or rewrite; image recovery/fallback required,not restored,/resources/blog/what-is-a-deed-of-assent-in-nigeria,no,no,no,what-is-a-deed-of-assent-in-nigeria,not approved,,excluded while hidden,pending,pending lawyer review,source body not present in Phase 5C prepared drafts; SEO title requires RankMath/source preservation or rewrite; meta description requires RankMath/source preservation or rewrite; image recovery/fallback required
173,,https://chamanlawfirm.com/contact-for-legal-consultation/,contact-for-legal-consultation,Contact For Legal Consultation,,,,,74,7109,source body not present in Phase 5C prepared drafts; SEO title requires RankMath/source preservation or rewrite; meta description requires RankMath/source preservation or rewrite; image recovery/fallback required,not restored,/resources/blog/contact-for-legal-consultation,no,no,no,contact-for-legal-consultation,not approved,,excluded while hidden,pending,pending lawyer review,source body not present in Phase 5C prepared drafts; SEO title requires RankMath/source preservation or rewrite; meta description requires RankMath/source preservation or rewrite; image recovery/fallback required
174,,https://chamanlawfirm.com/child-custody-in-customary-marriage/,child-custody-in-customary-marriage,Child Custody In Customary Marriage,,,,,74,3514,source body not present in Phase 5C prepared drafts; SEO title requires RankMath/source preservation or rewrite; meta description requires RankMath/source preservation or rewrite; image recovery/fallback required; redirect planning only; do not publish as article without equivalent content,not restored,https://chamanlawfirm.com/child-custody-in-customary-marriage/,no,no,no,child-custody-in-customary-marriage,not approved,,excluded while hidden,pending,not required unless revived,source body not present in Phase 5C prepared drafts; SEO title requires RankMath/source preservation or rewrite; meta description requires RankMath/source preservation or rewrite; image recovery/fallback required; redirect planning only; do not publish as article without equivalent content
175,,https://chamanlawfirm.com/digital-rights-and-freedom-of-expression/,digital-rights-and-freedom-of-expression,Digital Rights And Freedom Of Expression,,,,,74,2910,source body not present in Phase 5C prepared drafts; SEO title requires RankMath/source preservation or rewrite; meta description requires RankMath/source preservation or rewrite; image recovery/fallback required,not restored,/resources/blog/digital-rights-and-freedom-of-expression,no,no,no,digital-rights-and-freedom-of-expression,not approved,,excluded while hidden,pending,pending lawyer review,source body not present in Phase 5C prepared drafts; SEO title requires RankMath/source preservation or rewrite; meta description requires RankMath/source preservation or rewrite; image recovery/fallback required
176,,https://chamanlawfirm.com/powerful-steps-nimasacertificate/,powerful-steps-nimasacertificate,Powerful Steps Nimasacertificate,,,,,73,12084,source body not present in Phase 5C prepared drafts; SEO title requires RankMath/source preservation or rewrite; meta description requires RankMath/source preservation or rewrite; image recovery/fallback required,not restored,/resources/blog/powerful-steps-nimasacertificate,no,no,no,powerful-steps-nimasacertificate,not approved,,excluded while hidden,pending,pending lawyer review,source body not present in Phase 5C prepared drafts; SEO title requires RankMath/source preservation or rewrite; meta description requires RankMath/source preservation or rewrite; image recovery/fallback required
177,,https://chamanlawfirm.com/legal-remedies-for-breach-of-land-sale-contract/,legal-remedies-for-breach-of-land-sale-contract,Legal Remedies For Breach Of Land Sale Contract,,,,,73,4149,source body not present in Phase 5C prepared drafts; SEO title requires RankMath/source preservation or rewrite; meta description requires RankMath/source preservation or rewrite; image recovery/fallback required,not restored,/resources/blog/legal-remedies-for-breach-of-land-sale-contract,no,no,no,legal-remedies-for-breach-of-land-sale-contract,not approved,,excluded while hidden,pending,pending lawyer review,source body not present in Phase 5C prepared drafts; SEO title requires RankMath/source preservation or rewrite; meta description requires RankMath/source preservation or rewrite; image recovery/fallback required
178,,https://chamanlawfirm.com/procedure-and-guprivate-placement-in-nigeria/,procedure-and-guprivate-placement-in-nigeria,Procedure And Guprivate Placement In Nigeria,,,,,73,2826,source body not present in Phase 5C prepared drafts; SEO title requires RankMath/source preservation or rewrite; meta description requires RankMath/source preservation or rewrite; image recovery/fallback required,not restored,/resources/blog/procedure-and-guprivate-placement-in-nigeria,no,no,no,procedure-and-guprivate-placement-in-nigeria,not approved,,excluded while hidden,pending,pending lawyer review,source body not present in Phase 5C prepared drafts; SEO title requires RankMath/source preservation or rewrite; meta description requires RankMath/source preservation or rewrite; image recovery/fallback required
179,,https://chamanlawfirm.com/how-to-obtain-an-infant-visa-in-nigeria/,how-to-obtain-an-infant-visa-in-nigeria,How To Obtain An Infant Visa In Nigeria,,,,,72,6160,source body not present in Phase 5C prepared drafts; SEO title requires RankMath/source preservation or rewrite; meta description requires RankMath/source preservation or rewrite; image recovery/fallback required,not restored,/resources/blog/how-to-obtain-an-infant-visa-in-nigeria,no,no,no,how-to-obtain-an-infant-visa-in-nigeria,not approved,,excluded while hidden,pending,pending lawyer review,source body not present in Phase 5C prepared drafts; SEO title requires RankMath/source preservation or rewrite; meta description requires RankMath/source preservation or rewrite; image recovery/fallback required
180,,https://chamanlawfirm.com/employers-vicarious-liability/,employers-vicarious-liability,Employers Vicarious Liability,,,,,72,5701,source body not present in Phase 5C prepared drafts; SEO title requires RankMath/source preservation or rewrite; meta description requires RankMath/source preservation or rewrite; image recovery/fallback required,not restored,/resources/blog/employers-vicarious-liability,no,no,no,employers-vicarious-liability,not approved,,excluded while hidden,pending,pending lawyer review,source body not present in Phase 5C prepared drafts; SEO title requires RankMath/source preservation or rewrite; meta description requires RankMath/source preservation or rewrite; image recovery/fallback required
181,,https://chamanlawfirm.com/individual-tax-clearance-certificate/,individual-tax-clearance-certificate,Individual Tax Clearance Certificate,,,,,72,4649,source body not present in Phase 5C prepared drafts; SEO title requires RankMath/source preservation or rewrite; meta description requires RankMath/source preservation or rewrite; image recovery/fallback required,not restored,/resources/blog/individual-tax-clearance-certificate,no,no,no,individual-tax-clearance-certificate,not approved,,excluded while hidden,pending,pending lawyer review,source body not present in Phase 5C prepared drafts; SEO title requires RankMath/source preservation or rewrite; meta description requires RankMath/source preservation or rewrite; image recovery/fallback required
182,,https://chamanlawfirm.com/the-defence-of-laches-in-customary-law-in-nigeria/,the-defence-of-laches-in-customary-law-in-nigeria,The Defence Of Laches In Customary Law In Nigeria,,,,,72,2148,source body not present in Phase 5C prepared drafts; SEO title requires RankMath/source preservation or rewrite; meta description requires RankMath/source preservation or rewrite; image recovery/fallback required,not restored,/resources/blog/the-defence-of-laches-in-customary-law-in-nigeria,no,no,no,the-defence-of-laches-in-customary-law-in-nigeria,not approved,,excluded while hidden,pending,pending lawyer review,source body not present in Phase 5C prepared drafts; SEO title requires RankMath/source preservation or rewrite; meta description requires RankMath/source preservation or rewrite; image recovery/fallback required
183,,https://chamanlawfirm.com/how-to-obtain-legal-guardianship-of-a-child/,how-to-obtain-legal-guardianship-of-a-child,How To Obtain Legal Guardianship Of A Child,,,,,71,4371,source body not present in Phase 5C prepared drafts; SEO title requires RankMath/source preservation or rewrite; meta description requires RankMath/source preservation or rewrite; image recovery/fallback required; redirect planning only; do not publish as article without equivalent content,not restored,https://chamanlawfirm.com/how-to-obtain-legal-guardianship-of-a-child/,no,no,no,how-to-obtain-legal-guardianship-of-a-child,not approved,,excluded while hidden,pending,not required unless revived,source body not present in Phase 5C prepared drafts; SEO title requires RankMath/source preservation or rewrite; meta description requires RankMath/source preservation or rewrite; image recovery/fallback required; redirect planning only; do not publish as article without equivalent content
184,,https://chamanlawfirm.com/how-to-legalize-or-attest-a-document-in-nigeria/,how-to-legalize-or-attest-a-document-in-nigeria,How To Legalize Or Attest A Document In Nigeria,,,,,70,8505,source body not present in Phase 5C prepared drafts; SEO title requires RankMath/source preservation or rewrite; meta description requires RankMath/source preservation or rewrite; image recovery/fallback required,not restored,/resources/blog/how-to-legalize-or-attest-a-document-in-nigeria,no,no,no,how-to-legalize-or-attest-a-document-in-nigeria,not approved,,excluded while hidden,pending,pending lawyer review,source body not present in Phase 5C prepared drafts; SEO title requires RankMath/source preservation or rewrite; meta description requires RankMath/source preservation or rewrite; image recovery/fallback required
185,,https://chamanlawfirm.com/real-estate-taxes-in-nigeria-transactions/,real-estate-taxes-in-nigeria-transactions,Real Estate Taxes In Nigeria Transactions,,,,,70,6388,source body not present in Phase 5C prepared drafts; SEO title requires RankMath/source preservation or rewrite; meta description requires RankMath/source preservation or rewrite; image recovery/fallback required,not restored,/resources/blog/real-estate-taxes-in-nigeria-transactions,no,no,no,real-estate-taxes-in-nigeria-transactions,not approved,,excluded while hidden,pending,pending lawyer review,source body not present in Phase 5C prepared drafts; SEO title requires RankMath/source preservation or rewrite; meta description requires RankMath/source preservation or rewrite; image recovery/fallback required
186,,https://chamanlawfirm.com/taxes-on-real-estate-transactions-in-nigeria/,taxes-on-real-estate-transactions-in-nigeria,Taxes On Real Estate Transactions In Nigeria,,,,,70,5596,source body not present in Phase 5C prepared drafts; SEO title requires RankMath/source preservation or rewrite; meta description requires RankMath/source preservation or rewrite; image recovery/fallback required,not restored,/resources/blog/taxes-on-real-estate-transactions-in-nigeria,no,no,no,taxes-on-real-estate-transactions-in-nigeria,not approved,,excluded while hidden,pending,pending lawyer review,source body not present in Phase 5C prepared drafts; SEO title requires RankMath/source preservation or rewrite; meta description requires RankMath/source preservation or rewrite; image recovery/fallback required
187,,https://chamanlawfirm.com/basic-elements-of-defamatory-statement/,basic-elements-of-defamatory-statement,Basic Elements Of Defamatory Statement,,,,,70,3672,source body not present in Phase 5C prepared drafts; SEO title requires RankMath/source preservation or rewrite; meta description requires RankMath/source preservation or rewrite; image recovery/fallback required,not restored,/resources/blog/basic-elements-of-defamatory-statement,no,no,no,basic-elements-of-defamatory-statement,not approved,,excluded while hidden,pending,pending lawyer review,source body not present in Phase 5C prepared drafts; SEO title requires RankMath/source preservation or rewrite; meta description requires RankMath/source preservation or rewrite; image recovery/fallback required
188,,https://chamanlawfirm.com/domestic-violence-ground-for-dissolution-of-marriage-and-its-criminal-implications/,domestic-violence-ground-for-dissolution-of-marriage-and-its-criminal-implications,Domestic Violence Ground For Dissolution Of Marriage And Its Criminal Implications,,,,,70,1177,source body not present in Phase 5C prepared drafts; SEO title requires RankMath/source preservation or rewrite; meta description requires RankMath/source preservation or rewrite; image recovery/fallback required,not restored,/resources/blog/domestic-violence-ground-for-dissolution-of-marriage-and-its-criminal-implications,no,no,no,domestic-violence-ground-for-dissolution-of-marriage-and-its-criminal-implications,not approved,,excluded while hidden,pending,pending lawyer review,source body not present in Phase 5C prepared drafts; SEO title requires RankMath/source preservation or rewrite; meta description requires RankMath/source preservation or rewrite; image recovery/fallback required
189,,https://chamanlawfirm.com/how-do-i-process-survey-plan-approval-in-ogun/,how-do-i-process-survey-plan-approval-in-ogun,How Do I Process Survey Plan Approval In Ogun,,,,,69,3378,source body not present in Phase 5C prepared drafts; SEO title requires RankMath/source preservation or rewrite; meta description requires RankMath/source preservation or rewrite; image recovery/fallback required,not restored,/resources/blog/how-do-i-process-survey-plan-approval-in-ogun,no,no,no,how-do-i-process-survey-plan-approval-in-ogun,not approved,,excluded while hidden,pending,pending lawyer review,source body not present in Phase 5C prepared drafts; SEO title requires RankMath/source preservation or rewrite; meta description requires RankMath/source preservation or rewrite; image recovery/fallback required
190,,https://chamanlawfirm.com/7-effective-steps-to-take-when-a-landlord-refuses-to-return-your-rent-deposit/,7-effective-steps-to-take-when-a-landlord-refuses-to-return-your-rent-deposit,7 Effective Steps To Take When A Landlord Refuses To Return Your Rent Deposit,,,,,68,5171,source body not present in Phase 5C prepared drafts; SEO title requires RankMath/source preservation or rewrite; meta description requires RankMath/source preservation or rewrite; image recovery/fallback required,not restored,/resources/blog/7-effective-steps-to-take-when-a-landlord-refuses-to-return-your-rent-deposit,no,no,no,7-effective-steps-to-take-when-a-landlord-refuses-to-return-your-rent-deposit,not approved,,excluded while hidden,pending,pending lawyer review,source body not present in Phase 5C prepared drafts; SEO title requires RankMath/source preservation or rewrite; meta description requires RankMath/source preservation or rewrite; image recovery/fallback required
191,,https://chamanlawfirm.com/how-to-resolve-land-disputes-in-nigeria-with/,how-to-resolve-land-disputes-in-nigeria-with,How To Resolve Land Disputes In Nigeria With,,,,,68,3377,source body not present in Phase 5C prepared drafts; SEO title requires RankMath/source preservation or rewrite; meta description requires RankMath/source preservation or rewrite; image recovery/fallback required,not restored,/resources/blog/how-to-resolve-land-disputes-in-nigeria-with,no,no,no,how-to-resolve-land-disputes-in-nigeria-with,not approved,,excluded while hidden,pending,pending lawyer review,source body not present in Phase 5C prepared drafts; SEO title requires RankMath/source preservation or rewrite; meta description requires RankMath/source preservation or rewrite; image recovery/fallback required
192,,https://chamanlawfirm.com/statute-limitations-and-limitation-periods/,statute-limitations-and-limitation-periods,Statute Limitations And Limitation Periods,,,,,67,7202,source body not present in Phase 5C prepared drafts; SEO title requires RankMath/source preservation or rewrite; meta description requires RankMath/source preservation or rewrite; image recovery/fallback required,not restored,/resources/blog/statute-limitations-and-limitation-periods,no,no,no,statute-limitations-and-limitation-periods,not approved,,excluded while hidden,pending,pending lawyer review,source body not present in Phase 5C prepared drafts; SEO title requires RankMath/source preservation or rewrite; meta description requires RankMath/source preservation or rewrite; image recovery/fallback required
193,,https://chamanlawfirm.com/family-courts-and-specialized-tribunals-2/,family-courts-and-specialized-tribunals-2,Family Courts And Specialized Tribunals 2,,,,,66,5511,source body not present in Phase 5C prepared drafts; SEO title requires RankMath/source preservation or rewrite; meta description requires RankMath/source preservation or rewrite; image recovery/fallback required,not restored,/resources/blog/family-courts-and-specialized-tribunals-2,no,no,no,family-courts-and-specialized-tribunals-2,not approved,,excluded while hidden,pending,pending lawyer review,source body not present in Phase 5C prepared drafts; SEO title requires RankMath/source preservation or rewrite; meta description requires RankMath/source preservation or rewrite; image recovery/fallback required
194,,https://chamanlawfirm.com/how-to-make-complaint-for-estimated-bills-in-nigeria/,how-to-make-complaint-for-estimated-bills-in-nigeria,How To Make Complaint For Estimated Bills In Nigeria,,,,,66,2677,source body not present in Phase 5C prepared drafts; SEO title requires RankMath/source preservation or rewrite; meta description requires RankMath/source preservation or rewrite; image recovery/fallback required,not restored,/resources/blog/how-to-make-complaint-for-estimated-bills-in-nigeria,no,no,no,how-to-make-complaint-for-estimated-bills-in-nigeria,not approved,,excluded while hidden,pending,pending lawyer review,source body not present in Phase 5C prepared drafts; SEO title requires RankMath/source preservation or rewrite; meta description requires RankMath/source preservation or rewrite; image recovery/fallback required
195,,https://chamanlawfirm.com/defenses-and-bars-to-a-petition-for-divorce-2/,defenses-and-bars-to-a-petition-for-divorce-2,Defenses And Bars To A Petition For Divorce 2,,,,,66,2205,source body not present in Phase 5C prepared drafts; SEO title requires RankMath/source preservation or rewrite; meta description requires RankMath/source preservation or rewrite; image recovery/fallback required,not restored,/resources/blog/defenses-and-bars-to-a-petition-for-divorce-2,no,no,no,defenses-and-bars-to-a-petition-for-divorce-2,not approved,,excluded while hidden,pending,pending lawyer review,source body not present in Phase 5C prepared drafts; SEO title requires RankMath/source preservation or rewrite; meta description requires RankMath/source preservation or rewrite; image recovery/fallback required
196,,https://chamanlawfirm.com/or-filing-interlocutory-applications/,or-filing-interlocutory-applications,Or Filing Interlocutory Applications,,,,,65,9654,source body not present in Phase 5C prepared drafts; SEO title requires RankMath/source preservation or rewrite; meta description requires RankMath/source preservation or rewrite; image recovery/fallback required,not restored,/resources/blog/or-filing-interlocutory-applications,no,no,no,or-filing-interlocutory-applications,not approved,,excluded while hidden,pending,pending lawyer review,source body not present in Phase 5C prepared drafts; SEO title requires RankMath/source preservation or rewrite; meta description requires RankMath/source preservation or rewrite; image recovery/fallback required
197,,https://chamanlawfirm.com/breach-of-promise-to-marriage-in-nigeria/,breach-of-promise-to-marriage-in-nigeria,Breach Of Promise To Marriage In Nigeria,,,,,65,6573,source body not present in Phase 5C prepared drafts; SEO title requires RankMath/source preservation or rewrite; meta description requires RankMath/source preservation or rewrite; image recovery/fallback required,not restored,/resources/blog/breach-of-promise-to-marriage-in-nigeria,no,no,no,breach-of-promise-to-marriage-in-nigeria,not approved,,excluded while hidden,pending,pending lawyer review,source body not present in Phase 5C prepared drafts; SEO title requires RankMath/source preservation or rewrite; meta description requires RankMath/source preservation or rewrite; image recovery/fallback required
198,,https://chamanlawfirm.com/procedure-for-mergers-and-acquisitions-in-nigeria/,procedure-for-mergers-and-acquisitions-in-nigeria,Procedure For Mergers And Acquisitions In Nigeria,,,,,65,3333,source body not present in Phase 5C prepared drafts; SEO title requires RankMath/source preservation or rewrite; meta description requires RankMath/source preservation or rewrite; image recovery/fallback required,not restored,/resources/blog/procedure-for-mergers-and-acquisitions-in-nigeria,no,no,no,procedure-for-mergers-and-acquisitions-in-nigeria,not approved,,excluded while hidden,pending,pending lawyer review,source body not present in Phase 5C prepared drafts; SEO title requires RankMath/source preservation or rewrite; meta description requires RankMath/source preservation or rewrite; image recovery/fallback required
199,,https://chamanlawfirm.com/government-acquisition-in-ogun-state/,government-acquisition-in-ogun-state,Government Acquisition In Ogun State,,,,,65,3190,source body not present in Phase 5C prepared drafts; SEO title requires RankMath/source preservation or rewrite; meta description requires RankMath/source preservation or rewrite; image recovery/fallback required,not restored,/resources/blog/government-acquisition-in-ogun-state,no,no,no,government-acquisition-in-ogun-state,not approved,,excluded while hidden,pending,pending lawyer review,source body not present in Phase 5C prepared drafts; SEO title requires RankMath/source preservation or rewrite; meta description requires RankMath/source preservation or rewrite; image recovery/fallback required
200,,https://chamanlawfirm.com/fencing-approval-in-lagos-key-requirements/,fencing-approval-in-lagos-key-requirements,Fencing Approval In Lagos Key Requirements,,,,,65,3092,source body not present in Phase 5C prepared drafts; SEO title requires RankMath/source preservation or rewrite; meta description requires RankMath/source preservation or rewrite; image recovery/fallback required,not restored,/resources/blog/fencing-approval-in-lagos-key-requirements,no,no,no,fencing-approval-in-lagos-key-requirements,not approved,,excluded while hidden,pending,pending lawyer review,source body not present in Phase 5C prepared drafts; SEO title requires RankMath/source preservation or rewrite; meta description requires RankMath/source preservation or rewrite; image recovery/fallback required
201,,https://chamanlawfirm.com/immigration-service-in-border-management/,immigration-service-in-border-management,Immigration Service In Border Management,,,,,64,27604,source body not present in Phase 5C prepared drafts; SEO title requires RankMath/source preservation or rewrite; meta description requires RankMath/source preservation or rewrite; image recovery/fallback required,not restored,/resources/blog/immigration-service-in-border-management,no,no,no,immigration-service-in-border-management,not approved,,excluded while hidden,pending,pending lawyer review,source body not present in Phase 5C prepared drafts; SEO title requires RankMath/source preservation or rewrite; meta description requires RankMath/source preservation or rewrite; image recovery/fallback required
202,,https://chamanlawfirm.com/analysis-of-the-nigerian-legal-system/,analysis-of-the-nigerian-legal-system,Analysis Of The Nigerian Legal System,,,,,64,14572,source body not present in Phase 5C prepared drafts; SEO title requires RankMath/source preservation or rewrite; meta description requires RankMath/source preservation or rewrite; image recovery/fallback required,not restored,/resources/blog/analysis-of-the-nigerian-legal-system,no,no,no,analysis-of-the-nigerian-legal-system,not approved,,excluded while hidden,pending,pending lawyer review,source body not present in Phase 5C prepared drafts; SEO title requires RankMath/source preservation or rewrite; meta description requires RankMath/source preservation or rewrite; image recovery/fallback required
203,,https://chamanlawfirm.com/how-to-apply-for-certificate-of-occupancy-in-nigeria/,how-to-apply-for-certificate-of-occupancy-in-nigeria,How To Apply For Certificate Of Occupancy In Nigeria,,,,,64,5957,source body not present in Phase 5C prepared drafts; SEO title requires RankMath/source preservation or rewrite; meta description requires RankMath/source preservation or rewrite; image recovery/fallback required,not restored,/resources/blog/how-to-apply-for-certificate-of-occupancy-in-nigeria,no,no,no,how-to-apply-for-certificate-of-occupancy-in-nigeria,not approved,,excluded while hidden,pending,pending lawyer review,source body not present in Phase 5C prepared drafts; SEO title requires RankMath/source preservation or rewrite; meta description requires RankMath/source preservation or rewrite; image recovery/fallback required
204,,https://chamanlawfirm.com/proven-steps-onoverview-of-the-child-right-act/,proven-steps-onoverview-of-the-child-right-act,Proven Steps Onoverview Of The Child Right Act,,,,,63,20853,source body not present in Phase 5C prepared drafts; SEO title requires RankMath/source preservation or rewrite; meta description requires RankMath/source preservation or rewrite; image recovery/fallback required,not restored,/resources/blog/proven-steps-onoverview-of-the-child-right-act,no,no,no,proven-steps-onoverview-of-the-child-right-act,not approved,,excluded while hidden,pending,pending lawyer review,source body not present in Phase 5C prepared drafts; SEO title requires RankMath/source preservation or rewrite; meta description requires RankMath/source preservation or rewrite; image recovery/fallback required
205,,https://chamanlawfirm.com/certificate-of-occupancy-in-oyo-state/,certificate-of-occupancy-in-oyo-state,Certificate Of Occupancy In Oyo State,,,,,63,9258,source body not present in Phase 5C prepared drafts; SEO title requires RankMath/source preservation or rewrite; meta description requires RankMath/source preservation or rewrite; image recovery/fallback required,not restored,/resources/blog/certificate-of-occupancy-in-oyo-state,no,no,no,certificate-of-occupancy-in-oyo-state,not approved,,excluded while hidden,pending,pending lawyer review,source body not present in Phase 5C prepared drafts; SEO title requires RankMath/source preservation or rewrite; meta description requires RankMath/source preservation or rewrite; image recovery/fallback required
206,,https://chamanlawfirm.com/mastering-nigeria-law-for-contract-an-in/,mastering-nigeria-law-for-contract-an-in,Mastering Nigeria Law For Contract An In,,,,,63,6755,source body not present in Phase 5C prepared drafts; SEO title requires RankMath/source preservation or rewrite; meta description requires RankMath/source preservation or rewrite; image recovery/fallback required,not restored,/resources/blog/mastering-nigeria-law-for-contract-an-in,no,no,no,mastering-nigeria-law-for-contract-an-in,not approved,,excluded while hidden,pending,pending lawyer review,source body not present in Phase 5C prepared drafts; SEO title requires RankMath/source preservation or rewrite; meta description requires RankMath/source preservation or rewrite; image recovery/fallback required
207,,https://chamanlawfirm.com/clauses-for-drafting-a-tenancy-agreement/,clauses-for-drafting-a-tenancy-agreement,Clauses For Drafting A Tenancy Agreement,,,,,63,4906,source body not present in Phase 5C prepared drafts; SEO title requires RankMath/source preservation or rewrite; meta description requires RankMath/source preservation or rewrite; image recovery/fallback required,not restored,/resources/blog/clauses-for-drafting-a-tenancy-agreement,no,no,no,clauses-for-drafting-a-tenancy-agreement,not approved,,excluded while hidden,pending,pending lawyer review,source body not present in Phase 5C prepared drafts; SEO title requires RankMath/source preservation or rewrite; meta description requires RankMath/source preservation or rewrite; image recovery/fallback required
208,,https://chamanlawfirm.com/documents-to-verify-before-buying-property/,documents-to-verify-before-buying-property,Documents To Verify Before Buying Property,,,,,63,4881,source body not present in Phase 5C prepared drafts; SEO title requires RankMath/source preservation or rewrite; meta description requires RankMath/source preservation or rewrite; image recovery/fallback required; redirect planning only; do not publish as article without equivalent content,not restored,https://chamanlawfirm.com/documents-to-verify-before-buying-property/,no,no,no,documents-to-verify-before-buying-property,not approved,,excluded while hidden,pending,not required unless revived,source body not present in Phase 5C prepared drafts; SEO title requires RankMath/source preservation or rewrite; meta description requires RankMath/source preservation or rewrite; image recovery/fallback required; redirect planning only; do not publish as article without equivalent content
209,,https://chamanlawfirm.com/landlord-and-tenant-relationship/,landlord-and-tenant-relationship,Landlord And Tenant Relationship,,,,,63,2493,source body not present in Phase 5C prepared drafts; SEO title requires RankMath/source preservation or rewrite; meta description requires RankMath/source preservation or rewrite; image recovery/fallback required,not restored,/resources/blog/landlord-and-tenant-relationship,no,no,no,landlord-and-tenant-relationship,not approved,,excluded while hidden,pending,pending lawyer review,source body not present in Phase 5C prepared drafts; SEO title requires RankMath/source preservation or rewrite; meta description requires RankMath/source preservation or rewrite; image recovery/fallback required
210,,https://chamanlawfirm.com/how-to-apply-for-and-get-a-certificate-of-occupancy-in-enugu-state-nigeria/,how-to-apply-for-and-get-a-certificate-of-occupancy-in-enugu-state-nigeria,How To Apply For And Get A Certificate Of Occupancy In Enugu State Nigeria,,,,,63,2390,source body not present in Phase 5C prepared drafts; SEO title requires RankMath/source preservation or rewrite; meta description requires RankMath/source preservation or rewrite; image recovery/fallback required,not restored,/resources/blog/how-to-apply-for-and-get-a-certificate-of-occupancy-in-enugu-state-nigeria,no,no,no,how-to-apply-for-and-get-a-certificate-of-occupancy-in-enugu-state-nigeria,not approved,,excluded while hidden,pending,pending lawyer review,source body not present in Phase 5C prepared drafts; SEO title requires RankMath/source preservation or rewrite; meta description requires RankMath/source preservation or rewrite; image recovery/fallback required
211,,https://chamanlawfirm.com/charles-chukwuma-nkwoka/,charles-chukwuma-nkwoka,Charles Chukwuma Nkwoka,,,,,63,1321,source body not present in Phase 5C prepared drafts; SEO title requires RankMath/source preservation or rewrite; meta description requires RankMath/source preservation or rewrite; image recovery/fallback required,not restored,/resources/blog/charles-chukwuma-nkwoka,no,no,no,charles-chukwuma-nkwoka,not approved,,excluded while hidden,pending,pending lawyer review,source body not present in Phase 5C prepared drafts; SEO title requires RankMath/source preservation or rewrite; meta description requires RankMath/source preservation or rewrite; image recovery/fallback required
212,,https://chamanlawfirm.com/challenges-of-customary-marriage/,challenges-of-customary-marriage,Challenges Of Customary Marriage,,,,,62,6047,source body not present in Phase 5C prepared drafts; SEO title requires RankMath/source preservation or rewrite; meta description requires RankMath/source preservation or rewrite; image recovery/fallback required; redirect planning only; do not publish as article without equivalent content,not restored,https://chamanlawfirm.com/challenges-of-customary-marriage/,no,no,no,challenges-of-customary-marriage,not approved,,excluded while hidden,pending,not required unless revived,source body not present in Phase 5C prepared drafts; SEO title requires RankMath/source preservation or rewrite; meta description requires RankMath/source preservation or rewrite; image recovery/fallback required; redirect planning only; do not publish as article without equivalent content
213,,https://chamanlawfirm.com/how-do-i-regularize-land-documents-in-ogun-state/,how-do-i-regularize-land-documents-in-ogun-state,How Do I Regularize Land Documents In Ogun State,,,,,61,3901,source body not present in Phase 5C prepared drafts; SEO title requires RankMath/source preservation or rewrite; meta description requires RankMath/source preservation or rewrite; image recovery/fallback required,not restored,/resources/blog/how-do-i-regularize-land-documents-in-ogun-state,no,no,no,how-do-i-regularize-land-documents-in-ogun-state,not approved,,excluded while hidden,pending,pending lawyer review,source body not present in Phase 5C prepared drafts; SEO title requires RankMath/source preservation or rewrite; meta description requires RankMath/source preservation or rewrite; image recovery/fallback required
214,,https://chamanlawfirm.com/how-to-file-for-child-custody-in-nigeria-a/,how-to-file-for-child-custody-in-nigeria-a,How To File For Child Custody In Nigeria A,,,,,61,3472,source body not present in Phase 5C prepared drafts; SEO title requires RankMath/source preservation or rewrite; meta description requires RankMath/source preservation or rewrite; image recovery/fallback required,not restored,/resources/blog/how-to-file-for-child-custody-in-nigeria-a,no,no,no,how-to-file-for-child-custody-in-nigeria-a,not approved,,excluded while hidden,pending,pending lawyer review,source body not present in Phase 5C prepared drafts; SEO title requires RankMath/source preservation or rewrite; meta description requires RankMath/source preservation or rewrite; image recovery/fallback required
215,,https://chamanlawfirm.com/right-of-an-illegitimate-child/,right-of-an-illegitimate-child,Right Of An Illegitimate Child,,,,,60,10790,source body not present in Phase 5C prepared drafts; SEO title requires RankMath/source preservation or rewrite; meta description requires RankMath/source preservation or rewrite; image recovery/fallback required,not restored,/resources/blog/right-of-an-illegitimate-child,no,no,no,right-of-an-illegitimate-child,not approved,,excluded while hidden,pending,pending lawyer review,source body not present in Phase 5C prepared drafts; SEO title requires RankMath/source preservation or rewrite; meta description requires RankMath/source preservation or rewrite; image recovery/fallback required
216,,https://chamanlawfirm.com/what-are-the-top-gated-estates-in-lekki/,what-are-the-top-gated-estates-in-lekki,What Are The Top Gated Estates In Lekki,,,,,60,7832,source body not present in Phase 5C prepared drafts; SEO title requires RankMath/source preservation or rewrite; meta description requires RankMath/source preservation or rewrite; image recovery/fallback required; property/off-brand signal requires exclusion review,not restored,/resources/blog/what-are-the-top-gated-estates-in-lekki,no,no,no,what-are-the-top-gated-estates-in-lekki,not approved,,excluded while hidden,pending,pending lawyer review,source body not present in Phase 5C prepared drafts; SEO title requires RankMath/source preservation or rewrite; meta description requires RankMath/source preservation or rewrite; image recovery/fallback required; property/off-brand signal requires exclusion review
217,,https://chamanlawfirm.com/governors-consent/,governors-consent,Governors Consent,,,,,60,5918,source body not present in Phase 5C prepared drafts; SEO title requires RankMath/source preservation or rewrite; meta description requires RankMath/source preservation or rewrite; image recovery/fallback required,not restored,/resources/blog/governors-consent,no,no,no,governors-consent,not approved,,excluded while hidden,pending,pending lawyer review,source body not present in Phase 5C prepared drafts; SEO title requires RankMath/source preservation or rewrite; meta description requires RankMath/source preservation or rewrite; image recovery/fallback required
218,,https://chamanlawfirm.com/how-to-obtain-standard-organisat-certificate/,how-to-obtain-standard-organisat-certificate,How To Obtain Standard Organisat Certificate,,,,,58,11847,source body not present in Phase 5C prepared drafts; SEO title requires RankMath/source preservation or rewrite; meta description requires RankMath/source preservation or rewrite; image recovery/fallback required,not restored,/resources/blog/how-to-obtain-standard-organisat-certificate,no,no,no,how-to-obtain-standard-organisat-certificate,not approved,,excluded while hidden,pending,pending lawyer review,source body not present in Phase 5C prepared drafts; SEO title requires RankMath/source preservation or rewrite; meta description requires RankMath/source preservation or rewrite; image recovery/fallback required
219,,https://chamanlawfirm.com/overview-of-statutory-marriage-in-nigeria/,overview-of-statutory-marriage-in-nigeria,Overview Of Statutory Marriage In Nigeria,,,,,57,8889,source body not present in Phase 5C prepared drafts; SEO title requires RankMath/source preservation or rewrite; meta description requires RankMath/source preservation or rewrite; image recovery/fallback required,not restored,/resources/blog/overview-of-statutory-marriage-in-nigeria,no,no,no,overview-of-statutory-marriage-in-nigeria,not approved,,excluded while hidden,pending,pending lawyer review,source body not present in Phase 5C prepared drafts; SEO title requires RankMath/source preservation or rewrite; meta description requires RankMath/source preservation or rewrite; image recovery/fallback required
220,,https://chamanlawfirm.com/sell-family-land-without-everyones-consent/,sell-family-land-without-everyones-consent,Sell Family Land Without Everyones Consent,,,,,57,8155,source body not present in Phase 5C prepared drafts; SEO title requires RankMath/source preservation or rewrite; meta description requires RankMath/source preservation or rewrite; image recovery/fallback required,not restored,/resources/blog/sell-family-land-without-everyones-consent,no,no,no,sell-family-land-without-everyones-consent,not approved,,excluded while hidden,pending,pending lawyer review,source body not present in Phase 5C prepared drafts; SEO title requires RankMath/source preservation or rewrite; meta description requires RankMath/source preservation or rewrite; image recovery/fallback required
221,,https://chamanlawfirm.com/rights-of-children-born-outside-wedlock/,rights-of-children-born-outside-wedlock,Rights Of Children Born Outside Wedlock,,,,,57,5792,source body not present in Phase 5C prepared drafts; SEO title requires RankMath/source preservation or rewrite; meta description requires RankMath/source preservation or rewrite; image recovery/fallback required,not restored,/resources/blog/rights-of-children-born-outside-wedlock,no,no,no,rights-of-children-born-outside-wedlock,not approved,,excluded while hidden,pending,pending lawyer review,source body not present in Phase 5C prepared drafts; SEO title requires RankMath/source preservation or rewrite; meta description requires RankMath/source preservation or rewrite; image recovery/fallback required
222,,https://chamanlawfirm.com/limitation-of-action-in-nigeria/,limitation-of-action-in-nigeria,Limitation Of Action In Nigeria,,,,,57,4873,source body not present in Phase 5C prepared drafts; SEO title requires RankMath/source preservation or rewrite; meta description requires RankMath/source preservation or rewrite; image recovery/fallback required,not restored,/resources/blog/limitation-of-action-in-nigeria,no,no,no,limitation-of-action-in-nigeria,not approved,,excluded while hidden,pending,pending lawyer review,source body not present in Phase 5C prepared drafts; SEO title requires RankMath/source preservation or rewrite; meta description requires RankMath/source preservation or rewrite; image recovery/fallback required
223,,https://chamanlawfirm.com/how-to-legally-subdivide-and-develop-land/,how-to-legally-subdivide-and-develop-land,How To Legally Subdivide And Develop Land,,,,,57,2939,source body not present in Phase 5C prepared drafts; SEO title requires RankMath/source preservation or rewrite; meta description requires RankMath/source preservation or rewrite; image recovery/fallback required,not restored,/resources/blog/how-to-legally-subdivide-and-develop-land,no,no,no,how-to-legally-subdivide-and-develop-land,not approved,,excluded while hidden,pending,pending lawyer review,source body not present in Phase 5C prepared drafts; SEO title requires RankMath/source preservation or rewrite; meta description requires RankMath/source preservation or rewrite; image recovery/fallback required
224,,https://chamanlawfirm.com/difference-between-a-parent-company-and-a-subsidiary/,difference-between-a-parent-company-and-a-subsidiary,Difference Between A Parent Company And A Subsidiary,,,,,56,8293,source body not present in Phase 5C prepared drafts; SEO title requires RankMath/source preservation or rewrite; meta description requires RankMath/source preservation or rewrite; image recovery/fallback required,not restored,/resources/blog/difference-between-a-parent-company-and-a-subsidiary,no,no,no,difference-between-a-parent-company-and-a-subsidiary,not approved,,excluded while hidden,pending,pending lawyer review,source body not present in Phase 5C prepared drafts; SEO title requires RankMath/source preservation or rewrite; meta description requires RankMath/source preservation or rewrite; image recovery/fallback required
225,,https://chamanlawfirm.com/tenancy-law-of-lagos-state-2011/,tenancy-law-of-lagos-state-2011,Tenancy Law Of Lagos State 2011,,,,,56,4974,source body not present in Phase 5C prepared drafts; SEO title requires RankMath/source preservation or rewrite; meta description requires RankMath/source preservation or rewrite; image recovery/fallback required,not restored,/resources/blog/tenancy-law-of-lagos-state-2011,no,no,no,tenancy-law-of-lagos-state-2011,not approved,,excluded while hidden,pending,pending lawyer review,source body not present in Phase 5C prepared drafts; SEO title requires RankMath/source preservation or rewrite; meta description requires RankMath/source preservation or rewrite; image recovery/fallback required
226,,https://chamanlawfirm.com/inheritance-rights-of-step-children/,inheritance-rights-of-step-children,Inheritance Rights Of Step Children,,,,,56,4397,source body not present in Phase 5C prepared drafts; SEO title requires RankMath/source preservation or rewrite; meta description requires RankMath/source preservation or rewrite; image recovery/fallback required; redirect planning only; do not publish as article without equivalent content,not restored,https://chamanlawfirm.com/inheritance-rights-of-step-children/,no,no,no,inheritance-rights-of-step-children,not approved,,excluded while hidden,pending,not required unless revived,source body not present in Phase 5C prepared drafts; SEO title requires RankMath/source preservation or rewrite; meta description requires RankMath/source preservation or rewrite; image recovery/fallback required; redirect planning only; do not publish as article without equivalent content
227,,https://chamanlawfirm.com/procedure-for-ejecting-a-squatter-in-lagos/,procedure-for-ejecting-a-squatter-in-lagos,Procedure For Ejecting A Squatter In Lagos,,,,,56,1919,source body not present in Phase 5C prepared drafts; SEO title requires RankMath/source preservation or rewrite; meta description requires RankMath/source preservation or rewrite; image recovery/fallback required,not restored,/resources/blog/procedure-for-ejecting-a-squatter-in-lagos,no,no,no,procedure-for-ejecting-a-squatter-in-lagos,not approved,,excluded while hidden,pending,pending lawyer review,source body not present in Phase 5C prepared drafts; SEO title requires RankMath/source preservation or rewrite; meta description requires RankMath/source preservation or rewrite; image recovery/fallback required
228,,https://chamanlawfirm.com/how-to-get-international-passport-in-nigeria/,how-to-get-international-passport-in-nigeria,How To Get International Passport In Nigeria,,,,,55,51890,source body not present in Phase 5C prepared drafts; SEO title requires RankMath/source preservation or rewrite; meta description requires RankMath/source preservation or rewrite; image recovery/fallback required,not restored,/resources/blog/how-to-get-international-passport-in-nigeria,no,no,no,how-to-get-international-passport-in-nigeria,not approved,,excluded while hidden,pending,pending lawyer review,source body not present in Phase 5C prepared drafts; SEO title requires RankMath/source preservation or rewrite; meta description requires RankMath/source preservation or rewrite; image recovery/fallback required
229,,https://chamanlawfirm.com/procedures-for-land-registration-in-nigeria/,procedures-for-land-registration-in-nigeria,Procedures For Land Registration In Nigeria,,,,,55,6515,source body not present in Phase 5C prepared drafts; SEO title requires RankMath/source preservation or rewrite; meta description requires RankMath/source preservation or rewrite; image recovery/fallback required,not restored,/resources/blog/procedures-for-land-registration-in-nigeria,no,no,no,procedures-for-land-registration-in-nigeria,not approved,,excluded while hidden,pending,pending lawyer review,source body not present in Phase 5C prepared drafts; SEO title requires RankMath/source preservation or rewrite; meta description requires RankMath/source preservation or rewrite; image recovery/fallback required
230,,https://chamanlawfirm.com/the-le-a-legally-binding-contracts-in-nigeri/,the-le-a-legally-binding-contracts-in-nigeri,The Le A Legally Binding Contracts In Nigeri,,,,,55,4225,source body not present in Phase 5C prepared drafts; SEO title requires RankMath/source preservation or rewrite; meta description requires RankMath/source preservation or rewrite; image recovery/fallback required,not restored,/resources/blog/the-le-a-legally-binding-contracts-in-nigeri,no,no,no,the-le-a-legally-binding-contracts-in-nigeri,not approved,,excluded while hidden,pending,pending lawyer review,source body not present in Phase 5C prepared drafts; SEO title requires RankMath/source preservation or rewrite; meta description requires RankMath/source preservation or rewrite; image recovery/fallback required
231,,https://chamanlawfirm.com/recovery-of-premises/,recovery-of-premises,Recovery Of Premises,,,,,55,4140,source body not present in Phase 5C prepared drafts; SEO title requires RankMath/source preservation or rewrite; meta description requires RankMath/source preservation or rewrite; image recovery/fallback required,not restored,/resources/blog/recovery-of-premises,no,no,no,recovery-of-premises,not approved,,excluded while hidden,pending,pending lawyer review,source body not present in Phase 5C prepared drafts; SEO title requires RankMath/source preservation or rewrite; meta description requires RankMath/source preservation or rewrite; image recovery/fallback required
232,,https://chamanlawfirm.com/role-of-stamp-duty-in-property-transactions/,role-of-stamp-duty-in-property-transactions,Role Of Stamp Duty In Property Transactions,,,,,54,6622,source body not present in Phase 5C prepared drafts; SEO title requires RankMath/source preservation or rewrite; meta description requires RankMath/source preservation or rewrite; image recovery/fallback required,not restored,/resources/blog/role-of-stamp-duty-in-property-transactions,no,no,no,role-of-stamp-duty-in-property-transactions,not approved,,excluded while hidden,pending,pending lawyer review,source body not present in Phase 5C prepared drafts; SEO title requires RankMath/source preservation or rewrite; meta description requires RankMath/source preservation or rewrite; image recovery/fallback required
233,,https://chamanlawfirm.com/guide-for-transfer-of-land-ownership-and/,guide-for-transfer-of-land-ownership-and,Guide For Transfer Of Land Ownership And,,,,,54,5439,source body not present in Phase 5C prepared drafts; SEO title requires RankMath/source preservation or rewrite; meta description requires RankMath/source preservation or rewrite; image recovery/fallback required,not restored,/resources/blog/guide-for-transfer-of-land-ownership-and,no,no,no,guide-for-transfer-of-land-ownership-and,not approved,,excluded while hidden,pending,pending lawyer review,source body not present in Phase 5C prepared drafts; SEO title requires RankMath/source preservation or rewrite; meta description requires RankMath/source preservation or rewrite; image recovery/fallback required
234,,https://chamanlawfirm.com/registration-of-deed-of-assignment-in-nigeria/,registration-of-deed-of-assignment-in-nigeria,Registration Of Deed Of Assignment In Nigeria,,,,,53,5083,source body not present in Phase 5C prepared drafts; SEO title requires RankMath/source preservation or rewrite; meta description requires RankMath/source preservation or rewrite; image recovery/fallback required,not restored,/resources/blog/registration-of-deed-of-assignment-in-nigeria,no,no,no,registration-of-deed-of-assignment-in-nigeria,not approved,,excluded while hidden,pending,pending lawyer review,source body not present in Phase 5C prepared drafts; SEO title requires RankMath/source preservation or rewrite; meta description requires RankMath/source preservation or rewrite; image recovery/fallback required
235,,https://chamanlawfirm.com/can-a-landlord-increase-rent-arbitrarily/,can-a-landlord-increase-rent-arbitrarily,Can A Landlord Increase Rent Arbitrarily,,,,,53,4997,source body not present in Phase 5C prepared drafts; SEO title requires RankMath/source preservation or rewrite; meta description requires RankMath/source preservation or rewrite; image recovery/fallback required,not restored,/resources/blog/can-a-landlord-increase-rent-arbitrarily,no,no,no,can-a-landlord-increase-rent-arbitrarily,not approved,,excluded while hidden,pending,pending lawyer review,source body not present in Phase 5C prepared drafts; SEO title requires RankMath/source preservation or rewrite; meta description requires RankMath/source preservation or rewrite; image recovery/fallback required
236,,https://chamanlawfirm.com/legal-title-versus-equity-title/,legal-title-versus-equity-title,Legal Title Versus Equity Title,,,,,53,4333,source body not present in Phase 5C prepared drafts; SEO title requires RankMath/source preservation or rewrite; meta description requires RankMath/source preservation or rewrite; image recovery/fallback required,not restored,/resources/blog/legal-title-versus-equity-title,no,no,no,legal-title-versus-equity-title,not approved,,excluded while hidden,pending,pending lawyer review,source body not present in Phase 5C prepared drafts; SEO title requires RankMath/source preservation or rewrite; meta description requires RankMath/source preservation or rewrite; image recovery/fallback required
237,,https://chamanlawfirm.com/tenancy-dispute-resolution-in-ogun-state/,tenancy-dispute-resolution-in-ogun-state,Tenancy Dispute Resolution In Ogun State,,,,,53,2452,source body not present in Phase 5C prepared drafts; SEO title requires RankMath/source preservation or rewrite; meta description requires RankMath/source preservation or rewrite; image recovery/fallback required,not restored,/resources/blog/tenancy-dispute-resolution-in-ogun-state,no,no,no,tenancy-dispute-resolution-in-ogun-state,not approved,,excluded while hidden,pending,pending lawyer review,source body not present in Phase 5C prepared drafts; SEO title requires RankMath/source preservation or rewrite; meta description requires RankMath/source preservation or rewrite; image recovery/fallback required
238,,https://chamanlawfirm.com/what-are-the-requirements-for-compulsory-acquisition-of-land-in-nigeria/,what-are-the-requirements-for-compulsory-acquisition-of-land-in-nigeria,What Are The Requirements For Compulsory Acquisition Of Land In Nigeria,,,,,53,1890,source body not present in Phase 5C prepared drafts; SEO title requires RankMath/source preservation or rewrite; meta description requires RankMath/source preservation or rewrite; image recovery/fallback required,not restored,/resources/blog/what-are-the-requirements-for-compulsory-acquisition-of-land-in-nigeria,no,no,no,what-are-the-requirements-for-compulsory-acquisition-of-land-in-nigeria,not approved,,excluded while hidden,pending,pending lawyer review,source body not present in Phase 5C prepared drafts; SEO title requires RankMath/source preservation or rewrite; meta description requires RankMath/source preservation or rewrite; image recovery/fallback required
239,,https://chamanlawfirm.com/how-to-be-a-good-property-lawyer/,how-to-be-a-good-property-lawyer,How To Be A Good Property Lawyer,,,,,53,1644,source body not present in Phase 5C prepared drafts; SEO title requires RankMath/source preservation or rewrite; meta description requires RankMath/source preservation or rewrite; image recovery/fallback required,not restored,/resources/blog/how-to-be-a-good-property-lawyer,no,no,no,how-to-be-a-good-property-lawyer,not approved,,excluded while hidden,pending,pending lawyer review,source body not present in Phase 5C prepared drafts; SEO title requires RankMath/source preservation or rewrite; meta description requires RankMath/source preservation or rewrite; image recovery/fallback required
240,,https://chamanlawfirm.com/the-basics-of-statutory-right-of-occupancy/,the-basics-of-statutory-right-of-occupancy,The Basics Of Statutory Right Of Occupancy,,,,,52,7473,source body not present in Phase 5C prepared drafts; SEO title requires RankMath/source preservation or rewrite; meta description requires RankMath/source preservation or rewrite; image recovery/fallback required,not restored,/resources/blog/the-basics-of-statutory-right-of-occupancy,no,no,no,the-basics-of-statutory-right-of-occupancy,not approved,,excluded while hidden,pending,pending lawyer review,source body not present in Phase 5C prepared drafts; SEO title requires RankMath/source preservation or rewrite; meta description requires RankMath/source preservation or rewrite; image recovery/fallback required
241,,https://chamanlawfirm.com/chaman-legal-team-2/,chaman-legal-team-2,Chaman Legal Team 2,,,,,52,6486,source body not present in Phase 5C prepared drafts; SEO title requires RankMath/source preservation or rewrite; meta description requires RankMath/source preservation or rewrite; image recovery/fallback required,not restored,/resources/blog/chaman-legal-team-2,no,no,no,chaman-legal-team-2,not approved,,excluded while hidden,pending,pending lawyer review,source body not present in Phase 5C prepared drafts; SEO title requires RankMath/source preservation or rewrite; meta description requires RankMath/source preservation or rewrite; image recovery/fallback required
242,,https://chamanlawfirm.com/role-of-shareholder-in-corporate-decision-making/,role-of-shareholder-in-corporate-decision-making,Role Of Shareholder In Corporate Decision Making,,,,,52,3869,source body not present in Phase 5C prepared drafts; SEO title requires RankMath/source preservation or rewrite; meta description requires RankMath/source preservation or rewrite; image recovery/fallback required; redirect planning only; do not publish as article without equivalent content,not restored,https://chamanlawfirm.com/role-of-shareholder-in-corporate-decision-making/,no,no,no,role-of-shareholder-in-corporate-decision-making,not approved,,excluded while hidden,pending,not required unless revived,source body not present in Phase 5C prepared drafts; SEO title requires RankMath/source preservation or rewrite; meta description requires RankMath/source preservation or rewrite; image recovery/fallback required; redirect planning only; do not publish as article without equivalent content
243,,https://chamanlawfirm.com/family-law-disputes-and-child-abduction/,family-law-disputes-and-child-abduction,Family Law Disputes And Child Abduction,,,,,52,2815,source body not present in Phase 5C prepared drafts; SEO title requires RankMath/source preservation or rewrite; meta description requires RankMath/source preservation or rewrite; image recovery/fallback required,not restored,/resources/blog/family-law-disputes-and-child-abduction,no,no,no,family-law-disputes-and-child-abduction,not approved,,excluded while hidden,pending,pending lawyer review,source body not present in Phase 5C prepared drafts; SEO title requires RankMath/source preservation or rewrite; meta description requires RankMath/source preservation or rewrite; image recovery/fallback required
244,,https://chamanlawfirm.com/how-to-write-a-demand-letter/,how-to-write-a-demand-letter,How To Write A Demand Letter,,,,,51,5952,source body not present in Phase 5C prepared drafts; SEO title requires RankMath/source preservation or rewrite; meta description requires RankMath/source preservation or rewrite; image recovery/fallback required,not restored,/resources/blog/how-to-write-a-demand-letter,no,no,no,how-to-write-a-demand-letter,not approved,,excluded while hidden,pending,pending lawyer review,source body not present in Phase 5C prepared drafts; SEO title requires RankMath/source preservation or rewrite; meta description requires RankMath/source preservation or rewrite; image recovery/fallback required
245,,https://chamanlawfirm.com/ownership-understanding-the-legal/,ownership-understanding-the-legal,Ownership Understanding The Legal,,,,,51,4949,source body not present in Phase 5C prepared drafts; SEO title requires RankMath/source preservation or rewrite; meta description requires RankMath/source preservation or rewrite; image recovery/fallback required,not restored,/resources/blog/ownership-understanding-the-legal,no,no,no,ownership-understanding-the-legal,not approved,,excluded while hidden,pending,pending lawyer review,source body not present in Phase 5C prepared drafts; SEO title requires RankMath/source preservation or rewrite; meta description requires RankMath/source preservation or rewrite; image recovery/fallback required
246,,https://chamanlawfirm.com/building-completion-certificate-in-lagos/,building-completion-certificate-in-lagos,Building Completion Certificate In Lagos,,,,,51,3625,source body not present in Phase 5C prepared drafts; SEO title requires RankMath/source preservation or rewrite; meta description requires RankMath/source preservation or rewrite; image recovery/fallback required,not restored,/resources/blog/building-completion-certificate-in-lagos,no,no,no,building-completion-certificate-in-lagos,not approved,,excluded while hidden,pending,pending lawyer review,source body not present in Phase 5C prepared drafts; SEO title requires RankMath/source preservation or rewrite; meta description requires RankMath/source preservation or rewrite; image recovery/fallback required
247,,https://chamanlawfirm.com/court-procedures-and-efficient-case/,court-procedures-and-efficient-case,Court Procedures And Efficient Case,,,,,51,3513,source body not present in Phase 5C prepared drafts; SEO title requires RankMath/source preservation or rewrite; meta description requires RankMath/source preservation or rewrite; image recovery/fallback required,not restored,/resources/blog/court-procedures-and-efficient-case,no,no,no,court-procedures-and-efficient-case,not approved,,excluded while hidden,pending,pending lawyer review,source body not present in Phase 5C prepared drafts; SEO title requires RankMath/source preservation or rewrite; meta description requires RankMath/source preservation or rewrite; image recovery/fallback required
248,,https://chamanlawfirm.com/government-acquired-lands-in-nigeria/,government-acquired-lands-in-nigeria,Government Acquired Lands In Nigeria,,,,,51,2679,source body not present in Phase 5C prepared drafts; SEO title requires RankMath/source preservation or rewrite; meta description requires RankMath/source preservation or rewrite; image recovery/fallback required,not restored,/resources/blog/government-acquired-lands-in-nigeria,no,no,no,government-acquired-lands-in-nigeria,not approved,,excluded while hidden,pending,pending lawyer review,source body not present in Phase 5C prepared drafts; SEO title requires RankMath/source preservation or rewrite; meta description requires RankMath/source preservation or rewrite; image recovery/fallback required
249,,https://chamanlawfirm.com/overview-of-citizenship-in-nigeria/,overview-of-citizenship-in-nigeria,Overview Of Citizenship In Nigeria,,,,,50,19954,source body not present in Phase 5C prepared drafts; SEO title requires RankMath/source preservation or rewrite; meta description requires RankMath/source preservation or rewrite; image recovery/fallback required,not restored,/resources/blog/overview-of-citizenship-in-nigeria,no,no,no,overview-of-citizenship-in-nigeria,not approved,,excluded while hidden,pending,pending lawyer review,source body not present in Phase 5C prepared drafts; SEO title requires RankMath/source preservation or rewrite; meta description requires RankMath/source preservation or rewrite; image recovery/fallback required
250,,https://chamanlawfirm.com/duration-to-get-governors-consent/,duration-to-get-governors-consent,Duration To Get Governors Consent,,,,,50,6158,source body not present in Phase 5C prepared drafts; SEO title requires RankMath/source preservation or rewrite; meta description requires RankMath/source preservation or rewrite; image recovery/fallback required,not restored,/resources/blog/duration-to-get-governors-consent,no,no,no,duration-to-get-governors-consent,not approved,,excluded while hidden,pending,pending lawyer review,source body not present in Phase 5C prepared drafts; SEO title requires RankMath/source preservation or rewrite; meta description requires RankMath/source preservation or rewrite; image recovery/fallback required
251,,https://chamanlawfirm.com/what-is-the-cost-of-perfecting-land-titles/,what-is-the-cost-of-perfecting-land-titles,What Is The Cost Of Perfecting Land Titles,,,,,50,3225,source body not present in Phase 5C prepared drafts; SEO title requires RankMath/source preservation or rewrite; meta description requires RankMath/source preservation or rewrite; image recovery/fallback required,not restored,/resources/blog/what-is-the-cost-of-perfecting-land-titles,no,no,no,what-is-the-cost-of-perfecting-land-titles,not approved,,excluded while hidden,pending,pending lawyer review,source body not present in Phase 5C prepared drafts; SEO title requires RankMath/source preservation or rewrite; meta description requires RankMath/source preservation or rewrite; image recovery/fallback required
252,,https://chamanlawfirm.com/how-long-does-it-take-to-get-c-of-o-in-ogun-sta/,how-long-does-it-take-to-get-c-of-o-in-ogun-sta,How Long Does It Take To Get C Of O In Ogun Sta,,,,,50,2367,source body not present in Phase 5C prepared drafts; SEO title requires RankMath/source preservation or rewrite; meta description requires RankMath/source preservation or rewrite; image recovery/fallback required,not restored,/resources/blog/how-long-does-it-take-to-get-c-of-o-in-ogun-sta,no,no,no,how-long-does-it-take-to-get-c-of-o-in-ogun-sta,not approved,,excluded while hidden,pending,pending lawyer review,source body not present in Phase 5C prepared drafts; SEO title requires RankMath/source preservation or rewrite; meta description requires RankMath/source preservation or rewrite; image recovery/fallback required
253,,https://chamanlawfirm.com/survey-plans-and-certificates-of-occupancy/,survey-plans-and-certificates-of-occupancy,Survey Plans And Certificates Of Occupancy,,,,,49,5167,source body not present in Phase 5C prepared drafts; SEO title requires RankMath/source preservation or rewrite; meta description requires RankMath/source preservation or rewrite; image recovery/fallback required,not restored,/resources/blog/survey-plans-and-certificates-of-occupancy,no,no,no,survey-plans-and-certificates-of-occupancy,not approved,,excluded while hidden,pending,pending lawyer review,source body not present in Phase 5C prepared drafts; SEO title requires RankMath/source preservation or rewrite; meta description requires RankMath/source preservation or rewrite; image recovery/fallback required
254,,https://chamanlawfirm.com/unveiling-5-proven-vital-role-of-evidence/,unveiling-5-proven-vital-role-of-evidence,Unveiling 5 Proven Vital Role Of Evidence,,,,,49,4871,source body not present in Phase 5C prepared drafts; SEO title requires RankMath/source preservation or rewrite; meta description requires RankMath/source preservation or rewrite; image recovery/fallback required,not restored,/resources/blog/unveiling-5-proven-vital-role-of-evidence,no,no,no,unveiling-5-proven-vital-role-of-evidence,not approved,,excluded while hidden,pending,pending lawyer review,source body not present in Phase 5C prepared drafts; SEO title requires RankMath/source preservation or rewrite; meta description requires RankMath/source preservation or rewrite; image recovery/fallback required
255,,https://chamanlawfirm.com/registation-for-branch-or-subisidiary-of-a-c/,registation-for-branch-or-subisidiary-of-a-c,Registation For Branch Or Subisidiary Of A C,,,,,49,4691,source body not present in Phase 5C prepared drafts; SEO title requires RankMath/source preservation or rewrite; meta description requires RankMath/source preservation or rewrite; image recovery/fallback required,not restored,/resources/blog/registation-for-branch-or-subisidiary-of-a-c,no,no,no,registation-for-branch-or-subisidiary-of-a-c,not approved,,excluded while hidden,pending,pending lawyer review,source body not present in Phase 5C prepared drafts; SEO title requires RankMath/source preservation or rewrite; meta description requires RankMath/source preservation or rewrite; image recovery/fallback required
256,,https://chamanlawfirm.com/remedies-for-wrongful-dismissal-in-nigeria/,remedies-for-wrongful-dismissal-in-nigeria,Remedies For Wrongful Dismissal In Nigeria,,,,,49,2492,source body not present in Phase 5C prepared drafts; SEO title requires RankMath/source preservation or rewrite; meta description requires RankMath/source preservation or rewrite; image recovery/fallback required,not restored,/resources/blog/remedies-for-wrongful-dismissal-in-nigeria,no,no,no,remedies-for-wrongful-dismissal-in-nigeria,not approved,,excluded while hidden,pending,pending lawyer review,source body not present in Phase 5C prepared drafts; SEO title requires RankMath/source preservation or rewrite; meta description requires RankMath/source preservation or rewrite; image recovery/fallback required
257,,https://chamanlawfirm.com/how-to-apply-for-south-africa-qualification/,how-to-apply-for-south-africa-qualification,How To Apply For South Africa Qualification,,,,,48,9835,source body not present in Phase 5C prepared drafts; SEO title requires RankMath/source preservation or rewrite; meta description requires RankMath/source preservation or rewrite; image recovery/fallback required,not restored,/resources/blog/how-to-apply-for-south-africa-qualification,no,no,no,how-to-apply-for-south-africa-qualification,not approved,,excluded while hidden,pending,pending lawyer review,source body not present in Phase 5C prepared drafts; SEO title requires RankMath/source preservation or rewrite; meta description requires RankMath/source preservation or rewrite; image recovery/fallback required
258,,https://chamanlawfirm.com/how-to-obtain-building-in-lagos-state/,how-to-obtain-building-in-lagos-state,How To Obtain Building In Lagos State,,,,,48,6285,source body not present in Phase 5C prepared drafts; SEO title requires RankMath/source preservation or rewrite; meta description requires RankMath/source preservation or rewrite; image recovery/fallback required; redirect planning only; do not publish as article without equivalent content,not restored,https://chamanlawfirm.com/how-to-obtain-building-in-lagos-state/,no,no,no,how-to-obtain-building-in-lagos-state,not approved,,excluded while hidden,pending,not required unless revived,source body not present in Phase 5C prepared drafts; SEO title requires RankMath/source preservation or rewrite; meta description requires RankMath/source preservation or rewrite; image recovery/fallback required; redirect planning only; do not publish as article without equivalent content
259,,https://chamanlawfirm.com/nigerian-court-system-challenges/,nigerian-court-system-challenges,Nigerian Court System Challenges,,,,,48,4647,source body not present in Phase 5C prepared drafts; SEO title requires RankMath/source preservation or rewrite; meta description requires RankMath/source preservation or rewrite; image recovery/fallback required; redirect planning only; do not publish as article without equivalent content,not restored,https://chamanlawfirm.com/nigerian-court-system-challenges/,no,no,no,nigerian-court-system-challenges,not approved,,excluded while hidden,pending,not required unless revived,source body not present in Phase 5C prepared drafts; SEO title requires RankMath/source preservation or rewrite; meta description requires RankMath/source preservation or rewrite; image recovery/fallback required; redirect planning only; do not publish as article without equivalent content
260,,https://chamanlawfirm.com/powerful-steps-what-is-trespass-to-land/,powerful-steps-what-is-trespass-to-land,Powerful Steps What Is Trespass To Land,,,,,48,4325,source body not present in Phase 5C prepared drafts; SEO title requires RankMath/source preservation or rewrite; meta description requires RankMath/source preservation or rewrite; image recovery/fallback required,not restored,/resources/blog/powerful-steps-what-is-trespass-to-land,no,no,no,powerful-steps-what-is-trespass-to-land,not approved,,excluded while hidden,pending,pending lawyer review,source body not present in Phase 5C prepared drafts; SEO title requires RankMath/source preservation or rewrite; meta description requires RankMath/source preservation or rewrite; image recovery/fallback required
261,,https://chamanlawfirm.com/how-to-use-cac-public-search-for-your-business/,how-to-use-cac-public-search-for-your-business,How To Use Cac Public Search For Your Business,,,,,47,20616,source body not present in Phase 5C prepared drafts; SEO title requires RankMath/source preservation or rewrite; meta description requires RankMath/source preservation or rewrite; image recovery/fallback required,not restored,/resources/blog/how-to-use-cac-public-search-for-your-business,no,no,no,how-to-use-cac-public-search-for-your-business,not approved,,excluded while hidden,pending,pending lawyer review,source body not present in Phase 5C prepared drafts; SEO title requires RankMath/source preservation or rewrite; meta description requires RankMath/source preservation or rewrite; image recovery/fallback required
262,,https://chamanlawfirm.com/how-to-apply-for-letter-of-administration/,how-to-apply-for-letter-of-administration,How To Apply For Letter Of Administration,,,,,47,7113,source body not present in Phase 5C prepared drafts; SEO title requires RankMath/source preservation or rewrite; meta description requires RankMath/source preservation or rewrite; image recovery/fallback required,not restored,/resources/blog/how-to-apply-for-letter-of-administration,no,no,no,how-to-apply-for-letter-of-administration,not approved,,excluded while hidden,pending,pending lawyer review,source body not present in Phase 5C prepared drafts; SEO title requires RankMath/source preservation or rewrite; meta description requires RankMath/source preservation or rewrite; image recovery/fallback required
263,,https://chamanlawfirm.com/how-to-claim-third-party-insurance-in-nigeria/,how-to-claim-third-party-insurance-in-nigeria,How To Claim Third Party Insurance In Nigeria,,,,,47,5783,source body not present in Phase 5C prepared drafts; SEO title requires RankMath/source preservation or rewrite; meta description requires RankMath/source preservation or rewrite; image recovery/fallback required,not restored,/resources/blog/how-to-claim-third-party-insurance-in-nigeria,no,no,no,how-to-claim-third-party-insurance-in-nigeria,not approved,,excluded while hidden,pending,pending lawyer review,source body not present in Phase 5C prepared drafts; SEO title requires RankMath/source preservation or rewrite; meta description requires RankMath/source preservation or rewrite; image recovery/fallback required
264,,https://chamanlawfirm.com/basic-procedure-for-dissolution-of-marriage/,basic-procedure-for-dissolution-of-marriage,Basic Procedure For Dissolution Of Marriage,,,,,47,4208,source body not present in Phase 5C prepared drafts; SEO title requires RankMath/source preservation or rewrite; meta description requires RankMath/source preservation or rewrite; image recovery/fallback required,not restored,/resources/blog/basic-procedure-for-dissolution-of-marriage,no,no,no,basic-procedure-for-dissolution-of-marriage,not approved,,excluded while hidden,pending,pending lawyer review,source body not present in Phase 5C prepared drafts; SEO title requires RankMath/source preservation or rewrite; meta description requires RankMath/source preservation or rewrite; image recovery/fallback required
265,,https://chamanlawfirm.com/effect-of-witness-as-beneficiary-in-will/,effect-of-witness-as-beneficiary-in-will,Effect Of Witness As Beneficiary In Will,,,,,47,3968,source body not present in Phase 5C prepared drafts; SEO title requires RankMath/source preservation or rewrite; meta description requires RankMath/source preservation or rewrite; image recovery/fallback required,not restored,/resources/blog/effect-of-witness-as-beneficiary-in-will,no,no,no,effect-of-witness-as-beneficiary-in-will,not approved,,excluded while hidden,pending,pending lawyer review,source body not present in Phase 5C prepared drafts; SEO title requires RankMath/source preservation or rewrite; meta description requires RankMath/source preservation or rewrite; image recovery/fallback required
266,,https://chamanlawfirm.com/issues-land-grabbing-and-encroachment-in-nigeria/,issues-land-grabbing-and-encroachment-in-nigeria,Issues Land Grabbing And Encroachment In Nigeria,,,,,47,2758,source body not present in Phase 5C prepared drafts; SEO title requires RankMath/source preservation or rewrite; meta description requires RankMath/source preservation or rewrite; image recovery/fallback required,not restored,/resources/blog/issues-land-grabbing-and-encroachment-in-nigeria,no,no,no,issues-land-grabbing-and-encroachment-in-nigeria,not approved,,excluded while hidden,pending,pending lawyer review,source body not present in Phase 5C prepared drafts; SEO title requires RankMath/source preservation or rewrite; meta description requires RankMath/source preservation or rewrite; image recovery/fallback required
267,,https://chamanlawfirm.com/legal-advice-for-joint-ventures-in-nigeria-a-comprehensive-guide/,legal-advice-for-joint-ventures-in-nigeria-a-comprehensive-guide,Legal Advice For Joint Ventures In Nigeria A Comprehensive Guide,,,,,47,2470,source body not present in Phase 5C prepared drafts; SEO title requires RankMath/source preservation or rewrite; meta description requires RankMath/source preservation or rewrite; image recovery/fallback required,not restored,/resources/blog/legal-advice-for-joint-ventures-in-nigeria-a-comprehensive-guide,no,no,no,legal-advice-for-joint-ventures-in-nigeria-a-comprehensive-guide,not approved,,excluded while hidden,pending,pending lawyer review,source body not present in Phase 5C prepared drafts; SEO title requires RankMath/source preservation or rewrite; meta description requires RankMath/source preservation or rewrite; image recovery/fallback required
268,,https://chamanlawfirm.com/what-are-the-implications-of-unregistered-land-titles-in-nigeria/,what-are-the-implications-of-unregistered-land-titles-in-nigeria,What Are The Implications Of Unregistered Land Titles In Nigeria,,,,,47,1792,source body not present in Phase 5C prepared drafts; SEO title requires RankMath/source preservation or rewrite; meta description requires RankMath/source preservation or rewrite; image recovery/fallback required,not restored,/resources/blog/what-are-the-implications-of-unregistered-land-titles-in-nigeria,no,no,no,what-are-the-implications-of-unregistered-land-titles-in-nigeria,not approved,,excluded while hidden,pending,pending lawyer review,source body not present in Phase 5C prepared drafts; SEO title requires RankMath/source preservation or rewrite; meta description requires RankMath/source preservation or rewrite; image recovery/fallback required
269,,https://chamanlawfirm.com/steps-taken-in-registering-an-ngo-in-nigeria/,steps-taken-in-registering-an-ngo-in-nigeria,Steps Taken In Registering An Ngo In Nigeria,,,,,46,16398,source body not present in Phase 5C prepared drafts; SEO title requires RankMath/source preservation or rewrite; meta description requires RankMath/source preservation or rewrite; image recovery/fallback required,not restored,/resources/blog/steps-taken-in-registering-an-ngo-in-nigeria,no,no,no,steps-taken-in-registering-an-ngo-in-nigeria,not approved,,excluded while hidden,pending,pending lawyer review,source body not present in Phase 5C prepared drafts; SEO title requires RankMath/source preservation or rewrite; meta description requires RankMath/source preservation or rewrite; image recovery/fallback required
270,,https://chamanlawfirm.com/trade-associations-and-chambers-of-commerce/,trade-associations-and-chambers-of-commerce,Trade Associations And Chambers Of Commerce,,,,,46,6238,source body not present in Phase 5C prepared drafts; SEO title requires RankMath/source preservation or rewrite; meta description requires RankMath/source preservation or rewrite; image recovery/fallback required,not restored,/resources/blog/trade-associations-and-chambers-of-commerce,no,no,no,trade-associations-and-chambers-of-commerce,not approved,,excluded while hidden,pending,pending lawyer review,source body not present in Phase 5C prepared drafts; SEO title requires RankMath/source preservation or rewrite; meta description requires RankMath/source preservation or rewrite; image recovery/fallback required
271,,https://chamanlawfirm.com/difference-between-assault-and-battery/,difference-between-assault-and-battery,Difference Between Assault And Battery,,,,,46,5689,source body not present in Phase 5C prepared drafts; SEO title requires RankMath/source preservation or rewrite; meta description requires RankMath/source preservation or rewrite; image recovery/fallback required,not restored,/resources/blog/difference-between-assault-and-battery,no,no,no,difference-between-assault-and-battery,not approved,,excluded while hidden,pending,pending lawyer review,source body not present in Phase 5C prepared drafts; SEO title requires RankMath/source preservation or rewrite; meta description requires RankMath/source preservation or rewrite; image recovery/fallback required
272,,https://chamanlawfirm.com/guardianship-and-custody-rights-of-minors/,guardianship-and-custody-rights-of-minors,Guardianship And Custody Rights Of Minors,,,,,46,4831,source body not present in Phase 5C prepared drafts; SEO title requires RankMath/source preservation or rewrite; meta description requires RankMath/source preservation or rewrite; image recovery/fallback required,not restored,/resources/blog/guardianship-and-custody-rights-of-minors,no,no,no,guardianship-and-custody-rights-of-minors,not approved,,excluded while hidden,pending,pending lawyer review,source body not present in Phase 5C prepared drafts; SEO title requires RankMath/source preservation or rewrite; meta description requires RankMath/source preservation or rewrite; image recovery/fallback required
273,,https://chamanlawfirm.com/how-do-i-get-building-approval-in-ogun-state/,how-do-i-get-building-approval-in-ogun-state,How Do I Get Building Approval In Ogun State,,,,,46,3396,source body not present in Phase 5C prepared drafts; SEO title requires RankMath/source preservation or rewrite; meta description requires RankMath/source preservation or rewrite; image recovery/fallback required,not restored,/resources/blog/how-do-i-get-building-approval-in-ogun-state,no,no,no,how-do-i-get-building-approval-in-ogun-state,not approved,,excluded while hidden,pending,pending lawyer review,source body not present in Phase 5C prepared drafts; SEO title requires RankMath/source preservation or rewrite; meta description requires RankMath/source preservation or rewrite; image recovery/fallback required
274,,https://chamanlawfirm.com/formation-of-joint-ventures-in-nigeria/,formation-of-joint-ventures-in-nigeria,Formation Of Joint Ventures In Nigeria,,,,,46,2897,source body not present in Phase 5C prepared drafts; SEO title requires RankMath/source preservation or rewrite; meta description requires RankMath/source preservation or rewrite; image recovery/fallback required,not restored,/resources/blog/formation-of-joint-ventures-in-nigeria,no,no,no,formation-of-joint-ventures-in-nigeria,not approved,,excluded while hidden,pending,pending lawyer review,source body not present in Phase 5C prepared drafts; SEO title requires RankMath/source preservation or rewrite; meta description requires RankMath/source preservation or rewrite; image recovery/fallback required
275,,https://chamanlawfirm.com/careers/,careers,Careers,,,,,46,507,source body not present in Phase 5C prepared drafts; SEO title requires RankMath/source preservation or rewrite; meta description requires RankMath/source preservation or rewrite; image recovery/fallback required,not restored,/resources/blog/careers,no,no,no,careers,not approved,,excluded while hidden,pending,pending lawyer review,source body not present in Phase 5C prepared drafts; SEO title requires RankMath/source preservation or rewrite; meta description requires RankMath/source preservation or rewrite; image recovery/fallback required
276,,https://chamanlawfirm.com/corporate-affairs-commission-in-nigeria/,corporate-affairs-commission-in-nigeria,Corporate Affairs Commission In Nigeria,,,,,45,11826,source body not present in Phase 5C prepared drafts; SEO title requires RankMath/source preservation or rewrite; meta description requires RankMath/source preservation or rewrite; image recovery/fallback required,not restored,/resources/blog/corporate-affairs-commission-in-nigeria,no,no,no,corporate-affairs-commission-in-nigeria,not approved,,excluded while hidden,pending,pending lawyer review,source body not present in Phase 5C prepared drafts; SEO title requires RankMath/source preservation or rewrite; meta description requires RankMath/source preservation or rewrite; image recovery/fallback required
277,,https://chamanlawfirm.com/deed-of-assignment-guide-to-register/,deed-of-assignment-guide-to-register,Deed Of Assignment Guide To Register,,,,,45,3527,source body not present in Phase 5C prepared drafts; SEO title requires RankMath/source preservation or rewrite; meta description requires RankMath/source preservation or rewrite; image recovery/fallback required,not restored,/resources/blog/deed-of-assignment-guide-to-register,no,no,no,deed-of-assignment-guide-to-register,not approved,,excluded while hidden,pending,pending lawyer review,source body not present in Phase 5C prepared drafts; SEO title requires RankMath/source preservation or rewrite; meta description requires RankMath/source preservation or rewrite; image recovery/fallback required
278,,https://chamanlawfirm.com/transfer-property-ownership-to-my-children/,transfer-property-ownership-to-my-children,Transfer Property Ownership To My Children,,,,,45,3040,source body not present in Phase 5C prepared drafts; SEO title requires RankMath/source preservation or rewrite; meta description requires RankMath/source preservation or rewrite; image recovery/fallback required; redirect planning only; do not publish as article without equivalent content,not restored,https://chamanlawfirm.com/transfer-property-ownership-to-my-children/,no,no,no,transfer-property-ownership-to-my-children,not approved,,excluded while hidden,pending,not required unless revived,source body not present in Phase 5C prepared drafts; SEO title requires RankMath/source preservation or rewrite; meta description requires RankMath/source preservation or rewrite; image recovery/fallback required; redirect planning only; do not publish as article without equivalent content
279,,https://chamanlawfirm.com/how-to-create-legal-mortgages-in-nigeria/,how-to-create-legal-mortgages-in-nigeria,How To Create Legal Mortgages In Nigeria,,,,,45,2924,source body not present in Phase 5C prepared drafts; SEO title requires RankMath/source preservation or rewrite; meta description requires RankMath/source preservation or rewrite; image recovery/fallback required,not restored,/resources/blog/how-to-create-legal-mortgages-in-nigeria,no,no,no,how-to-create-legal-mortgages-in-nigeria,not approved,,excluded while hidden,pending,pending lawyer review,source body not present in Phase 5C prepared drafts; SEO title requires RankMath/source preservation or rewrite; meta description requires RankMath/source preservation or rewrite; image recovery/fallback required
280,,https://chamanlawfirm.com/essential-requir-trust-the-three-creation/,essential-requir-trust-the-three-creation,Essential Requir Trust The Three Creation,,,,,45,2564,source body not present in Phase 5C prepared drafts; SEO title requires RankMath/source preservation or rewrite; meta description requires RankMath/source preservation or rewrite; image recovery/fallback required,not restored,/resources/blog/essential-requir-trust-the-three-creation,no,no,no,essential-requir-trust-the-three-creation,not approved,,excluded while hidden,pending,pending lawyer review,source body not present in Phase 5C prepared drafts; SEO title requires RankMath/source preservation or rewrite; meta description requires RankMath/source preservation or rewrite; image recovery/fallback required
281,,https://chamanlawfirm.com/title-documents-much-does-it-cost-in-lagos/,title-documents-much-does-it-cost-in-lagos,Title Documents Much Does It Cost In Lagos,,,,,45,2130,source body not present in Phase 5C prepared drafts; SEO title requires RankMath/source preservation or rewrite; meta description requires RankMath/source preservation or rewrite; image recovery/fallback required,not restored,/resources/blog/title-documents-much-does-it-cost-in-lagos,no,no,no,title-documents-much-does-it-cost-in-lagos,not approved,,excluded while hidden,pending,pending lawyer review,source body not present in Phase 5C prepared drafts; SEO title requires RankMath/source preservation or rewrite; meta description requires RankMath/source preservation or rewrite; image recovery/fallback required
282,,https://chamanlawfirm.com/how-to-file-a-complaint-with-nigerian-civil-aviation-authority/,how-to-file-a-complaint-with-nigerian-civil-aviation-authority,How To File A Complaint With Nigerian Civil Aviation Authority,,,,,44,5067,source body not present in Phase 5C prepared drafts; SEO title requires RankMath/source preservation or rewrite; meta description requires RankMath/source preservation or rewrite; image recovery/fallback required,not restored,/resources/blog/how-to-file-a-complaint-with-nigerian-civil-aviation-authority,no,no,no,how-to-file-a-complaint-with-nigerian-civil-aviation-authority,not approved,,excluded while hidden,pending,pending lawyer review,source body not present in Phase 5C prepared drafts; SEO title requires RankMath/source preservation or rewrite; meta description requires RankMath/source preservation or rewrite; image recovery/fallback required
283,,https://chamanlawfirm.com/corporate-governance-challenges-in-companies/,corporate-governance-challenges-in-companies,Corporate Governance Challenges In Companies,,,,,44,2785,source body not present in Phase 5C prepared drafts; SEO title requires RankMath/source preservation or rewrite; meta description requires RankMath/source preservation or rewrite; image recovery/fallback required,not restored,/resources/blog/corporate-governance-challenges-in-companies,no,no,no,corporate-governance-challenges-in-companies,not approved,,excluded while hidden,pending,pending lawyer review,source body not present in Phase 5C prepared drafts; SEO title requires RankMath/source preservation or rewrite; meta description requires RankMath/source preservation or rewrite; image recovery/fallback required
284,,https://chamanlawfirm.com/what-is-the-importance-of-certifi-occupancy/,what-is-the-importance-of-certifi-occupancy,What Is The Importance Of Certifi Occupancy,,,,,44,2769,source body not present in Phase 5C prepared drafts; SEO title requires RankMath/source preservation or rewrite; meta description requires RankMath/source preservation or rewrite; image recovery/fallback required,not restored,/resources/blog/what-is-the-importance-of-certifi-occupancy,no,no,no,what-is-the-importance-of-certifi-occupancy,not approved,,excluded while hidden,pending,pending lawyer review,source body not present in Phase 5C prepared drafts; SEO title requires RankMath/source preservation or rewrite; meta description requires RankMath/source preservation or rewrite; image recovery/fallback required
285,,https://chamanlawfirm.com/obtaining-a-c-of-o-in-ogun-state/,obtaining-a-c-of-o-in-ogun-state,Obtaining A C Of O In Ogun State,,,,,44,1661,source body not present in Phase 5C prepared drafts; SEO title requires RankMath/source preservation or rewrite; meta description requires RankMath/source preservation or rewrite; image recovery/fallback required,not restored,/resources/blog/obtaining-a-c-of-o-in-ogun-state,no,no,no,obtaining-a-c-of-o-in-ogun-state,not approved,,excluded while hidden,pending,pending lawyer review,source body not present in Phase 5C prepared drafts; SEO title requires RankMath/source preservation or rewrite; meta description requires RankMath/source preservation or rewrite; image recovery/fallback required
286,,https://chamanlawfirm.com/heritage-conservation-law-in-nigeria/,heritage-conservation-law-in-nigeria,Heritage Conservation Law In Nigeria,,,,,43,4669,source body not present in Phase 5C prepared drafts; SEO title requires RankMath/source preservation or rewrite; meta description requires RankMath/source preservation or rewrite; image recovery/fallback required,not restored,/resources/blog/heritage-conservation-law-in-nigeria,no,no,no,heritage-conservation-law-in-nigeria,not approved,,excluded while hidden,pending,pending lawyer review,source body not present in Phase 5C prepared drafts; SEO title requires RankMath/source preservation or rewrite; meta description requires RankMath/source preservation or rewrite; image recovery/fallback required
287,,https://chamanlawfirm.com/proven-steps-on-land-allocation-and-ownership/,proven-steps-on-land-allocation-and-ownership,Proven Steps On Land Allocation And Ownership,,,,,43,4282,source body not present in Phase 5C prepared drafts; SEO title requires RankMath/source preservation or rewrite; meta description requires RankMath/source preservation or rewrite; image recovery/fallback required,not restored,/resources/blog/proven-steps-on-land-allocation-and-ownership,no,no,no,proven-steps-on-land-allocation-and-ownership,not approved,,excluded while hidden,pending,pending lawyer review,source body not present in Phase 5C prepared drafts; SEO title requires RankMath/source preservation or rewrite; meta description requires RankMath/source preservation or rewrite; image recovery/fallback required
288,,https://chamanlawfirm.com/land-acquisition-in-nigeria-2/,land-acquisition-in-nigeria-2,Land Acquisition In Nigeria 2,,,,,43,3600,source body not present in Phase 5C prepared drafts; SEO title requires RankMath/source preservation or rewrite; meta description requires RankMath/source preservation or rewrite; image recovery/fallback required; redirect planning only; do not publish as article without equivalent content,not restored,https://chamanlawfirm.com/land-acquisition-in-nigeria-2/,no,no,no,land-acquisition-in-nigeria-2,not approved,,excluded while hidden,pending,not required unless revived,source body not present in Phase 5C prepared drafts; SEO title requires RankMath/source preservation or rewrite; meta description requires RankMath/source preservation or rewrite; image recovery/fallback required; redirect planning only; do not publish as article without equivalent content
289,,https://chamanlawfirm.com/right-of-membership-limited-by-shares/,right-of-membership-limited-by-shares,Right Of Membership Limited By Shares,,,,,43,3121,source body not present in Phase 5C prepared drafts; SEO title requires RankMath/source preservation or rewrite; meta description requires RankMath/source preservation or rewrite; image recovery/fallback required,not restored,/resources/blog/right-of-membership-limited-by-shares,no,no,no,right-of-membership-limited-by-shares,not approved,,excluded while hidden,pending,pending lawyer review,source body not present in Phase 5C prepared drafts; SEO title requires RankMath/source preservation or rewrite; meta description requires RankMath/source preservation or rewrite; image recovery/fallback required
290,,https://chamanlawfirm.com/how-to-get-travel-insurance-in-nigeria/,how-to-get-travel-insurance-in-nigeria,How To Get Travel Insurance In Nigeria,,,,,42,17666,source body not present in Phase 5C prepared drafts; SEO title requires RankMath/source preservation or rewrite; meta description requires RankMath/source preservation or rewrite; image recovery/fallback required,not restored,/resources/blog/how-to-get-travel-insurance-in-nigeria,no,no,no,how-to-get-travel-insurance-in-nigeria,not approved,,excluded while hidden,pending,pending lawyer review,source body not present in Phase 5C prepared drafts; SEO title requires RankMath/source preservation or rewrite; meta description requires RankMath/source preservation or rewrite; image recovery/fallback required
291,,https://chamanlawfirm.com/land-use-act-and-its-role-in-land-allocation/,land-use-act-and-its-role-in-land-allocation,Land Use Act And Its Role In Land Allocation,,,,,42,8050,source body not present in Phase 5C prepared drafts; SEO title requires RankMath/source preservation or rewrite; meta description requires RankMath/source preservation or rewrite; image recovery/fallback required,not restored,/resources/blog/land-use-act-and-its-role-in-land-allocation,no,no,no,land-use-act-and-its-role-in-land-allocation,not approved,,excluded while hidden,pending,pending lawyer review,source body not present in Phase 5C prepared drafts; SEO title requires RankMath/source preservation or rewrite; meta description requires RankMath/source preservation or rewrite; image recovery/fallback required
292,,https://chamanlawfirm.com/what-to-know-about-warranties-and-conditions/,what-to-know-about-warranties-and-conditions,What To Know About Warranties And Conditions,,,,,42,3392,source body not present in Phase 5C prepared drafts; SEO title requires RankMath/source preservation or rewrite; meta description requires RankMath/source preservation or rewrite; image recovery/fallback required,not restored,/resources/blog/what-to-know-about-warranties-and-conditions,no,no,no,what-to-know-about-warranties-and-conditions,not approved,,excluded while hidden,pending,pending lawyer review,source body not present in Phase 5C prepared drafts; SEO title requires RankMath/source preservation or rewrite; meta description requires RankMath/source preservation or rewrite; image recovery/fallback required
293,,https://chamanlawfirm.com/legal-aspects-of-employment-contracts/,legal-aspects-of-employment-contracts,Legal Aspects Of Employment Contracts,,,,,42,3156,source body not present in Phase 5C prepared drafts; SEO title requires RankMath/source preservation or rewrite; meta description requires RankMath/source preservation or rewrite; image recovery/fallback required,not restored,/resources/blog/legal-aspects-of-employment-contracts,no,no,no,legal-aspects-of-employment-contracts,not approved,,excluded while hidden,pending,pending lawyer review,source body not present in Phase 5C prepared drafts; SEO title requires RankMath/source preservation or rewrite; meta description requires RankMath/source preservation or rewrite; image recovery/fallback required
294,,https://chamanlawfirm.com/5-reasonsthe-importance-of-pleading/,5-reasonsthe-importance-of-pleading,5 Reasonsthe Importance Of Pleading,,,,,42,2504,source body not present in Phase 5C prepared drafts; SEO title requires RankMath/source preservation or rewrite; meta description requires RankMath/source preservation or rewrite; image recovery/fallback required,not restored,/resources/blog/5-reasonsthe-importance-of-pleading,no,no,no,5-reasonsthe-importance-of-pleading,not approved,,excluded while hidden,pending,pending lawyer review,source body not present in Phase 5C prepared drafts; SEO title requires RankMath/source preservation or rewrite; meta description requires RankMath/source preservation or rewrite; image recovery/fallback required
295,,https://chamanlawfirm.com/how-do-i-draft-tenancy-agreement-in-lagos/,how-do-i-draft-tenancy-agreement-in-lagos,How Do I Draft Tenancy Agreement In Lagos,,,,,42,2419,source body not present in Phase 5C prepared drafts; SEO title requires RankMath/source preservation or rewrite; meta description requires RankMath/source preservation or rewrite; image recovery/fallback required,not restored,/resources/blog/how-do-i-draft-tenancy-agreement-in-lagos,no,no,no,how-do-i-draft-tenancy-agreement-in-lagos,not approved,,excluded while hidden,pending,pending lawyer review,source body not present in Phase 5C prepared drafts; SEO title requires RankMath/source preservation or rewrite; meta description requires RankMath/source preservation or rewrite; image recovery/fallback required
296,,https://chamanlawfirm.com/attestation-of-certificate-in-nigeria/,attestation-of-certificate-in-nigeria,Attestation Of Certificate In Nigeria,,,,,41,6857,source body not present in Phase 5C prepared drafts; SEO title requires RankMath/source preservation or rewrite; meta description requires RankMath/source preservation or rewrite; image recovery/fallback required,not restored,/resources/blog/attestation-of-certificate-in-nigeria,no,no,no,attestation-of-certificate-in-nigeria,not approved,,excluded while hidden,pending,pending lawyer review,source body not present in Phase 5C prepared drafts; SEO title requires RankMath/source preservation or rewrite; meta description requires RankMath/source preservation or rewrite; image recovery/fallback required
297,,https://chamanlawfirm.com/diff-between-testate-and-intestate-succession/,diff-between-testate-and-intestate-succession,Diff Between Testate And Intestate Succession,,,,,41,4631,source body not present in Phase 5C prepared drafts; SEO title requires RankMath/source preservation or rewrite; meta description requires RankMath/source preservation or rewrite; image recovery/fallback required,not restored,/resources/blog/diff-between-testate-and-intestate-succession,no,no,no,diff-between-testate-and-intestate-succession,not approved,,excluded while hidden,pending,pending lawyer review,source body not present in Phase 5C prepared drafts; SEO title requires RankMath/source preservation or rewrite; meta description requires RankMath/source preservation or rewrite; image recovery/fallback required
298,,https://chamanlawfirm.com/what-is-ancillary-reliefs/,what-is-ancillary-reliefs,What Is Ancillary Reliefs,,,,,41,3782,source body not present in Phase 5C prepared drafts; SEO title requires RankMath/source preservation or rewrite; meta description requires RankMath/source preservation or rewrite; image recovery/fallback required,not restored,/resources/blog/what-is-ancillary-reliefs,no,no,no,what-is-ancillary-reliefs,not approved,,excluded while hidden,pending,pending lawyer review,source body not present in Phase 5C prepared drafts; SEO title requires RankMath/source preservation or rewrite; meta description requires RankMath/source preservation or rewrite; image recovery/fallback required
299,,https://chamanlawfirm.com/probate-vs-letter-of-administration-in-nigeria-key-differences-you-must-know/,probate-vs-letter-of-administration-in-nigeria-key-differences-you-must-know,Probate Vs Letter Of Administration In Nigeria Key Differences You Must Know,,,,,41,3348,source body not present in Phase 5C prepared drafts; SEO title requires RankMath/source preservation or rewrite; meta description requires RankMath/source preservation or rewrite; image recovery/fallback required,not restored,/resources/blog/probate-vs-letter-of-administration-in-nigeria-key-differences-you-must-know,no,no,no,probate-vs-letter-of-administration-in-nigeria-key-differences-you-must-know,not approved,,excluded while hidden,pending,pending lawyer review,source body not present in Phase 5C prepared drafts; SEO title requires RankMath/source preservation or rewrite; meta description requires RankMath/source preservation or rewrite; image recovery/fallback required
300,,https://chamanlawfirm.com/how-to-appoint-a-company-secretary-in-nigeria/,how-to-appoint-a-company-secretary-in-nigeria,How To Appoint A Company Secretary In Nigeria,,,,,41,2758,source body not present in Phase 5C prepared drafts; SEO title requires RankMath/source preservation or rewrite; meta description requires RankMath/source preservation or rewrite; image recovery/fallback required,not restored,/resources/blog/how-to-appoint-a-company-secretary-in-nigeria,no,no,no,how-to-appoint-a-company-secretary-in-nigeria,not approved,,excluded while hidden,pending,pending lawyer review,source body not present in Phase 5C prepared drafts; SEO title requires RankMath/source preservation or rewrite; meta description requires RankMath/source preservation or rewrite; image recovery/fallback required
301,,https://chamanlawfirm.com/are-verbal-agreement-binding-legally/,are-verbal-agreement-binding-legally,Are Verbal Agreement Binding Legally,,,,,40,3995,source body not present in Phase 5C prepared drafts; SEO title requires RankMath/source preservation or rewrite; meta description requires RankMath/source preservation or rewrite; image recovery/fallback required,not restored,/resources/blog/are-verbal-agreement-binding-legally,no,no,no,are-verbal-agreement-binding-legally,not approved,,excluded while hidden,pending,pending lawyer review,source body not present in Phase 5C prepared drafts; SEO title requires RankMath/source preservation or rewrite; meta description requires RankMath/source preservation or rewrite; image recovery/fallback required
302,,https://chamanlawfirm.com/procedures-for-private-placement-in-nigeria/,procedures-for-private-placement-in-nigeria,Procedures For Private Placement In Nigeria,,,,,40,1142,source body not present in Phase 5C prepared drafts; SEO title requires RankMath/source preservation or rewrite; meta description requires RankMath/source preservation or rewrite; image recovery/fallback required,not restored,/resources/blog/procedures-for-private-placement-in-nigeria,no,no,no,procedures-for-private-placement-in-nigeria,not approved,,excluded while hidden,pending,pending lawyer review,source body not present in Phase 5C prepared drafts; SEO title requires RankMath/source preservation or rewrite; meta description requires RankMath/source preservation or rewrite; image recovery/fallback required
303,,https://chamanlawfirm.com/newblogpost-znqwc8what-are-the-la-in-nigeria/,newblogpost-znqwc8what-are-the-la-in-nigeria,Newblogpost Znqwc8what Are The La In Nigeria,,,,,39,3332,source body not present in Phase 5C prepared drafts; SEO title requires RankMath/source preservation or rewrite; meta description requires RankMath/source preservation or rewrite; image recovery/fallback required,not restored,/resources/blog/newblogpost-znqwc8what-are-the-la-in-nigeria,no,no,no,newblogpost-znqwc8what-are-the-la-in-nigeria,not approved,,excluded while hidden,pending,pending lawyer review,source body not present in Phase 5C prepared drafts; SEO title requires RankMath/source preservation or rewrite; meta description requires RankMath/source preservation or rewrite; image recovery/fallback required
304,,https://chamanlawfirm.com/company-management-in-nigeria/,company-management-in-nigeria,Company Management In Nigeria,,,,,39,3037,source body not present in Phase 5C prepared drafts; SEO title requires RankMath/source preservation or rewrite; meta description requires RankMath/source preservation or rewrite; image recovery/fallback required,not restored,/resources/blog/company-management-in-nigeria,no,no,no,company-management-in-nigeria,not approved,,excluded while hidden,pending,pending lawyer review,source body not present in Phase 5C prepared drafts; SEO title requires RankMath/source preservation or rewrite; meta description requires RankMath/source preservation or rewrite; image recovery/fallback required
305,,https://chamanlawfirm.com/non-justiciable-constitutional-provisions/,non-justiciable-constitutional-provisions,Non Justiciable Constitutional Provisions,,,,,38,12398,source body not present in Phase 5C prepared drafts; SEO title requires RankMath/source preservation or rewrite; meta description requires RankMath/source preservation or rewrite; image recovery/fallback required,not restored,/resources/blog/non-justiciable-constitutional-provisions,no,no,no,non-justiciable-constitutional-provisions,not approved,,excluded while hidden,pending,pending lawyer review,source body not present in Phase 5C prepared drafts; SEO title requires RankMath/source preservation or rewrite; meta description requires RankMath/source preservation or rewrite; image recovery/fallback required
306,,https://chamanlawfirm.com/accountability-in-corporate-governance/,accountability-in-corporate-governance,Accountability In Corporate Governance,,,,,38,7713,source body not present in Phase 5C prepared drafts; SEO title requires RankMath/source preservation or rewrite; meta description requires RankMath/source preservation or rewrite; image recovery/fallback required,not restored,/resources/blog/accountability-in-corporate-governance,no,no,no,accountability-in-corporate-governance,not approved,,excluded while hidden,pending,pending lawyer review,source body not present in Phase 5C prepared drafts; SEO title requires RankMath/source preservation or rewrite; meta description requires RankMath/source preservation or rewrite; image recovery/fallback required
307,,https://chamanlawfirm.com/how-do-i-resolve-landlord-tenant-disputes/,how-do-i-resolve-landlord-tenant-disputes,How Do I Resolve Landlord Tenant Disputes,,,,,38,5460,source body not present in Phase 5C prepared drafts; SEO title requires RankMath/source preservation or rewrite; meta description requires RankMath/source preservation or rewrite; image recovery/fallback required; redirect planning only; do not publish as article without equivalent content,not restored,https://chamanlawfirm.com/how-do-i-resolve-landlord-tenant-disputes/,no,no,no,how-do-i-resolve-landlord-tenant-disputes,not approved,,excluded while hidden,pending,not required unless revived,source body not present in Phase 5C prepared drafts; SEO title requires RankMath/source preservation or rewrite; meta description requires RankMath/source preservation or rewrite; image recovery/fallback required; redirect planning only; do not publish as article without equivalent content
308,,https://chamanlawfirm.com/0btain-guide-on-how-to-obtain-tax/,0btain-guide-on-how-to-obtain-tax,0btain Guide On How To Obtain Tax,,,,,38,5053,source body not present in Phase 5C prepared drafts; SEO title requires RankMath/source preservation or rewrite; meta description requires RankMath/source preservation or rewrite; image recovery/fallback required,not restored,/resources/blog/0btain-guide-on-how-to-obtain-tax,no,no,no,0btain-guide-on-how-to-obtain-tax,not approved,,excluded while hidden,pending,pending lawyer review,source body not present in Phase 5C prepared drafts; SEO title requires RankMath/source preservation or rewrite; meta description requires RankMath/source preservation or rewrite; image recovery/fallback required
309,,https://chamanlawfirm.com/business-name-and-a-company-limited-by-shares/,business-name-and-a-company-limited-by-shares,Business Name And A Company Limited By Shares,,,,,38,4129,source body not present in Phase 5C prepared drafts; SEO title requires RankMath/source preservation or rewrite; meta description requires RankMath/source preservation or rewrite; image recovery/fallback required,not restored,/resources/blog/business-name-and-a-company-limited-by-shares,no,no,no,business-name-and-a-company-limited-by-shares,not approved,,excluded while hidden,pending,pending lawyer review,source body not present in Phase 5C prepared drafts; SEO title requires RankMath/source preservation or rewrite; meta description requires RankMath/source preservation or rewrite; image recovery/fallback required
310,,https://chamanlawfirm.com/when-you-can-legally-define-the-tort-of-negligence/,when-you-can-legally-define-the-tort-of-negligence,When You Can Legally Define The Tort Of Negligence,,,,,38,3963,source body not present in Phase 5C prepared drafts; SEO title requires RankMath/source preservation or rewrite; meta description requires RankMath/source preservation or rewrite; image recovery/fallback required,not restored,/resources/blog/when-you-can-legally-define-the-tort-of-negligence,no,no,no,when-you-can-legally-define-the-tort-of-negligence,not approved,,excluded while hidden,pending,pending lawyer review,source body not present in Phase 5C prepared drafts; SEO title requires RankMath/source preservation or rewrite; meta description requires RankMath/source preservation or rewrite; image recovery/fallback required
311,,https://chamanlawfirm.com/regulatory-compliance-in-nigerian-construction/,regulatory-compliance-in-nigerian-construction,Regulatory Compliance In Nigerian Construction,,,,,38,3322,source body not present in Phase 5C prepared drafts; SEO title requires RankMath/source preservation or rewrite; meta description requires RankMath/source preservation or rewrite; image recovery/fallback required,not restored,/resources/blog/regulatory-compliance-in-nigerian-construction,no,no,no,regulatory-compliance-in-nigerian-construction,not approved,,excluded while hidden,pending,pending lawyer review,source body not present in Phase 5C prepared drafts; SEO title requires RankMath/source preservation or rewrite; meta description requires RankMath/source preservation or rewrite; image recovery/fallback required
312,,https://chamanlawfirm.com/legalimplicationsof-co-ownership-of-property/,legalimplicationsof-co-ownership-of-property,Legalimplicationsof Co Ownership Of Property,,,,,38,3026,source body not present in Phase 5C prepared drafts; SEO title requires RankMath/source preservation or rewrite; meta description requires RankMath/source preservation or rewrite; image recovery/fallback required,not restored,/resources/blog/legalimplicationsof-co-ownership-of-property,no,no,no,legalimplicationsof-co-ownership-of-property,not approved,,excluded while hidden,pending,pending lawyer review,source body not present in Phase 5C prepared drafts; SEO title requires RankMath/source preservation or rewrite; meta description requires RankMath/source preservation or rewrite; image recovery/fallback required
313,,https://chamanlawfirm.com/process-of-making-law-in-nigeria/,process-of-making-law-in-nigeria,Process Of Making Law In Nigeria,,,,,37,10444,source body not present in Phase 5C prepared drafts; SEO title requires RankMath/source preservation or rewrite; meta description requires RankMath/source preservation or rewrite; image recovery/fallback required,not restored,/resources/blog/process-of-making-law-in-nigeria,no,no,no,process-of-making-law-in-nigeria,not approved,,excluded while hidden,pending,pending lawyer review,source body not present in Phase 5C prepared drafts; SEO title requires RankMath/source preservation or rewrite; meta description requires RankMath/source preservation or rewrite; image recovery/fallback required
314,,https://chamanlawfirm.com/how-long-can-a-law-enforcement-validly-detain-you-in-nigeria/,how-long-can-a-law-enforcement-validly-detain-you-in-nigeria,How Long Can A Law Enforcement Validly Detain You In Nigeria,,,,,37,3932,source body not present in Phase 5C prepared drafts; SEO title requires RankMath/source preservation or rewrite; meta description requires RankMath/source preservation or rewrite; image recovery/fallback required,not restored,/resources/blog/how-long-can-a-law-enforcement-validly-detain-you-in-nigeria,no,no,no,how-long-can-a-law-enforcement-validly-detain-you-in-nigeria,not approved,,excluded while hidden,pending,pending lawyer review,source body not present in Phase 5C prepared drafts; SEO title requires RankMath/source preservation or rewrite; meta description requires RankMath/source preservation or rewrite; image recovery/fallback required
315,,https://chamanlawfirm.com/relationship-between-parent-and-subsidiary/,relationship-between-parent-and-subsidiary,Relationship Between Parent And Subsidiary,,,,,37,3668,source body not present in Phase 5C prepared drafts; SEO title requires RankMath/source preservation or rewrite; meta description requires RankMath/source preservation or rewrite; image recovery/fallback required,not restored,/resources/blog/relationship-between-parent-and-subsidiary,no,no,no,relationship-between-parent-and-subsidiary,not approved,,excluded while hidden,pending,pending lawyer review,source body not present in Phase 5C prepared drafts; SEO title requires RankMath/source preservation or rewrite; meta description requires RankMath/source preservation or rewrite; image recovery/fallback required
316,,https://chamanlawfirm.com/application-of-ignorance-of-the-law/,application-of-ignorance-of-the-law,Application Of Ignorance Of The Law,,,,,37,3494,source body not present in Phase 5C prepared drafts; SEO title requires RankMath/source preservation or rewrite; meta description requires RankMath/source preservation or rewrite; image recovery/fallback required,not restored,/resources/blog/application-of-ignorance-of-the-law,no,no,no,application-of-ignorance-of-the-law,not approved,,excluded while hidden,pending,pending lawyer review,source body not present in Phase 5C prepared drafts; SEO title requires RankMath/source preservation or rewrite; meta description requires RankMath/source preservation or rewrite; image recovery/fallback required
317,,https://chamanlawfirm.com/lagos-inheritance-law-explained-family-rights/,lagos-inheritance-law-explained-family-rights,Lagos Inheritance Law Explained Family Rights,,,,,37,3481,source body not present in Phase 5C prepared drafts; SEO title requires RankMath/source preservation or rewrite; meta description requires RankMath/source preservation or rewrite; image recovery/fallback required,not restored,/resources/blog/lagos-inheritance-law-explained-family-rights,no,no,no,lagos-inheritance-law-explained-family-rights,not approved,,excluded while hidden,pending,pending lawyer review,source body not present in Phase 5C prepared drafts; SEO title requires RankMath/source preservation or rewrite; meta description requires RankMath/source preservation or rewrite; image recovery/fallback required
318,,https://chamanlawfirm.com/draft-a-perfect-lease-agreement/,draft-a-perfect-lease-agreement,Draft A Perfect Lease Agreement,,,,,37,2449,source body not present in Phase 5C prepared drafts; SEO title requires RankMath/source preservation or rewrite; meta description requires RankMath/source preservation or rewrite; image recovery/fallback required,not restored,/resources/blog/draft-a-perfect-lease-agreement,no,no,no,draft-a-perfect-lease-agreement,not approved,,excluded while hidden,pending,pending lawyer review,source body not present in Phase 5C prepared drafts; SEO title requires RankMath/source preservation or rewrite; meta description requires RankMath/source preservation or rewrite; image recovery/fallback required
319,,https://chamanlawfirm.com/roles-of-a-property-lawyer-in-real-estate/,roles-of-a-property-lawyer-in-real-estate,Roles Of A Property Lawyer In Real Estate,,,,,37,2277,source body not present in Phase 5C prepared drafts; SEO title requires RankMath/source preservation or rewrite; meta description requires RankMath/source preservation or rewrite; image recovery/fallback required,not restored,/resources/blog/roles-of-a-property-lawyer-in-real-estate,no,no,no,roles-of-a-property-lawyer-in-real-estate,not approved,,excluded while hidden,pending,pending lawyer review,source body not present in Phase 5C prepared drafts; SEO title requires RankMath/source preservation or rewrite; meta description requires RankMath/source preservation or rewrite; image recovery/fallback required
320,,https://chamanlawfirm.com/understanding-the-ogun-anti-land-grabbing-law/,understanding-the-ogun-anti-land-grabbing-law,Understanding The Ogun Anti Land Grabbing Law,,,,,37,2230,source body not present in Phase 5C prepared drafts; SEO title requires RankMath/source preservation or rewrite; meta description requires RankMath/source preservation or rewrite; image recovery/fallback required,not restored,/resources/blog/understanding-the-ogun-anti-land-grabbing-law,no,no,no,understanding-the-ogun-anti-land-grabbing-law,not approved,,excluded while hidden,pending,pending lawyer review,source body not present in Phase 5C prepared drafts; SEO title requires RankMath/source preservation or rewrite; meta description requires RankMath/source preservation or rewrite; image recovery/fallback required
321,,https://chamanlawfirm.com/title-search-and-land-ownership-in-nigeria/,title-search-and-land-ownership-in-nigeria,Title Search And Land Ownership In Nigeria,,,,,36,7407,source body not present in Phase 5C prepared drafts; SEO title requires RankMath/source preservation or rewrite; meta description requires RankMath/source preservation or rewrite; image recovery/fallback required; redirect planning only; do not publish as article without equivalent content,not restored,https://chamanlawfirm.com/title-search-and-land-ownership-in-nigeria/,no,no,no,title-search-and-land-ownership-in-nigeria,not approved,,excluded while hidden,pending,not required unless revived,source body not present in Phase 5C prepared drafts; SEO title requires RankMath/source preservation or rewrite; meta description requires RankMath/source preservation or rewrite; image recovery/fallback required; redirect planning only; do not publish as article without equivalent content
322,,https://chamanlawfirm.com/membership-of-trade-unions-in-nigeria/,membership-of-trade-unions-in-nigeria,Membership Of Trade Unions In Nigeria,,,,,36,2868,source body not present in Phase 5C prepared drafts; SEO title requires RankMath/source preservation or rewrite; meta description requires RankMath/source preservation or rewrite; image recovery/fallback required,not restored,/resources/blog/membership-of-trade-unions-in-nigeria,no,no,no,membership-of-trade-unions-in-nigeria,not approved,,excluded while hidden,pending,pending lawyer review,source body not present in Phase 5C prepared drafts; SEO title requires RankMath/source preservation or rewrite; meta description requires RankMath/source preservation or rewrite; image recovery/fallback required
323,,https://chamanlawfirm.com/verify-a-property-title-in-lagos/,verify-a-property-title-in-lagos,Verify A Property Title In Lagos,,,,,36,2766,source body not present in Phase 5C prepared drafts; SEO title requires RankMath/source preservation or rewrite; meta description requires RankMath/source preservation or rewrite; image recovery/fallback required,not restored,/resources/blog/verify-a-property-title-in-lagos,no,no,no,verify-a-property-title-in-lagos,not approved,,excluded while hidden,pending,pending lawyer review,source body not present in Phase 5C prepared drafts; SEO title requires RankMath/source preservation or rewrite; meta description requires RankMath/source preservation or rewrite; image recovery/fallback required
324,,https://chamanlawfirm.com/how-tohandle-land-disputes-withfamilymembers/,how-tohandle-land-disputes-withfamilymembers,How Tohandle Land Disputes Withfamilymembers,,,,,36,1452,source body not present in Phase 5C prepared drafts; SEO title requires RankMath/source preservation or rewrite; meta description requires RankMath/source preservation or rewrite; image recovery/fallback required,not restored,/resources/blog/how-tohandle-land-disputes-withfamilymembers,no,no,no,how-tohandle-land-disputes-withfamilymembers,not approved,,excluded while hidden,pending,pending lawyer review,source body not present in Phase 5C prepared drafts; SEO title requires RankMath/source preservation or rewrite; meta description requires RankMath/source preservation or rewrite; image recovery/fallback required
325,,https://chamanlawfirm.com/strategies-for-effective-conservation/,strategies-for-effective-conservation,Strategies For Effective Conservation,,,,,35,6868,source body not present in Phase 5C prepared drafts; SEO title requires RankMath/source preservation or rewrite; meta description requires RankMath/source preservation or rewrite; image recovery/fallback required,not restored,/resources/blog/strategies-for-effective-conservation,no,no,no,strategies-for-effective-conservation,not approved,,excluded while hidden,pending,pending lawyer review,source body not present in Phase 5C prepared drafts; SEO title requires RankMath/source preservation or rewrite; meta description requires RankMath/source preservation or rewrite; image recovery/fallback required
326,,https://chamanlawfirm.com/who-are-personal-representatives/,who-are-personal-representatives,Who Are Personal Representatives,,,,,35,2416,source body not present in Phase 5C prepared drafts; SEO title requires RankMath/source preservation or rewrite; meta description requires RankMath/source preservation or rewrite; image recovery/fallback required,not restored,/resources/blog/who-are-personal-representatives,no,no,no,who-are-personal-representatives,not approved,,excluded while hidden,pending,pending lawyer review,source body not present in Phase 5C prepared drafts; SEO title requires RankMath/source preservation or rewrite; meta description requires RankMath/source preservation or rewrite; image recovery/fallback required
327,,https://chamanlawfirm.com/what-are-the-legal-rights-of-a-wife-after-divorce-or-separation-in-nigeria/,what-are-the-legal-rights-of-a-wife-after-divorce-or-separation-in-nigeria,What Are The Legal Rights Of A Wife After Divorce Or Separation In Nigeria,,,,,35,1207,source body not present in Phase 5C prepared drafts; SEO title requires RankMath/source preservation or rewrite; meta description requires RankMath/source preservation or rewrite; image recovery/fallback required,not restored,/resources/blog/what-are-the-legal-rights-of-a-wife-after-divorce-or-separation-in-nigeria,no,no,no,what-are-the-legal-rights-of-a-wife-after-divorce-or-separation-in-nigeria,not approved,,excluded while hidden,pending,pending lawyer review,source body not present in Phase 5C prepared drafts; SEO title requires RankMath/source preservation or rewrite; meta description requires RankMath/source preservation or rewrite; image recovery/fallback required
328,,https://chamanlawfirm.com/what-is-the-cost-of-perfecting-land-title/,what-is-the-cost-of-perfecting-land-title,What Is The Cost Of Perfecting Land Title,,,,,35,1152,source body not present in Phase 5C prepared drafts; SEO title requires RankMath/source preservation or rewrite; meta description requires RankMath/source preservation or rewrite; image recovery/fallback required,not restored,/resources/blog/what-is-the-cost-of-perfecting-land-title,no,no,no,what-is-the-cost-of-perfecting-land-title,not approved,,excluded while hidden,pending,pending lawyer review,source body not present in Phase 5C prepared drafts; SEO title requires RankMath/source preservation or rewrite; meta description requires RankMath/source preservation or rewrite; image recovery/fallback required
329,,https://chamanlawfirm.com/police-clearance-certificate-pcc-in-nigeria/,police-clearance-certificate-pcc-in-nigeria,Police Clearance Certificate Pcc In Nigeria,,,,,34,6801,source body not present in Phase 5C prepared drafts; SEO title requires RankMath/source preservation or rewrite; meta description requires RankMath/source preservation or rewrite; image recovery/fallback required,not restored,/resources/blog/police-clearance-certificate-pcc-in-nigeria,no,no,no,police-clearance-certificate-pcc-in-nigeria,not approved,,excluded while hidden,pending,pending lawyer review,source body not present in Phase 5C prepared drafts; SEO title requires RankMath/source preservation or rewrite; meta description requires RankMath/source preservation or rewrite; image recovery/fallback required
330,,https://chamanlawfirm.com/what-makes-up-a-valid-employment-contract/,what-makes-up-a-valid-employment-contract,What Makes Up A Valid Employment Contract,,,,,34,6037,source body not present in Phase 5C prepared drafts; SEO title requires RankMath/source preservation or rewrite; meta description requires RankMath/source preservation or rewrite; image recovery/fallback required,not restored,/resources/blog/what-makes-up-a-valid-employment-contract,no,no,no,what-makes-up-a-valid-employment-contract,not approved,,excluded while hidden,pending,pending lawyer review,source body not present in Phase 5C prepared drafts; SEO title requires RankMath/source preservation or rewrite; meta description requires RankMath/source preservation or rewrite; image recovery/fallback required
331,,https://chamanlawfirm.com/legal-process-for-tenant-eviction-in-lagos/,legal-process-for-tenant-eviction-in-lagos,Legal Process For Tenant Eviction In Lagos,,,,,34,4781,source body not present in Phase 5C prepared drafts; SEO title requires RankMath/source preservation or rewrite; meta description requires RankMath/source preservation or rewrite; image recovery/fallback required,not restored,/resources/blog/legal-process-for-tenant-eviction-in-lagos,no,no,no,legal-process-for-tenant-eviction-in-lagos,not approved,,excluded while hidden,pending,pending lawyer review,source body not present in Phase 5C prepared drafts; SEO title requires RankMath/source preservation or rewrite; meta description requires RankMath/source preservation or rewrite; image recovery/fallback required
332,,https://chamanlawfirm.com/what-needs-to-be-in-your-lease/,what-needs-to-be-in-your-lease,What Needs To Be In Your Lease,,,,,34,3152,source body not present in Phase 5C prepared drafts; SEO title requires RankMath/source preservation or rewrite; meta description requires RankMath/source preservation or rewrite; image recovery/fallback required,not restored,/resources/blog/what-needs-to-be-in-your-lease,no,no,no,what-needs-to-be-in-your-lease,not approved,,excluded while hidden,pending,pending lawyer review,source body not present in Phase 5C prepared drafts; SEO title requires RankMath/source preservation or rewrite; meta description requires RankMath/source preservation or rewrite; image recovery/fallback required
333,,https://chamanlawfirm.com/letters-of-administration-in-lagos-state/,letters-of-administration-in-lagos-state,Letters Of Administration In Lagos State,,,,,34,2300,source body not present in Phase 5C prepared drafts; SEO title requires RankMath/source preservation or rewrite; meta description requires RankMath/source preservation or rewrite; image recovery/fallback required,not restored,/resources/blog/letters-of-administration-in-lagos-state,no,no,no,letters-of-administration-in-lagos-state,not approved,,excluded while hidden,pending,pending lawyer review,source body not present in Phase 5C prepared drafts; SEO title requires RankMath/source preservation or rewrite; meta description requires RankMath/source preservation or rewrite; image recovery/fallback required
334,,https://chamanlawfirm.com/tenant-rights-during-property-sale-in-lagos/,tenant-rights-during-property-sale-in-lagos,Tenant Rights During Property Sale In Lagos,,,,,34,2046,source body not present in Phase 5C prepared drafts; SEO title requires RankMath/source preservation or rewrite; meta description requires RankMath/source preservation or rewrite; image recovery/fallback required,not restored,/resources/blog/tenant-rights-during-property-sale-in-lagos,no,no,no,tenant-rights-during-property-sale-in-lagos,not approved,,excluded while hidden,pending,pending lawyer review,source body not present in Phase 5C prepared drafts; SEO title requires RankMath/source preservation or rewrite; meta description requires RankMath/source preservation or rewrite; image recovery/fallback required
335,,https://chamanlawfirm.com/testate-and-intestate-succession-in-nigeria/,testate-and-intestate-succession-in-nigeria,Testate And Intestate Succession In Nigeria,,,,,34,1922,source body not present in Phase 5C prepared drafts; SEO title requires RankMath/source preservation or rewrite; meta description requires RankMath/source preservation or rewrite; image recovery/fallback required,not restored,/resources/blog/testate-and-intestate-succession-in-nigeria,no,no,no,testate-and-intestate-succession-in-nigeria,not approved,,excluded while hidden,pending,pending lawyer review,source body not present in Phase 5C prepared drafts; SEO title requires RankMath/source preservation or rewrite; meta description requires RankMath/source preservation or rewrite; image recovery/fallback required
336,,https://chamanlawfirm.com/what-are-the-tax-disputes-in-nigeria/,what-are-the-tax-disputes-in-nigeria,What Are The Tax Disputes In Nigeria,,,,,34,1207,source body not present in Phase 5C prepared drafts; SEO title requires RankMath/source preservation or rewrite; meta description requires RankMath/source preservation or rewrite; image recovery/fallback required,not restored,/resources/blog/what-are-the-tax-disputes-in-nigeria,no,no,no,what-are-the-tax-disputes-in-nigeria,not approved,,excluded while hidden,pending,pending lawyer review,source body not present in Phase 5C prepared drafts; SEO title requires RankMath/source preservation or rewrite; meta description requires RankMath/source preservation or rewrite; image recovery/fallback required
337,,https://chamanlawfirm.com/how-to-replace-a-national-identification-number/,how-to-replace-a-national-identification-number,How To Replace A National Identification Number,,,,,33,21159,source body not present in Phase 5C prepared drafts; SEO title requires RankMath/source preservation or rewrite; meta description requires RankMath/source preservation or rewrite; image recovery/fallback required,not restored,/resources/blog/how-to-replace-a-national-identification-number,no,no,no,how-to-replace-a-national-identification-number,not approved,,excluded while hidden,pending,pending lawyer review,source body not present in Phase 5C prepared drafts; SEO title requires RankMath/source preservation or rewrite; meta description requires RankMath/source preservation or rewrite; image recovery/fallback required
338,,https://chamanlawfirm.com/procedure-for-company-registration-in-nigeria/,procedure-for-company-registration-in-nigeria,Procedure For Company Registration In Nigeria,,,,,33,16443,source body not present in Phase 5C prepared drafts; SEO title requires RankMath/source preservation or rewrite; meta description requires RankMath/source preservation or rewrite; image recovery/fallback required,not restored,/resources/blog/procedure-for-company-registration-in-nigeria,no,no,no,procedure-for-company-registration-in-nigeria,not approved,,excluded while hidden,pending,pending lawyer review,source body not present in Phase 5C prepared drafts; SEO title requires RankMath/source preservation or rewrite; meta description requires RankMath/source preservation or rewrite; image recovery/fallback required
339,,https://chamanlawfirm.com/a-complete-guide-on-how-to-register-a-company-in-nigeria/,a-complete-guide-on-how-to-register-a-company-in-nigeria,A Complete Guide On How To Register A Company In Nigeria,,,,,33,6603,source body not present in Phase 5C prepared drafts; SEO title requires RankMath/source preservation or rewrite; meta description requires RankMath/source preservation or rewrite; image recovery/fallback required,not restored,/resources/blog/a-complete-guide-on-how-to-register-a-company-in-nigeria,no,no,no,a-complete-guide-on-how-to-register-a-company-in-nigeria,not approved,,excluded while hidden,pending,pending lawyer review,source body not present in Phase 5C prepared drafts; SEO title requires RankMath/source preservation or rewrite; meta description requires RankMath/source preservation or rewrite; image recovery/fallback required
340,,https://chamanlawfirm.com/real-estate-law-in-nigeria/,real-estate-law-in-nigeria,Real Estate Law In Nigeria,,,,,33,4324,source body not present in Phase 5C prepared drafts; SEO title requires RankMath/source preservation or rewrite; meta description requires RankMath/source preservation or rewrite; image recovery/fallback required,not restored,/resources/blog/real-estate-law-in-nigeria,no,no,no,real-estate-law-in-nigeria,not approved,,excluded while hidden,pending,pending lawyer review,source body not present in Phase 5C prepared drafts; SEO title requires RankMath/source preservation or rewrite; meta description requires RankMath/source preservation or rewrite; image recovery/fallback required
341,,https://chamanlawfirm.com/property-ownership-structures-in-nigeria/,property-ownership-structures-in-nigeria,Property Ownership Structures In Nigeria,,,,,33,4189,source body not present in Phase 5C prepared drafts; SEO title requires RankMath/source preservation or rewrite; meta description requires RankMath/source preservation or rewrite; image recovery/fallback required,not restored,/resources/blog/property-ownership-structures-in-nigeria,no,no,no,property-ownership-structures-in-nigeria,not approved,,excluded while hidden,pending,pending lawyer review,source body not present in Phase 5C prepared drafts; SEO title requires RankMath/source preservation or rewrite; meta description requires RankMath/source preservation or rewrite; image recovery/fallback required
342,,https://chamanlawfirm.com/how-to-apply-for-certificate-of-occupancy-in-lagos-state-nigeria/,how-to-apply-for-certificate-of-occupancy-in-lagos-state-nigeria,How To Apply For Certificate Of Occupancy In Lagos State Nigeria,,,,,33,2513,source body not present in Phase 5C prepared drafts; SEO title requires RankMath/source preservation or rewrite; meta description requires RankMath/source preservation or rewrite; image recovery/fallback required,not restored,/resources/blog/how-to-apply-for-certificate-of-occupancy-in-lagos-state-nigeria,no,no,no,how-to-apply-for-certificate-of-occupancy-in-lagos-state-nigeria,not approved,,excluded while hidden,pending,pending lawyer review,source body not present in Phase 5C prepared drafts; SEO title requires RankMath/source preservation or rewrite; meta description requires RankMath/source preservation or rewrite; image recovery/fallback required
343,,https://chamanlawfirm.com/challenges-of-real-estate-development-in-nigeria/,challenges-of-real-estate-development-in-nigeria,Challenges Of Real Estate Development In Nigeria,,,,,33,2150,source body not present in Phase 5C prepared drafts; SEO title requires RankMath/source preservation or rewrite; meta description requires RankMath/source preservation or rewrite; image recovery/fallback required,not restored,/resources/blog/challenges-of-real-estate-development-in-nigeria,no,no,no,challenges-of-real-estate-development-in-nigeria,not approved,,excluded while hidden,pending,pending lawyer review,source body not present in Phase 5C prepared drafts; SEO title requires RankMath/source preservation or rewrite; meta description requires RankMath/source preservation or rewrite; image recovery/fallback required
344,,https://chamanlawfirm.com/stadium-and-sports-facility-construction/,stadium-and-sports-facility-construction,Stadium And Sports Facility Construction,,,,,32,4173,source body not present in Phase 5C prepared drafts; SEO title requires RankMath/source preservation or rewrite; meta description requires RankMath/source preservation or rewrite; image recovery/fallback required,not restored,/resources/blog/stadium-and-sports-facility-construction,no,no,no,stadium-and-sports-facility-construction,not approved,,excluded while hidden,pending,pending lawyer review,source body not present in Phase 5C prepared drafts; SEO title requires RankMath/source preservation or rewrite; meta description requires RankMath/source preservation or rewrite; image recovery/fallback required
345,,https://chamanlawfirm.com/appointment-of-arbitrators-in-nigeria/,appointment-of-arbitrators-in-nigeria,Appointment Of Arbitrators In Nigeria,,,,,32,908,source body not present in Phase 5C prepared drafts; SEO title requires RankMath/source preservation or rewrite; meta description requires RankMath/source preservation or rewrite; image recovery/fallback required,not restored,/resources/blog/appointment-of-arbitrators-in-nigeria,no,no,no,appointment-of-arbitrators-in-nigeria,not approved,,excluded while hidden,pending,pending lawyer review,source body not present in Phase 5C prepared drafts; SEO title requires RankMath/source preservation or rewrite; meta description requires RankMath/source preservation or rewrite; image recovery/fallback required
346,,https://chamanlawfirm.com/maritime-contracts-in-nigeria/,maritime-contracts-in-nigeria,Maritime Contracts In Nigeria,,,,,32,714,source body not present in Phase 5C prepared drafts; SEO title requires RankMath/source preservation or rewrite; meta description requires RankMath/source preservation or rewrite; image recovery/fallback required,not restored,/resources/blog/maritime-contracts-in-nigeria,no,no,no,maritime-contracts-in-nigeria,not approved,,excluded while hidden,pending,pending lawyer review,source body not present in Phase 5C prepared drafts; SEO title requires RankMath/source preservation or rewrite; meta description requires RankMath/source preservation or rewrite; image recovery/fallback required
347,,https://chamanlawfirm.com/land-use-planning-and-development-regulation/,land-use-planning-and-development-regulation,Land Use Planning And Development Regulation,,,,,31,8525,source body not present in Phase 5C prepared drafts; SEO title requires RankMath/source preservation or rewrite; meta description requires RankMath/source preservation or rewrite; image recovery/fallback required,not restored,/resources/blog/land-use-planning-and-development-regulation,no,no,no,land-use-planning-and-development-regulation,not approved,,excluded while hidden,pending,pending lawyer review,source body not present in Phase 5C prepared drafts; SEO title requires RankMath/source preservation or rewrite; meta description requires RankMath/source preservation or rewrite; image recovery/fallback required
348,,https://chamanlawfirm.com/top-legal-services/,top-legal-services,Top Legal Services,,,,,31,7108,source body not present in Phase 5C prepared drafts; SEO title requires RankMath/source preservation or rewrite; meta description requires RankMath/source preservation or rewrite; image recovery/fallback required,not restored,/resources/blog/top-legal-services,no,no,no,top-legal-services,not approved,,excluded while hidden,pending,pending lawyer review,source body not present in Phase 5C prepared drafts; SEO title requires RankMath/source preservation or rewrite; meta description requires RankMath/source preservation or rewrite; image recovery/fallback required
349,,https://chamanlawfirm.com/taxation-vat-and-other-indirect-taxes-in-nigeria/,taxation-vat-and-other-indirect-taxes-in-nigeria,Taxation Vat And Other Indirect Taxes In Nigeria,,,,,31,5149,source body not present in Phase 5C prepared drafts; SEO title requires RankMath/source preservation or rewrite; meta description requires RankMath/source preservation or rewrite; image recovery/fallback required,not restored,/resources/blog/taxation-vat-and-other-indirect-taxes-in-nigeria,no,no,no,taxation-vat-and-other-indirect-taxes-in-nigeria,not approved,,excluded while hidden,pending,pending lawyer review,source body not present in Phase 5C prepared drafts; SEO title requires RankMath/source preservation or rewrite; meta description requires RankMath/source preservation or rewrite; image recovery/fallback required
350,,https://chamanlawfirm.com/transfer-land-ownership-and-land-document/,transfer-land-ownership-and-land-document,Transfer Land Ownership And Land Document,,,,,31,4725,source body not present in Phase 5C prepared drafts; SEO title requires RankMath/source preservation or rewrite; meta description requires RankMath/source preservation or rewrite; image recovery/fallback required,not restored,/resources/blog/transfer-land-ownership-and-land-document,no,no,no,transfer-land-ownership-and-land-document,not approved,,excluded while hidden,pending,pending lawyer review,source body not present in Phase 5C prepared drafts; SEO title requires RankMath/source preservation or rewrite; meta description requires RankMath/source preservation or rewrite; image recovery/fallback required
351,,https://chamanlawfirm.com/property-valuation-in-nigerian-real-estate/,property-valuation-in-nigerian-real-estate,Property Valuation In Nigerian Real Estate,,,,,31,3632,source body not present in Phase 5C prepared drafts; SEO title requires RankMath/source preservation or rewrite; meta description requires RankMath/source preservation or rewrite; image recovery/fallback required,not restored,/resources/blog/property-valuation-in-nigerian-real-estate,no,no,no,property-valuation-in-nigerian-real-estate,not approved,,excluded while hidden,pending,pending lawyer review,source body not present in Phase 5C prepared drafts; SEO title requires RankMath/source preservation or rewrite; meta description requires RankMath/source preservation or rewrite; image recovery/fallback required
352,,https://chamanlawfirm.com/project-management-in-nigerian-construction/,project-management-in-nigerian-construction,Project Management In Nigerian Construction,,,,,31,3550,source body not present in Phase 5C prepared drafts; SEO title requires RankMath/source preservation or rewrite; meta description requires RankMath/source preservation or rewrite; image recovery/fallback required; redirect planning only; do not publish as article without equivalent content,not restored,https://chamanlawfirm.com/project-management-in-nigerian-construction/,no,no,no,project-management-in-nigerian-construction,not approved,,excluded while hidden,pending,not required unless revived,source body not present in Phase 5C prepared drafts; SEO title requires RankMath/source preservation or rewrite; meta description requires RankMath/source preservation or rewrite; image recovery/fallback required; redirect planning only; do not publish as article without equivalent content
353,,https://chamanlawfirm.com/registration-of-a-money-lending-company/,registration-of-a-money-lending-company,Registration Of A Money Lending Company,,,,,31,3279,source body not present in Phase 5C prepared drafts; SEO title requires RankMath/source preservation or rewrite; meta description requires RankMath/source preservation or rewrite; image recovery/fallback required,not restored,/resources/blog/registration-of-a-money-lending-company,no,no,no,registration-of-a-money-lending-company,not approved,,excluded while hidden,pending,pending lawyer review,source body not present in Phase 5C prepared drafts; SEO title requires RankMath/source preservation or rewrite; meta description requires RankMath/source preservation or rewrite; image recovery/fallback required
354,,https://chamanlawfirm.com/how-to-legally-void-a-marriage/,how-to-legally-void-a-marriage,How To Legally Void A Marriage,,,,,31,2900,source body not present in Phase 5C prepared drafts; SEO title requires RankMath/source preservation or rewrite; meta description requires RankMath/source preservation or rewrite; image recovery/fallback required; redirect planning only; do not publish as article without equivalent content,not restored,https://chamanlawfirm.com/how-to-legally-void-a-marriage/,no,no,no,how-to-legally-void-a-marriage,not approved,,excluded while hidden,pending,not required unless revived,source body not present in Phase 5C prepared drafts; SEO title requires RankMath/source preservation or rewrite; meta description requires RankMath/source preservation or rewrite; image recovery/fallback required; redirect planning only; do not publish as article without equivalent content
355,,https://chamanlawfirm.com/how-to-conduct-due-diligence-in-nigeria/,how-to-conduct-due-diligence-in-nigeria,How To Conduct Due Diligence In Nigeria,,,,,31,2640,source body not present in Phase 5C prepared drafts; SEO title requires RankMath/source preservation or rewrite; meta description requires RankMath/source preservation or rewrite; image recovery/fallback required,not restored,/resources/blog/how-to-conduct-due-diligence-in-nigeria,no,no,no,how-to-conduct-due-diligence-in-nigeria,not approved,,excluded while hidden,pending,pending lawyer review,source body not present in Phase 5C prepared drafts; SEO title requires RankMath/source preservation or rewrite; meta description requires RankMath/source preservation or rewrite; image recovery/fallback required
356,,https://chamanlawfirm.com/4-proven-steps-on-how-to-enforce-a-contract/,4-proven-steps-on-how-to-enforce-a-contract,4 Proven Steps On How To Enforce A Contract,,,,,31,2181,source body not present in Phase 5C prepared drafts; SEO title requires RankMath/source preservation or rewrite; meta description requires RankMath/source preservation or rewrite; image recovery/fallback required,not restored,/resources/blog/4-proven-steps-on-how-to-enforce-a-contract,no,no,no,4-proven-steps-on-how-to-enforce-a-contract,not approved,,excluded while hidden,pending,pending lawyer review,source body not present in Phase 5C prepared drafts; SEO title requires RankMath/source preservation or rewrite; meta description requires RankMath/source preservation or rewrite; image recovery/fallback required
357,,https://chamanlawfirm.com/8-steps-on-how-to-file-a-lawsuit-in-nigeria-a-comprehensive-guide-to-the-legal-process/,8-steps-on-how-to-file-a-lawsuit-in-nigeria-a-comprehensive-guide-to-the-legal-process,8 Steps On How To File A Lawsuit In Nigeria A Comprehensive Guide To The Legal Process,,,,,31,1991,source body not present in Phase 5C prepared drafts; SEO title requires RankMath/source preservation or rewrite; meta description requires RankMath/source preservation or rewrite; image recovery/fallback required,not restored,/resources/blog/8-steps-on-how-to-file-a-lawsuit-in-nigeria-a-comprehensive-guide-to-the-legal-process,no,no,no,8-steps-on-how-to-file-a-lawsuit-in-nigeria-a-comprehensive-guide-to-the-legal-process,not approved,,excluded while hidden,pending,pending lawyer review,source body not present in Phase 5C prepared drafts; SEO title requires RankMath/source preservation or rewrite; meta description requires RankMath/source preservation or rewrite; image recovery/fallback required
358,,https://chamanlawfirm.com/how-to-obtain-licence-for-seeds-importation/,how-to-obtain-licence-for-seeds-importation,How To Obtain Licence For Seeds Importation,,,,,31,1520,source body not present in Phase 5C prepared drafts; SEO title requires RankMath/source preservation or rewrite; meta description requires RankMath/source preservation or rewrite; image recovery/fallback required,not restored,/resources/blog/how-to-obtain-licence-for-seeds-importation,no,no,no,how-to-obtain-licence-for-seeds-importation,not approved,,excluded while hidden,pending,pending lawyer review,source body not present in Phase 5C prepared drafts; SEO title requires RankMath/source preservation or rewrite; meta description requires RankMath/source preservation or rewrite; image recovery/fallback required
359,,https://chamanlawfirm.com/defense-of-fair-dealing-in-nigeria-copyright/,defense-of-fair-dealing-in-nigeria-copyright,Defense Of Fair Dealing In Nigeria Copyright,,,,,31,1078,source body not present in Phase 5C prepared drafts; SEO title requires RankMath/source preservation or rewrite; meta description requires RankMath/source preservation or rewrite; image recovery/fallback required,not restored,/resources/blog/defense-of-fair-dealing-in-nigeria-copyright,no,no,no,defense-of-fair-dealing-in-nigeria-copyright,not approved,,excluded while hidden,pending,pending lawyer review,source body not present in Phase 5C prepared drafts; SEO title requires RankMath/source preservation or rewrite; meta description requires RankMath/source preservation or rewrite; image recovery/fallback required
360,,https://chamanlawfirm.com/7-step-citizenship-application-in-nigeria/,7-step-citizenship-application-in-nigeria,7 Step Citizenship Application In Nigeria,,,,,30,12964,source body not present in Phase 5C prepared drafts; SEO title requires RankMath/source preservation or rewrite; meta description requires RankMath/source preservation or rewrite; image recovery/fallback required,not restored,/resources/blog/7-step-citizenship-application-in-nigeria,no,no,no,7-step-citizenship-application-in-nigeria,not approved,,excluded while hidden,pending,pending lawyer review,source body not present in Phase 5C prepared drafts; SEO title requires RankMath/source preservation or rewrite; meta description requires RankMath/source preservation or rewrite; image recovery/fallback required
361,,https://chamanlawfirm.com/rules-and-regulations-of-doing-business-in-niger/,rules-and-regulations-of-doing-business-in-niger,Rules And Regulations Of Doing Business In Niger,,,,,30,4380,source body not present in Phase 5C prepared drafts; SEO title requires RankMath/source preservation or rewrite; meta description requires RankMath/source preservation or rewrite; image recovery/fallback required,not restored,/resources/blog/rules-and-regulations-of-doing-business-in-niger,no,no,no,rules-and-regulations-of-doing-business-in-niger,not approved,,excluded while hidden,pending,pending lawyer review,source body not present in Phase 5C prepared drafts; SEO title requires RankMath/source preservation or rewrite; meta description requires RankMath/source preservation or rewrite; image recovery/fallback required
362,,https://chamanlawfirm.com/property-acquisition-in-nigeria/,property-acquisition-in-nigeria,Property Acquisition In Nigeria,,,,,30,3384,source body not present in Phase 5C prepared drafts; SEO title requires RankMath/source preservation or rewrite; meta description requires RankMath/source preservation or rewrite; image recovery/fallback required; redirect planning only; do not publish as article without equivalent content,not restored,https://chamanlawfirm.com/property-acquisition-in-nigeria/,no,no,no,property-acquisition-in-nigeria,not approved,,excluded while hidden,pending,not required unless revived,source body not present in Phase 5C prepared drafts; SEO title requires RankMath/source preservation or rewrite; meta description requires RankMath/source preservation or rewrite; image recovery/fallback required; redirect planning only; do not publish as article without equivalent content
363,,https://chamanlawfirm.com/how-to-increase-a-company-share/,how-to-increase-a-company-share,How To Increase A Company Share,,,,,30,2892,source body not present in Phase 5C prepared drafts; SEO title requires RankMath/source preservation or rewrite; meta description requires RankMath/source preservation or rewrite; image recovery/fallback required,not restored,/resources/blog/how-to-increase-a-company-share,no,no,no,how-to-increase-a-company-share,not approved,,excluded while hidden,pending,pending lawyer review,source body not present in Phase 5C prepared drafts; SEO title requires RankMath/source preservation or rewrite; meta description requires RankMath/source preservation or rewrite; image recovery/fallback required
364,,https://chamanlawfirm.com/what-tenancy-laws-apply-to-landlords/,what-tenancy-laws-apply-to-landlords,What Tenancy Laws Apply To Landlords,,,,,30,2123,source body not present in Phase 5C prepared drafts; SEO title requires RankMath/source preservation or rewrite; meta description requires RankMath/source preservation or rewrite; image recovery/fallback required,not restored,/resources/blog/what-tenancy-laws-apply-to-landlords,no,no,no,what-tenancy-laws-apply-to-landlords,not approved,,excluded while hidden,pending,pending lawyer review,source body not present in Phase 5C prepared drafts; SEO title requires RankMath/source preservation or rewrite; meta description requires RankMath/source preservation or rewrite; image recovery/fallback required
365,,https://chamanlawfirm.com/land-use-charge-in-ogun-state-chaman-law-firm/,land-use-charge-in-ogun-state-chaman-law-firm,Land Use Charge In Ogun State Chaman Law Firm,,,,,30,1882,source body not present in Phase 5C prepared drafts; SEO title requires RankMath/source preservation or rewrite; meta description requires RankMath/source preservation or rewrite; image recovery/fallback required,not restored,/resources/blog/land-use-charge-in-ogun-state-chaman-law-firm,no,no,no,land-use-charge-in-ogun-state-chaman-law-firm,not approved,,excluded while hidden,pending,pending lawyer review,source body not present in Phase 5C prepared drafts; SEO title requires RankMath/source preservation or rewrite; meta description requires RankMath/source preservation or rewrite; image recovery/fallback required
366,,https://chamanlawfirm.com/consequences-of-fail-to-pay-taxes-in-nigeria/,consequences-of-fail-to-pay-taxes-in-nigeria,Consequences Of Fail To Pay Taxes In Nigeria,,,,,30,1693,source body not present in Phase 5C prepared drafts; SEO title requires RankMath/source preservation or rewrite; meta description requires RankMath/source preservation or rewrite; image recovery/fallback required,not restored,/resources/blog/consequences-of-fail-to-pay-taxes-in-nigeria,no,no,no,consequences-of-fail-to-pay-taxes-in-nigeria,not approved,,excluded while hidden,pending,pending lawyer review,source body not present in Phase 5C prepared drafts; SEO title requires RankMath/source preservation or rewrite; meta description requires RankMath/source preservation or rewrite; image recovery/fallback required
367,,https://chamanlawfirm.com/consequences-of-not-paying-land-use-charge/,consequences-of-not-paying-land-use-charge,Consequences Of Not Paying Land Use Charge,,,,,30,1506,source body not present in Phase 5C prepared drafts; SEO title requires RankMath/source preservation or rewrite; meta description requires RankMath/source preservation or rewrite; image recovery/fallback required,not restored,/resources/blog/consequences-of-not-paying-land-use-charge,no,no,no,consequences-of-not-paying-land-use-charge,not approved,,excluded while hidden,pending,pending lawyer review,source body not present in Phase 5C prepared drafts; SEO title requires RankMath/source preservation or rewrite; meta description requires RankMath/source preservation or rewrite; image recovery/fallback required
368,,https://chamanlawfirm.com/what-is-the-statutory-right-of-occupancy-in-nigeria,what-is-the-statutory-right-of-occupancy-in-nigeria,What Is The Statutory Right Of Occupancy In Nigeria,,,,,30,1360,source body not present in Phase 5C prepared drafts; SEO title requires RankMath/source preservation or rewrite; meta description requires RankMath/source preservation or rewrite; image recovery/fallback required,not restored,/resources/blog/what-is-the-statutory-right-of-occupancy-in-nigeria,no,no,no,what-is-the-statutory-right-of-occupancy-in-nigeria,not approved,,excluded while hidden,pending,pending lawyer review,source body not present in Phase 5C prepared drafts; SEO title requires RankMath/source preservation or rewrite; meta description requires RankMath/source preservation or rewrite; image recovery/fallback required
369,,https://chamanlawfirm.com/examination-of-power-of-attorney/,examination-of-power-of-attorney,Examination Of Power Of Attorney,,,,,29,4294,source body not present in Phase 5C prepared drafts; SEO title requires RankMath/source preservation or rewrite; meta description requires RankMath/source preservation or rewrite; image recovery/fallback required,not restored,/resources/blog/examination-of-power-of-attorney,no,no,no,examination-of-power-of-attorney,not approved,,excluded while hidden,pending,pending lawyer review,source body not present in Phase 5C prepared drafts; SEO title requires RankMath/source preservation or rewrite; meta description requires RankMath/source preservation or rewrite; image recovery/fallback required
370,,https://www.chamanlawfirm.com/the-different-types-of-marriage-in-nigeria/,the-different-types-of-marriage-in-nigeria,The Different Types Of Marriage In Nigeria,,,,,29,3892,source body not present in Phase 5C prepared drafts; SEO title requires RankMath/source preservation or rewrite; meta description requires RankMath/source preservation or rewrite; image recovery/fallback required; redirect planning only; do not publish as article without equivalent content,not restored,https://chamanlawfirm.com/the-different-types-of-marriage-in-nigeria/,no,no,no,the-different-types-of-marriage-in-nigeria,not approved,,excluded while hidden,pending,not required unless revived,source body not present in Phase 5C prepared drafts; SEO title requires RankMath/source preservation or rewrite; meta description requires RankMath/source preservation or rewrite; image recovery/fallback required; redirect planning only; do not publish as article without equivalent content
371,,https://chamanlawfirm.com/safest-estates-in-ogun-for-diaspora-investors/,safest-estates-in-ogun-for-diaspora-investors,Safest Estates In Ogun For Diaspora Investors,,,,,29,3823,source body not present in Phase 5C prepared drafts; SEO title requires RankMath/source preservation or rewrite; meta description requires RankMath/source preservation or rewrite; image recovery/fallback required,not restored,/resources/blog/safest-estates-in-ogun-for-diaspora-investors,no,no,no,safest-estates-in-ogun-for-diaspora-investors,not approved,,excluded while hidden,pending,pending lawyer review,source body not present in Phase 5C prepared drafts; SEO title requires RankMath/source preservation or rewrite; meta description requires RankMath/source preservation or rewrite; image recovery/fallback required
372,,https://chamanlawfirm.com/pro-bono-legal-service/,pro-bono-legal-service,Pro Bono Legal Service,,,,,29,3163,source body not present in Phase 5C prepared drafts; SEO title requires RankMath/source preservation or rewrite; meta description requires RankMath/source preservation or rewrite; image recovery/fallback required,not restored,/resources/blog/pro-bono-legal-service,no,no,no,pro-bono-legal-service,not approved,,excluded while hidden,pending,pending lawyer review,source body not present in Phase 5C prepared drafts; SEO title requires RankMath/source preservation or rewrite; meta description requires RankMath/source preservation or rewrite; image recovery/fallback required
373,,https://chamanlawfirm.com/survey-plan-registration-how-do-i-process-it/,survey-plan-registration-how-do-i-process-it,Survey Plan Registration How Do I Process It,,,,,29,2986,source body not present in Phase 5C prepared drafts; SEO title requires RankMath/source preservation or rewrite; meta description requires RankMath/source preservation or rewrite; image recovery/fallback required,not restored,/resources/blog/survey-plan-registration-how-do-i-process-it,no,no,no,survey-plan-registration-how-do-i-process-it,not approved,,excluded while hidden,pending,pending lawyer review,source body not present in Phase 5C prepared drafts; SEO title requires RankMath/source preservation or rewrite; meta description requires RankMath/source preservation or rewrite; image recovery/fallback required
374,,https://chamanlawfirm.com/the-procedure-and-documents-for-perfecting-t/,the-procedure-and-documents-for-perfecting-t,The Procedure And Documents For Perfecting T,,,,,29,2206,source body not present in Phase 5C prepared drafts; SEO title requires RankMath/source preservation or rewrite; meta description requires RankMath/source preservation or rewrite; image recovery/fallback required,not restored,/resources/blog/the-procedure-and-documents-for-perfecting-t,no,no,no,the-procedure-and-documents-for-perfecting-t,not approved,,excluded while hidden,pending,pending lawyer review,source body not present in Phase 5C prepared drafts; SEO title requires RankMath/source preservation or rewrite; meta description requires RankMath/source preservation or rewrite; image recovery/fallback required
375,,https://chamanlawfirm.com/mortgage-vis-a-vis-similar-transactions/,mortgage-vis-a-vis-similar-transactions,Mortgage Vis A Vis Similar Transactions,,,,,29,2126,source body not present in Phase 5C prepared drafts; SEO title requires RankMath/source preservation or rewrite; meta description requires RankMath/source preservation or rewrite; image recovery/fallback required,not restored,/resources/blog/mortgage-vis-a-vis-similar-transactions,no,no,no,mortgage-vis-a-vis-similar-transactions,not approved,,excluded while hidden,pending,pending lawyer review,source body not present in Phase 5C prepared drafts; SEO title requires RankMath/source preservation or rewrite; meta description requires RankMath/source preservation or rewrite; image recovery/fallback required
376,,https://chamanlawfirm.com/insurance-fraud-in-nigeria/,insurance-fraud-in-nigeria,Insurance Fraud In Nigeria,,,,,29,899,source body not present in Phase 5C prepared drafts; SEO title requires RankMath/source preservation or rewrite; meta description requires RankMath/source preservation or rewrite; image recovery/fallback required,not restored,/resources/blog/insurance-fraud-in-nigeria,no,no,no,insurance-fraud-in-nigeria,not approved,,excluded while hidden,pending,pending lawyer review,source body not present in Phase 5C prepared drafts; SEO title requires RankMath/source preservation or rewrite; meta description requires RankMath/source preservation or rewrite; image recovery/fallback required
377,,https://chamanlawfirm.com/how-to-open-a-company-bank-account-in-nigeria/,how-to-open-a-company-bank-account-in-nigeria,How To Open A Company Bank Account In Nigeria,,,,,28,15765,source body not present in Phase 5C prepared drafts; SEO title requires RankMath/source preservation or rewrite; meta description requires RankMath/source preservation or rewrite; image recovery/fallback required,not restored,/resources/blog/how-to-open-a-company-bank-account-in-nigeria,no,no,no,how-to-open-a-company-bank-account-in-nigeria,not approved,,excluded while hidden,pending,pending lawyer review,source body not present in Phase 5C prepared drafts; SEO title requires RankMath/source preservation or rewrite; meta description requires RankMath/source preservation or rewrite; image recovery/fallback required
378,,https://chamanlawfirm.com/how-to-terminate-a-tenancy-relationship-in/,how-to-terminate-a-tenancy-relationship-in,How To Terminate A Tenancy Relationship In,,,,,28,6004,source body not present in Phase 5C prepared drafts; SEO title requires RankMath/source preservation or rewrite; meta description requires RankMath/source preservation or rewrite; image recovery/fallback required,not restored,/resources/blog/how-to-terminate-a-tenancy-relationship-in,no,no,no,how-to-terminate-a-tenancy-relationship-in,not approved,,excluded while hidden,pending,pending lawyer review,source body not present in Phase 5C prepared drafts; SEO title requires RankMath/source preservation or rewrite; meta description requires RankMath/source preservation or rewrite; image recovery/fallback required
379,,https://chamanlawfirm.com/urban-redevelopment-challenges-in-nigeria/,urban-redevelopment-challenges-in-nigeria,Urban Redevelopment Challenges In Nigeria,,,,,28,4700,source body not present in Phase 5C prepared drafts; SEO title requires RankMath/source preservation or rewrite; meta description requires RankMath/source preservation or rewrite; image recovery/fallback required,not restored,/resources/blog/urban-redevelopment-challenges-in-nigeria,no,no,no,urban-redevelopment-challenges-in-nigeria,not approved,,excluded while hidden,pending,pending lawyer review,source body not present in Phase 5C prepared drafts; SEO title requires RankMath/source preservation or rewrite; meta description requires RankMath/source preservation or rewrite; image recovery/fallback required
380,,https://chamanlawfirm.com/obtaining-a-certificate-of-occupancy/,obtaining-a-certificate-of-occupancy,Obtaining A Certificate Of Occupancy,,,,,28,3256,source body not present in Phase 5C prepared drafts; SEO title requires RankMath/source preservation or rewrite; meta description requires RankMath/source preservation or rewrite; image recovery/fallback required,not restored,/resources/blog/obtaining-a-certificate-of-occupancy,no,no,no,obtaining-a-certificate-of-occupancy,not approved,,excluded while hidden,pending,pending lawyer review,source body not present in Phase 5C prepared drafts; SEO title requires RankMath/source preservation or rewrite; meta description requires RankMath/source preservation or rewrite; image recovery/fallback required
381,,https://chamanlawfirm.com/legal-implications-of-overstaying-a-visa-inn/,legal-implications-of-overstaying-a-visa-inn,Legal Implications Of Overstaying A Visa Inn,,,,,28,3039,source body not present in Phase 5C prepared drafts; SEO title requires RankMath/source preservation or rewrite; meta description requires RankMath/source preservation or rewrite; image recovery/fallback required,not restored,/resources/blog/legal-implications-of-overstaying-a-visa-inn,no,no,no,legal-implications-of-overstaying-a-visa-inn,not approved,,excluded while hidden,pending,pending lawyer review,source body not present in Phase 5C prepared drafts; SEO title requires RankMath/source preservation or rewrite; meta description requires RankMath/source preservation or rewrite; image recovery/fallback required
382,,https://chamanlawfirm.com/nigerian-citizens-in-government-surveillance/,nigerian-citizens-in-government-surveillance,Nigerian Citizens In Government Surveillance,,,,,28,2801,source body not present in Phase 5C prepared drafts; SEO title requires RankMath/source preservation or rewrite; meta description requires RankMath/source preservation or rewrite; image recovery/fallback required,not restored,/resources/blog/nigerian-citizens-in-government-surveillance,no,no,no,nigerian-citizens-in-government-surveillance,not approved,,excluded while hidden,pending,pending lawyer review,source body not present in Phase 5C prepared drafts; SEO title requires RankMath/source preservation or rewrite; meta description requires RankMath/source preservation or rewrite; image recovery/fallback required
383,,https://chamanlawfirm.com/corporate-governance-and-business-ethics/,corporate-governance-and-business-ethics,Corporate Governance And Business Ethics,,,,,27,8603,source body not present in Phase 5C prepared drafts; SEO title requires RankMath/source preservation or rewrite; meta description requires RankMath/source preservation or rewrite; image recovery/fallback required,not restored,/resources/blog/corporate-governance-and-business-ethics,no,no,no,corporate-governance-and-business-ethics,not approved,,excluded while hidden,pending,pending lawyer review,source body not present in Phase 5C prepared drafts; SEO title requires RankMath/source preservation or rewrite; meta description requires RankMath/source preservation or rewrite; image recovery/fallback required
384,,https://chamanlawfirm.com/7-steps-on-how-to-use-small-claims-court/,7-steps-on-how-to-use-small-claims-court,7 Steps On How To Use Small Claims Court,,,,,27,5965,source body not present in Phase 5C prepared drafts; SEO title requires RankMath/source preservation or rewrite; meta description requires RankMath/source preservation or rewrite; image recovery/fallback required,not restored,/resources/blog/7-steps-on-how-to-use-small-claims-court,no,no,no,7-steps-on-how-to-use-small-claims-court,not approved,,excluded while hidden,pending,pending lawyer review,source body not present in Phase 5C prepared drafts; SEO title requires RankMath/source preservation or rewrite; meta description requires RankMath/source preservation or rewrite; image recovery/fallback required
385,,https://chamanlawfirm.com/stamp-duty-what-buyers-and-sellers-must-know/,stamp-duty-what-buyers-and-sellers-must-know,Stamp Duty What Buyers And Sellers Must Know,,,,,27,4804,source body not present in Phase 5C prepared drafts; SEO title requires RankMath/source preservation or rewrite; meta description requires RankMath/source preservation or rewrite; image recovery/fallback required,not restored,/resources/blog/stamp-duty-what-buyers-and-sellers-must-know,no,no,no,stamp-duty-what-buyers-and-sellers-must-know,not approved,,excluded while hidden,pending,pending lawyer review,source body not present in Phase 5C prepared drafts; SEO title requires RankMath/source preservation or rewrite; meta description requires RankMath/source preservation or rewrite; image recovery/fallback required
386,,https://chamanlawfirm.com/how-to-apply-and-get-a-governors-consent/,how-to-apply-and-get-a-governors-consent,How To Apply And Get A Governors Consent,,,,,27,3655,source body not present in Phase 5C prepared drafts; SEO title requires RankMath/source preservation or rewrite; meta description requires RankMath/source preservation or rewrite; image recovery/fallback required,not restored,/resources/blog/how-to-apply-and-get-a-governors-consent,no,no,no,how-to-apply-and-get-a-governors-consent,not approved,,excluded while hidden,pending,pending lawyer review,source body not present in Phase 5C prepared drafts; SEO title requires RankMath/source preservation or rewrite; meta description requires RankMath/source preservation or rewrite; image recovery/fallback required
387,,https://chamanlawfirm.com/legal-requirementsfor-registering-a-property/,legal-requirementsfor-registering-a-property,Legal Requirementsfor Registering A Property,,,,,27,2830,source body not present in Phase 5C prepared drafts; SEO title requires RankMath/source preservation or rewrite; meta description requires RankMath/source preservation or rewrite; image recovery/fallback required,not restored,/resources/blog/legal-requirementsfor-registering-a-property,no,no,no,legal-requirementsfor-registering-a-property,not approved,,excluded while hidden,pending,pending lawyer review,source body not present in Phase 5C prepared drafts; SEO title requires RankMath/source preservation or rewrite; meta description requires RankMath/source preservation or rewrite; image recovery/fallback required
388,,https://chamanlawfirm.com/obtain-letter-of-administration/,obtain-letter-of-administration,Obtain Letter Of Administration,,,,,27,2667,source body not present in Phase 5C prepared drafts; SEO title requires RankMath/source preservation or rewrite; meta description requires RankMath/source preservation or rewrite; image recovery/fallback required; redirect planning only; do not publish as article without equivalent content,not restored,https://chamanlawfirm.com/obtain-letter-of-administration/,no,no,no,obtain-letter-of-administration,not approved,,excluded while hidden,pending,not required unless revived,source body not present in Phase 5C prepared drafts; SEO title requires RankMath/source preservation or rewrite; meta description requires RankMath/source preservation or rewrite; image recovery/fallback required; redirect planning only; do not publish as article without equivalent content
389,,https://chamanlawfirm.com/cyber-crime-awareness-campaigns-10-powerful/,cyber-crime-awareness-campaigns-10-powerful,Cyber Crime Awareness Campaigns 10 Powerful,,,,,27,2356,source body not present in Phase 5C prepared drafts; SEO title requires RankMath/source preservation or rewrite; meta description requires RankMath/source preservation or rewrite; image recovery/fallback required,not restored,/resources/blog/cyber-crime-awareness-campaigns-10-powerful,no,no,no,cyber-crime-awareness-campaigns-10-powerful,not approved,,excluded while hidden,pending,pending lawyer review,source body not present in Phase 5C prepared drafts; SEO title requires RankMath/source preservation or rewrite; meta description requires RankMath/source preservation or rewrite; image recovery/fallback required
390,,https://chamanlawfirm.com/inheritance-rights-under-ogun-customary-law/,inheritance-rights-under-ogun-customary-law,Inheritance Rights Under Ogun Customary Law,,,,,27,1938,source body not present in Phase 5C prepared drafts; SEO title requires RankMath/source preservation or rewrite; meta description requires RankMath/source preservation or rewrite; image recovery/fallback required,not restored,/resources/blog/inheritance-rights-under-ogun-customary-law,no,no,no,inheritance-rights-under-ogun-customary-law,not approved,,excluded while hidden,pending,pending lawyer review,source body not present in Phase 5C prepared drafts; SEO title requires RankMath/source preservation or rewrite; meta description requires RankMath/source preservation or rewrite; image recovery/fallback required
391,,https://chamanlawfirm.com/top-gated-estates-in-ogun-state-chaman-law/,top-gated-estates-in-ogun-state-chaman-law,Top Gated Estates In Ogun State Chaman Law,,,,,27,1323,source body not present in Phase 5C prepared drafts; SEO title requires RankMath/source preservation or rewrite; meta description requires RankMath/source preservation or rewrite; image recovery/fallback required; property/off-brand signal requires exclusion review,not restored,/resources/blog/top-gated-estates-in-ogun-state-chaman-law,no,no,no,top-gated-estates-in-ogun-state-chaman-law,not approved,,excluded while hidden,pending,pending lawyer review,source body not present in Phase 5C prepared drafts; SEO title requires RankMath/source preservation or rewrite; meta description requires RankMath/source preservation or rewrite; image recovery/fallback required; property/off-brand signal requires exclusion review
392,,https://chamanlawfirm.com/family-property-disputes-in-lagos/,family-property-disputes-in-lagos,Family Property Disputes In Lagos,,,,,27,1214,source body not present in Phase 5C prepared drafts; SEO title requires RankMath/source preservation or rewrite; meta description requires RankMath/source preservation or rewrite; image recovery/fallback required,not restored,/resources/blog/family-property-disputes-in-lagos,no,no,no,family-property-disputes-in-lagos,not approved,,excluded while hidden,pending,pending lawyer review,source body not present in Phase 5C prepared drafts; SEO title requires RankMath/source preservation or rewrite; meta description requires RankMath/source preservation or rewrite; image recovery/fallback required
393,,https://chamanlawfirm.com/defenses-and-bars-to-a-petition-for-divorce/,defenses-and-bars-to-a-petition-for-divorce,Defenses And Bars To A Petition For Divorce,,,,,27,1113,source body not present in Phase 5C prepared drafts; SEO title requires RankMath/source preservation or rewrite; meta description requires RankMath/source preservation or rewrite; image recovery/fallback required,not restored,/resources/blog/defenses-and-bars-to-a-petition-for-divorce,no,no,no,defenses-and-bars-to-a-petition-for-divorce,not approved,,excluded while hidden,pending,pending lawyer review,source body not present in Phase 5C prepared drafts; SEO title requires RankMath/source preservation or rewrite; meta description requires RankMath/source preservation or rewrite; image recovery/fallback required
394,,https://chamanlawfirm.com/challenges-in-debt-recovery-and-solutions/,challenges-in-debt-recovery-and-solutions,Challenges In Debt Recovery And Solutions,,,,,27,930,source body not present in Phase 5C prepared drafts; SEO title requires RankMath/source preservation or rewrite; meta description requires RankMath/source preservation or rewrite; image recovery/fallback required,not restored,/resources/blog/challenges-in-debt-recovery-and-solutions,no,no,no,challenges-in-debt-recovery-and-solutions,not approved,,excluded while hidden,pending,pending lawyer review,source body not present in Phase 5C prepared drafts; SEO title requires RankMath/source preservation or rewrite; meta description requires RankMath/source preservation or rewrite; image recovery/fallback required
395,,https://chamanlawfirm.com/land-use-act-impact-land-ownership-and-titles/,land-use-act-impact-land-ownership-and-titles,Land Use Act Impact Land Ownership And Titles,,,,,26,9992,source body not present in Phase 5C prepared drafts; SEO title requires RankMath/source preservation or rewrite; meta description requires RankMath/source preservation or rewrite; image recovery/fallback required,not restored,/resources/blog/land-use-act-impact-land-ownership-and-titles,no,no,no,land-use-act-impact-land-ownership-and-titles,not approved,,excluded while hidden,pending,pending lawyer review,source body not present in Phase 5C prepared drafts; SEO title requires RankMath/source preservation or rewrite; meta description requires RankMath/source preservation or rewrite; image recovery/fallback required
396,,https://chamanlawfirm.com/filing-for-divorce-in-nigeria-a-comprehen/,filing-for-divorce-in-nigeria-a-comprehen,Filing For Divorce In Nigeria A Comprehen,,,,,26,6713,source body not present in Phase 5C prepared drafts; SEO title requires RankMath/source preservation or rewrite; meta description requires RankMath/source preservation or rewrite; image recovery/fallback required,not restored,/resources/blog/filing-for-divorce-in-nigeria-a-comprehen,no,no,no,filing-for-divorce-in-nigeria-a-comprehen,not approved,,excluded while hidden,pending,pending lawyer review,source body not present in Phase 5C prepared drafts; SEO title requires RankMath/source preservation or rewrite; meta description requires RankMath/source preservation or rewrite; image recovery/fallback required
397,,https://chamanlawfirm.com/registering-a-private-security-company/,registering-a-private-security-company,Registering A Private Security Company,,,,,26,6575,source body not present in Phase 5C prepared drafts; SEO title requires RankMath/source preservation or rewrite; meta description requires RankMath/source preservation or rewrite; image recovery/fallback required,not restored,/resources/blog/registering-a-private-security-company,no,no,no,registering-a-private-security-company,not approved,,excluded while hidden,pending,pending lawyer review,source body not present in Phase 5C prepared drafts; SEO title requires RankMath/source preservation or rewrite; meta description requires RankMath/source preservation or rewrite; image recovery/fallback required
398,,https://chamanlawfirm.com/how-to-obtain-government-approvals-and-permits/,how-to-obtain-government-approvals-and-permits,How To Obtain Government Approvals And Permits,,,,,26,3295,source body not present in Phase 5C prepared drafts; SEO title requires RankMath/source preservation or rewrite; meta description requires RankMath/source preservation or rewrite; image recovery/fallback required; redirect planning only; do not publish as article without equivalent content,not restored,https://chamanlawfirm.com/how-to-obtain-government-approvals-and-permits/,no,no,no,how-to-obtain-government-approvals-and-permits,not approved,,excluded while hidden,pending,not required unless revived,source body not present in Phase 5C prepared drafts; SEO title requires RankMath/source preservation or rewrite; meta description requires RankMath/source preservation or rewrite; image recovery/fallback required; redirect planning only; do not publish as article without equivalent content
399,,https://chamanlawfirm.com/the-ways-trade-union-activities-are-settled/,the-ways-trade-union-activities-are-settled,The Ways Trade Union Activities Are Settled,,,,,26,3004,source body not present in Phase 5C prepared drafts; SEO title requires RankMath/source preservation or rewrite; meta description requires RankMath/source preservation or rewrite; image recovery/fallback required,not restored,/resources/blog/the-ways-trade-union-activities-are-settled,no,no,no,the-ways-trade-union-activities-are-settled,not approved,,excluded while hidden,pending,pending lawyer review,source body not present in Phase 5C prepared drafts; SEO title requires RankMath/source preservation or rewrite; meta description requires RankMath/source preservation or rewrite; image recovery/fallback required
400,,https://chamanlawfirm.com/cyber-bullying-laws-in-nigeria/,cyber-bullying-laws-in-nigeria,Cyber Bullying Laws In Nigeria,,,,,26,2757,source body not present in Phase 5C prepared drafts; SEO title requires RankMath/source preservation or rewrite; meta description requires RankMath/source preservation or rewrite; image recovery/fallback required,not restored,/resources/blog/cyber-bullying-laws-in-nigeria,no,no,no,cyber-bullying-laws-in-nigeria,not approved,,excluded while hidden,pending,pending lawyer review,source body not present in Phase 5C prepared drafts; SEO title requires RankMath/source preservation or rewrite; meta description requires RankMath/source preservation or rewrite; image recovery/fallback required
401,,https://chamanlawfirm.com/bankruptcy-and-insolvency-in-nigeria/,bankruptcy-and-insolvency-in-nigeria,Bankruptcy And Insolvency In Nigeria,,,,,26,2634,source body not present in Phase 5C prepared drafts; SEO title requires RankMath/source preservation or rewrite; meta description requires RankMath/source preservation or rewrite; image recovery/fallback required,not restored,/resources/blog/bankruptcy-and-insolvency-in-nigeria,no,no,no,bankruptcy-and-insolvency-in-nigeria,not approved,,excluded while hidden,pending,pending lawyer review,source body not present in Phase 5C prepared drafts; SEO title requires RankMath/source preservation or rewrite; meta description requires RankMath/source preservation or rewrite; image recovery/fallback required
402,,https://chamanlawfirm.com/powerful-steps-grant-of-probate-in-lagos-state/,powerful-steps-grant-of-probate-in-lagos-state,Powerful Steps Grant Of Probate In Lagos State,,,,,26,2067,source body not present in Phase 5C prepared drafts; SEO title requires RankMath/source preservation or rewrite; meta description requires RankMath/source preservation or rewrite; image recovery/fallback required,not restored,/resources/blog/powerful-steps-grant-of-probate-in-lagos-state,no,no,no,powerful-steps-grant-of-probate-in-lagos-state,not approved,,excluded while hidden,pending,pending lawyer review,source body not present in Phase 5C prepared drafts; SEO title requires RankMath/source preservation or rewrite; meta description requires RankMath/source preservation or rewrite; image recovery/fallback required
403,,https://chamanlawfirm.com/family-disputes-with-international-dimension/,family-disputes-with-international-dimension,Family Disputes With International Dimension,,,,,26,1524,source body not present in Phase 5C prepared drafts; SEO title requires RankMath/source preservation or rewrite; meta description requires RankMath/source preservation or rewrite; image recovery/fallback required,not restored,/resources/blog/family-disputes-with-international-dimension,no,no,no,family-disputes-with-international-dimension,not approved,,excluded while hidden,pending,pending lawyer review,source body not present in Phase 5C prepared drafts; SEO title requires RankMath/source preservation or rewrite; meta description requires RankMath/source preservation or rewrite; image recovery/fallback required
404,,https://chamanlawfirm.com/navigating-the-probate-registry-in-ogun-state/,navigating-the-probate-registry-in-ogun-state,Navigating The Probate Registry In Ogun State,,,,,26,769,source body not present in Phase 5C prepared drafts; SEO title requires RankMath/source preservation or rewrite; meta description requires RankMath/source preservation or rewrite; image recovery/fallback required,not restored,/resources/blog/navigating-the-probate-registry-in-ogun-state,no,no,no,navigating-the-probate-registry-in-ogun-state,not approved,,excluded while hidden,pending,pending lawyer review,source body not present in Phase 5C prepared drafts; SEO title requires RankMath/source preservation or rewrite; meta description requires RankMath/source preservation or rewrite; image recovery/fallback required
405,,https://chamanlawfirm.com/real-estate-agents-and-brokers-in-nigeria/,real-estate-agents-and-brokers-in-nigeria,Real Estate Agents And Brokers In Nigeria,,,,,25,5826,source body not present in Phase 5C prepared drafts; SEO title requires RankMath/source preservation or rewrite; meta description requires RankMath/source preservation or rewrite; image recovery/fallback required,not restored,/resources/blog/real-estate-agents-and-brokers-in-nigeria,no,no,no,real-estate-agents-and-brokers-in-nigeria,not approved,,excluded while hidden,pending,pending lawyer review,source body not present in Phase 5C prepared drafts; SEO title requires RankMath/source preservation or rewrite; meta description requires RankMath/source preservation or rewrite; image recovery/fallback required
406,,https://chamanlawfirm.com/how-to-verify-property-titles-in-nigeria/,how-to-verify-property-titles-in-nigeria,How To Verify Property Titles In Nigeria,,,,,25,5629,source body not present in Phase 5C prepared drafts; SEO title requires RankMath/source preservation or rewrite; meta description requires RankMath/source preservation or rewrite; image recovery/fallback required,not restored,/resources/blog/how-to-verify-property-titles-in-nigeria,no,no,no,how-to-verify-property-titles-in-nigeria,not approved,,excluded while hidden,pending,pending lawyer review,source body not present in Phase 5C prepared drafts; SEO title requires RankMath/source preservation or rewrite; meta description requires RankMath/source preservation or rewrite; image recovery/fallback required
407,,https://chamanlawfirm.com/understandingof4typesofinvestmentagreements/,understandingof4typesofinvestmentagreements,Understandingof4typesofinvestmentagreements,,,,,25,4047,source body not present in Phase 5C prepared drafts; SEO title requires RankMath/source preservation or rewrite; meta description requires RankMath/source preservation or rewrite; image recovery/fallback required,not restored,/resources/blog/understandingof4typesofinvestmentagreements,no,no,no,understandingof4typesofinvestmentagreements,not approved,,excluded while hidden,pending,pending lawyer review,source body not present in Phase 5C prepared drafts; SEO title requires RankMath/source preservation or rewrite; meta description requires RankMath/source preservation or rewrite; image recovery/fallback required
408,,https://chamanlawfirm.com/division-in-divorce-proceedings/,division-in-divorce-proceedings,Division In Divorce Proceedings,,,,,25,3451,source body not present in Phase 5C prepared drafts; SEO title requires RankMath/source preservation or rewrite; meta description requires RankMath/source preservation or rewrite; image recovery/fallback required,not restored,/resources/blog/division-in-divorce-proceedings,no,no,no,division-in-divorce-proceedings,not approved,,excluded while hidden,pending,pending lawyer review,source body not present in Phase 5C prepared drafts; SEO title requires RankMath/source preservation or rewrite; meta description requires RankMath/source preservation or rewrite; image recovery/fallback required
409,,https://chamanlawfirm.com/bridge-and-highway-construction-in-nigeria/,bridge-and-highway-construction-in-nigeria,Bridge And Highway Construction In Nigeria,,,,,25,3257,source body not present in Phase 5C prepared drafts; SEO title requires RankMath/source preservation or rewrite; meta description requires RankMath/source preservation or rewrite; image recovery/fallback required,not restored,/resources/blog/bridge-and-highway-construction-in-nigeria,no,no,no,bridge-and-highway-construction-in-nigeria,not approved,,excluded while hidden,pending,pending lawyer review,source body not present in Phase 5C prepared drafts; SEO title requires RankMath/source preservation or rewrite; meta description requires RankMath/source preservation or rewrite; image recovery/fallback required
410,,https://chamanlawfirm.com/how-to-verify-a-propertys-survey-plan-in-lagos/,how-to-verify-a-propertys-survey-plan-in-lagos,How To Verify A Propertys Survey Plan In Lagos,,,,,25,2630,source body not present in Phase 5C prepared drafts; SEO title requires RankMath/source preservation or rewrite; meta description requires RankMath/source preservation or rewrite; image recovery/fallback required,not restored,/resources/blog/how-to-verify-a-propertys-survey-plan-in-lagos,no,no,no,how-to-verify-a-propertys-survey-plan-in-lagos,not approved,,excluded while hidden,pending,pending lawyer review,source body not present in Phase 5C prepared drafts; SEO title requires RankMath/source preservation or rewrite; meta description requires RankMath/source preservation or rewrite; image recovery/fallback required
411,,https://chamanlawfirm.com/calculate-land-use-charge-chaman-law-firm/,calculate-land-use-charge-chaman-law-firm,Calculate Land Use Charge Chaman Law Firm,,,,,25,1874,source body not present in Phase 5C prepared drafts; SEO title requires RankMath/source preservation or rewrite; meta description requires RankMath/source preservation or rewrite; image recovery/fallback required,not restored,/resources/blog/calculate-land-use-charge-chaman-law-firm,no,no,no,calculate-land-use-charge-chaman-law-firm,not approved,,excluded while hidden,pending,pending lawyer review,source body not present in Phase 5C prepared drafts; SEO title requires RankMath/source preservation or rewrite; meta description requires RankMath/source preservation or rewrite; image recovery/fallback required
412,,https://chamanlawfirm.com/how-to-know-the-nature-of-lease-agreement/,how-to-know-the-nature-of-lease-agreement,How To Know The Nature Of Lease Agreement,,,,,25,1784,source body not present in Phase 5C prepared drafts; SEO title requires RankMath/source preservation or rewrite; meta description requires RankMath/source preservation or rewrite; image recovery/fallback required,not restored,/resources/blog/how-to-know-the-nature-of-lease-agreement,no,no,no,how-to-know-the-nature-of-lease-agreement,not approved,,excluded while hidden,pending,pending lawyer review,source body not present in Phase 5C prepared drafts; SEO title requires RankMath/source preservation or rewrite; meta description requires RankMath/source preservation or rewrite; image recovery/fallback required
413,,https://chamanlawfirm.com/how-does-the-land-use-act-involve-the-surveyor-generals-office/,how-does-the-land-use-act-involve-the-surveyor-generals-office,How Does The Land Use Act Involve The Surveyor Generals Office,,,,,25,1776,source body not present in Phase 5C prepared drafts; SEO title requires RankMath/source preservation or rewrite; meta description requires RankMath/source preservation or rewrite; image recovery/fallback required,not restored,/resources/blog/how-does-the-land-use-act-involve-the-surveyor-generals-office,no,no,no,how-does-the-land-use-act-involve-the-surveyor-generals-office,not approved,,excluded while hidden,pending,pending lawyer review,source body not present in Phase 5C prepared drafts; SEO title requires RankMath/source preservation or rewrite; meta description requires RankMath/source preservation or rewrite; image recovery/fallback required
414,,https://chamanlawfirm.com/strategies-to-handle-a-bad-tenant-legally/,strategies-to-handle-a-bad-tenant-legally,Strategies To Handle A Bad Tenant Legally,,,,,25,1608,source body not present in Phase 5C prepared drafts; SEO title requires RankMath/source preservation or rewrite; meta description requires RankMath/source preservation or rewrite; image recovery/fallback required,not restored,/resources/blog/strategies-to-handle-a-bad-tenant-legally,no,no,no,strategies-to-handle-a-bad-tenant-legally,not approved,,excluded while hidden,pending,pending lawyer review,source body not present in Phase 5C prepared drafts; SEO title requires RankMath/source preservation or rewrite; meta description requires RankMath/source preservation or rewrite; image recovery/fallback required
415,,https://chamanlawfirm.com/book-consultation/,book-consultation,Book Consultation,,,,,25,530,source body not present in Phase 5C prepared drafts; SEO title requires RankMath/source preservation or rewrite; meta description requires RankMath/source preservation or rewrite; image recovery/fallback required,not restored,/resources/blog/book-consultation,no,no,no,book-consultation,not approved,,excluded while hidden,pending,pending lawyer review,source body not present in Phase 5C prepared drafts; SEO title requires RankMath/source preservation or rewrite; meta description requires RankMath/source preservation or rewrite; image recovery/fallback required
416,,https://chamanlawfirm.com/registration-with-the-nigerian-investment/,registration-with-the-nigerian-investment,Registration With The Nigerian Investment,,,,,24,14412,source body not present in Phase 5C prepared drafts; SEO title requires RankMath/source preservation or rewrite; meta description requires RankMath/source preservation or rewrite; image recovery/fallback required,not restored,/resources/blog/registration-with-the-nigerian-investment,no,no,no,registration-with-the-nigerian-investment,not approved,,excluded while hidden,pending,pending lawyer review,source body not present in Phase 5C prepared drafts; SEO title requires RankMath/source preservation or rewrite; meta description requires RankMath/source preservation or rewrite; image recovery/fallback required
417,,https://chamanlawfirm.com/verify-land-titles-before-buying-property/,verify-land-titles-before-buying-property,Verify Land Titles Before Buying Property,,,,,24,6800,source body not present in Phase 5C prepared drafts; SEO title requires RankMath/source preservation or rewrite; meta description requires RankMath/source preservation or rewrite; image recovery/fallback required,not restored,/resources/blog/verify-land-titles-before-buying-property,no,no,no,verify-land-titles-before-buying-property,not approved,,excluded while hidden,pending,pending lawyer review,source body not present in Phase 5C prepared drafts; SEO title requires RankMath/source preservation or rewrite; meta description requires RankMath/source preservation or rewrite; image recovery/fallback required
418,,https://chamanlawfirm.com/business-registration-process-in-lagosa-com/,business-registration-process-in-lagosa-com,Business Registration Process In Lagosa Com,,,,,24,6371,source body not present in Phase 5C prepared drafts; SEO title requires RankMath/source preservation or rewrite; meta description requires RankMath/source preservation or rewrite; image recovery/fallback required,not restored,/resources/blog/business-registration-process-in-lagosa-com,no,no,no,business-registration-process-in-lagosa-com,not approved,,excluded while hidden,pending,pending lawyer review,source body not present in Phase 5C prepared drafts; SEO title requires RankMath/source preservation or rewrite; meta description requires RankMath/source preservation or rewrite; image recovery/fallback required
419,,https://chamanlawfirm.com/difference-between-excision-gazette-c-of-o/,difference-between-excision-gazette-c-of-o,Difference Between Excision Gazette C Of O,,,,,24,3822,source body not present in Phase 5C prepared drafts; SEO title requires RankMath/source preservation or rewrite; meta description requires RankMath/source preservation or rewrite; image recovery/fallback required,not restored,/resources/blog/difference-between-excision-gazette-c-of-o,no,no,no,difference-between-excision-gazette-c-of-o,not approved,,excluded while hidden,pending,pending lawyer review,source body not present in Phase 5C prepared drafts; SEO title requires RankMath/source preservation or rewrite; meta description requires RankMath/source preservation or rewrite; image recovery/fallback required
420,,https://chamanlawfirm.com/family-courts-and-specialized-tribunals/,family-courts-and-specialized-tribunals,Family Courts And Specialized Tribunals,,,,,24,3295,source body not present in Phase 5C prepared drafts; SEO title requires RankMath/source preservation or rewrite; meta description requires RankMath/source preservation or rewrite; image recovery/fallback required,not restored,/resources/blog/family-courts-and-specialized-tribunals,no,no,no,family-courts-and-specialized-tribunals,not approved,,excluded while hidden,pending,pending lawyer review,source body not present in Phase 5C prepared drafts; SEO title requires RankMath/source preservation or rewrite; meta description requires RankMath/source preservation or rewrite; image recovery/fallback required
421,,https://chamanlawfirm.com/9-cyber-crime-prosecution-breakthrough-ch/,9-cyber-crime-prosecution-breakthrough-ch,9 Cyber Crime Prosecution Breakthrough Ch,,,,,24,2950,source body not present in Phase 5C prepared drafts; SEO title requires RankMath/source preservation or rewrite; meta description requires RankMath/source preservation or rewrite; image recovery/fallback required,not restored,/resources/blog/9-cyber-crime-prosecution-breakthrough-ch,no,no,no,9-cyber-crime-prosecution-breakthrough-ch,not approved,,excluded while hidden,pending,pending lawyer review,source body not present in Phase 5C prepared drafts; SEO title requires RankMath/source preservation or rewrite; meta description requires RankMath/source preservation or rewrite; image recovery/fallback required
422,,https://chamanlawfirm.com/regarding-the-custody-of-a-child/,regarding-the-custody-of-a-child,Regarding The Custody Of A Child,,,,,24,2591,source body not present in Phase 5C prepared drafts; SEO title requires RankMath/source preservation or rewrite; meta description requires RankMath/source preservation or rewrite; image recovery/fallback required,not restored,/resources/blog/regarding-the-custody-of-a-child,no,no,no,regarding-the-custody-of-a-child,not approved,,excluded while hidden,pending,pending lawyer review,source body not present in Phase 5C prepared drafts; SEO title requires RankMath/source preservation or rewrite; meta description requires RankMath/source preservation or rewrite; image recovery/fallback required
423,,https://chamanlawfirm.com/how-to-apmanufacturer-certificate-in-nigeria/,how-to-apmanufacturer-certificate-in-nigeria,How To Apmanufacturer Certificate In Nigeria,,,,,24,1915,source body not present in Phase 5C prepared drafts; SEO title requires RankMath/source preservation or rewrite; meta description requires RankMath/source preservation or rewrite; image recovery/fallback required,not restored,/resources/blog/how-to-apmanufacturer-certificate-in-nigeria,no,no,no,how-to-apmanufacturer-certificate-in-nigeria,not approved,,excluded while hidden,pending,pending lawyer review,source body not present in Phase 5C prepared drafts; SEO title requires RankMath/source preservation or rewrite; meta description requires RankMath/source preservation or rewrite; image recovery/fallback required
424,,https://chamanlawfirm.com/real-estate-title-frauds-in-nigeria/,real-estate-title-frauds-in-nigeria,Real Estate Title Frauds In Nigeria,,,,,24,1716,source body not present in Phase 5C prepared drafts; SEO title requires RankMath/source preservation or rewrite; meta description requires RankMath/source preservation or rewrite; image recovery/fallback required,not restored,/resources/blog/real-estate-title-frauds-in-nigeria,no,no,no,real-estate-title-frauds-in-nigeria,not approved,,excluded while hidden,pending,pending lawyer review,source body not present in Phase 5C prepared drafts; SEO title requires RankMath/source preservation or rewrite; meta description requires RankMath/source preservation or rewrite; image recovery/fallback required
425,,https://chamanlawfirm.com/dealing-with-abadtenantinlagos-for-landlords/,dealing-with-abadtenantinlagos-for-landlords,Dealing With Abadtenantinlagos For Landlords,,,,,24,1647,source body not present in Phase 5C prepared drafts; SEO title requires RankMath/source preservation or rewrite; meta description requires RankMath/source preservation or rewrite; image recovery/fallback required,not restored,/resources/blog/dealing-with-abadtenantinlagos-for-landlords,no,no,no,dealing-with-abadtenantinlagos-for-landlords,not approved,,excluded while hidden,pending,pending lawyer review,source body not present in Phase 5C prepared drafts; SEO title requires RankMath/source preservation or rewrite; meta description requires RankMath/source preservation or rewrite; image recovery/fallback required
426,,https://chamanlawfirm.com/how-to-perfect-a-property-title-in-nigeria/,how-to-perfect-a-property-title-in-nigeria,How To Perfect A Property Title In Nigeria,,,,,24,1513,source body not present in Phase 5C prepared drafts; SEO title requires RankMath/source preservation or rewrite; meta description requires RankMath/source preservation or rewrite; image recovery/fallback required,not restored,/resources/blog/how-to-perfect-a-property-title-in-nigeria,no,no,no,how-to-perfect-a-property-title-in-nigeria,not approved,,excluded while hidden,pending,pending lawyer review,source body not present in Phase 5C prepared drafts; SEO title requires RankMath/source preservation or rewrite; meta description requires RankMath/source preservation or rewrite; image recovery/fallback required
427,,https://chamanlawfirm.com/criteria-for-patent-in-nigeria/,criteria-for-patent-in-nigeria,Criteria For Patent In Nigeria,,,,,24,1401,source body not present in Phase 5C prepared drafts; SEO title requires RankMath/source preservation or rewrite; meta description requires RankMath/source preservation or rewrite; image recovery/fallback required,not restored,/resources/blog/criteria-for-patent-in-nigeria,no,no,no,criteria-for-patent-in-nigeria,not approved,,excluded while hidden,pending,pending lawyer review,source body not present in Phase 5C prepared drafts; SEO title requires RankMath/source preservation or rewrite; meta description requires RankMath/source preservation or rewrite; image recovery/fallback required
428,,https://chamanlawfirm.com/the-role-of-ethics-in-commercial-law/,the-role-of-ethics-in-commercial-law,The Role Of Ethics In Commercial Law,,,,,24,1216,source body not present in Phase 5C prepared drafts; SEO title requires RankMath/source preservation or rewrite; meta description requires RankMath/source preservation or rewrite; image recovery/fallback required,not restored,/resources/blog/the-role-of-ethics-in-commercial-law,no,no,no,the-role-of-ethics-in-commercial-law,not approved,,excluded while hidden,pending,pending lawyer review,source body not present in Phase 5C prepared drafts; SEO title requires RankMath/source preservation or rewrite; meta description requires RankMath/source preservation or rewrite; image recovery/fallback required
429,,https://chamanlawfirm.com/of-role-of-alternative-disputes-in-nigeria/,of-role-of-alternative-disputes-in-nigeria,Of Role Of Alternative Disputes In Nigeria,,,,,24,804,source body not present in Phase 5C prepared drafts; SEO title requires RankMath/source preservation or rewrite; meta description requires RankMath/source preservation or rewrite; image recovery/fallback required,not restored,/resources/blog/of-role-of-alternative-disputes-in-nigeria,no,no,no,of-role-of-alternative-disputes-in-nigeria,not approved,,excluded while hidden,pending,pending lawyer review,source body not present in Phase 5C prepared drafts; SEO title requires RankMath/source preservation or rewrite; meta description requires RankMath/source preservation or rewrite; image recovery/fallback required
430,,https://chamanlawfirm.com/index.php//?detail/78805755806437,index.php,Index.Php,,,,,24,109,source body not present in Phase 5C prepared drafts; SEO title requires RankMath/source preservation or rewrite; meta description requires RankMath/source preservation or rewrite; image recovery/fallback required; redirect planning only; do not publish as article without equivalent content,not restored,https://chamanlawfirm.com/index.php/,no,no,no,index.php,not approved,,excluded while hidden,pending,not required unless revived,source body not present in Phase 5C prepared drafts; SEO title requires RankMath/source preservation or rewrite; meta description requires RankMath/source preservation or rewrite; image recovery/fallback required; redirect planning only; do not publish as article without equivalent content
431,,https://chamanlawfirm.com/step-by-step-guide-to-buying-properties/,step-by-step-guide-to-buying-properties,Step By Step Guide To Buying Properties,,,,,23,4828,source body not present in Phase 5C prepared drafts; SEO title requires RankMath/source preservation or rewrite; meta description requires RankMath/source preservation or rewrite; image recovery/fallback required; redirect planning only; do not publish as article without equivalent content,not restored,https://chamanlawfirm.com/step-by-step-guide-to-buying-properties/,no,no,no,step-by-step-guide-to-buying-properties,not approved,,excluded while hidden,pending,not required unless revived,source body not present in Phase 5C prepared drafts; SEO title requires RankMath/source preservation or rewrite; meta description requires RankMath/source preservation or rewrite; image recovery/fallback required; redirect planning only; do not publish as article without equivalent content
432,,https://chamanlawfirm.com/what-are-the-penalties-for-fake-land-documents/,what-are-the-penalties-for-fake-land-documents,What Are The Penalties For Fake Land Documents,,,,,23,3227,source body not present in Phase 5C prepared drafts; SEO title requires RankMath/source preservation or rewrite; meta description requires RankMath/source preservation or rewrite; image recovery/fallback required,not restored,/resources/blog/what-are-the-penalties-for-fake-land-documents,no,no,no,what-are-the-penalties-for-fake-land-documents,not approved,,excluded while hidden,pending,pending lawyer review,source body not present in Phase 5C prepared drafts; SEO title requires RankMath/source preservation or rewrite; meta description requires RankMath/source preservation or rewrite; image recovery/fallback required
433,,https://chamanlawfirm.com/how-to-draft-legal-contract/,how-to-draft-legal-contract,How To Draft Legal Contract,,,,,23,2833,source body not present in Phase 5C prepared drafts; SEO title requires RankMath/source preservation or rewrite; meta description requires RankMath/source preservation or rewrite; image recovery/fallback required; redirect planning only; do not publish as article without equivalent content,not restored,https://chamanlawfirm.com/how-to-draft-legal-contract/,no,no,no,how-to-draft-legal-contract,not approved,,excluded while hidden,pending,not required unless revived,source body not present in Phase 5C prepared drafts; SEO title requires RankMath/source preservation or rewrite; meta description requires RankMath/source preservation or rewrite; image recovery/fallback required; redirect planning only; do not publish as article without equivalent content
434,,https://chamanlawfirm.com/joint-venture-real-estate-projects-in-lagos/,joint-venture-real-estate-projects-in-lagos,Joint Venture Real Estate Projects In Lagos,,,,,23,2409,source body not present in Phase 5C prepared drafts; SEO title requires RankMath/source preservation or rewrite; meta description requires RankMath/source preservation or rewrite; image recovery/fallback required,not restored,/resources/blog/joint-venture-real-estate-projects-in-lagos,no,no,no,joint-venture-real-estate-projects-in-lagos,not approved,,excluded while hidden,pending,pending lawyer review,source body not present in Phase 5C prepared drafts; SEO title requires RankMath/source preservation or rewrite; meta description requires RankMath/source preservation or rewrite; image recovery/fallback required
435,,https://chamanlawfirm.com/online-payment-system-legal-aspects/,online-payment-system-legal-aspects,Online Payment System Legal Aspects,,,,,23,2365,source body not present in Phase 5C prepared drafts; SEO title requires RankMath/source preservation or rewrite; meta description requires RankMath/source preservation or rewrite; image recovery/fallback required; redirect planning only; do not publish as article without equivalent content,not restored,https://chamanlawfirm.com/online-payment-system-legal-aspects/,no,no,no,online-payment-system-legal-aspects,not approved,,excluded while hidden,pending,not required unless revived,source body not present in Phase 5C prepared drafts; SEO title requires RankMath/source preservation or rewrite; meta description requires RankMath/source preservation or rewrite; image recovery/fallback required; redirect planning only; do not publish as article without equivalent content
436,,https://chamanlawfirm.com/estate-administration-in-lagos-state/,estate-administration-in-lagos-state,Estate Administration In Lagos State,,,,,23,1837,source body not present in Phase 5C prepared drafts; SEO title requires RankMath/source preservation or rewrite; meta description requires RankMath/source preservation or rewrite; image recovery/fallback required,not restored,/resources/blog/estate-administration-in-lagos-state,no,no,no,estate-administration-in-lagos-state,not approved,,excluded while hidden,pending,pending lawyer review,source body not present in Phase 5C prepared drafts; SEO title requires RankMath/source preservation or rewrite; meta description requires RankMath/source preservation or rewrite; image recovery/fallback required
437,,https://chamanlawfirm.com/mechanisms-for-the-childs-rights-act/,mechanisms-for-the-childs-rights-act,Mechanisms For The Childs Rights Act,,,,,23,1834,source body not present in Phase 5C prepared drafts; SEO title requires RankMath/source preservation or rewrite; meta description requires RankMath/source preservation or rewrite; image recovery/fallback required,not restored,/resources/blog/mechanisms-for-the-childs-rights-act,no,no,no,mechanisms-for-the-childs-rights-act,not approved,,excluded while hidden,pending,pending lawyer review,source body not present in Phase 5C prepared drafts; SEO title requires RankMath/source preservation or rewrite; meta description requires RankMath/source preservation or rewrite; image recovery/fallback required
438,,https://chamanlawfirm.com/unapproved-buildings-step-by-step-guide/,unapproved-buildings-step-by-step-guide,Unapproved Buildings Step By Step Guide,,,,,23,1541,source body not present in Phase 5C prepared drafts; SEO title requires RankMath/source preservation or rewrite; meta description requires RankMath/source preservation or rewrite; image recovery/fallback required,not restored,/resources/blog/unapproved-buildings-step-by-step-guide,no,no,no,unapproved-buildings-step-by-step-guide,not approved,,excluded while hidden,pending,pending lawyer review,source body not present in Phase 5C prepared drafts; SEO title requires RankMath/source preservation or rewrite; meta description requires RankMath/source preservation or rewrite; image recovery/fallback required
439,,https://chamanlawfirm.com/solar-energy-projects/,solar-energy-projects,Solar Energy Projects,,,,,23,1524,source body not present in Phase 5C prepared drafts; SEO title requires RankMath/source preservation or rewrite; meta description requires RankMath/source preservation or rewrite; image recovery/fallback required,not restored,/resources/blog/solar-energy-projects,no,no,no,solar-energy-projects,not approved,,excluded while hidden,pending,pending lawyer review,source body not present in Phase 5C prepared drafts; SEO title requires RankMath/source preservation or rewrite; meta description requires RankMath/source preservation or rewrite; image recovery/fallback required
440,,https://chamanlawfirm.com/drafting-company-bylaws-in-nigeria-a-compre/,drafting-company-bylaws-in-nigeria-a-compre,Drafting Company Bylaws In Nigeria A Compre,,,,,23,988,source body not present in Phase 5C prepared drafts; SEO title requires RankMath/source preservation or rewrite; meta description requires RankMath/source preservation or rewrite; image recovery/fallback required,not restored,/resources/blog/drafting-company-bylaws-in-nigeria-a-compre,no,no,no,drafting-company-bylaws-in-nigeria-a-compre,not approved,,excluded while hidden,pending,pending lawyer review,source body not present in Phase 5C prepared drafts; SEO title requires RankMath/source preservation or rewrite; meta description requires RankMath/source preservation or rewrite; image recovery/fallback required
441,,https://chamanlawfirm.com/construction-standard-and-regulations-in-nigeria/,construction-standard-and-regulations-in-nigeria,Construction Standard And Regulations In Nigeria,,,,,23,795,source body not present in Phase 5C prepared drafts; SEO title requires RankMath/source preservation or rewrite; meta description requires RankMath/source preservation or rewrite; image recovery/fallback required,not restored,/resources/blog/construction-standard-and-regulations-in-nigeria,no,no,no,construction-standard-and-regulations-in-nigeria,not approved,,excluded while hidden,pending,pending lawyer review,source body not present in Phase 5C prepared drafts; SEO title requires RankMath/source preservation or rewrite; meta description requires RankMath/source preservation or rewrite; image recovery/fallback required
442,,https://chamanlawfirm.com/government-ministries-and-parastatals/,government-ministries-and-parastatals,Government Ministries And Parastatals,,,,,22,5385,source body not present in Phase 5C prepared drafts; SEO title requires RankMath/source preservation or rewrite; meta description requires RankMath/source preservation or rewrite; image recovery/fallback required,not restored,/resources/blog/government-ministries-and-parastatals,no,no,no,government-ministries-and-parastatals,not approved,,excluded while hidden,pending,pending lawyer review,source body not present in Phase 5C prepared drafts; SEO title requires RankMath/source preservation or rewrite; meta description requires RankMath/source preservation or rewrite; image recovery/fallback required
443,,https://chamanlawfirm.com/the-essential-ethics-of-debt-recovery/,the-essential-ethics-of-debt-recovery,The Essential Ethics Of Debt Recovery,,,,,22,4362,source body not present in Phase 5C prepared drafts; SEO title requires RankMath/source preservation or rewrite; meta description requires RankMath/source preservation or rewrite; image recovery/fallback required,not restored,/resources/blog/the-essential-ethics-of-debt-recovery,no,no,no,the-essential-ethics-of-debt-recovery,not approved,,excluded while hidden,pending,pending lawyer review,source body not present in Phase 5C prepared drafts; SEO title requires RankMath/source preservation or rewrite; meta description requires RankMath/source preservation or rewrite; image recovery/fallback required
444,,https://chamanlawfirm.com/4-proven-features-of-customary-marriage-and-the-bill-of-rights-conflicting-interests/,4-proven-features-of-customary-marriage-and-the-bill-of-rights-conflicting-interests,4 Proven Features Of Customary Marriage And The Bill Of Rights Conflicting Interests,,,,,22,3851,source body not present in Phase 5C prepared drafts; SEO title requires RankMath/source preservation or rewrite; meta description requires RankMath/source preservation or rewrite; image recovery/fallback required,not restored,/resources/blog/4-proven-features-of-customary-marriage-and-the-bill-of-rights-conflicting-interests,no,no,no,4-proven-features-of-customary-marriage-and-the-bill-of-rights-conflicting-interests,not approved,,excluded while hidden,pending,pending lawyer review,source body not present in Phase 5C prepared drafts; SEO title requires RankMath/source preservation or rewrite; meta description requires RankMath/source preservation or rewrite; image recovery/fallback required
445,,https://chamanlawfirm.com/financing-real-estate-investments-in-nigeria/,financing-real-estate-investments-in-nigeria,Financing Real Estate Investments In Nigeria,,,,,22,3817,source body not present in Phase 5C prepared drafts; SEO title requires RankMath/source preservation or rewrite; meta description requires RankMath/source preservation or rewrite; image recovery/fallback required; property/off-brand signal requires exclusion review,not restored,/resources/blog/financing-real-estate-investments-in-nigeria,no,no,no,financing-real-estate-investments-in-nigeria,not approved,,excluded while hidden,pending,not required unless revived,source body not present in Phase 5C prepared drafts; SEO title requires RankMath/source preservation or rewrite; meta description requires RankMath/source preservation or rewrite; image recovery/fallback required; property/off-brand signal requires exclusion review
446,,https://chamanlawfirm.com/how-to-register-a-tech-company-in-nigeria/,how-to-register-a-tech-company-in-nigeria,How To Register A Tech Company In Nigeria,,,,,22,3344,source body not present in Phase 5C prepared drafts; SEO title requires RankMath/source preservation or rewrite; meta description requires RankMath/source preservation or rewrite; image recovery/fallback required,not restored,/resources/blog/how-to-register-a-tech-company-in-nigeria,no,no,no,how-to-register-a-tech-company-in-nigeria,not approved,,excluded while hidden,pending,pending lawyer review,source body not present in Phase 5C prepared drafts; SEO title requires RankMath/source preservation or rewrite; meta description requires RankMath/source preservation or rewrite; image recovery/fallback required
447,,https://chamanlawfirm.com/understanding-the-land-use-act-in-nigeria/,understanding-the-land-use-act-in-nigeria,Understanding The Land Use Act In Nigeria,,,,,22,3271,source body not present in Phase 5C prepared drafts; SEO title requires RankMath/source preservation or rewrite; meta description requires RankMath/source preservation or rewrite; image recovery/fallback required,not restored,/resources/blog/understanding-the-land-use-act-in-nigeria,no,no,no,understanding-the-land-use-act-in-nigeria,not approved,,excluded while hidden,pending,pending lawyer review,source body not present in Phase 5C prepared drafts; SEO title requires RankMath/source preservation or rewrite; meta description requires RankMath/source preservation or rewrite; image recovery/fallback required
448,,https://chamanlawfirm.com/modernizing-customary-marriage/,modernizing-customary-marriage,Modernizing Customary Marriage,,,,,22,3226,source body not present in Phase 5C prepared drafts; SEO title requires RankMath/source preservation or rewrite; meta description requires RankMath/source preservation or rewrite; image recovery/fallback required,not restored,/resources/blog/modernizing-customary-marriage,no,no,no,modernizing-customary-marriage,not approved,,excluded while hidden,pending,pending lawyer review,source body not present in Phase 5C prepared drafts; SEO title requires RankMath/source preservation or rewrite; meta description requires RankMath/source preservation or rewrite; image recovery/fallback required
449,,https://chamanlawfirm.com/priority-in-entitlement/,priority-in-entitlement,Priority In Entitlement,,,,,22,3223,source body not present in Phase 5C prepared drafts; SEO title requires RankMath/source preservation or rewrite; meta description requires RankMath/source preservation or rewrite; image recovery/fallback required,not restored,/resources/blog/priority-in-entitlement,no,no,no,priority-in-entitlement,not approved,,excluded while hidden,pending,pending lawyer review,source body not present in Phase 5C prepared drafts; SEO title requires RankMath/source preservation or rewrite; meta description requires RankMath/source preservation or rewrite; image recovery/fallback required
450,,https://chamanlawfirm.com/understanding-the-certificate-of-occupancy-c/,understanding-the-certificate-of-occupancy-c,Understanding The Certificate Of Occupancy C,,,,,22,2912,source body not present in Phase 5C prepared drafts; SEO title requires RankMath/source preservation or rewrite; meta description requires RankMath/source preservation or rewrite; image recovery/fallback required,not restored,/resources/blog/understanding-the-certificate-of-occupancy-c,no,no,no,understanding-the-certificate-of-occupancy-c,not approved,,excluded while hidden,pending,pending lawyer review,source body not present in Phase 5C prepared drafts; SEO title requires RankMath/source preservation or rewrite; meta description requires RankMath/source preservation or rewrite; image recovery/fallback required
451,,https://chamanlawfirm.com/environmental-law-and-climate-change/,environmental-law-and-climate-change,Environmental Law And Climate Change,,,,,22,2562,source body not present in Phase 5C prepared drafts; SEO title requires RankMath/source preservation or rewrite; meta description requires RankMath/source preservation or rewrite; image recovery/fallback required,not restored,/resources/blog/environmental-law-and-climate-change,no,no,no,environmental-law-and-climate-change,not approved,,excluded while hidden,pending,pending lawyer review,source body not present in Phase 5C prepared drafts; SEO title requires RankMath/source preservation or rewrite; meta description requires RankMath/source preservation or rewrite; image recovery/fallback required
452,,https://chamanlawfirm.com/3-cybersecurity-laws-and-regulations-in-nig/,3-cybersecurity-laws-and-regulations-in-nig,3 Cybersecurity Laws And Regulations In Nig,,,,,22,2546,source body not present in Phase 5C prepared drafts; SEO title requires RankMath/source preservation or rewrite; meta description requires RankMath/source preservation or rewrite; image recovery/fallback required,not restored,/resources/blog/3-cybersecurity-laws-and-regulations-in-nig,no,no,no,3-cybersecurity-laws-and-regulations-in-nig,not approved,,excluded while hidden,pending,pending lawyer review,source body not present in Phase 5C prepared drafts; SEO title requires RankMath/source preservation or rewrite; meta description requires RankMath/source preservation or rewrite; image recovery/fallback required
453,,https://chamanlawfirm.com/corporate-governance-principles-in-nigeria/,corporate-governance-principles-in-nigeria,Corporate Governance Principles In Nigeria,,,,,22,2540,source body not present in Phase 5C prepared drafts; SEO title requires RankMath/source preservation or rewrite; meta description requires RankMath/source preservation or rewrite; image recovery/fallback required,not restored,/resources/blog/corporate-governance-principles-in-nigeria,no,no,no,corporate-governance-principles-in-nigeria,not approved,,excluded while hidden,pending,pending lawyer review,source body not present in Phase 5C prepared drafts; SEO title requires RankMath/source preservation or rewrite; meta description requires RankMath/source preservation or rewrite; image recovery/fallback required
454,,https://chamanlawfirm.com/legal-protection-against-domestic-violence/,legal-protection-against-domestic-violence,Legal Protection Against Domestic Violence,,,,,22,2323,source body not present in Phase 5C prepared drafts; SEO title requires RankMath/source preservation or rewrite; meta description requires RankMath/source preservation or rewrite; image recovery/fallback required,not restored,/resources/blog/legal-protection-against-domestic-violence,no,no,no,legal-protection-against-domestic-violence,not approved,,excluded while hidden,pending,pending lawyer review,source body not present in Phase 5C prepared drafts; SEO title requires RankMath/source preservation or rewrite; meta description requires RankMath/source preservation or rewrite; image recovery/fallback required
455,,https://chamanlawfirm.com/telecom-infrastructure-projects-in-nigeria/,telecom-infrastructure-projects-in-nigeria,Telecom Infrastructure Projects In Nigeria,,,,,22,1967,source body not present in Phase 5C prepared drafts; SEO title requires RankMath/source preservation or rewrite; meta description requires RankMath/source preservation or rewrite; image recovery/fallback required,not restored,/resources/blog/telecom-infrastructure-projects-in-nigeria,no,no,no,telecom-infrastructure-projects-in-nigeria,not approved,,excluded while hidden,pending,pending lawyer review,source body not present in Phase 5C prepared drafts; SEO title requires RankMath/source preservation or rewrite; meta description requires RankMath/source preservation or rewrite; image recovery/fallback required
456,,https://chamanlawfirm.com/how-to-fix-mistakes-in-your-property-documents/,how-to-fix-mistakes-in-your-property-documents,How To Fix Mistakes In Your Property Documents,,,,,22,1205,source body not present in Phase 5C prepared drafts; SEO title requires RankMath/source preservation or rewrite; meta description requires RankMath/source preservation or rewrite; image recovery/fallback required,not restored,/resources/blog/how-to-fix-mistakes-in-your-property-documents,no,no,no,how-to-fix-mistakes-in-your-property-documents,not approved,,excluded while hidden,pending,pending lawyer review,source body not present in Phase 5C prepared drafts; SEO title requires RankMath/source preservation or rewrite; meta description requires RankMath/source preservation or rewrite; image recovery/fallback required
457,,https://chamanlawfirm.com/how-does-the-land-use-act-interact-with-the-petroleum-industry/,how-does-the-land-use-act-interact-with-the-petroleum-industry,How Does The Land Use Act Interact With The Petroleum Industry,,,,,22,732,source body not present in Phase 5C prepared drafts; SEO title requires RankMath/source preservation or rewrite; meta description requires RankMath/source preservation or rewrite; image recovery/fallback required,not restored,/resources/blog/how-does-the-land-use-act-interact-with-the-petroleum-industry,no,no,no,how-does-the-land-use-act-interact-with-the-petroleum-industry,not approved,,excluded while hidden,pending,pending lawyer review,source body not present in Phase 5C prepared drafts; SEO title requires RankMath/source preservation or rewrite; meta description requires RankMath/source preservation or rewrite; image recovery/fallback required
458,,https://chamanlawfirm.com/legal-bonds-of-marriage-in-nigeria/,legal-bonds-of-marriage-in-nigeria,Legal Bonds Of Marriage In Nigeria,,,,,21,7301,source body not present in Phase 5C prepared drafts; SEO title requires RankMath/source preservation or rewrite; meta description requires RankMath/source preservation or rewrite; image recovery/fallback required,not restored,/resources/blog/legal-bonds-of-marriage-in-nigeria,no,no,no,legal-bonds-of-marriage-in-nigeria,not approved,,excluded while hidden,pending,pending lawyer review,source body not present in Phase 5C prepared drafts; SEO title requires RankMath/source preservation or rewrite; meta description requires RankMath/source preservation or rewrite; image recovery/fallback required
459,,https://chamanlawfirm.com/the-industrial-incentives-in-nigeria/,the-industrial-incentives-in-nigeria,The Industrial Incentives In Nigeria,,,,,21,5819,source body not present in Phase 5C prepared drafts; SEO title requires RankMath/source preservation or rewrite; meta description requires RankMath/source preservation or rewrite; image recovery/fallback required,not restored,/resources/blog/the-industrial-incentives-in-nigeria,no,no,no,the-industrial-incentives-in-nigeria,not approved,,excluded while hidden,pending,pending lawyer review,source body not present in Phase 5C prepared drafts; SEO title requires RankMath/source preservation or rewrite; meta description requires RankMath/source preservation or rewrite; image recovery/fallback required
460,,https://chamanlawfirm.com/understanding-spousal-maintenance-in-nigeria/,understanding-spousal-maintenance-in-nigeria,Understanding Spousal Maintenance In Nigeria,,,,,21,3392,source body not present in Phase 5C prepared drafts; SEO title requires RankMath/source preservation or rewrite; meta description requires RankMath/source preservation or rewrite; image recovery/fallback required,not restored,/resources/blog/understanding-spousal-maintenance-in-nigeria,no,no,no,understanding-spousal-maintenance-in-nigeria,not approved,,excluded while hidden,pending,pending lawyer review,source body not present in Phase 5C prepared drafts; SEO title requires RankMath/source preservation or rewrite; meta description requires RankMath/source preservation or rewrite; image recovery/fallback required
461,,https://chamanlawfirm.com/performance-bonds-and-guarantees/,performance-bonds-and-guarantees,Performance Bonds And Guarantees,,,,,21,3131,source body not present in Phase 5C prepared drafts; SEO title requires RankMath/source preservation or rewrite; meta description requires RankMath/source preservation or rewrite; image recovery/fallback required,not restored,/resources/blog/performance-bonds-and-guarantees,no,no,no,performance-bonds-and-guarantees,not approved,,excluded while hidden,pending,pending lawyer review,source body not present in Phase 5C prepared drafts; SEO title requires RankMath/source preservation or rewrite; meta description requires RankMath/source preservation or rewrite; image recovery/fallback required
462,,https://chamanlawfirm.com/is-a-woman-a-property-to-be-inherited/,is-a-woman-a-property-to-be-inherited,Is A Woman A Property To Be Inherited,,,,,21,2817,source body not present in Phase 5C prepared drafts; SEO title requires RankMath/source preservation or rewrite; meta description requires RankMath/source preservation or rewrite; image recovery/fallback required,not restored,/resources/blog/is-a-woman-a-property-to-be-inherited,no,no,no,is-a-woman-a-property-to-be-inherited,not approved,,excluded while hidden,pending,pending lawyer review,source body not present in Phase 5C prepared drafts; SEO title requires RankMath/source preservation or rewrite; meta description requires RankMath/source preservation or rewrite; image recovery/fallback required
463,,https://chamanlawfirm.com/railway-and-transit-construction/,railway-and-transit-construction,Railway And Transit Construction,,,,,21,2769,source body not present in Phase 5C prepared drafts; SEO title requires RankMath/source preservation or rewrite; meta description requires RankMath/source preservation or rewrite; image recovery/fallback required,not restored,/resources/blog/railway-and-transit-construction,no,no,no,railway-and-transit-construction,not approved,,excluded while hidden,pending,pending lawyer review,source body not present in Phase 5C prepared drafts; SEO title requires RankMath/source preservation or rewrite; meta description requires RankMath/source preservation or rewrite; image recovery/fallback required
464,,https://chamanlawfirm.com/fire-safety-regulations-in-nigeria/,fire-safety-regulations-in-nigeria,Fire Safety Regulations In Nigeria,,,,,21,2754,source body not present in Phase 5C prepared drafts; SEO title requires RankMath/source preservation or rewrite; meta description requires RankMath/source preservation or rewrite; image recovery/fallback required,not restored,/resources/blog/fire-safety-regulations-in-nigeria,no,no,no,fire-safety-regulations-in-nigeria,not approved,,excluded while hidden,pending,pending lawyer review,source body not present in Phase 5C prepared drafts; SEO title requires RankMath/source preservation or rewrite; meta description requires RankMath/source preservation or rewrite; image recovery/fallback required
465,,https://chamanlawfirm.com/how-to-seek-redress-in-human-rights-violatio/,how-to-seek-redress-in-human-rights-violatio,How To Seek Redress In Human Rights Violatio,,,,,21,2675,source body not present in Phase 5C prepared drafts; SEO title requires RankMath/source preservation or rewrite; meta description requires RankMath/source preservation or rewrite; image recovery/fallback required,not restored,/resources/blog/how-to-seek-redress-in-human-rights-violatio,no,no,no,how-to-seek-redress-in-human-rights-violatio,not approved,,excluded while hidden,pending,pending lawyer review,source body not present in Phase 5C prepared drafts; SEO title requires RankMath/source preservation or rewrite; meta description requires RankMath/source preservation or rewrite; image recovery/fallback required
466,,https://chamanlawfirm.com/legal-steps-in-nigeria/,legal-steps-in-nigeria,Legal Steps In Nigeria,,,,,21,2623,source body not present in Phase 5C prepared drafts; SEO title requires RankMath/source preservation or rewrite; meta description requires RankMath/source preservation or rewrite; image recovery/fallback required,not restored,/resources/blog/legal-steps-in-nigeria,no,no,no,legal-steps-in-nigeria,not approved,,excluded while hidden,pending,pending lawyer review,source body not present in Phase 5C prepared drafts; SEO title requires RankMath/source preservation or rewrite; meta description requires RankMath/source preservation or rewrite; image recovery/fallback required
467,,https://chamanlawfirm.com/enforcement-of-arbitral-award/,enforcement-of-arbitral-award,Enforcement Of Arbitral Award,,,,,21,2590,source body not present in Phase 5C prepared drafts; SEO title requires RankMath/source preservation or rewrite; meta description requires RankMath/source preservation or rewrite; image recovery/fallback required; redirect planning only; do not publish as article without equivalent content,not restored,https://chamanlawfirm.com/enforcement-of-arbitral-award/,no,no,no,enforcement-of-arbitral-award,not approved,,excluded while hidden,pending,not required unless revived,source body not present in Phase 5C prepared drafts; SEO title requires RankMath/source preservation or rewrite; meta description requires RankMath/source preservation or rewrite; image recovery/fallback required; redirect planning only; do not publish as article without equivalent content
468,,https://chamanlawfirm.com/non-disclosure-agreement-nda-lawyer-5-effic/,non-disclosure-agreement-nda-lawyer-5-effic,Non Disclosure Agreement Nda Lawyer 5 Effic,,,,,21,2518,source body not present in Phase 5C prepared drafts; SEO title requires RankMath/source preservation or rewrite; meta description requires RankMath/source preservation or rewrite; image recovery/fallback required,not restored,/resources/blog/non-disclosure-agreement-nda-lawyer-5-effic,no,no,no,non-disclosure-agreement-nda-lawyer-5-effic,not approved,,excluded while hidden,pending,pending lawyer review,source body not present in Phase 5C prepared drafts; SEO title requires RankMath/source preservation or rewrite; meta description requires RankMath/source preservation or rewrite; image recovery/fallback required
469,,https://chamanlawfirm.com/how-to-alter-a-will/,how-to-alter-a-will,How To Alter A Will,,,,,21,2482,source body not present in Phase 5C prepared drafts; SEO title requires RankMath/source preservation or rewrite; meta description requires RankMath/source preservation or rewrite; image recovery/fallback required,not restored,/resources/blog/how-to-alter-a-will,no,no,no,how-to-alter-a-will,not approved,,excluded while hidden,pending,pending lawyer review,source body not present in Phase 5C prepared drafts; SEO title requires RankMath/source preservation or rewrite; meta description requires RankMath/source preservation or rewrite; image recovery/fallback required
470,,https://chamanlawfirm.com/why-a-certificate-of-occupancy-c-of-o-is/,why-a-certificate-of-occupancy-c-of-o-is,Why A Certificate Of Occupancy C Of O Is,,,,,21,2433,source body not present in Phase 5C prepared drafts; SEO title requires RankMath/source preservation or rewrite; meta description requires RankMath/source preservation or rewrite; image recovery/fallback required,not restored,/resources/blog/why-a-certificate-of-occupancy-c-of-o-is,no,no,no,why-a-certificate-of-occupancy-c-of-o-is,not approved,,excluded while hidden,pending,pending lawyer review,source body not present in Phase 5C prepared drafts; SEO title requires RankMath/source preservation or rewrite; meta description requires RankMath/source preservation or rewrite; image recovery/fallback required
471,,https://chamanlawfirm.com/an-overview-onder-the-nigerian-customary-law/,an-overview-onder-the-nigerian-customary-law,An Overview Onder The Nigerian Customary Law,,,,,21,2345,source body not present in Phase 5C prepared drafts; SEO title requires RankMath/source preservation or rewrite; meta description requires RankMath/source preservation or rewrite; image recovery/fallback required,not restored,/resources/blog/an-overview-onder-the-nigerian-customary-law,no,no,no,an-overview-onder-the-nigerian-customary-law,not approved,,excluded while hidden,pending,pending lawyer review,source body not present in Phase 5C prepared drafts; SEO title requires RankMath/source preservation or rewrite; meta description requires RankMath/source preservation or rewrite; image recovery/fallback required
472,,https://chamanlawfirm.com/newblogpost-zlsyg1admisibility-of-computer-g/,newblogpost-zlsyg1admisibility-of-computer-g,Newblogpost Zlsyg1admisibility Of Computer G,,,,,21,2049,source body not present in Phase 5C prepared drafts; SEO title requires RankMath/source preservation or rewrite; meta description requires RankMath/source preservation or rewrite; image recovery/fallback required,not restored,/resources/blog/newblogpost-zlsyg1admisibility-of-computer-g,no,no,no,newblogpost-zlsyg1admisibility-of-computer-g,not approved,,excluded while hidden,pending,pending lawyer review,source body not present in Phase 5C prepared drafts; SEO title requires RankMath/source preservation or rewrite; meta description requires RankMath/source preservation or rewrite; image recovery/fallback required
473,,https://chamanlawfirm.com/consumer-protection-and-disputes-resolution/,consumer-protection-and-disputes-resolution,Consumer Protection And Disputes Resolution,,,,,21,1932,source body not present in Phase 5C prepared drafts; SEO title requires RankMath/source preservation or rewrite; meta description requires RankMath/source preservation or rewrite; image recovery/fallback required,not restored,/resources/blog/consumer-protection-and-disputes-resolution,no,no,no,consumer-protection-and-disputes-resolution,not approved,,excluded while hidden,pending,pending lawyer review,source body not present in Phase 5C prepared drafts; SEO title requires RankMath/source preservation or rewrite; meta description requires RankMath/source preservation or rewrite; image recovery/fallback required
474,,https://chamanlawfirm.com/corporate-restructuring-in-nigeria/,corporate-restructuring-in-nigeria,Corporate Restructuring In Nigeria,,,,,21,1734,source body not present in Phase 5C prepared drafts; SEO title requires RankMath/source preservation or rewrite; meta description requires RankMath/source preservation or rewrite; image recovery/fallback required,not restored,/resources/blog/corporate-restructuring-in-nigeria,no,no,no,corporate-restructuring-in-nigeria,not approved,,excluded while hidden,pending,pending lawyer review,source body not present in Phase 5C prepared drafts; SEO title requires RankMath/source preservation or rewrite; meta description requires RankMath/source preservation or rewrite; image recovery/fallback required
475,,https://chamanlawfirm.com/insurance-coverage-for-construction-in-nigeria/,insurance-coverage-for-construction-in-nigeria,Insurance Coverage For Construction In Nigeria,,,,,21,1659,source body not present in Phase 5C prepared drafts; SEO title requires RankMath/source preservation or rewrite; meta description requires RankMath/source preservation or rewrite; image recovery/fallback required,not restored,/resources/blog/insurance-coverage-for-construction-in-nigeria,no,no,no,insurance-coverage-for-construction-in-nigeria,not approved,,excluded while hidden,pending,pending lawyer review,source body not present in Phase 5C prepared drafts; SEO title requires RankMath/source preservation or rewrite; meta description requires RankMath/source preservation or rewrite; image recovery/fallback required
476,,https://chamanlawfirm.com/legal-research-for-nigerian-litigation-cases/,legal-research-for-nigerian-litigation-cases,Legal Research For Nigerian Litigation Cases,,,,,21,1618,source body not present in Phase 5C prepared drafts; SEO title requires RankMath/source preservation or rewrite; meta description requires RankMath/source preservation or rewrite; image recovery/fallback required,not restored,/resources/blog/legal-research-for-nigerian-litigation-cases,no,no,no,legal-research-for-nigerian-litigation-cases,not approved,,excluded while hidden,pending,pending lawyer review,source body not present in Phase 5C prepared drafts; SEO title requires RankMath/source preservation or rewrite; meta description requires RankMath/source preservation or rewrite; image recovery/fallback required
477,,https://chamanlawfirm.com/minimum-wage-and-the-regulatory-laws/,minimum-wage-and-the-regulatory-laws,Minimum Wage And The Regulatory Laws,,,,,20,12515,source body not present in Phase 5C prepared drafts; SEO title requires RankMath/source preservation or rewrite; meta description requires RankMath/source preservation or rewrite; image recovery/fallback required,not restored,/resources/blog/minimum-wage-and-the-regulatory-laws,no,no,no,minimum-wage-and-the-regulatory-laws,not approved,,excluded while hidden,pending,pending lawyer review,source body not present in Phase 5C prepared drafts; SEO title requires RankMath/source preservation or rewrite; meta description requires RankMath/source preservation or rewrite; image recovery/fallback required
478,,https://chamanlawfirm.com/how-to-get-a-nigerian-ip-address-using-vpn/,how-to-get-a-nigerian-ip-address-using-vpn,How To Get A Nigerian Ip Address Using Vpn,,,,,20,10160,source body not present in Phase 5C prepared drafts; SEO title requires RankMath/source preservation or rewrite; meta description requires RankMath/source preservation or rewrite; image recovery/fallback required,not restored,/resources/blog/how-to-get-a-nigerian-ip-address-using-vpn,no,no,no,how-to-get-a-nigerian-ip-address-using-vpn,not approved,,excluded while hidden,pending,pending lawyer review,source body not present in Phase 5C prepared drafts; SEO title requires RankMath/source preservation or rewrite; meta description requires RankMath/source preservation or rewrite; image recovery/fallback required
479,,https://chamanlawfirm.com/challenges-of-urbanization-in-nigerian/,challenges-of-urbanization-in-nigerian,Challenges Of Urbanization In Nigerian,,,,,20,4153,source body not present in Phase 5C prepared drafts; SEO title requires RankMath/source preservation or rewrite; meta description requires RankMath/source preservation or rewrite; image recovery/fallback required,not restored,/resources/blog/challenges-of-urbanization-in-nigerian,no,no,no,challenges-of-urbanization-in-nigerian,not approved,,excluded while hidden,pending,pending lawyer review,source body not present in Phase 5C prepared drafts; SEO title requires RankMath/source preservation or rewrite; meta description requires RankMath/source preservation or rewrite; image recovery/fallback required
480,,https://chamanlawfirm.com/retention-money-in-construction-contracts/,retention-money-in-construction-contracts,Retention Money In Construction Contracts,,,,,20,3476,source body not present in Phase 5C prepared drafts; SEO title requires RankMath/source preservation or rewrite; meta description requires RankMath/source preservation or rewrite; image recovery/fallback required; redirect planning only; do not publish as article without equivalent content,not restored,https://chamanlawfirm.com/retention-money-in-construction-contracts/,no,no,no,retention-money-in-construction-contracts,not approved,,excluded while hidden,pending,not required unless revived,source body not present in Phase 5C prepared drafts; SEO title requires RankMath/source preservation or rewrite; meta description requires RankMath/source preservation or rewrite; image recovery/fallback required; redirect planning only; do not publish as article without equivalent content
481,,https://chamanlawfirm.com/discover-real-estate-hotspots-in-ogun-state/,discover-real-estate-hotspots-in-ogun-state,Discover Real Estate Hotspots In Ogun State,,,,,20,3155,source body not present in Phase 5C prepared drafts; SEO title requires RankMath/source preservation or rewrite; meta description requires RankMath/source preservation or rewrite; image recovery/fallback required,not restored,/resources/blog/discover-real-estate-hotspots-in-ogun-state,no,no,no,discover-real-estate-hotspots-in-ogun-state,not approved,,excluded while hidden,pending,pending lawyer review,source body not present in Phase 5C prepared drafts; SEO title requires RankMath/source preservation or rewrite; meta description requires RankMath/source preservation or rewrite; image recovery/fallback required
482,,https://chamanlawfirm.com/how-to-lodge-complaint-against-banks-in-nigeria/,how-to-lodge-complaint-against-banks-in-nigeria,How To Lodge Complaint Against Banks In Nigeria,,,,,20,2918,source body not present in Phase 5C prepared drafts; SEO title requires RankMath/source preservation or rewrite; meta description requires RankMath/source preservation or rewrite; image recovery/fallback required,not restored,/resources/blog/how-to-lodge-complaint-against-banks-in-nigeria,no,no,no,how-to-lodge-complaint-against-banks-in-nigeria,not approved,,excluded while hidden,pending,pending lawyer review,source body not present in Phase 5C prepared drafts; SEO title requires RankMath/source preservation or rewrite; meta description requires RankMath/source preservation or rewrite; image recovery/fallback required
483,,https://chamanlawfirm.com/how-is-land-registry-practice-in-nigeria/,how-is-land-registry-practice-in-nigeria,How Is Land Registry Practice In Nigeria,,,,,20,2784,source body not present in Phase 5C prepared drafts; SEO title requires RankMath/source preservation or rewrite; meta description requires RankMath/source preservation or rewrite; image recovery/fallback required,not restored,/resources/blog/how-is-land-registry-practice-in-nigeria,no,no,no,how-is-land-registry-practice-in-nigeria,not approved,,excluded while hidden,pending,pending lawyer review,source body not present in Phase 5C prepared drafts; SEO title requires RankMath/source preservation or rewrite; meta description requires RankMath/source preservation or rewrite; image recovery/fallback required
484,,https://chamanlawfirm.com/hidden-costs-of-buying-property-in-ogun-state/,hidden-costs-of-buying-property-in-ogun-state,Hidden Costs Of Buying Property In Ogun State,,,,,20,2201,source body not present in Phase 5C prepared drafts; SEO title requires RankMath/source preservation or rewrite; meta description requires RankMath/source preservation or rewrite; image recovery/fallback required,not restored,/resources/blog/hidden-costs-of-buying-property-in-ogun-state,no,no,no,hidden-costs-of-buying-property-in-ogun-state,not approved,,excluded while hidden,pending,pending lawyer review,source body not present in Phase 5C prepared drafts; SEO title requires RankMath/source preservation or rewrite; meta description requires RankMath/source preservation or rewrite; image recovery/fallback required
485,,https://chamanlawfirm.com/effect-of-not-paying-child-support/,effect-of-not-paying-child-support,Effect Of Not Paying Child Support,,,,,20,2094,source body not present in Phase 5C prepared drafts; SEO title requires RankMath/source preservation or rewrite; meta description requires RankMath/source preservation or rewrite; image recovery/fallback required,not restored,/resources/blog/effect-of-not-paying-child-support,no,no,no,effect-of-not-paying-child-support,not approved,,excluded while hidden,pending,pending lawyer review,source body not present in Phase 5C prepared drafts; SEO title requires RankMath/source preservation or rewrite; meta description requires RankMath/source preservation or rewrite; image recovery/fallback required
486,,https://chamanlawfirm.com/how-to-file-a-complaint-with-commission/,how-to-file-a-complaint-with-commission,How To File A Complaint With Commission,,,,,20,1826,source body not present in Phase 5C prepared drafts; SEO title requires RankMath/source preservation or rewrite; meta description requires RankMath/source preservation or rewrite; image recovery/fallback required,not restored,/resources/blog/how-to-file-a-complaint-with-commission,no,no,no,how-to-file-a-complaint-with-commission,not approved,,excluded while hidden,pending,pending lawyer review,source body not present in Phase 5C prepared drafts; SEO title requires RankMath/source preservation or rewrite; meta description requires RankMath/source preservation or rewrite; image recovery/fallback required
487,,https://chamanlawfirm.com/role-of-community-leaders-in-land-allocation/,role-of-community-leaders-in-land-allocation,Role Of Community Leaders In Land Allocation,,,,,20,1777,source body not present in Phase 5C prepared drafts; SEO title requires RankMath/source preservation or rewrite; meta description requires RankMath/source preservation or rewrite; image recovery/fallback required,not restored,/resources/blog/role-of-community-leaders-in-land-allocation,no,no,no,role-of-community-leaders-in-land-allocation,not approved,,excluded while hidden,pending,pending lawyer review,source body not present in Phase 5C prepared drafts; SEO title requires RankMath/source preservation or rewrite; meta description requires RankMath/source preservation or rewrite; image recovery/fallback required
488,,https://chamanlawfirm.com/powerful-ways-on-adoption-services/,powerful-ways-on-adoption-services,Powerful Ways On Adoption Services,,,,,20,1637,source body not present in Phase 5C prepared drafts; SEO title requires RankMath/source preservation or rewrite; meta description requires RankMath/source preservation or rewrite; image recovery/fallback required,not restored,/resources/blog/powerful-ways-on-adoption-services,no,no,no,powerful-ways-on-adoption-services,not approved,,excluded while hidden,pending,pending lawyer review,source body not present in Phase 5C prepared drafts; SEO title requires RankMath/source preservation or rewrite; meta description requires RankMath/source preservation or rewrite; image recovery/fallback required
489,,https://chamanlawfirm.com/how-does-the-land-use-act-address-the-issue-of-abandoned-properties-in-nigeria/,how-does-the-land-use-act-address-the-issue-of-abandoned-properties-in-nigeria,How Does The Land Use Act Address The Issue Of Abandoned Properties In Nigeria,,,,,20,1044,source body not present in Phase 5C prepared drafts; SEO title requires RankMath/source preservation or rewrite; meta description requires RankMath/source preservation or rewrite; image recovery/fallback required,not restored,/resources/blog/how-does-the-land-use-act-address-the-issue-of-abandoned-properties-in-nigeria,no,no,no,how-does-the-land-use-act-address-the-issue-of-abandoned-properties-in-nigeria,not approved,,excluded while hidden,pending,pending lawyer review,source body not present in Phase 5C prepared drafts; SEO title requires RankMath/source preservation or rewrite; meta description requires RankMath/source preservation or rewrite; image recovery/fallback required
490,,https://chamanlawfirm.com/lagos-property-succession-without-a-will/,lagos-property-succession-without-a-will,Lagos Property Succession Without A Will,,,,,20,989,source body not present in Phase 5C prepared drafts; SEO title requires RankMath/source preservation or rewrite; meta description requires RankMath/source preservation or rewrite; image recovery/fallback required,not restored,/resources/blog/lagos-property-succession-without-a-will,no,no,no,lagos-property-succession-without-a-will,not approved,,excluded while hidden,pending,pending lawyer review,source body not present in Phase 5C prepared drafts; SEO title requires RankMath/source preservation or rewrite; meta description requires RankMath/source preservation or rewrite; image recovery/fallback required
491,,https://chamanlawfirm.com/consequences-of-intestacy-on-business/,consequences-of-intestacy-on-business,Consequences Of Intestacy On Business,,,,,20,884,source body not present in Phase 5C prepared drafts; SEO title requires RankMath/source preservation or rewrite; meta description requires RankMath/source preservation or rewrite; image recovery/fallback required; redirect planning only; do not publish as article without equivalent content,not restored,https://chamanlawfirm.com/consequences-of-intestacy-on-business/,no,no,no,consequences-of-intestacy-on-business,not approved,,excluded while hidden,pending,not required unless revived,source body not present in Phase 5C prepared drafts; SEO title requires RankMath/source preservation or rewrite; meta description requires RankMath/source preservation or rewrite; image recovery/fallback required; redirect planning only; do not publish as article without equivalent content
492,,https://chamanlawfirm.com/5-cyber-law-and-digital-rights-management/,5-cyber-law-and-digital-rights-management,5 Cyber Law And Digital Rights Management,,,,,20,876,source body not present in Phase 5C prepared drafts; SEO title requires RankMath/source preservation or rewrite; meta description requires RankMath/source preservation or rewrite; image recovery/fallback required,not restored,/resources/blog/5-cyber-law-and-digital-rights-management,no,no,no,5-cyber-law-and-digital-rights-management,not approved,,excluded while hidden,pending,pending lawyer review,source body not present in Phase 5C prepared drafts; SEO title requires RankMath/source preservation or rewrite; meta description requires RankMath/source preservation or rewrite; image recovery/fallback required
493,,https://chamanlawfirm.com/foreign-wills-and-lagos-property-what-to-know/,foreign-wills-and-lagos-property-what-to-know,Foreign Wills And Lagos Property What To Know,,,,,20,648,source body not present in Phase 5C prepared drafts; SEO title requires RankMath/source preservation or rewrite; meta description requires RankMath/source preservation or rewrite; image recovery/fallback required,not restored,/resources/blog/foreign-wills-and-lagos-property-what-to-know,no,no,no,foreign-wills-and-lagos-property-what-to-know,not approved,,excluded while hidden,pending,pending lawyer review,source body not present in Phase 5C prepared drafts; SEO title requires RankMath/source preservation or rewrite; meta description requires RankMath/source preservation or rewrite; image recovery/fallback required
494,,https://chamanlawfirm.com/where-is-the-proper-custody-of-a-will/,where-is-the-proper-custody-of-a-will,Where Is The Proper Custody Of A Will,,,,,20,493,source body not present in Phase 5C prepared drafts; SEO title requires RankMath/source preservation or rewrite; meta description requires RankMath/source preservation or rewrite; image recovery/fallback required,not restored,/resources/blog/where-is-the-proper-custody-of-a-will,no,no,no,where-is-the-proper-custody-of-a-will,not approved,,excluded while hidden,pending,pending lawyer review,source body not present in Phase 5C prepared drafts; SEO title requires RankMath/source preservation or rewrite; meta description requires RankMath/source preservation or rewrite; image recovery/fallback required
495,,https://chamanlawfirm.com/requirements-for-starting-a-business-in-nigeria/,requirements-for-starting-a-business-in-nigeria,Requirements For Starting A Business In Nigeria,,,,,19,6343,source body not present in Phase 5C prepared drafts; SEO title requires RankMath/source preservation or rewrite; meta description requires RankMath/source preservation or rewrite; image recovery/fallback required,not restored,/resources/blog/requirements-for-starting-a-business-in-nigeria,no,no,no,requirements-for-starting-a-business-in-nigeria,not approved,,excluded while hidden,pending,pending lawyer review,source body not present in Phase 5C prepared drafts; SEO title requires RankMath/source preservation or rewrite; meta description requires RankMath/source preservation or rewrite; image recovery/fallback required
496,,https://chamanlawfirm.com/retail-advertising-and-marketing-law-in-nigeria/,retail-advertising-and-marketing-law-in-nigeria,Retail Advertising And Marketing Law In Nigeria,,,,,19,6165,source body not present in Phase 5C prepared drafts; SEO title requires RankMath/source preservation or rewrite; meta description requires RankMath/source preservation or rewrite; image recovery/fallback required; redirect planning only; do not publish as article without equivalent content,not restored,https://chamanlawfirm.com/retail-advertising-and-marketing-law-in-nigeria/,no,no,no,retail-advertising-and-marketing-law-in-nigeria,not approved,,excluded while hidden,pending,not required unless revived,source body not present in Phase 5C prepared drafts; SEO title requires RankMath/source preservation or rewrite; meta description requires RankMath/source preservation or rewrite; image recovery/fallback required; redirect planning only; do not publish as article without equivalent content
497,,https://chamanlawfirm.com/police-prosecution-in-nigerian-courts/,police-prosecution-in-nigerian-courts,Police Prosecution In Nigerian Courts,,,,,19,3007,source body not present in Phase 5C prepared drafts; SEO title requires RankMath/source preservation or rewrite; meta description requires RankMath/source preservation or rewrite; image recovery/fallback required,not restored,/resources/blog/police-prosecution-in-nigerian-courts,no,no,no,police-prosecution-in-nigerian-courts,not approved,,excluded while hidden,pending,pending lawyer review,source body not present in Phase 5C prepared drafts; SEO title requires RankMath/source preservation or rewrite; meta description requires RankMath/source preservation or rewrite; image recovery/fallback required
498,,https://chamanlawfirm.com/nuisance-and-trespass/,nuisance-and-trespass,Nuisance And Trespass,,,,,19,2416,source body not present in Phase 5C prepared drafts; SEO title requires RankMath/source preservation or rewrite; meta description requires RankMath/source preservation or rewrite; image recovery/fallback required,not restored,/resources/blog/nuisance-and-trespass,no,no,no,nuisance-and-trespass,not approved,,excluded while hidden,pending,pending lawyer review,source body not present in Phase 5C prepared drafts; SEO title requires RankMath/source preservation or rewrite; meta description requires RankMath/source preservation or rewrite; image recovery/fallback required
499,,https://chamanlawfirm.com/what-are-the-legal-rights-of-private-property-owners/,what-are-the-legal-rights-of-private-property-owners,What Are The Legal Rights Of Private Property Owners,,,,,19,1829,source body not present in Phase 5C prepared drafts; SEO title requires RankMath/source preservation or rewrite; meta description requires RankMath/source preservation or rewrite; image recovery/fallback required,not restored,/resources/blog/what-are-the-legal-rights-of-private-property-owners,no,no,no,what-are-the-legal-rights-of-private-property-owners,not approved,,excluded while hidden,pending,pending lawyer review,source body not present in Phase 5C prepared drafts; SEO title requires RankMath/source preservation or rewrite; meta description requires RankMath/source preservation or rewrite; image recovery/fallback required
500,,https://chamanlawfirm.com/an-examination-of-the-employees-compensation-act/,an-examination-of-the-employees-compensation-act,An Examination Of The Employees Compensation Act,,,,,19,1051,source body not present in Phase 5C prepared drafts; SEO title requires RankMath/source preservation or rewrite; meta description requires RankMath/source preservation or rewrite; image recovery/fallback required,not restored,/resources/blog/an-examination-of-the-employees-compensation-act,no,no,no,an-examination-of-the-employees-compensation-act,not approved,,excluded while hidden,pending,pending lawyer review,source body not present in Phase 5C prepared drafts; SEO title requires RankMath/source preservation or rewrite; meta description requires RankMath/source preservation or rewrite; image recovery/fallback required
501,,https://chamanlawfirm.com/limitations-of-foreign-investments-in-nigeria/,limitations-of-foreign-investments-in-nigeria,Limitations Of Foreign Investments In Nigeria,,,,,19,849,source body not present in Phase 5C prepared drafts; SEO title requires RankMath/source preservation or rewrite; meta description requires RankMath/source preservation or rewrite; image recovery/fallback required,not restored,/resources/blog/limitations-of-foreign-investments-in-nigeria,no,no,no,limitations-of-foreign-investments-in-nigeria,not approved,,excluded while hidden,pending,pending lawyer review,source body not present in Phase 5C prepared drafts; SEO title requires RankMath/source preservation or rewrite; meta description requires RankMath/source preservation or rewrite; image recovery/fallback required
502,,https://chamanlawfirm.com/use-arbitration-for-property-disputes-lagos/,use-arbitration-for-property-disputes-lagos,Use Arbitration For Property Disputes Lagos,,,,,19,526,source body not present in Phase 5C prepared drafts; SEO title requires RankMath/source preservation or rewrite; meta description requires RankMath/source preservation or rewrite; image recovery/fallback required,not restored,/resources/blog/use-arbitration-for-property-disputes-lagos,no,no,no,use-arbitration-for-property-disputes-lagos,not approved,,excluded while hidden,pending,pending lawyer review,source body not present in Phase 5C prepared drafts; SEO title requires RankMath/source preservation or rewrite; meta description requires RankMath/source preservation or rewrite; image recovery/fallback required
503,,https://chamanlawfirm.com/import-and-export-procedures-in-nigeria/,import-and-export-procedures-in-nigeria,Import And Export Procedures In Nigeria,,,,,18,6568,source body not present in Phase 5C prepared drafts; SEO title requires RankMath/source preservation or rewrite; meta description requires RankMath/source preservation or rewrite; image recovery/fallback required,not restored,/resources/blog/import-and-export-procedures-in-nigeria,no,no,no,import-and-export-procedures-in-nigeria,not approved,,excluded while hidden,pending,pending lawyer review,source body not present in Phase 5C prepared drafts; SEO title requires RankMath/source preservation or rewrite; meta description requires RankMath/source preservation or rewrite; image recovery/fallback required
504,,https://chamanlawfirm.com/how-to-acquire-citizenship-in-nigeria/,how-to-acquire-citizenship-in-nigeria,How To Acquire Citizenship In Nigeria,,,,,18,6556,source body not present in Phase 5C prepared drafts; SEO title requires RankMath/source preservation or rewrite; meta description requires RankMath/source preservation or rewrite; image recovery/fallback required,not restored,/resources/blog/how-to-acquire-citizenship-in-nigeria,no,no,no,how-to-acquire-citizenship-in-nigeria,not approved,,excluded while hidden,pending,pending lawyer review,source body not present in Phase 5C prepared drafts; SEO title requires RankMath/source preservation or rewrite; meta description requires RankMath/source preservation or rewrite; image recovery/fallback required
505,,https://chamanlawfirm.com/employment-law-7-compliance-for-nigerian/,employment-law-7-compliance-for-nigerian,Employment Law 7 Compliance For Nigerian,,,,,18,6451,source body not present in Phase 5C prepared drafts; SEO title requires RankMath/source preservation or rewrite; meta description requires RankMath/source preservation or rewrite; image recovery/fallback required,not restored,/resources/blog/employment-law-7-compliance-for-nigerian,no,no,no,employment-law-7-compliance-for-nigerian,not approved,,excluded while hidden,pending,pending lawyer review,source body not present in Phase 5C prepared drafts; SEO title requires RankMath/source preservation or rewrite; meta description requires RankMath/source preservation or rewrite; image recovery/fallback required
506,,https://chamanlawfirm.com/peaceful-assembly-and-association/,peaceful-assembly-and-association,Peaceful Assembly And Association,,,,,18,4662,source body not present in Phase 5C prepared drafts; SEO title requires RankMath/source preservation or rewrite; meta description requires RankMath/source preservation or rewrite; image recovery/fallback required,not restored,/resources/blog/peaceful-assembly-and-association,no,no,no,peaceful-assembly-and-association,not approved,,excluded while hidden,pending,pending lawyer review,source body not present in Phase 5C prepared drafts; SEO title requires RankMath/source preservation or rewrite; meta description requires RankMath/source preservation or rewrite; image recovery/fallback required
507,,https://chamanlawfirm.com/what-step-should-i-take-if-someone-encroaches/,what-step-should-i-take-if-someone-encroaches,What Step Should I Take If Someone Encroaches,,,,,18,4188,source body not present in Phase 5C prepared drafts; SEO title requires RankMath/source preservation or rewrite; meta description requires RankMath/source preservation or rewrite; image recovery/fallback required,not restored,/resources/blog/what-step-should-i-take-if-someone-encroaches,no,no,no,what-step-should-i-take-if-someone-encroaches,not approved,,excluded while hidden,pending,pending lawyer review,source body not present in Phase 5C prepared drafts; SEO title requires RankMath/source preservation or rewrite; meta description requires RankMath/source preservation or rewrite; image recovery/fallback required
508,,https://chamanlawfirm.com/understanding-the-land-use-act-6-proven/,understanding-the-land-use-act-6-proven,Understanding The Land Use Act 6 Proven,,,,,18,4066,source body not present in Phase 5C prepared drafts; SEO title requires RankMath/source preservation or rewrite; meta description requires RankMath/source preservation or rewrite; image recovery/fallback required,not restored,/resources/blog/understanding-the-land-use-act-6-proven,no,no,no,understanding-the-land-use-act-6-proven,not approved,,excluded while hidden,pending,pending lawyer review,source body not present in Phase 5C prepared drafts; SEO title requires RankMath/source preservation or rewrite; meta description requires RankMath/source preservation or rewrite; image recovery/fallback required
509,,https://chamanlawfirm.com/understanding-intestate-succession-in-nigeria/,understanding-intestate-succession-in-nigeria,Understanding Intestate Succession In Nigeria,,,,,18,2585,source body not present in Phase 5C prepared drafts; SEO title requires RankMath/source preservation or rewrite; meta description requires RankMath/source preservation or rewrite; image recovery/fallback required; redirect planning only; do not publish as article without equivalent content,not restored,https://chamanlawfirm.com/understanding-intestate-succession-in-nigeria/,no,no,no,understanding-intestate-succession-in-nigeria,not approved,,excluded while hidden,pending,not required unless revived,source body not present in Phase 5C prepared drafts; SEO title requires RankMath/source preservation or rewrite; meta description requires RankMath/source preservation or rewrite; image recovery/fallback required; redirect planning only; do not publish as article without equivalent content
510,,https://chamanlawfirm.com/corporate-governance-and-ethical-responsibility/,corporate-governance-and-ethical-responsibility,Corporate Governance And Ethical Responsibility,,,,,18,2523,source body not present in Phase 5C prepared drafts; SEO title requires RankMath/source preservation or rewrite; meta description requires RankMath/source preservation or rewrite; image recovery/fallback required; redirect planning only; do not publish as article without equivalent content,not restored,https://chamanlawfirm.com/corporate-governance-and-ethical-responsibility/,no,no,no,corporate-governance-and-ethical-responsibility,not approved,,excluded while hidden,pending,not required unless revived,source body not present in Phase 5C prepared drafts; SEO title requires RankMath/source preservation or rewrite; meta description requires RankMath/source preservation or rewrite; image recovery/fallback required; redirect planning only; do not publish as article without equivalent content
511,,https://chamanlawfirm.com/understanding-the-nigerian-tax-law/,understanding-the-nigerian-tax-law,Understanding The Nigerian Tax Law,,,,,18,2449,source body not present in Phase 5C prepared drafts; SEO title requires RankMath/source preservation or rewrite; meta description requires RankMath/source preservation or rewrite; image recovery/fallback required; redirect planning only; do not publish as article without equivalent content,not restored,https://chamanlawfirm.com/understanding-the-nigerian-tax-law/,no,no,no,understanding-the-nigerian-tax-law,not approved,,excluded while hidden,pending,not required unless revived,source body not present in Phase 5C prepared drafts; SEO title requires RankMath/source preservation or rewrite; meta description requires RankMath/source preservation or rewrite; image recovery/fallback required; redirect planning only; do not publish as article without equivalent content
512,,https://chamanlawfirm.com/powerful-steps-raising-capital-in-nigeria/,powerful-steps-raising-capital-in-nigeria,Powerful Steps Raising Capital In Nigeria,,,,,18,2449,source body not present in Phase 5C prepared drafts; SEO title requires RankMath/source preservation or rewrite; meta description requires RankMath/source preservation or rewrite; image recovery/fallback required,not restored,/resources/blog/powerful-steps-raising-capital-in-nigeria,no,no,no,powerful-steps-raising-capital-in-nigeria,not approved,,excluded while hidden,pending,pending lawyer review,source body not present in Phase 5C prepared drafts; SEO title requires RankMath/source preservation or rewrite; meta description requires RankMath/source preservation or rewrite; image recovery/fallback required
513,,https://chamanlawfirm.com/how-do-i-draft-a-tenancy-agreement/,how-do-i-draft-a-tenancy-agreement,How Do I Draft A Tenancy Agreement,,,,,18,2147,source body not present in Phase 5C prepared drafts; SEO title requires RankMath/source preservation or rewrite; meta description requires RankMath/source preservation or rewrite; image recovery/fallback required; redirect planning only; do not publish as article without equivalent content,not restored,https://chamanlawfirm.com/how-do-i-draft-a-tenancy-agreement/,no,no,no,how-do-i-draft-a-tenancy-agreement,not approved,,excluded while hidden,pending,not required unless revived,source body not present in Phase 5C prepared drafts; SEO title requires RankMath/source preservation or rewrite; meta description requires RankMath/source preservation or rewrite; image recovery/fallback required; redirect planning only; do not publish as article without equivalent content
514,,https://chamanlawfirm.com/nigeria-leading-immigration-lawyers/,nigeria-leading-immigration-lawyers,Nigeria Leading Immigration Lawyers,,,,,18,2020,source body not present in Phase 5C prepared drafts; SEO title requires RankMath/source preservation or rewrite; meta description requires RankMath/source preservation or rewrite; image recovery/fallback required; redirect planning only; do not publish as article without equivalent content,not restored,https://chamanlawfirm.com/nigeria-leading-immigration-lawyers/,no,no,no,nigeria-leading-immigration-lawyers,not approved,,excluded while hidden,pending,not required unless revived,source body not present in Phase 5C prepared drafts; SEO title requires RankMath/source preservation or rewrite; meta description requires RankMath/source preservation or rewrite; image recovery/fallback required; redirect planning only; do not publish as article without equivalent content
515,,https://chamanlawfirm.com/who-are-the-type-of-people-that-can-write-a-will/,who-are-the-type-of-people-that-can-write-a-will,Who Are The Type Of People That Can Write A Will,,,,,18,1992,source body not present in Phase 5C prepared drafts; SEO title requires RankMath/source preservation or rewrite; meta description requires RankMath/source preservation or rewrite; image recovery/fallback required,not restored,/resources/blog/who-are-the-type-of-people-that-can-write-a-will,no,no,no,who-are-the-type-of-people-that-can-write-a-will,not approved,,excluded while hidden,pending,pending lawyer review,source body not present in Phase 5C prepared drafts; SEO title requires RankMath/source preservation or rewrite; meta description requires RankMath/source preservation or rewrite; image recovery/fallback required
516,,https://chamanlawfirm.com/types-of-wills/,types-of-wills,Types Of Wills,,,,,18,1905,source body not present in Phase 5C prepared drafts; SEO title requires RankMath/source preservation or rewrite; meta description requires RankMath/source preservation or rewrite; image recovery/fallback required,not restored,/resources/blog/types-of-wills,no,no,no,types-of-wills,not approved,,excluded while hidden,pending,pending lawyer review,source body not present in Phase 5C prepared drafts; SEO title requires RankMath/source preservation or rewrite; meta description requires RankMath/source preservation or rewrite; image recovery/fallback required
517,,https://chamanlawfirm.com/what-is-trespass-to-land2/,what-is-trespass-to-land2,What Is Trespass To Land2,,,,,18,1885,source body not present in Phase 5C prepared drafts; SEO title requires RankMath/source preservation or rewrite; meta description requires RankMath/source preservation or rewrite; image recovery/fallback required,not restored,/resources/blog/what-is-trespass-to-land2,no,no,no,what-is-trespass-to-land2,not approved,,excluded while hidden,pending,pending lawyer review,source body not present in Phase 5C prepared drafts; SEO title requires RankMath/source preservation or rewrite; meta description requires RankMath/source preservation or rewrite; image recovery/fallback required
518,,https://chamanlawfirm.com/bordersecurityin-nigerian-immigration-policy/,bordersecurityin-nigerian-immigration-policy,Bordersecurityin Nigerian Immigration Policy,,,,,18,1622,source body not present in Phase 5C prepared drafts; SEO title requires RankMath/source preservation or rewrite; meta description requires RankMath/source preservation or rewrite; image recovery/fallback required,not restored,/resources/blog/bordersecurityin-nigerian-immigration-policy,no,no,no,bordersecurityin-nigerian-immigration-policy,not approved,,excluded while hidden,pending,pending lawyer review,source body not present in Phase 5C prepared drafts; SEO title requires RankMath/source preservation or rewrite; meta description requires RankMath/source preservation or rewrite; image recovery/fallback required
519,,https://chamanlawfirm.com/learn-how-to-draft-tenancy-agreement-in-ogun/,learn-how-to-draft-tenancy-agreement-in-ogun,Learn How To Draft Tenancy Agreement In Ogun,,,,,18,1601,source body not present in Phase 5C prepared drafts; SEO title requires RankMath/source preservation or rewrite; meta description requires RankMath/source preservation or rewrite; image recovery/fallback required,not restored,/resources/blog/learn-how-to-draft-tenancy-agreement-in-ogun,no,no,no,learn-how-to-draft-tenancy-agreement-in-ogun,not approved,,excluded while hidden,pending,pending lawyer review,source body not present in Phase 5C prepared drafts; SEO title requires RankMath/source preservation or rewrite; meta description requires RankMath/source preservation or rewrite; image recovery/fallback required
520,,https://chamanlawfirm.com/challenging-a-fraudulent-probate-application/,challenging-a-fraudulent-probate-application,Challenging A Fraudulent Probate Application,,,,,18,1522,source body not present in Phase 5C prepared drafts; SEO title requires RankMath/source preservation or rewrite; meta description requires RankMath/source preservation or rewrite; image recovery/fallback required,not restored,/resources/blog/challenging-a-fraudulent-probate-application,no,no,no,challenging-a-fraudulent-probate-application,not approved,,excluded while hidden,pending,pending lawyer review,source body not present in Phase 5C prepared drafts; SEO title requires RankMath/source preservation or rewrite; meta description requires RankMath/source preservation or rewrite; image recovery/fallback required
521,,https://chamanlawfirm.com/what-are-arbitrable-matters/,what-are-arbitrable-matters,What Are Arbitrable Matters,,,,,18,1406,source body not present in Phase 5C prepared drafts; SEO title requires RankMath/source preservation or rewrite; meta description requires RankMath/source preservation or rewrite; image recovery/fallback required,not restored,/resources/blog/what-are-arbitrable-matters,no,no,no,what-are-arbitrable-matters,not approved,,excluded while hidden,pending,pending lawyer review,source body not present in Phase 5C prepared drafts; SEO title requires RankMath/source preservation or rewrite; meta description requires RankMath/source preservation or rewrite; image recovery/fallback required
522,,https://chamanlawfirm.com/lawful-methods-to-recover-debt-in-nigeria/,lawful-methods-to-recover-debt-in-nigeria,Lawful Methods To Recover Debt In Nigeria,,,,,18,1309,source body not present in Phase 5C prepared drafts; SEO title requires RankMath/source preservation or rewrite; meta description requires RankMath/source preservation or rewrite; image recovery/fallback required,not restored,/resources/blog/lawful-methods-to-recover-debt-in-nigeria,no,no,no,lawful-methods-to-recover-debt-in-nigeria,not approved,,excluded while hidden,pending,pending lawyer review,source body not present in Phase 5C prepared drafts; SEO title requires RankMath/source preservation or rewrite; meta description requires RankMath/source preservation or rewrite; image recovery/fallback required
523,,https://chamanlawfirm.com/legal-issues-in-binding-settlement-agreements/,legal-issues-in-binding-settlement-agreements,Legal Issues In Binding Settlement Agreements,,,,,18,1235,source body not present in Phase 5C prepared drafts; SEO title requires RankMath/source preservation or rewrite; meta description requires RankMath/source preservation or rewrite; image recovery/fallback required; redirect planning only; do not publish as article without equivalent content,not restored,https://chamanlawfirm.com/legal-issues-in-binding-settlement-agreements/,no,no,no,legal-issues-in-binding-settlement-agreements,not approved,,excluded while hidden,pending,not required unless revived,source body not present in Phase 5C prepared drafts; SEO title requires RankMath/source preservation or rewrite; meta description requires RankMath/source preservation or rewrite; image recovery/fallback required; redirect planning only; do not publish as article without equivalent content
524,,https://chamanlawfirm.com/how-to-handle-land-grabbers-in-lagos/,how-to-handle-land-grabbers-in-lagos,How To Handle Land Grabbers In Lagos,,,,,18,1182,source body not present in Phase 5C prepared drafts; SEO title requires RankMath/source preservation or rewrite; meta description requires RankMath/source preservation or rewrite; image recovery/fallback required,not restored,/resources/blog/how-to-handle-land-grabbers-in-lagos,no,no,no,how-to-handle-land-grabbers-in-lagos,not approved,,excluded while hidden,pending,pending lawyer review,source body not present in Phase 5C prepared drafts; SEO title requires RankMath/source preservation or rewrite; meta description requires RankMath/source preservation or rewrite; image recovery/fallback required
525,,https://chamanlawfirm.com/land-dispute-resolution-in-nigeria-court-system/,land-dispute-resolution-in-nigeria-court-system,Land Dispute Resolution In Nigeria Court System,,,,,18,1028,source body not present in Phase 5C prepared drafts; SEO title requires RankMath/source preservation or rewrite; meta description requires RankMath/source preservation or rewrite; image recovery/fallback required,not restored,/resources/blog/land-dispute-resolution-in-nigeria-court-system,no,no,no,land-dispute-resolution-in-nigeria-court-system,not approved,,excluded while hidden,pending,pending lawyer review,source body not present in Phase 5C prepared drafts; SEO title requires RankMath/source preservation or rewrite; meta description requires RankMath/source preservation or rewrite; image recovery/fallback required
526,,https://chamanlawfirm.com/what-are-the-duties-of-parties-to-an-agency-agreement-introduction/,what-are-the-duties-of-parties-to-an-agency-agreement-introduction,What Are The Duties Of Parties To An Agency Agreement Introduction,,,,,18,671,source body not present in Phase 5C prepared drafts; SEO title requires RankMath/source preservation or rewrite; meta description requires RankMath/source preservation or rewrite; image recovery/fallback required,not restored,/resources/blog/what-are-the-duties-of-parties-to-an-agency-agreement-introduction,no,no,no,what-are-the-duties-of-parties-to-an-agency-agreement-introduction,not approved,,excluded while hidden,pending,pending lawyer review,source body not present in Phase 5C prepared drafts; SEO title requires RankMath/source preservation or rewrite; meta description requires RankMath/source preservation or rewrite; image recovery/fallback required
527,,https://chamanlawfirm.com/guide-to-hire-lawyers-and-law-firms-in-nigeria/,guide-to-hire-lawyers-and-law-firms-in-nigeria,Guide To Hire Lawyers And Law Firms In Nigeria,,,,,17,4782,source body not present in Phase 5C prepared drafts; SEO title requires RankMath/source preservation or rewrite; meta description requires RankMath/source preservation or rewrite; image recovery/fallback required,not restored,/resources/blog/guide-to-hire-lawyers-and-law-firms-in-nigeria,no,no,no,guide-to-hire-lawyers-and-law-firms-in-nigeria,not approved,,excluded while hidden,pending,pending lawyer review,source body not present in Phase 5C prepared drafts; SEO title requires RankMath/source preservation or rewrite; meta description requires RankMath/source preservation or rewrite; image recovery/fallback required
528,,https://chamanlawfirm.com/draft-and-negotiation-in-lease-agreement/,draft-and-negotiation-in-lease-agreement,Draft And Negotiation In Lease Agreement,,,,,17,4085,source body not present in Phase 5C prepared drafts; SEO title requires RankMath/source preservation or rewrite; meta description requires RankMath/source preservation or rewrite; image recovery/fallback required; redirect planning only; do not publish as article without equivalent content,not restored,https://chamanlawfirm.com/draft-and-negotiation-in-lease-agreement/,no,no,no,draft-and-negotiation-in-lease-agreement,not approved,,excluded while hidden,pending,not required unless revived,source body not present in Phase 5C prepared drafts; SEO title requires RankMath/source preservation or rewrite; meta description requires RankMath/source preservation or rewrite; image recovery/fallback required; redirect planning only; do not publish as article without equivalent content
529,,https://chamanlawfirm.com/bank-disputes-in-nigeria-modes-of-resolution/,bank-disputes-in-nigeria-modes-of-resolution,Bank Disputes In Nigeria Modes Of Resolution,,,,,17,3636,source body not present in Phase 5C prepared drafts; SEO title requires RankMath/source preservation or rewrite; meta description requires RankMath/source preservation or rewrite; image recovery/fallback required,not restored,/resources/blog/bank-disputes-in-nigeria-modes-of-resolution,no,no,no,bank-disputes-in-nigeria-modes-of-resolution,not approved,,excluded while hidden,pending,pending lawyer review,source body not present in Phase 5C prepared drafts; SEO title requires RankMath/source preservation or rewrite; meta description requires RankMath/source preservation or rewrite; image recovery/fallback required
530,,https://chamanlawfirm.com/powerful-steps-who-may-adopt/,powerful-steps-who-may-adopt,Powerful Steps Who May Adopt,,,,,17,3581,source body not present in Phase 5C prepared drafts; SEO title requires RankMath/source preservation or rewrite; meta description requires RankMath/source preservation or rewrite; image recovery/fallback required,not restored,/resources/blog/powerful-steps-who-may-adopt,no,no,no,powerful-steps-who-may-adopt,not approved,,excluded while hidden,pending,pending lawyer review,source body not present in Phase 5C prepared drafts; SEO title requires RankMath/source preservation or rewrite; meta description requires RankMath/source preservation or rewrite; image recovery/fallback required
531,,https://chamanlawfirm.com/taxes-exemptions-and-incentives-in-nigeria/,taxes-exemptions-and-incentives-in-nigeria,Taxes Exemptions And Incentives In Nigeria,,,,,17,3552,source body not present in Phase 5C prepared drafts; SEO title requires RankMath/source preservation or rewrite; meta description requires RankMath/source preservation or rewrite; image recovery/fallback required,not restored,/resources/blog/taxes-exemptions-and-incentives-in-nigeria,no,no,no,taxes-exemptions-and-incentives-in-nigeria,not approved,,excluded while hidden,pending,pending lawyer review,source body not present in Phase 5C prepared drafts; SEO title requires RankMath/source preservation or rewrite; meta description requires RankMath/source preservation or rewrite; image recovery/fallback required
532,,https://chamanlawfirm.com/health-and-safety-measures-in-construction/,health-and-safety-measures-in-construction,Health And Safety Measures In Construction,,,,,17,2942,source body not present in Phase 5C prepared drafts; SEO title requires RankMath/source preservation or rewrite; meta description requires RankMath/source preservation or rewrite; image recovery/fallback required,not restored,/resources/blog/health-and-safety-measures-in-construction,no,no,no,health-and-safety-measures-in-construction,not approved,,excluded while hidden,pending,pending lawyer review,source body not present in Phase 5C prepared drafts; SEO title requires RankMath/source preservation or rewrite; meta description requires RankMath/source preservation or rewrite; image recovery/fallback required
533,,https://chamanlawfirm.com/impact-of-trade-policies-on-nigerian-business/,impact-of-trade-policies-on-nigerian-business,Impact Of Trade Policies On Nigerian Business,,,,,17,2569,source body not present in Phase 5C prepared drafts; SEO title requires RankMath/source preservation or rewrite; meta description requires RankMath/source preservation or rewrite; image recovery/fallback required; redirect planning only; do not publish as article without equivalent content,not restored,https://chamanlawfirm.com/impact-of-trade-policies-on-nigerian-business/,no,no,no,impact-of-trade-policies-on-nigerian-business,not approved,,excluded while hidden,pending,not required unless revived,source body not present in Phase 5C prepared drafts; SEO title requires RankMath/source preservation or rewrite; meta description requires RankMath/source preservation or rewrite; image recovery/fallback required; redirect planning only; do not publish as article without equivalent content
534,,https://chamanlawfirm.com/the-legal-implications-of-breach-of-contract/,the-legal-implications-of-breach-of-contract,The Legal Implications Of Breach Of Contract,,,,,17,2515,source body not present in Phase 5C prepared drafts; SEO title requires RankMath/source preservation or rewrite; meta description requires RankMath/source preservation or rewrite; image recovery/fallback required,not restored,/resources/blog/the-legal-implications-of-breach-of-contract,no,no,no,the-legal-implications-of-breach-of-contract,not approved,,excluded while hidden,pending,pending lawyer review,source body not present in Phase 5C prepared drafts; SEO title requires RankMath/source preservation or rewrite; meta description requires RankMath/source preservation or rewrite; image recovery/fallback required
535,,https://chamanlawfirm.com/what-is-a-demand-letters/,what-is-a-demand-letters,What Is A Demand Letters,,,,,17,2282,source body not present in Phase 5C prepared drafts; SEO title requires RankMath/source preservation or rewrite; meta description requires RankMath/source preservation or rewrite; image recovery/fallback required,not restored,/resources/blog/what-is-a-demand-letters,no,no,no,what-is-a-demand-letters,not approved,,excluded while hidden,pending,pending lawyer review,source body not present in Phase 5C prepared drafts; SEO title requires RankMath/source preservation or rewrite; meta description requires RankMath/source preservation or rewrite; image recovery/fallback required
536,,https://chamanlawfirm.com/deed-of-assignment-from-a-property/,deed-of-assignment-from-a-property,Deed Of Assignment From A Property,,,,,17,2265,source body not present in Phase 5C prepared drafts; SEO title requires RankMath/source preservation or rewrite; meta description requires RankMath/source preservation or rewrite; image recovery/fallback required,not restored,/resources/blog/deed-of-assignment-from-a-property,no,no,no,deed-of-assignment-from-a-property,not approved,,excluded while hidden,pending,pending lawyer review,source body not present in Phase 5C prepared drafts; SEO title requires RankMath/source preservation or rewrite; meta description requires RankMath/source preservation or rewrite; image recovery/fallback required
537,,https://chamanlawfirm.com/legal-processes-of-transferring-property/,legal-processes-of-transferring-property,Legal Processes Of Transferring Property,,,,,17,2246,source body not present in Phase 5C prepared drafts; SEO title requires RankMath/source preservation or rewrite; meta description requires RankMath/source preservation or rewrite; image recovery/fallback required,not restored,/resources/blog/legal-processes-of-transferring-property,no,no,no,legal-processes-of-transferring-property,not approved,,excluded while hidden,pending,pending lawyer review,source body not present in Phase 5C prepared drafts; SEO title requires RankMath/source preservation or rewrite; meta description requires RankMath/source preservation or rewrite; image recovery/fallback required
538,,https://chamanlawfirm.com/overview-of-self-incrimination/,overview-of-self-incrimination,Overview Of Self Incrimination,,,,,17,2232,source body not present in Phase 5C prepared drafts; SEO title requires RankMath/source preservation or rewrite; meta description requires RankMath/source preservation or rewrite; image recovery/fallback required,not restored,/resources/blog/overview-of-self-incrimination,no,no,no,overview-of-self-incrimination,not approved,,excluded while hidden,pending,pending lawyer review,source body not present in Phase 5C prepared drafts; SEO title requires RankMath/source preservation or rewrite; meta description requires RankMath/source preservation or rewrite; image recovery/fallback required
539,,https://chamanlawfirm.com/tax-planning-and-avoidance-in-nigeria/,tax-planning-and-avoidance-in-nigeria,Tax Planning And Avoidance In Nigeria,,,,,17,2076,source body not present in Phase 5C prepared drafts; SEO title requires RankMath/source preservation or rewrite; meta description requires RankMath/source preservation or rewrite; image recovery/fallback required,not restored,/resources/blog/tax-planning-and-avoidance-in-nigeria,no,no,no,tax-planning-and-avoidance-in-nigeria,not approved,,excluded while hidden,pending,pending lawyer review,source body not present in Phase 5C prepared drafts; SEO title requires RankMath/source preservation or rewrite; meta description requires RankMath/source preservation or rewrite; image recovery/fallback required
540,,https://chamanlawfirm.com/all-you-need-to-know-about-the-e-manifest/,all-you-need-to-know-about-the-e-manifest,All You Need To Know About The E Manifest,,,,,17,1971,source body not present in Phase 5C prepared drafts; SEO title requires RankMath/source preservation or rewrite; meta description requires RankMath/source preservation or rewrite; image recovery/fallback required,not restored,/resources/blog/all-you-need-to-know-about-the-e-manifest,no,no,no,all-you-need-to-know-about-the-e-manifest,not approved,,excluded while hidden,pending,pending lawyer review,source body not present in Phase 5C prepared drafts; SEO title requires RankMath/source preservation or rewrite; meta description requires RankMath/source preservation or rewrite; image recovery/fallback required
541,,https://chamanlawfirm.com/verify-land-ownership-with-the-lagos-state/,verify-land-ownership-with-the-lagos-state,Verify Land Ownership With The Lagos State,,,,,17,1970,source body not present in Phase 5C prepared drafts; SEO title requires RankMath/source preservation or rewrite; meta description requires RankMath/source preservation or rewrite; image recovery/fallback required,not restored,/resources/blog/verify-land-ownership-with-the-lagos-state,no,no,no,verify-land-ownership-with-the-lagos-state,not approved,,excluded while hidden,pending,pending lawyer review,source body not present in Phase 5C prepared drafts; SEO title requires RankMath/source preservation or rewrite; meta description requires RankMath/source preservation or rewrite; image recovery/fallback required
542,,https://chamanlawfirm.com/resolving-disputes-over-properties/,resolving-disputes-over-properties,Resolving Disputes Over Properties,,,,,17,1962,source body not present in Phase 5C prepared drafts; SEO title requires RankMath/source preservation or rewrite; meta description requires RankMath/source preservation or rewrite; image recovery/fallback required,not restored,/resources/blog/resolving-disputes-over-properties,no,no,no,resolving-disputes-over-properties,not approved,,excluded while hidden,pending,pending lawyer review,source body not present in Phase 5C prepared drafts; SEO title requires RankMath/source preservation or rewrite; meta description requires RankMath/source preservation or rewrite; image recovery/fallback required
543,,https://chamanlawfirm.com/probate-for-a-deceased-estate-in-nigeria/,probate-for-a-deceased-estate-in-nigeria,Probate For A Deceased Estate In Nigeria,,,,,17,1958,source body not present in Phase 5C prepared drafts; SEO title requires RankMath/source preservation or rewrite; meta description requires RankMath/source preservation or rewrite; image recovery/fallback required,not restored,/resources/blog/probate-for-a-deceased-estate-in-nigeria,no,no,no,probate-for-a-deceased-estate-in-nigeria,not approved,,excluded while hidden,pending,pending lawyer review,source body not present in Phase 5C prepared drafts; SEO title requires RankMath/source preservation or rewrite; meta description requires RankMath/source preservation or rewrite; image recovery/fallback required
544,,https://chamanlawfirm.com/legally-challenge-forged-land-documents-in-ogun/,legally-challenge-forged-land-documents-in-ogun,Legally Challenge Forged Land Documents In Ogun,,,,,17,1665,source body not present in Phase 5C prepared drafts; SEO title requires RankMath/source preservation or rewrite; meta description requires RankMath/source preservation or rewrite; image recovery/fallback required,not restored,/resources/blog/legally-challenge-forged-land-documents-in-ogun,no,no,no,legally-challenge-forged-land-documents-in-ogun,not approved,,excluded while hidden,pending,pending lawyer review,source body not present in Phase 5C prepared drafts; SEO title requires RankMath/source preservation or rewrite; meta description requires RankMath/source preservation or rewrite; image recovery/fallback required
545,,https://chamanlawfirm.com/alternative-dispute-resolution-in-real-estate/,alternative-dispute-resolution-in-real-estate,Alternative Dispute Resolution In Real Estate,,,,,17,1657,source body not present in Phase 5C prepared drafts; SEO title requires RankMath/source preservation or rewrite; meta description requires RankMath/source preservation or rewrite; image recovery/fallback required; redirect planning only; do not publish as article without equivalent content,not restored,https://chamanlawfirm.com/alternative-dispute-resolution-in-real-estate/,no,no,no,alternative-dispute-resolution-in-real-estate,not approved,,excluded while hidden,pending,not required unless revived,source body not present in Phase 5C prepared drafts; SEO title requires RankMath/source preservation or rewrite; meta description requires RankMath/source preservation or rewrite; image recovery/fallback required; redirect planning only; do not publish as article without equivalent content
546,,https://chamanlawfirm.com/legal-aspects-of-product-liability/,legal-aspects-of-product-liability,Legal Aspects Of Product Liability,,,,,17,1630,source body not present in Phase 5C prepared drafts; SEO title requires RankMath/source preservation or rewrite; meta description requires RankMath/source preservation or rewrite; image recovery/fallback required,not restored,/resources/blog/legal-aspects-of-product-liability,no,no,no,legal-aspects-of-product-liability,not approved,,excluded while hidden,pending,pending lawyer review,source body not present in Phase 5C prepared drafts; SEO title requires RankMath/source preservation or rewrite; meta description requires RankMath/source preservation or rewrite; image recovery/fallback required
547,,https://chamanlawfirm.com/taxation-of-retail-sector/,taxation-of-retail-sector,Taxation Of Retail Sector,,,,,17,1611,source body not present in Phase 5C prepared drafts; SEO title requires RankMath/source preservation or rewrite; meta description requires RankMath/source preservation or rewrite; image recovery/fallback required,not restored,/resources/blog/taxation-of-retail-sector,no,no,no,taxation-of-retail-sector,not approved,,excluded while hidden,pending,pending lawyer review,source body not present in Phase 5C prepared drafts; SEO title requires RankMath/source preservation or rewrite; meta description requires RankMath/source preservation or rewrite; image recovery/fallback required
548,,https://chamanlawfirm.com/how-can-nigerians-in-the-diaspora-buy-property/,how-can-nigerians-in-the-diaspora-buy-property,How Can Nigerians In The Diaspora Buy Property,,,,,17,1538,source body not present in Phase 5C prepared drafts; SEO title requires RankMath/source preservation or rewrite; meta description requires RankMath/source preservation or rewrite; image recovery/fallback required,not restored,/resources/blog/how-can-nigerians-in-the-diaspora-buy-property,no,no,no,how-can-nigerians-in-the-diaspora-buy-property,not approved,,excluded while hidden,pending,pending lawyer review,source body not present in Phase 5C prepared drafts; SEO title requires RankMath/source preservation or rewrite; meta description requires RankMath/source preservation or rewrite; image recovery/fallback required
549,,https://chamanlawfirm.com/remedies-for-breach-of-promise-to-marry/,remedies-for-breach-of-promise-to-marry,Remedies For Breach Of Promise To Marry,,,,,17,1518,source body not present in Phase 5C prepared drafts; SEO title requires RankMath/source preservation or rewrite; meta description requires RankMath/source preservation or rewrite; image recovery/fallback required,not restored,/resources/blog/remedies-for-breach-of-promise-to-marry,no,no,no,remedies-for-breach-of-promise-to-marry,not approved,,excluded while hidden,pending,pending lawyer review,source body not present in Phase 5C prepared drafts; SEO title requires RankMath/source preservation or rewrite; meta description requires RankMath/source preservation or rewrite; image recovery/fallback required
550,,https://chamanlawfirm.com/lagos-property-succession-how-to-transfer-ownership-after-a-death/,lagos-property-succession-how-to-transfer-ownership-after-a-death,Lagos Property Succession How To Transfer Ownership After A Death,,,,,17,1376,source body not present in Phase 5C prepared drafts; SEO title requires RankMath/source preservation or rewrite; meta description requires RankMath/source preservation or rewrite; image recovery/fallback required,not restored,/resources/blog/lagos-property-succession-how-to-transfer-ownership-after-a-death,no,no,no,lagos-property-succession-how-to-transfer-ownership-after-a-death,not approved,,excluded while hidden,pending,pending lawyer review,source body not present in Phase 5C prepared drafts; SEO title requires RankMath/source preservation or rewrite; meta description requires RankMath/source preservation or rewrite; image recovery/fallback required
551,,https://chamanlawfirm.com/companies-purchasing-properties-companies/,companies-purchasing-properties-companies,Companies Purchasing Properties Companies,,,,,17,824,source body not present in Phase 5C prepared drafts; SEO title requires RankMath/source preservation or rewrite; meta description requires RankMath/source preservation or rewrite; image recovery/fallback required,not restored,/resources/blog/companies-purchasing-properties-companies,no,no,no,companies-purchasing-properties-companies,not approved,,excluded while hidden,pending,pending lawyer review,source body not present in Phase 5C prepared drafts; SEO title requires RankMath/source preservation or rewrite; meta description requires RankMath/source preservation or rewrite; image recovery/fallback required
552,,https://chamanlawfirm.com/how-does-the-land-ucapital-territory-federal/,how-does-the-land-ucapital-territory-federal,How Does The Land Ucapital Territory Federal,,,,,17,785,source body not present in Phase 5C prepared drafts; SEO title requires RankMath/source preservation or rewrite; meta description requires RankMath/source preservation or rewrite; image recovery/fallback required,not restored,/resources/blog/how-does-the-land-ucapital-territory-federal,no,no,no,how-does-the-land-ucapital-territory-federal,not approved,,excluded while hidden,pending,pending lawyer review,source body not present in Phase 5C prepared drafts; SEO title requires RankMath/source preservation or rewrite; meta description requires RankMath/source preservation or rewrite; image recovery/fallback required
553,,https://chamanlawfirm.com/moderationlaw-navigating-the-dynamic-digital/,moderationlaw-navigating-the-dynamic-digital,Moderationlaw Navigating The Dynamic Digital,,,,,17,314,source body not present in Phase 5C prepared drafts; SEO title requires RankMath/source preservation or rewrite; meta description requires RankMath/source preservation or rewrite; image recovery/fallback required,not restored,/resources/blog/moderationlaw-navigating-the-dynamic-digital,no,no,no,moderationlaw-navigating-the-dynamic-digital,not approved,,excluded while hidden,pending,pending lawyer review,source body not present in Phase 5C prepared drafts; SEO title requires RankMath/source preservation or rewrite; meta description requires RankMath/source preservation or rewrite; image recovery/fallback required
554,,https://chamanlawfirm.com/the-concept-of-alimony-law/,the-concept-of-alimony-law,The Concept Of Alimony Law,,,,,16,5132,source body not present in Phase 5C prepared drafts; SEO title requires RankMath/source preservation or rewrite; meta description requires RankMath/source preservation or rewrite; image recovery/fallback required,not restored,/resources/blog/the-concept-of-alimony-law,no,no,no,the-concept-of-alimony-law,not approved,,excluded while hidden,pending,pending lawyer review,source body not present in Phase 5C prepared drafts; SEO title requires RankMath/source preservation or rewrite; meta description requires RankMath/source preservation or rewrite; image recovery/fallback required
555,,https://chamanlawfirm.com/fccpc-requirements-for-money-lending-companies/,fccpc-requirements-for-money-lending-companies,Fccpc Requirements For Money Lending Companies,,,,,16,3262,source body not present in Phase 5C prepared drafts; SEO title requires RankMath/source preservation or rewrite; meta description requires RankMath/source preservation or rewrite; image recovery/fallback required,not restored,/resources/blog/fccpc-requirements-for-money-lending-companies,no,no,no,fccpc-requirements-for-money-lending-companies,not approved,,excluded while hidden,pending,pending lawyer review,source body not present in Phase 5C prepared drafts; SEO title requires RankMath/source preservation or rewrite; meta description requires RankMath/source preservation or rewrite; image recovery/fallback required
556,,https://chamanlawfirm.com/analyzing-the-growth-of-real-estate-investment/,analyzing-the-growth-of-real-estate-investment,Analyzing The Growth Of Real Estate Investment,,,,,16,2907,source body not present in Phase 5C prepared drafts; SEO title requires RankMath/source preservation or rewrite; meta description requires RankMath/source preservation or rewrite; image recovery/fallback required; property/off-brand signal requires exclusion review,not restored,/resources/blog/analyzing-the-growth-of-real-estate-investment,no,no,no,analyzing-the-growth-of-real-estate-investment,not approved,,excluded while hidden,pending,not required unless revived,source body not present in Phase 5C prepared drafts; SEO title requires RankMath/source preservation or rewrite; meta description requires RankMath/source preservation or rewrite; image recovery/fallback required; property/off-brand signal requires exclusion review
557,,https://chamanlawfirm.com/procedures-for-making-a-will-in-nigeria/,procedures-for-making-a-will-in-nigeria,Procedures For Making A Will In Nigeria,,,,,16,2771,source body not present in Phase 5C prepared drafts; SEO title requires RankMath/source preservation or rewrite; meta description requires RankMath/source preservation or rewrite; image recovery/fallback required,not restored,/resources/blog/procedures-for-making-a-will-in-nigeria,no,no,no,procedures-for-making-a-will-in-nigeria,not approved,,excluded while hidden,pending,pending lawyer review,source body not present in Phase 5C prepared drafts; SEO title requires RankMath/source preservation or rewrite; meta description requires RankMath/source preservation or rewrite; image recovery/fallback required
558,,https://chamanlawfirm.com/legal-requirements-for-land-purchase/,legal-requirements-for-land-purchase,Legal Requirements For Land Purchase,,,,,16,2558,source body not present in Phase 5C prepared drafts; SEO title requires RankMath/source preservation or rewrite; meta description requires RankMath/source preservation or rewrite; image recovery/fallback required,not restored,/resources/blog/legal-requirements-for-land-purchase,no,no,no,legal-requirements-for-land-purchase,not approved,,excluded while hidden,pending,pending lawyer review,source body not present in Phase 5C prepared drafts; SEO title requires RankMath/source preservation or rewrite; meta description requires RankMath/source preservation or rewrite; image recovery/fallback required
559,,https://chamanlawfirm.com/healthcare-facility-construction-in-nigeria/,healthcare-facility-construction-in-nigeria,Healthcare Facility Construction In Nigeria,,,,,16,2196,source body not present in Phase 5C prepared drafts; SEO title requires RankMath/source preservation or rewrite; meta description requires RankMath/source preservation or rewrite; image recovery/fallback required,not restored,/resources/blog/healthcare-facility-construction-in-nigeria,no,no,no,healthcare-facility-construction-in-nigeria,not approved,,excluded while hidden,pending,pending lawyer review,source body not present in Phase 5C prepared drafts; SEO title requires RankMath/source preservation or rewrite; meta description requires RankMath/source preservation or rewrite; image recovery/fallback required
560,,https://chamanlawfirm.com/get-a-paymaster-and-escrow-attorney-in-nig-m/,get-a-paymaster-and-escrow-attorney-in-nig-m,Get A Paymaster And Escrow Attorney In Nig M,,,,,16,2094,source body not present in Phase 5C prepared drafts; SEO title requires RankMath/source preservation or rewrite; meta description requires RankMath/source preservation or rewrite; image recovery/fallback required,not restored,/resources/blog/get-a-paymaster-and-escrow-attorney-in-nig-m,no,no,no,get-a-paymaster-and-escrow-attorney-in-nig-m,not approved,,excluded while hidden,pending,pending lawyer review,source body not present in Phase 5C prepared drafts; SEO title requires RankMath/source preservation or rewrite; meta description requires RankMath/source preservation or rewrite; image recovery/fallback required
561,,https://chamanlawfirm.com/challenge-double-allocation-of-land/,challenge-double-allocation-of-land,Challenge Double Allocation Of Land,,,,,16,2038,source body not present in Phase 5C prepared drafts; SEO title requires RankMath/source preservation or rewrite; meta description requires RankMath/source preservation or rewrite; image recovery/fallback required,not restored,/resources/blog/challenge-double-allocation-of-land,no,no,no,challenge-double-allocation-of-land,not approved,,excluded while hidden,pending,pending lawyer review,source body not present in Phase 5C prepared drafts; SEO title requires RankMath/source preservation or rewrite; meta description requires RankMath/source preservation or rewrite; image recovery/fallback required
562,,https://chamanlawfirm.com/what-is-the-lagos-state-tenancy-law/,what-is-the-lagos-state-tenancy-law,What Is The Lagos State Tenancy Law,,,,,16,1877,source body not present in Phase 5C prepared drafts; SEO title requires RankMath/source preservation or rewrite; meta description requires RankMath/source preservation or rewrite; image recovery/fallback required,not restored,/resources/blog/what-is-the-lagos-state-tenancy-law,no,no,no,what-is-the-lagos-state-tenancy-law,not approved,,excluded while hidden,pending,pending lawyer review,source body not present in Phase 5C prepared drafts; SEO title requires RankMath/source preservation or rewrite; meta description requires RankMath/source preservation or rewrite; image recovery/fallback required
563,,https://chamanlawfirm.com/who-are-the-people-entitled-to-pro-b-service/,who-are-the-people-entitled-to-pro-b-service,Who Are The People Entitled To Pro B Service,,,,,16,1826,source body not present in Phase 5C prepared drafts; SEO title requires RankMath/source preservation or rewrite; meta description requires RankMath/source preservation or rewrite; image recovery/fallback required,not restored,/resources/blog/who-are-the-people-entitled-to-pro-b-service,no,no,no,who-are-the-people-entitled-to-pro-b-service,not approved,,excluded while hidden,pending,pending lawyer review,source body not present in Phase 5C prepared drafts; SEO title requires RankMath/source preservation or rewrite; meta description requires RankMath/source preservation or rewrite; image recovery/fallback required
564,,https://chamanlawfirm.com/guide-to-resolvingproperty-boundary-disputes/,guide-to-resolvingproperty-boundary-disputes,Guide To Resolvingproperty Boundary Disputes,,,,,16,1724,source body not present in Phase 5C prepared drafts; SEO title requires RankMath/source preservation or rewrite; meta description requires RankMath/source preservation or rewrite; image recovery/fallback required,not restored,/resources/blog/guide-to-resolvingproperty-boundary-disputes,no,no,no,guide-to-resolvingproperty-boundary-disputes,not approved,,excluded while hidden,pending,pending lawyer review,source body not present in Phase 5C prepared drafts; SEO title requires RankMath/source preservation or rewrite; meta description requires RankMath/source preservation or rewrite; image recovery/fallback required
565,,https://chamanlawfirm.com/powerful-steps-rights-of-an-employee-under/,powerful-steps-rights-of-an-employee-under,Powerful Steps Rights Of An Employee Under,,,,,16,1547,source body not present in Phase 5C prepared drafts; SEO title requires RankMath/source preservation or rewrite; meta description requires RankMath/source preservation or rewrite; image recovery/fallback required,not restored,/resources/blog/powerful-steps-rights-of-an-employee-under,no,no,no,powerful-steps-rights-of-an-employee-under,not approved,,excluded while hidden,pending,pending lawyer review,source body not present in Phase 5C prepared drafts; SEO title requires RankMath/source preservation or rewrite; meta description requires RankMath/source preservation or rewrite; image recovery/fallback required
566,,https://chamanlawfirm.com/role-of-the-lagos-special-task-force/,role-of-the-lagos-special-task-force,Role Of The Lagos Special Task Force,,,,,16,1495,source body not present in Phase 5C prepared drafts; SEO title requires RankMath/source preservation or rewrite; meta description requires RankMath/source preservation or rewrite; image recovery/fallback required,not restored,/resources/blog/role-of-the-lagos-special-task-force,no,no,no,role-of-the-lagos-special-task-force,not approved,,excluded while hidden,pending,pending lawyer review,source body not present in Phase 5C prepared drafts; SEO title requires RankMath/source preservation or rewrite; meta description requires RankMath/source preservation or rewrite; image recovery/fallback required
567,,https://chamanlawfirm.com/land-allocation-for-coastal-and-marine-areas/,land-allocation-for-coastal-and-marine-areas,Land Allocation For Coastal And Marine Areas,,,,,16,1487,source body not present in Phase 5C prepared drafts; SEO title requires RankMath/source preservation or rewrite; meta description requires RankMath/source preservation or rewrite; image recovery/fallback required,not restored,/resources/blog/land-allocation-for-coastal-and-marine-areas,no,no,no,land-allocation-for-coastal-and-marine-areas,not approved,,excluded while hidden,pending,pending lawyer review,source body not present in Phase 5C prepared drafts; SEO title requires RankMath/source preservation or rewrite; meta description requires RankMath/source preservation or rewrite; image recovery/fallback required
568,,https://chamanlawfirm.com/how-are-conflicts-resolved-under-the-land-use-act/,how-are-conflicts-resolved-under-the-land-use-act,How Are Conflicts Resolved Under The Land Use Act,,,,,16,1436,source body not present in Phase 5C prepared drafts; SEO title requires RankMath/source preservation or rewrite; meta description requires RankMath/source preservation or rewrite; image recovery/fallback required,not restored,/resources/blog/how-are-conflicts-resolved-under-the-land-use-act,no,no,no,how-are-conflicts-resolved-under-the-land-use-act,not approved,,excluded while hidden,pending,pending lawyer review,source body not present in Phase 5C prepared drafts; SEO title requires RankMath/source preservation or rewrite; meta description requires RankMath/source preservation or rewrite; image recovery/fallback required
569,,https://chamanlawfirm.com/rights-of-stateless-persons-in-nigeria/,rights-of-stateless-persons-in-nigeria,Rights Of Stateless Persons In Nigeria,,,,,16,1374,source body not present in Phase 5C prepared drafts; SEO title requires RankMath/source preservation or rewrite; meta description requires RankMath/source preservation or rewrite; image recovery/fallback required,not restored,/resources/blog/rights-of-stateless-persons-in-nigeria,no,no,no,rights-of-stateless-persons-in-nigeria,not approved,,excluded while hidden,pending,pending lawyer review,source body not present in Phase 5C prepared drafts; SEO title requires RankMath/source preservation or rewrite; meta description requires RankMath/source preservation or rewrite; image recovery/fallback required
570,,https://chamanlawfirm.com/legal-news-and-updates/,legal-news-and-updates,Legal News And Updates,,,,,16,1353,source body not present in Phase 5C prepared drafts; SEO title requires RankMath/source preservation or rewrite; meta description requires RankMath/source preservation or rewrite; image recovery/fallback required,not restored,/resources/blog/legal-news-and-updates,no,no,no,legal-news-and-updates,not approved,,excluded while hidden,pending,pending lawyer review,source body not present in Phase 5C prepared drafts; SEO title requires RankMath/source preservation or rewrite; meta description requires RankMath/source preservation or rewrite; image recovery/fallback required
571,,https://chamanlawfirm.com/legal-considerations-in-real-estate-investing/,legal-considerations-in-real-estate-investing,Legal Considerations In Real Estate Investing,,,,,16,1187,source body not present in Phase 5C prepared drafts; SEO title requires RankMath/source preservation or rewrite; meta description requires RankMath/source preservation or rewrite; image recovery/fallback required,not restored,/resources/blog/legal-considerations-in-real-estate-investing,no,no,no,legal-considerations-in-real-estate-investing,not approved,,excluded while hidden,pending,pending lawyer review,source body not present in Phase 5C prepared drafts; SEO title requires RankMath/source preservation or rewrite; meta description requires RankMath/source preservation or rewrite; image recovery/fallback required
572,,https://chamanlawfirm.com/guardian-ad-litem-in-child-custody/,guardian-ad-litem-in-child-custody,Guardian Ad Litem In Child Custody,,,,,16,1023,source body not present in Phase 5C prepared drafts; SEO title requires RankMath/source preservation or rewrite; meta description requires RankMath/source preservation or rewrite; image recovery/fallback required,not restored,/resources/blog/guardian-ad-litem-in-child-custody,no,no,no,guardian-ad-litem-in-child-custody,not approved,,excluded while hidden,pending,pending lawyer review,source body not present in Phase 5C prepared drafts; SEO title requires RankMath/source preservation or rewrite; meta description requires RankMath/source preservation or rewrite; image recovery/fallback required
573,,https://chamanlawfirm.com/best-probate-lawyers-in-ogun-state/,best-probate-lawyers-in-ogun-state,Best Probate Lawyers In Ogun State,,,,,16,1018,source body not present in Phase 5C prepared drafts; SEO title requires RankMath/source preservation or rewrite; meta description requires RankMath/source preservation or rewrite; image recovery/fallback required,not restored,/resources/blog/best-probate-lawyers-in-ogun-state,no,no,no,best-probate-lawyers-in-ogun-state,not approved,,excluded while hidden,pending,pending lawyer review,source body not present in Phase 5C prepared drafts; SEO title requires RankMath/source preservation or rewrite; meta description requires RankMath/source preservation or rewrite; image recovery/fallback required
574,,https://chamanlawfirm.com/dispute-resolution-in-nigerian-construction/,dispute-resolution-in-nigerian-construction,Dispute Resolution In Nigerian Construction,,,,,16,966,source body not present in Phase 5C prepared drafts; SEO title requires RankMath/source preservation or rewrite; meta description requires RankMath/source preservation or rewrite; image recovery/fallback required,not restored,/resources/blog/dispute-resolution-in-nigerian-construction,no,no,no,dispute-resolution-in-nigerian-construction,not approved,,excluded while hidden,pending,pending lawyer review,source body not present in Phase 5C prepared drafts; SEO title requires RankMath/source preservation or rewrite; meta description requires RankMath/source preservation or rewrite; image recovery/fallback required
575,,https://chamanlawfirm.com/financial-contracts-and-agreement-in-nigeria/,financial-contracts-and-agreement-in-nigeria,Financial Contracts And Agreement In Nigeria,,,,,16,534,source body not present in Phase 5C prepared drafts; SEO title requires RankMath/source preservation or rewrite; meta description requires RankMath/source preservation or rewrite; image recovery/fallback required,not restored,/resources/blog/financial-contracts-and-agreement-in-nigeria,no,no,no,financial-contracts-and-agreement-in-nigeria,not approved,,excluded while hidden,pending,pending lawyer review,source body not present in Phase 5C prepared drafts; SEO title requires RankMath/source preservation or rewrite; meta description requires RankMath/source preservation or rewrite; image recovery/fallback required
576,,https://chamanlawfirm.com/powerful-steps-land-surveyors-contribute/,powerful-steps-land-surveyors-contribute,Powerful Steps Land Surveyors Contribute,,,,,15,3895,source body not present in Phase 5C prepared drafts; SEO title requires RankMath/source preservation or rewrite; meta description requires RankMath/source preservation or rewrite; image recovery/fallback required,not restored,/resources/blog/powerful-steps-land-surveyors-contribute,no,no,no,powerful-steps-land-surveyors-contribute,not approved,,excluded while hidden,pending,pending lawyer review,source body not present in Phase 5C prepared drafts; SEO title requires RankMath/source preservation or rewrite; meta description requires RankMath/source preservation or rewrite; image recovery/fallback required
577,,https://chamanlawfirm.com/ejectment-vs-eviction-tenants/,ejectment-vs-eviction-tenants,Ejectment Vs Eviction Tenants,,,,,15,3698,source body not present in Phase 5C prepared drafts; SEO title requires RankMath/source preservation or rewrite; meta description requires RankMath/source preservation or rewrite; image recovery/fallback required,not restored,/resources/blog/ejectment-vs-eviction-tenants,no,no,no,ejectment-vs-eviction-tenants,not approved,,excluded while hidden,pending,pending lawyer review,source body not present in Phase 5C prepared drafts; SEO title requires RankMath/source preservation or rewrite; meta description requires RankMath/source preservation or rewrite; image recovery/fallback required
578,,https://chamanlawfirm.com/rural-infrastructure-development-in-nigeria/,rural-infrastructure-development-in-nigeria,Rural Infrastructure Development In Nigeria,,,,,15,3616,source body not present in Phase 5C prepared drafts; SEO title requires RankMath/source preservation or rewrite; meta description requires RankMath/source preservation or rewrite; image recovery/fallback required,not restored,/resources/blog/rural-infrastructure-development-in-nigeria,no,no,no,rural-infrastructure-development-in-nigeria,not approved,,excluded while hidden,pending,pending lawyer review,source body not present in Phase 5C prepared drafts; SEO title requires RankMath/source preservation or rewrite; meta description requires RankMath/source preservation or rewrite; image recovery/fallback required
579,,https://chamanlawfirm.com/the-lagos-state-building-control-agency/,the-lagos-state-building-control-agency,The Lagos State Building Control Agency,,,,,15,3068,source body not present in Phase 5C prepared drafts; SEO title requires RankMath/source preservation or rewrite; meta description requires RankMath/source preservation or rewrite; image recovery/fallback required,not restored,/resources/blog/the-lagos-state-building-control-agency,no,no,no,the-lagos-state-building-control-agency,not approved,,excluded while hidden,pending,pending lawyer review,source body not present in Phase 5C prepared drafts; SEO title requires RankMath/source preservation or rewrite; meta description requires RankMath/source preservation or rewrite; image recovery/fallback required
580,,https://chamanlawfirm.com/the-nigerian-tax-administration/,the-nigerian-tax-administration,The Nigerian Tax Administration,,,,,15,3049,source body not present in Phase 5C prepared drafts; SEO title requires RankMath/source preservation or rewrite; meta description requires RankMath/source preservation or rewrite; image recovery/fallback required,not restored,/resources/blog/the-nigerian-tax-administration,no,no,no,the-nigerian-tax-administration,not approved,,excluded while hidden,pending,pending lawyer review,source body not present in Phase 5C prepared drafts; SEO title requires RankMath/source preservation or rewrite; meta description requires RankMath/source preservation or rewrite; image recovery/fallback required
581,,https://chamanlawfirm.com/property-titles-in-nigeria/,property-titles-in-nigeria,Property Titles In Nigeria,,,,,15,2552,source body not present in Phase 5C prepared drafts; SEO title requires RankMath/source preservation or rewrite; meta description requires RankMath/source preservation or rewrite; image recovery/fallback required; redirect planning only; do not publish as article without equivalent content,not restored,https://chamanlawfirm.com/property-titles-in-nigeria/,no,no,no,property-titles-in-nigeria,not approved,,excluded while hidden,pending,not required unless revived,source body not present in Phase 5C prepared drafts; SEO title requires RankMath/source preservation or rewrite; meta description requires RankMath/source preservation or rewrite; image recovery/fallback required; redirect planning only; do not publish as article without equivalent content
582,,https://chamanlawfirm.com/obtaining-consent-for-land-transactions/,obtaining-consent-for-land-transactions,Obtaining Consent For Land Transactions,,,,,15,2292,source body not present in Phase 5C prepared drafts; SEO title requires RankMath/source preservation or rewrite; meta description requires RankMath/source preservation or rewrite; image recovery/fallback required,not restored,/resources/blog/obtaining-consent-for-land-transactions,no,no,no,obtaining-consent-for-land-transactions,not approved,,excluded while hidden,pending,pending lawyer review,source body not present in Phase 5C prepared drafts; SEO title requires RankMath/source preservation or rewrite; meta description requires RankMath/source preservation or rewrite; image recovery/fallback required
583,,https://chamanlawfirm.com/the-rights-and-responsibilities-of-landowners/,the-rights-and-responsibilities-of-landowners,The Rights And Responsibilities Of Landowners,,,,,15,1956,source body not present in Phase 5C prepared drafts; SEO title requires RankMath/source preservation or rewrite; meta description requires RankMath/source preservation or rewrite; image recovery/fallback required,not restored,/resources/blog/the-rights-and-responsibilities-of-landowners,no,no,no,the-rights-and-responsibilities-of-landowners,not approved,,excluded while hidden,pending,pending lawyer review,source body not present in Phase 5C prepared drafts; SEO title requires RankMath/source preservation or rewrite; meta description requires RankMath/source preservation or rewrite; image recovery/fallback required
584,,https://chamanlawfirm.com/obtaining-a-certificate-of-occupancy-in-lagos/,obtaining-a-certificate-of-occupancy-in-lagos,Obtaining A Certificate Of Occupancy In Lagos,,,,,15,1899,source body not present in Phase 5C prepared drafts; SEO title requires RankMath/source preservation or rewrite; meta description requires RankMath/source preservation or rewrite; image recovery/fallback required,not restored,/resources/blog/obtaining-a-certificate-of-occupancy-in-lagos,no,no,no,obtaining-a-certificate-of-occupancy-in-lagos,not approved,,excluded while hidden,pending,pending lawyer review,source body not present in Phase 5C prepared drafts; SEO title requires RankMath/source preservation or rewrite; meta description requires RankMath/source preservation or rewrite; image recovery/fallback required
585,,https://chamanlawfirm.com/telecommunication-projects-in-nigeria/,telecommunication-projects-in-nigeria,Telecommunication Projects In Nigeria,,,,,15,1621,source body not present in Phase 5C prepared drafts; SEO title requires RankMath/source preservation or rewrite; meta description requires RankMath/source preservation or rewrite; image recovery/fallback required,not restored,/resources/blog/telecommunication-projects-in-nigeria,no,no,no,telecommunication-projects-in-nigeria,not approved,,excluded while hidden,pending,pending lawyer review,source body not present in Phase 5C prepared drafts; SEO title requires RankMath/source preservation or rewrite; meta description requires RankMath/source preservation or rewrite; image recovery/fallback required
586,,https://chamanlawfirm.com/nigerian-courts-handle-class-action-lawsuits/,nigerian-courts-handle-class-action-lawsuits,Nigerian Courts Handle Class Action Lawsuits,,,,,15,1549,source body not present in Phase 5C prepared drafts; SEO title requires RankMath/source preservation or rewrite; meta description requires RankMath/source preservation or rewrite; image recovery/fallback required,not restored,/resources/blog/nigerian-courts-handle-class-action-lawsuits,no,no,no,nigerian-courts-handle-class-action-lawsuits,not approved,,excluded while hidden,pending,pending lawyer review,source body not present in Phase 5C prepared drafts; SEO title requires RankMath/source preservation or rewrite; meta description requires RankMath/source preservation or rewrite; image recovery/fallback required
587,,https://chamanlawfirm.com/tips-to-conducting-home-inspections-in-nigeria/,tips-to-conducting-home-inspections-in-nigeria,Tips To Conducting Home Inspections In Nigeria,,,,,15,1285,source body not present in Phase 5C prepared drafts; SEO title requires RankMath/source preservation or rewrite; meta description requires RankMath/source preservation or rewrite; image recovery/fallback required,not restored,/resources/blog/tips-to-conducting-home-inspections-in-nigeria,no,no,no,tips-to-conducting-home-inspections-in-nigeria,not approved,,excluded while hidden,pending,pending lawyer review,source body not present in Phase 5C prepared drafts; SEO title requires RankMath/source preservation or rewrite; meta description requires RankMath/source preservation or rewrite; image recovery/fallback required
588,,https://chamanlawfirm.com/legal-expert-ondrug-offenses/,legal-expert-ondrug-offenses,Legal Expert Ondrug Offenses,,,,,15,1057,source body not present in Phase 5C prepared drafts; SEO title requires RankMath/source preservation or rewrite; meta description requires RankMath/source preservation or rewrite; image recovery/fallback required,not restored,/resources/blog/legal-expert-ondrug-offenses,no,no,no,legal-expert-ondrug-offenses,not approved,,excluded while hidden,pending,pending lawyer review,source body not present in Phase 5C prepared drafts; SEO title requires RankMath/source preservation or rewrite; meta description requires RankMath/source preservation or rewrite; image recovery/fallback required
589,,https://chamanlawfirm.com/what-is-land-excision-in-ogun-state/,what-is-land-excision-in-ogun-state,What Is Land Excision In Ogun State,,,,,15,900,source body not present in Phase 5C prepared drafts; SEO title requires RankMath/source preservation or rewrite; meta description requires RankMath/source preservation or rewrite; image recovery/fallback required,not restored,/resources/blog/what-is-land-excision-in-ogun-state,no,no,no,what-is-land-excision-in-ogun-state,not approved,,excluded while hidden,pending,pending lawyer review,source body not present in Phase 5C prepared drafts; SEO title requires RankMath/source preservation or rewrite; meta description requires RankMath/source preservation or rewrite; image recovery/fallback required
590,,https://chamanlawfirm.com/managing-cross-border-disputes-in-nigeria/,managing-cross-border-disputes-in-nigeria,Managing Cross Border Disputes In Nigeria,,,,,15,712,source body not present in Phase 5C prepared drafts; SEO title requires RankMath/source preservation or rewrite; meta description requires RankMath/source preservation or rewrite; image recovery/fallback required,not restored,/resources/blog/managing-cross-border-disputes-in-nigeria,no,no,no,managing-cross-border-disputes-in-nigeria,not approved,,excluded while hidden,pending,pending lawyer review,source body not present in Phase 5C prepared drafts; SEO title requires RankMath/source preservation or rewrite; meta description requires RankMath/source preservation or rewrite; image recovery/fallback required
591,,https://chamanlawfirm.com/child-custody-and-visitation-during-holidays/,child-custody-and-visitation-during-holidays,Child Custody And Visitation During Holidays,,,,,15,710,source body not present in Phase 5C prepared drafts; SEO title requires RankMath/source preservation or rewrite; meta description requires RankMath/source preservation or rewrite; image recovery/fallback required,not restored,/resources/blog/child-custody-and-visitation-during-holidays,no,no,no,child-custody-and-visitation-during-holidays,not approved,,excluded while hidden,pending,pending lawyer review,source body not present in Phase 5C prepared drafts; SEO title requires RankMath/source preservation or rewrite; meta description requires RankMath/source preservation or rewrite; image recovery/fallback required
592,,https://chamanlawfirm.com/the-requirements-for-fencing-approval/,the-requirements-for-fencing-approval,The Requirements For Fencing Approval,,,,,15,274,source body not present in Phase 5C prepared drafts; SEO title requires RankMath/source preservation or rewrite; meta description requires RankMath/source preservation or rewrite; image recovery/fallback required,not restored,/resources/blog/the-requirements-for-fencing-approval,no,no,no,the-requirements-for-fencing-approval,not approved,,excluded while hidden,pending,pending lawyer review,source body not present in Phase 5C prepared drafts; SEO title requires RankMath/source preservation or rewrite; meta description requires RankMath/source preservation or rewrite; image recovery/fallback required
593,,https://www.chamanlawfirm.com/role-of-the-judiciary-in-nigerian-democracy/,role-of-the-judiciary-in-nigerian-democracy,Role Of The Judiciary In Nigerian Democracy,,,,,15,235,source body not present in Phase 5C prepared drafts; SEO title requires RankMath/source preservation or rewrite; meta description requires RankMath/source preservation or rewrite; image recovery/fallback required; redirect planning only; do not publish as article without equivalent content,not restored,https://chamanlawfirm.com/role-of-the-judiciary-in-nigerian-democracy/,no,no,no,role-of-the-judiciary-in-nigerian-democracy,not approved,,excluded while hidden,pending,not required unless revived,source body not present in Phase 5C prepared drafts; SEO title requires RankMath/source preservation or rewrite; meta description requires RankMath/source preservation or rewrite; image recovery/fallback required; redirect planning only; do not publish as article without equivalent content
594,,https://chamanlawfirm.com/how-to-register-a-business-name-in-nigeria-2024/,how-to-register-a-business-name-in-nigeria-2024,How To Register A Business Name In Nigeria 2024,,,,,14,13923,source body not present in Phase 5C prepared drafts; SEO title requires RankMath/source preservation or rewrite; meta description requires RankMath/source preservation or rewrite; image recovery/fallback required,not restored,/resources/blog/how-to-register-a-business-name-in-nigeria-2024,no,no,no,how-to-register-a-business-name-in-nigeria-2024,not approved,,excluded while hidden,pending,pending lawyer review,source body not present in Phase 5C prepared drafts; SEO title requires RankMath/source preservation or rewrite; meta description requires RankMath/source preservation or rewrite; image recovery/fallback required
595,,https://chamanlawfirm.com/impact-of-regulatory-changes-on-business/,impact-of-regulatory-changes-on-business,Impact Of Regulatory Changes On Business,,,,,14,5003,source body not present in Phase 5C prepared drafts; SEO title requires RankMath/source preservation or rewrite; meta description requires RankMath/source preservation or rewrite; image recovery/fallback required,not restored,/resources/blog/impact-of-regulatory-changes-on-business,no,no,no,impact-of-regulatory-changes-on-business,not approved,,excluded while hidden,pending,pending lawyer review,source body not present in Phase 5C prepared drafts; SEO title requires RankMath/source preservation or rewrite; meta description requires RankMath/source preservation or rewrite; image recovery/fallback required
596,,https://chamanlawfirm.com/how-to-get-a-scuml-certificate/,how-to-get-a-scuml-certificate,How To Get A Scuml Certificate,,,,,14,4494,source body not present in Phase 5C prepared drafts; SEO title requires RankMath/source preservation or rewrite; meta description requires RankMath/source preservation or rewrite; image recovery/fallback required,not restored,/resources/blog/how-to-get-a-scuml-certificate,no,no,no,how-to-get-a-scuml-certificate,not approved,,excluded while hidden,pending,pending lawyer review,source body not present in Phase 5C prepared drafts; SEO title requires RankMath/source preservation or rewrite; meta description requires RankMath/source preservation or rewrite; image recovery/fallback required
597,,https://chamanlawfirm.com/how-to-start-oil-and-gas-company-in-nigeria/,how-to-start-oil-and-gas-company-in-nigeria,How To Start Oil And Gas Company In Nigeria,,,,,14,4028,source body not present in Phase 5C prepared drafts; SEO title requires RankMath/source preservation or rewrite; meta description requires RankMath/source preservation or rewrite; image recovery/fallback required,not restored,/resources/blog/how-to-start-oil-and-gas-company-in-nigeria,no,no,no,how-to-start-oil-and-gas-company-in-nigeria,not approved,,excluded while hidden,pending,pending lawyer review,source body not present in Phase 5C prepared drafts; SEO title requires RankMath/source preservation or rewrite; meta description requires RankMath/source preservation or rewrite; image recovery/fallback required
598,,https://chamanlawfirm.com/how-has-the-land-use-act-in-nigeria-e/,how-has-the-land-use-act-in-nigeria-e,How Has The Land Use Act In Nigeria E,,,,,14,3606,source body not present in Phase 5C prepared drafts; SEO title requires RankMath/source preservation or rewrite; meta description requires RankMath/source preservation or rewrite; image recovery/fallback required,not restored,/resources/blog/how-has-the-land-use-act-in-nigeria-e,no,no,no,how-has-the-land-use-act-in-nigeria-e,not approved,,excluded while hidden,pending,pending lawyer review,source body not present in Phase 5C prepared drafts; SEO title requires RankMath/source preservation or rewrite; meta description requires RankMath/source preservation or rewrite; image recovery/fallback required
599,,https://chamanlawfirm.com/capital-gains-tax-calculated-on-property/,capital-gains-tax-calculated-on-property,Capital Gains Tax Calculated On Property,,,,,14,3224,source body not present in Phase 5C prepared drafts; SEO title requires RankMath/source preservation or rewrite; meta description requires RankMath/source preservation or rewrite; image recovery/fallback required,not restored,/resources/blog/capital-gains-tax-calculated-on-property,no,no,no,capital-gains-tax-calculated-on-property,not approved,,excluded while hidden,pending,pending lawyer review,source body not present in Phase 5C prepared drafts; SEO title requires RankMath/source preservation or rewrite; meta description requires RankMath/source preservation or rewrite; image recovery/fallback required
600,,https://chamanlawfirm.com/handling-tax-disputes-and-audits-in-nigeria/,handling-tax-disputes-and-audits-in-nigeria,Handling Tax Disputes And Audits In Nigeria,,,,,14,2412,source body not present in Phase 5C prepared drafts; SEO title requires RankMath/source preservation or rewrite; meta description requires RankMath/source preservation or rewrite; image recovery/fallback required,not restored,/resources/blog/handling-tax-disputes-and-audits-in-nigeria,no,no,no,handling-tax-disputes-and-audits-in-nigeria,not approved,,excluded while hidden,pending,pending lawyer review,source body not present in Phase 5C prepared drafts; SEO title requires RankMath/source preservation or rewrite; meta description requires RankMath/source preservation or rewrite; image recovery/fallback required
601,,https://chamanlawfirm.com/impact-of-technology-on-real-estate/,impact-of-technology-on-real-estate,Impact Of Technology On Real Estate,,,,,14,2029,source body not present in Phase 5C prepared drafts; SEO title requires RankMath/source preservation or rewrite; meta description requires RankMath/source preservation or rewrite; image recovery/fallback required,not restored,/resources/blog/impact-of-technology-on-real-estate,no,no,no,impact-of-technology-on-real-estate,not approved,,excluded while hidden,pending,pending lawyer review,source body not present in Phase 5C prepared drafts; SEO title requires RankMath/source preservation or rewrite; meta description requires RankMath/source preservation or rewrite; image recovery/fallback required
602,,https://chamanlawfirm.com/5-essential-steps-for-establishing-legal-paternity-and-maternity/,5-essential-steps-for-establishing-legal-paternity-and-maternity,5 Essential Steps For Establishing Legal Paternity And Maternity,,,,,14,2013,source body not present in Phase 5C prepared drafts; SEO title requires RankMath/source preservation or rewrite; meta description requires RankMath/source preservation or rewrite; image recovery/fallback required,not restored,/resources/blog/5-essential-steps-for-establishing-legal-paternity-and-maternity,no,no,no,5-essential-steps-for-establishing-legal-paternity-and-maternity,not approved,,excluded while hidden,pending,pending lawyer review,source body not present in Phase 5C prepared drafts; SEO title requires RankMath/source preservation or rewrite; meta description requires RankMath/source preservation or rewrite; image recovery/fallback required
603,,https://chamanlawfirm.com/commercial-mixed-use-projects-in-nigeria/,commercial-mixed-use-projects-in-nigeria,Commercial Mixed Use Projects In Nigeria,,,,,14,1806,source body not present in Phase 5C prepared drafts; SEO title requires RankMath/source preservation or rewrite; meta description requires RankMath/source preservation or rewrite; image recovery/fallback required,not restored,/resources/blog/commercial-mixed-use-projects-in-nigeria,no,no,no,commercial-mixed-use-projects-in-nigeria,not approved,,excluded while hidden,pending,pending lawyer review,source body not present in Phase 5C prepared drafts; SEO title requires RankMath/source preservation or rewrite; meta description requires RankMath/source preservation or rewrite; image recovery/fallback required
604,,https://chamanlawfirm.com/innovative-material-techniques-in-construction/,innovative-material-techniques-in-construction,Innovative Material Techniques In Construction,,,,,14,1617,source body not present in Phase 5C prepared drafts; SEO title requires RankMath/source preservation or rewrite; meta description requires RankMath/source preservation or rewrite; image recovery/fallback required,not restored,/resources/blog/innovative-material-techniques-in-construction,no,no,no,innovative-material-techniques-in-construction,not approved,,excluded while hidden,pending,pending lawyer review,source body not present in Phase 5C prepared drafts; SEO title requires RankMath/source preservation or rewrite; meta description requires RankMath/source preservation or rewrite; image recovery/fallback required
605,,https://chamanlawfirm.com/enhancing-nigerian-immigration-security/,enhancing-nigerian-immigration-security,Enhancing Nigerian Immigration Security,,,,,14,1573,source body not present in Phase 5C prepared drafts; SEO title requires RankMath/source preservation or rewrite; meta description requires RankMath/source preservation or rewrite; image recovery/fallback required,not restored,/resources/blog/enhancing-nigerian-immigration-security,no,no,no,enhancing-nigerian-immigration-security,not approved,,excluded while hidden,pending,pending lawyer review,source body not present in Phase 5C prepared drafts; SEO title requires RankMath/source preservation or rewrite; meta description requires RankMath/source preservation or rewrite; image recovery/fallback required
606,,https://chamanlawfirm.com/blockchain-technology-and-land-title-security/,blockchain-technology-and-land-title-security,Blockchain Technology And Land Title Security,,,,,14,1522,source body not present in Phase 5C prepared drafts; SEO title requires RankMath/source preservation or rewrite; meta description requires RankMath/source preservation or rewrite; image recovery/fallback required,not restored,/resources/blog/blockchain-technology-and-land-title-security,no,no,no,blockchain-technology-and-land-title-security,not approved,,excluded while hidden,pending,pending lawyer review,source body not present in Phase 5C prepared drafts; SEO title requires RankMath/source preservation or rewrite; meta description requires RankMath/source preservation or rewrite; image recovery/fallback required
607,,https://chamanlawfirm.com/where-do-i-verify-land-documents-in-ogun-state/,where-do-i-verify-land-documents-in-ogun-state,Where Do I Verify Land Documents In Ogun State,,,,,14,1491,source body not present in Phase 5C prepared drafts; SEO title requires RankMath/source preservation or rewrite; meta description requires RankMath/source preservation or rewrite; image recovery/fallback required,not restored,/resources/blog/where-do-i-verify-land-documents-in-ogun-state,no,no,no,where-do-i-verify-land-documents-in-ogun-state,not approved,,excluded while hidden,pending,pending lawyer review,source body not present in Phase 5C prepared drafts; SEO title requires RankMath/source preservation or rewrite; meta description requires RankMath/source preservation or rewrite; image recovery/fallback required
608,,https://chamanlawfirm.com/why-is-governors-consent-compulsory/,why-is-governors-consent-compulsory,Why Is Governors Consent Compulsory,,,,,14,1469,source body not present in Phase 5C prepared drafts; SEO title requires RankMath/source preservation or rewrite; meta description requires RankMath/source preservation or rewrite; image recovery/fallback required,not restored,/resources/blog/why-is-governors-consent-compulsory,no,no,no,why-is-governors-consent-compulsory,not approved,,excluded while hidden,pending,pending lawyer review,source body not present in Phase 5C prepared drafts; SEO title requires RankMath/source preservation or rewrite; meta description requires RankMath/source preservation or rewrite; image recovery/fallback required
609,,https://chamanlawfirm.com/modular-construction-in-nigeria/,modular-construction-in-nigeria,Modular Construction In Nigeria,,,,,14,1260,source body not present in Phase 5C prepared drafts; SEO title requires RankMath/source preservation or rewrite; meta description requires RankMath/source preservation or rewrite; image recovery/fallback required,not restored,/resources/blog/modular-construction-in-nigeria,no,no,no,modular-construction-in-nigeria,not approved,,excluded while hidden,pending,pending lawyer review,source body not present in Phase 5C prepared drafts; SEO title requires RankMath/source preservation or rewrite; meta description requires RankMath/source preservation or rewrite; image recovery/fallback required
610,,https://chamanlawfirm.com/subcontracting-in-nigerian-construction-projects/,subcontracting-in-nigerian-construction-projects,Subcontracting In Nigerian Construction Projects,,,,,14,1213,source body not present in Phase 5C prepared drafts; SEO title requires RankMath/source preservation or rewrite; meta description requires RankMath/source preservation or rewrite; image recovery/fallback required,not restored,/resources/blog/subcontracting-in-nigerian-construction-projects,no,no,no,subcontracting-in-nigerian-construction-projects,not approved,,excluded while hidden,pending,pending lawyer review,source body not present in Phase 5C prepared drafts; SEO title requires RankMath/source preservation or rewrite; meta description requires RankMath/source preservation or rewrite; image recovery/fallback required
611,,https://chamanlawfirm.com/rights-of-citizens-in-government-surveillance/,rights-of-citizens-in-government-surveillance,Rights Of Citizens In Government Surveillance,,,,,14,1204,source body not present in Phase 5C prepared drafts; SEO title requires RankMath/source preservation or rewrite; meta description requires RankMath/source preservation or rewrite; image recovery/fallback required,not restored,/resources/blog/rights-of-citizens-in-government-surveillance,no,no,no,rights-of-citizens-in-government-surveillance,not approved,,excluded while hidden,pending,pending lawyer review,source body not present in Phase 5C prepared drafts; SEO title requires RankMath/source preservation or rewrite; meta description requires RankMath/source preservation or rewrite; image recovery/fallback required
612,,https://chamanlawfirm.com/corporate-finance-laws-in-nigeria/,corporate-finance-laws-in-nigeria,Corporate Finance Laws In Nigeria,,,,,14,1092,source body not present in Phase 5C prepared drafts; SEO title requires RankMath/source preservation or rewrite; meta description requires RankMath/source preservation or rewrite; image recovery/fallback required,not restored,/resources/blog/corporate-finance-laws-in-nigeria,no,no,no,corporate-finance-laws-in-nigeria,not approved,,excluded while hidden,pending,pending lawyer review,source body not present in Phase 5C prepared drafts; SEO title requires RankMath/source preservation or rewrite; meta description requires RankMath/source preservation or rewrite; image recovery/fallback required
613,,https://chamanlawfirm.com/renovation-and-restoration-projects-in-nigeria/,renovation-and-restoration-projects-in-nigeria,Renovation And Restoration Projects In Nigeria,,,,,14,1004,source body not present in Phase 5C prepared drafts; SEO title requires RankMath/source preservation or rewrite; meta description requires RankMath/source preservation or rewrite; image recovery/fallback required,not restored,/resources/blog/renovation-and-restoration-projects-in-nigeria,no,no,no,renovation-and-restoration-projects-in-nigeria,not approved,,excluded while hidden,pending,pending lawyer review,source body not present in Phase 5C prepared drafts; SEO title requires RankMath/source preservation or rewrite; meta description requires RankMath/source preservation or rewrite; image recovery/fallback required
614,,https://chamanlawfirm.com/what-challenges-are-associated-with-resolving-boundary-disputes-in-nigeria/,what-challenges-are-associated-with-resolving-boundary-disputes-in-nigeria,What Challenges Are Associated With Resolving Boundary Disputes In Nigeria,,,,,14,347,source body not present in Phase 5C prepared drafts; SEO title requires RankMath/source preservation or rewrite; meta description requires RankMath/source preservation or rewrite; image recovery/fallback required,not restored,/resources/blog/what-challenges-are-associated-with-resolving-boundary-disputes-in-nigeria,no,no,no,what-challenges-are-associated-with-resolving-boundary-disputes-in-nigeria,not approved,,excluded while hidden,pending,pending lawyer review,source body not present in Phase 5C prepared drafts; SEO title requires RankMath/source preservation or rewrite; meta description requires RankMath/source preservation or rewrite; image recovery/fallback required
615,,https://chamanlawfirm.com/building-demolition-key-steps-to-compliance/,building-demolition-key-steps-to-compliance,Building Demolition Key Steps To Compliance,,,,,13,3670,source body not present in Phase 5C prepared drafts; SEO title requires RankMath/source preservation or rewrite; meta description requires RankMath/source preservation or rewrite; image recovery/fallback required,not restored,/resources/blog/building-demolition-key-steps-to-compliance,no,no,no,building-demolition-key-steps-to-compliance,not approved,,excluded while hidden,pending,pending lawyer review,source body not present in Phase 5C prepared drafts; SEO title requires RankMath/source preservation or rewrite; meta description requires RankMath/source preservation or rewrite; image recovery/fallback required
616,,https://chamanlawfirm.com/nigerian-data-protection-regulation-2019/,nigerian-data-protection-regulation-2019,Nigerian Data Protection Regulation 2019,,,,,13,3446,source body not present in Phase 5C prepared drafts; SEO title requires RankMath/source preservation or rewrite; meta description requires RankMath/source preservation or rewrite; image recovery/fallback required,not restored,/resources/blog/nigerian-data-protection-regulation-2019,no,no,no,nigerian-data-protection-regulation-2019,not approved,,excluded while hidden,pending,pending lawyer review,source body not present in Phase 5C prepared drafts; SEO title requires RankMath/source preservation or rewrite; meta description requires RankMath/source preservation or rewrite; image recovery/fallback required
617,,https://chamanlawfirm.com/first-aid-certificate-in-nigeria/,first-aid-certificate-in-nigeria,First Aid Certificate In Nigeria,,,,,13,2866,source body not present in Phase 5C prepared drafts; SEO title requires RankMath/source preservation or rewrite; meta description requires RankMath/source preservation or rewrite; image recovery/fallback required,not restored,/resources/blog/first-aid-certificate-in-nigeria,no,no,no,first-aid-certificate-in-nigeria,not approved,,excluded while hidden,pending,pending lawyer review,source body not present in Phase 5C prepared drafts; SEO title requires RankMath/source preservation or rewrite; meta description requires RankMath/source preservation or rewrite; image recovery/fallback required
618,,https://chamanlawfirm.com/nigerias-security-law/,nigerias-security-law,Nigerias Security Law,,,,,13,2856,source body not present in Phase 5C prepared drafts; SEO title requires RankMath/source preservation or rewrite; meta description requires RankMath/source preservation or rewrite; image recovery/fallback required,not restored,/resources/blog/nigerias-security-law,no,no,no,nigerias-security-law,not approved,,excluded while hidden,pending,pending lawyer review,source body not present in Phase 5C prepared drafts; SEO title requires RankMath/source preservation or rewrite; meta description requires RankMath/source preservation or rewrite; image recovery/fallback required
619,,https://chamanlawfirm.com/how-to-get-your-money-back-bank-transfer/,how-to-get-your-money-back-bank-transfer,How To Get Your Money Back Bank Transfer,,,,,13,2826,source body not present in Phase 5C prepared drafts; SEO title requires RankMath/source preservation or rewrite; meta description requires RankMath/source preservation or rewrite; image recovery/fallback required,not restored,/resources/blog/how-to-get-your-money-back-bank-transfer,no,no,no,how-to-get-your-money-back-bank-transfer,not approved,,excluded while hidden,pending,pending lawyer review,source body not present in Phase 5C prepared drafts; SEO title requires RankMath/source preservation or rewrite; meta description requires RankMath/source preservation or rewrite; image recovery/fallback required
620,,https://chamanlawfirm.com/environmental-impact-assessments/,environmental-impact-assessments,Environmental Impact Assessments,,,,,13,2669,source body not present in Phase 5C prepared drafts; SEO title requires RankMath/source preservation or rewrite; meta description requires RankMath/source preservation or rewrite; image recovery/fallback required,not restored,/resources/blog/environmental-impact-assessments,no,no,no,environmental-impact-assessments,not approved,,excluded while hidden,pending,pending lawyer review,source body not present in Phase 5C prepared drafts; SEO title requires RankMath/source preservation or rewrite; meta description requires RankMath/source preservation or rewrite; image recovery/fallback required
621,,https://chamanlawfirm.com/a-complete-guide-on-how-to-legalize-or-attes/,a-complete-guide-on-how-to-legalize-or-attes,A Complete Guide On How To Legalize Or Attes,,,,,13,2398,source body not present in Phase 5C prepared drafts; SEO title requires RankMath/source preservation or rewrite; meta description requires RankMath/source preservation or rewrite; image recovery/fallback required,not restored,/resources/blog/a-complete-guide-on-how-to-legalize-or-attes,no,no,no,a-complete-guide-on-how-to-legalize-or-attes,not approved,,excluded while hidden,pending,pending lawyer review,source body not present in Phase 5C prepared drafts; SEO title requires RankMath/source preservation or rewrite; meta description requires RankMath/source preservation or rewrite; image recovery/fallback required
622,,https://chamanlawfirm.com/road-construction-project/,road-construction-project,Road Construction Project,,,,,13,2184,source body not present in Phase 5C prepared drafts; SEO title requires RankMath/source preservation or rewrite; meta description requires RankMath/source preservation or rewrite; image recovery/fallback required,not restored,/resources/blog/road-construction-project,no,no,no,road-construction-project,not approved,,excluded while hidden,pending,pending lawyer review,source body not present in Phase 5C prepared drafts; SEO title requires RankMath/source preservation or rewrite; meta description requires RankMath/source preservation or rewrite; image recovery/fallback required
623,,https://chamanlawfirm.com/legal-steps-to-perfecting-title-documents/,legal-steps-to-perfecting-title-documents,Legal Steps To Perfecting Title Documents,,,,,13,2082,source body not present in Phase 5C prepared drafts; SEO title requires RankMath/source preservation or rewrite; meta description requires RankMath/source preservation or rewrite; image recovery/fallback required,not restored,/resources/blog/legal-steps-to-perfecting-title-documents,no,no,no,legal-steps-to-perfecting-title-documents,not approved,,excluded while hidden,pending,pending lawyer review,source body not present in Phase 5C prepared drafts; SEO title requires RankMath/source preservation or rewrite; meta description requires RankMath/source preservation or rewrite; image recovery/fallback required
624,,https://chamanlawfirm.com/how-does-the-land-use-act-affect-land-title/,how-does-the-land-use-act-affect-land-title,How Does The Land Use Act Affect Land Title,,,,,13,1804,source body not present in Phase 5C prepared drafts; SEO title requires RankMath/source preservation or rewrite; meta description requires RankMath/source preservation or rewrite; image recovery/fallback required,not restored,/resources/blog/how-does-the-land-use-act-affect-land-title,no,no,no,how-does-the-land-use-act-affect-land-title,not approved,,excluded while hidden,pending,pending lawyer review,source body not present in Phase 5C prepared drafts; SEO title requires RankMath/source preservation or rewrite; meta description requires RankMath/source preservation or rewrite; image recovery/fallback required
625,,https://chamanlawfirm.com/public-complaint-commission-in-nigeria/,public-complaint-commission-in-nigeria,Public Complaint Commission In Nigeria,,,,,13,1774,source body not present in Phase 5C prepared drafts; SEO title requires RankMath/source preservation or rewrite; meta description requires RankMath/source preservation or rewrite; image recovery/fallback required,not restored,/resources/blog/public-complaint-commission-in-nigeria,no,no,no,public-complaint-commission-in-nigeria,not approved,,excluded while hidden,pending,pending lawyer review,source body not present in Phase 5C prepared drafts; SEO title requires RankMath/source preservation or rewrite; meta description requires RankMath/source preservation or rewrite; image recovery/fallback required
626,,https://chamanlawfirm.com/extension-of-time-in-construction/,extension-of-time-in-construction,Extension Of Time In Construction,,,,,13,1512,source body not present in Phase 5C prepared drafts; SEO title requires RankMath/source preservation or rewrite; meta description requires RankMath/source preservation or rewrite; image recovery/fallback required,not restored,/resources/blog/extension-of-time-in-construction,no,no,no,extension-of-time-in-construction,not approved,,excluded while hidden,pending,pending lawyer review,source body not present in Phase 5C prepared drafts; SEO title requires RankMath/source preservation or rewrite; meta description requires RankMath/source preservation or rewrite; image recovery/fallback required
627,,https://chamanlawfirm.com/legal-remedies-for-breach-of-contract/,legal-remedies-for-breach-of-contract,Legal Remedies For Breach Of Contract,,,,,13,1505,source body not present in Phase 5C prepared drafts; SEO title requires RankMath/source preservation or rewrite; meta description requires RankMath/source preservation or rewrite; image recovery/fallback required,not restored,/resources/blog/legal-remedies-for-breach-of-contract,no,no,no,legal-remedies-for-breach-of-contract,not approved,,excluded while hidden,pending,pending lawyer review,source body not present in Phase 5C prepared drafts; SEO title requires RankMath/source preservation or rewrite; meta description requires RankMath/source preservation or rewrite; image recovery/fallback required
628,,https://chamanlawfirm.com/autonomous-vehicles-nigerian-traffic-law/,autonomous-vehicles-nigerian-traffic-law,Autonomous Vehicles Nigerian Traffic Law,,,,,13,1389,source body not present in Phase 5C prepared drafts; SEO title requires RankMath/source preservation or rewrite; meta description requires RankMath/source preservation or rewrite; image recovery/fallback required,not restored,/resources/blog/autonomous-vehicles-nigerian-traffic-law,no,no,no,autonomous-vehicles-nigerian-traffic-law,not approved,,excluded while hidden,pending,pending lawyer review,source body not present in Phase 5C prepared drafts; SEO title requires RankMath/source preservation or rewrite; meta description requires RankMath/source preservation or rewrite; image recovery/fallback required
629,,https://chamanlawfirm.com/when-a-loved-one-dies-without-a-will/,when-a-loved-one-dies-without-a-will,When A Loved One Dies Without A Will,,,,,13,1337,source body not present in Phase 5C prepared drafts; SEO title requires RankMath/source preservation or rewrite; meta description requires RankMath/source preservation or rewrite; image recovery/fallback required,not restored,/resources/blog/when-a-loved-one-dies-without-a-will,no,no,no,when-a-loved-one-dies-without-a-will,not approved,,excluded while hidden,pending,pending lawyer review,source body not present in Phase 5C prepared drafts; SEO title requires RankMath/source preservation or rewrite; meta description requires RankMath/source preservation or rewrite; image recovery/fallback required
630,,https://chamanlawfirm.com/contract-of-sale-of-land-and-what-it-takes/,contract-of-sale-of-land-and-what-it-takes,Contract Of Sale Of Land And What It Takes,,,,,13,1281,source body not present in Phase 5C prepared drafts; SEO title requires RankMath/source preservation or rewrite; meta description requires RankMath/source preservation or rewrite; image recovery/fallback required,not restored,/resources/blog/contract-of-sale-of-land-and-what-it-takes,no,no,no,contract-of-sale-of-land-and-what-it-takes,not approved,,excluded while hidden,pending,pending lawyer review,source body not present in Phase 5C prepared drafts; SEO title requires RankMath/source preservation or rewrite; meta description requires RankMath/source preservation or rewrite; image recovery/fallback required
631,,https://chamanlawfirm.com/acquire-and-secure-industrial-land-in-ogun/,acquire-and-secure-industrial-land-in-ogun,Acquire And Secure Industrial Land In Ogun,,,,,13,1168,source body not present in Phase 5C prepared drafts; SEO title requires RankMath/source preservation or rewrite; meta description requires RankMath/source preservation or rewrite; image recovery/fallback required,not restored,/resources/blog/acquire-and-secure-industrial-land-in-ogun,no,no,no,acquire-and-secure-industrial-land-in-ogun,not approved,,excluded while hidden,pending,pending lawyer review,source body not present in Phase 5C prepared drafts; SEO title requires RankMath/source preservation or rewrite; meta description requires RankMath/source preservation or rewrite; image recovery/fallback required
632,,https://chamanlawfirm.com/nigerian-e-commerce-operations/,nigerian-e-commerce-operations,Nigerian E Commerce Operations,,,,,13,966,source body not present in Phase 5C prepared drafts; SEO title requires RankMath/source preservation or rewrite; meta description requires RankMath/source preservation or rewrite; image recovery/fallback required,not restored,/resources/blog/nigerian-e-commerce-operations,no,no,no,nigerian-e-commerce-operations,not approved,,excluded while hidden,pending,pending lawyer review,source body not present in Phase 5C prepared drafts; SEO title requires RankMath/source preservation or rewrite; meta description requires RankMath/source preservation or rewrite; image recovery/fallback required
633,,https://chamanlawfirm.com/8-steps-to-enforce-court-judgments-innigeria/,8-steps-to-enforce-court-judgments-innigeria,8 Steps To Enforce Court Judgments Innigeria,,,,,13,869,source body not present in Phase 5C prepared drafts; SEO title requires RankMath/source preservation or rewrite; meta description requires RankMath/source preservation or rewrite; image recovery/fallback required,not restored,/resources/blog/8-steps-to-enforce-court-judgments-innigeria,no,no,no,8-steps-to-enforce-court-judgments-innigeria,not approved,,excluded while hidden,pending,pending lawyer review,source body not present in Phase 5C prepared drafts; SEO title requires RankMath/source preservation or rewrite; meta description requires RankMath/source preservation or rewrite; image recovery/fallback required
634,,https://chamanlawfirm.com/remedies-for-breach-of-maritime-contracts/,remedies-for-breach-of-maritime-contracts,Remedies For Breach Of Maritime Contracts,,,,,13,857,source body not present in Phase 5C prepared drafts; SEO title requires RankMath/source preservation or rewrite; meta description requires RankMath/source preservation or rewrite; image recovery/fallback required,not restored,/resources/blog/remedies-for-breach-of-maritime-contracts,no,no,no,remedies-for-breach-of-maritime-contracts,not approved,,excluded while hidden,pending,pending lawyer review,source body not present in Phase 5C prepared drafts; SEO title requires RankMath/source preservation or rewrite; meta description requires RankMath/source preservation or rewrite; image recovery/fallback required
635,,https://chamanlawfirm.com/the-impact-of-the-land-use-act-on-land-allocation-for-public-marketplaces-in-nigeria/,the-impact-of-the-land-use-act-on-land-allocation-for-public-marketplaces-in-nigeria,The Impact Of The Land Use Act On Land Allocation For Public Marketplaces In Nigeria,,,,,13,783,source body not present in Phase 5C prepared drafts; SEO title requires RankMath/source preservation or rewrite; meta description requires RankMath/source preservation or rewrite; image recovery/fallback required,not restored,/resources/blog/the-impact-of-the-land-use-act-on-land-allocation-for-public-marketplaces-in-nigeria,no,no,no,the-impact-of-the-land-use-act-on-land-allocation-for-public-marketplaces-in-nigeria,not approved,,excluded while hidden,pending,pending lawyer review,source body not present in Phase 5C prepared drafts; SEO title requires RankMath/source preservation or rewrite; meta description requires RankMath/source preservation or rewrite; image recovery/fallback required
636,,https://chamanlawfirm.com/mastering-commercial-dispute-resolution/,mastering-commercial-dispute-resolution,Mastering Commercial Dispute Resolution,,,,,13,763,source body not present in Phase 5C prepared drafts; SEO title requires RankMath/source preservation or rewrite; meta description requires RankMath/source preservation or rewrite; image recovery/fallback required,not restored,/resources/blog/mastering-commercial-dispute-resolution,no,no,no,mastering-commercial-dispute-resolution,not approved,,excluded while hidden,pending,pending lawyer review,source body not present in Phase 5C prepared drafts; SEO title requires RankMath/source preservation or rewrite; meta description requires RankMath/source preservation or rewrite; image recovery/fallback required
637,,https://chamanlawfirm.com/intellectual-property-rights/,intellectual-property-rights,Intellectual Property Rights,,,,,13,728,source body not present in Phase 5C prepared drafts; SEO title requires RankMath/source preservation or rewrite; meta description requires RankMath/source preservation or rewrite; image recovery/fallback required,not restored,/resources/blog/intellectual-property-rights,no,no,no,intellectual-property-rights,not approved,,excluded while hidden,pending,pending lawyer review,source body not present in Phase 5C prepared drafts; SEO title requires RankMath/source preservation or rewrite; meta description requires RankMath/source preservation or rewrite; image recovery/fallback required
638,,https://chamanlawfirm.com/roles-of-a-cybercrime-lawyer-in-nigeria/,roles-of-a-cybercrime-lawyer-in-nigeria,Roles Of A Cybercrime Lawyer In Nigeria,,,,,13,697,source body not present in Phase 5C prepared drafts; SEO title requires RankMath/source preservation or rewrite; meta description requires RankMath/source preservation or rewrite; image recovery/fallback required,not restored,/resources/blog/roles-of-a-cybercrime-lawyer-in-nigeria,no,no,no,roles-of-a-cybercrime-lawyer-in-nigeria,not approved,,excluded while hidden,pending,pending lawyer review,source body not present in Phase 5C prepared drafts; SEO title requires RankMath/source preservation or rewrite; meta description requires RankMath/source preservation or rewrite; image recovery/fallback required
639,,https://chamanlawfirm.com/newblogpost-zjlntshistory-of-womens-right-in-nigeria/,newblogpost-zjlntshistory-of-womens-right-in-nigeria,Newblogpost Zjlntshistory Of Womens Right In Nigeria,,,,,13,664,source body not present in Phase 5C prepared drafts; SEO title requires RankMath/source preservation or rewrite; meta description requires RankMath/source preservation or rewrite; image recovery/fallback required,not restored,/resources/blog/newblogpost-zjlntshistory-of-womens-right-in-nigeria,no,no,no,newblogpost-zjlntshistory-of-womens-right-in-nigeria,not approved,,excluded while hidden,pending,pending lawyer review,source body not present in Phase 5C prepared drafts; SEO title requires RankMath/source preservation or rewrite; meta description requires RankMath/source preservation or rewrite; image recovery/fallback required
640,,https://chamanlawfirm.com/legal-development-scheme-and-labour-city/,legal-development-scheme-and-labour-city,Legal Development Scheme And Labour City,,,,,13,661,source body not present in Phase 5C prepared drafts; SEO title requires RankMath/source preservation or rewrite; meta description requires RankMath/source preservation or rewrite; image recovery/fallback required,not restored,/resources/blog/legal-development-scheme-and-labour-city,no,no,no,legal-development-scheme-and-labour-city,not approved,,excluded while hidden,pending,pending lawyer review,source body not present in Phase 5C prepared drafts; SEO title requires RankMath/source preservation or rewrite; meta description requires RankMath/source preservation or rewrite; image recovery/fallback required
641,,https://chamanlawfirm.com/dealing-with-land-encroachment-in-ogun-state/,dealing-with-land-encroachment-in-ogun-state,Dealing With Land Encroachment In Ogun State,,,,,13,656,source body not present in Phase 5C prepared drafts; SEO title requires RankMath/source preservation or rewrite; meta description requires RankMath/source preservation or rewrite; image recovery/fallback required,not restored,/resources/blog/dealing-with-land-encroachment-in-ogun-state,no,no,no,dealing-with-land-encroachment-in-ogun-state,not approved,,excluded while hidden,pending,pending lawyer review,source body not present in Phase 5C prepared drafts; SEO title requires RankMath/source preservation or rewrite; meta description requires RankMath/source preservation or rewrite; image recovery/fallback required
642,,https://chamanlawfirm.com/what-is-community-land-in-nigeria-and-how-is-it-understood/,what-is-community-land-in-nigeria-and-how-is-it-understood,What Is Community Land In Nigeria And How Is It Understood,,,,,13,440,source body not present in Phase 5C prepared drafts; SEO title requires RankMath/source preservation or rewrite; meta description requires RankMath/source preservation or rewrite; image recovery/fallback required,not restored,/resources/blog/what-is-community-land-in-nigeria-and-how-is-it-understood,no,no,no,what-is-community-land-in-nigeria-and-how-is-it-understood,not approved,,excluded while hidden,pending,pending lawyer review,source body not present in Phase 5C prepared drafts; SEO title requires RankMath/source preservation or rewrite; meta description requires RankMath/source preservation or rewrite; image recovery/fallback required
643,,https://chamanlawfirm.com/effects-of-exchange-of-contract/,effects-of-exchange-of-contract,Effects Of Exchange Of Contract,,,,,13,284,source body not present in Phase 5C prepared drafts; SEO title requires RankMath/source preservation or rewrite; meta description requires RankMath/source preservation or rewrite; image recovery/fallback required,not restored,/resources/blog/effects-of-exchange-of-contract,no,no,no,effects-of-exchange-of-contract,not approved,,excluded while hidden,pending,pending lawyer review,source body not present in Phase 5C prepared drafts; SEO title requires RankMath/source preservation or rewrite; meta description requires RankMath/source preservation or rewrite; image recovery/fallback required
644,,https://chamanlawfirm.com/the-crucial-impact-of-ageofconsentprotection/,the-crucial-impact-of-ageofconsentprotection,The Crucial Impact Of Ageofconsentprotection,,,,,12,6562,source body not present in Phase 5C prepared drafts; SEO title requires RankMath/source preservation or rewrite; meta description requires RankMath/source preservation or rewrite; image recovery/fallback required,not restored,/resources/blog/the-crucial-impact-of-ageofconsentprotection,no,no,no,the-crucial-impact-of-ageofconsentprotection,not approved,,excluded while hidden,pending,pending lawyer review,source body not present in Phase 5C prepared drafts; SEO title requires RankMath/source preservation or rewrite; meta description requires RankMath/source preservation or rewrite; image recovery/fallback required
645,,https://chamanlawfirm.com/cyber-law-in-nigeria/,cyber-law-in-nigeria,Cyber Law In Nigeria,,,,,12,4318,source body not present in Phase 5C prepared drafts; SEO title requires RankMath/source preservation or rewrite; meta description requires RankMath/source preservation or rewrite; image recovery/fallback required,not restored,/resources/blog/cyber-law-in-nigeria,no,no,no,cyber-law-in-nigeria,not approved,,excluded while hidden,pending,pending lawyer review,source body not present in Phase 5C prepared drafts; SEO title requires RankMath/source preservation or rewrite; meta description requires RankMath/source preservation or rewrite; image recovery/fallback required
646,,https://chamanlawfirm.com/hidden-costs-when-buying-land-in-lagos/,hidden-costs-when-buying-land-in-lagos,Hidden Costs When Buying Land In Lagos,,,,,12,2820,source body not present in Phase 5C prepared drafts; SEO title requires RankMath/source preservation or rewrite; meta description requires RankMath/source preservation or rewrite; image recovery/fallback required,not restored,/resources/blog/hidden-costs-when-buying-land-in-lagos,no,no,no,hidden-costs-when-buying-land-in-lagos,not approved,,excluded while hidden,pending,pending lawyer review,source body not present in Phase 5C prepared drafts; SEO title requires RankMath/source preservation or rewrite; meta description requires RankMath/source preservation or rewrite; image recovery/fallback required
647,,https://chamanlawfirm.com/proven-steps-qualities-of-good-mediator/,proven-steps-qualities-of-good-mediator,Proven Steps Qualities Of Good Mediator,,,,,12,2449,source body not present in Phase 5C prepared drafts; SEO title requires RankMath/source preservation or rewrite; meta description requires RankMath/source preservation or rewrite; image recovery/fallback required,not restored,/resources/blog/proven-steps-qualities-of-good-mediator,no,no,no,proven-steps-qualities-of-good-mediator,not approved,,excluded while hidden,pending,pending lawyer review,source body not present in Phase 5C prepared drafts; SEO title requires RankMath/source preservation or rewrite; meta description requires RankMath/source preservation or rewrite; image recovery/fallback required
648,,https://chamanlawfirm.com/high-rise-construction-challenges-in-nigeria/,high-rise-construction-challenges-in-nigeria,High Rise Construction Challenges In Nigeria,,,,,12,2303,source body not present in Phase 5C prepared drafts; SEO title requires RankMath/source preservation or rewrite; meta description requires RankMath/source preservation or rewrite; image recovery/fallback required,not restored,/resources/blog/high-rise-construction-challenges-in-nigeria,no,no,no,high-rise-construction-challenges-in-nigeria,not approved,,excluded while hidden,pending,pending lawyer review,source body not present in Phase 5C prepared drafts; SEO title requires RankMath/source preservation or rewrite; meta description requires RankMath/source preservation or rewrite; image recovery/fallback required
649,,https://chamanlawfirm.com/importance-of-energy-and-natural-resources-law/,importance-of-energy-and-natural-resources-law,Importance Of Energy And Natural Resources Law,,,,,12,2265,source body not present in Phase 5C prepared drafts; SEO title requires RankMath/source preservation or rewrite; meta description requires RankMath/source preservation or rewrite; image recovery/fallback required,not restored,/resources/blog/importance-of-energy-and-natural-resources-law,no,no,no,importance-of-energy-and-natural-resources-law,not approved,,excluded while hidden,pending,pending lawyer review,source body not present in Phase 5C prepared drafts; SEO title requires RankMath/source preservation or rewrite; meta description requires RankMath/source preservation or rewrite; image recovery/fallback required
650,,https://chamanlawfirm.com/floodplain-management-under-the-land-use-act/,floodplain-management-under-the-land-use-act,Floodplain Management Under The Land Use Act,,,,,12,2094,source body not present in Phase 5C prepared drafts; SEO title requires RankMath/source preservation or rewrite; meta description requires RankMath/source preservation or rewrite; image recovery/fallback required,not restored,/resources/blog/floodplain-management-under-the-land-use-act,no,no,no,floodplain-management-under-the-land-use-act,not approved,,excluded while hidden,pending,pending lawyer review,source body not present in Phase 5C prepared drafts; SEO title requires RankMath/source preservation or rewrite; meta description requires RankMath/source preservation or rewrite; image recovery/fallback required
651,,https://chamanlawfirm.com/the-central-bank-of-nigeria-in-debt-recovery/,the-central-bank-of-nigeria-in-debt-recovery,The Central Bank Of Nigeria In Debt Recovery,,,,,12,2033,source body not present in Phase 5C prepared drafts; SEO title requires RankMath/source preservation or rewrite; meta description requires RankMath/source preservation or rewrite; image recovery/fallback required,not restored,/resources/blog/the-central-bank-of-nigeria-in-debt-recovery,no,no,no,the-central-bank-of-nigeria-in-debt-recovery,not approved,,excluded while hidden,pending,pending lawyer review,source body not present in Phase 5C prepared drafts; SEO title requires RankMath/source preservation or rewrite; meta description requires RankMath/source preservation or rewrite; image recovery/fallback required
652,,https://chamanlawfirm.com/overview-of-real-estate-law-in-nigeria/,overview-of-real-estate-law-in-nigeria,Overview Of Real Estate Law In Nigeria,,,,,12,1666,source body not present in Phase 5C prepared drafts; SEO title requires RankMath/source preservation or rewrite; meta description requires RankMath/source preservation or rewrite; image recovery/fallback required,not restored,/resources/blog/overview-of-real-estate-law-in-nigeria,no,no,no,overview-of-real-estate-law-in-nigeria,not approved,,excluded while hidden,pending,pending lawyer review,source body not present in Phase 5C prepared drafts; SEO title requires RankMath/source preservation or rewrite; meta description requires RankMath/source preservation or rewrite; image recovery/fallback required
653,,https://chamanlawfirm.com/ways-nigerian-lawprotectstherightsofchildren/,ways-nigerian-lawprotectstherightsofchildren,Ways Nigerian Lawprotectstherightsofchildren,,,,,12,1564,source body not present in Phase 5C prepared drafts; SEO title requires RankMath/source preservation or rewrite; meta description requires RankMath/source preservation or rewrite; image recovery/fallback required,not restored,/resources/blog/ways-nigerian-lawprotectstherightsofchildren,no,no,no,ways-nigerian-lawprotectstherightsofchildren,not approved,,excluded while hidden,pending,pending lawyer review,source body not present in Phase 5C prepared drafts; SEO title requires RankMath/source preservation or rewrite; meta description requires RankMath/source preservation or rewrite; image recovery/fallback required
654,,https://chamanlawfirm.com/how-do-i-appoint-a-lawyer-to-represent-me/,how-do-i-appoint-a-lawyer-to-represent-me,How Do I Appoint A Lawyer To Represent Me,,,,,12,1428,source body not present in Phase 5C prepared drafts; SEO title requires RankMath/source preservation or rewrite; meta description requires RankMath/source preservation or rewrite; image recovery/fallback required,not restored,/resources/blog/how-do-i-appoint-a-lawyer-to-represent-me,no,no,no,how-do-i-appoint-a-lawyer-to-represent-me,not approved,,excluded while hidden,pending,pending lawyer review,source body not present in Phase 5C prepared drafts; SEO title requires RankMath/source preservation or rewrite; meta description requires RankMath/source preservation or rewrite; image recovery/fallback required
655,,https://chamanlawfirm.com/how-to-convert-a-sole-proprietorship/,how-to-convert-a-sole-proprietorship,How To Convert A Sole Proprietorship,,,,,12,1422,source body not present in Phase 5C prepared drafts; SEO title requires RankMath/source preservation or rewrite; meta description requires RankMath/source preservation or rewrite; image recovery/fallback required,not restored,/resources/blog/how-to-convert-a-sole-proprietorship,no,no,no,how-to-convert-a-sole-proprietorship,not approved,,excluded while hidden,pending,pending lawyer review,source body not present in Phase 5C prepared drafts; SEO title requires RankMath/source preservation or rewrite; meta description requires RankMath/source preservation or rewrite; image recovery/fallback required
656,,https://chamanlawfirm.com/what-is-the-cost-of-perfecting-land-titles-2/,what-is-the-cost-of-perfecting-land-titles-2,What Is The Cost Of Perfecting Land Titles 2,,,,,12,1369,source body not present in Phase 5C prepared drafts; SEO title requires RankMath/source preservation or rewrite; meta description requires RankMath/source preservation or rewrite; image recovery/fallback required,not restored,/resources/blog/what-is-the-cost-of-perfecting-land-titles-2,no,no,no,what-is-the-cost-of-perfecting-land-titles-2,not approved,,excluded while hidden,pending,pending lawyer review,source body not present in Phase 5C prepared drafts; SEO title requires RankMath/source preservation or rewrite; meta description requires RankMath/source preservation or rewrite; image recovery/fallback required
657,,https://chamanlawfirm.com/litigation-lawyers-in-nigeria/,litigation-lawyers-in-nigeria,Litigation Lawyers In Nigeria,,,,,12,1295,source body not present in Phase 5C prepared drafts; SEO title requires RankMath/source preservation or rewrite; meta description requires RankMath/source preservation or rewrite; image recovery/fallback required; redirect planning only; do not publish as article without equivalent content,not restored,https://chamanlawfirm.com/litigation-lawyers-in-nigeria/,no,no,no,litigation-lawyers-in-nigeria,not approved,,excluded while hidden,pending,not required unless revived,source body not present in Phase 5C prepared drafts; SEO title requires RankMath/source preservation or rewrite; meta description requires RankMath/source preservation or rewrite; image recovery/fallback required; redirect planning only; do not publish as article without equivalent content
658,,https://chamanlawfirm.com/importance-of-biometric-data-protection/,importance-of-biometric-data-protection,Importance Of Biometric Data Protection,,,,,12,1166,source body not present in Phase 5C prepared drafts; SEO title requires RankMath/source preservation or rewrite; meta description requires RankMath/source preservation or rewrite; image recovery/fallback required,not restored,/resources/blog/importance-of-biometric-data-protection,no,no,no,importance-of-biometric-data-protection,not approved,,excluded while hidden,pending,pending lawyer review,source body not present in Phase 5C prepared drafts; SEO title requires RankMath/source preservation or rewrite; meta description requires RankMath/source preservation or rewrite; image recovery/fallback required
659,,https://chamanlawfirm.com/how-to-obtain-letter-of-administration-in-nigeria/,how-to-obtain-letter-of-administration-in-nigeria,How To Obtain Letter Of Administration In Nigeria,,,,,12,1157,source body not present in Phase 5C prepared drafts; SEO title requires RankMath/source preservation or rewrite; meta description requires RankMath/source preservation or rewrite; image recovery/fallback required,not restored,/resources/blog/how-to-obtain-letter-of-administration-in-nigeria,no,no,no,how-to-obtain-letter-of-administration-in-nigeria,not approved,,excluded while hidden,pending,pending lawyer review,source body not present in Phase 5C prepared drafts; SEO title requires RankMath/source preservation or rewrite; meta description requires RankMath/source preservation or rewrite; image recovery/fallback required
660,,https://chamanlawfirm.com/necessary-document-to-prepare-upon-relocation/,necessary-document-to-prepare-upon-relocation,Necessary Document To Prepare Upon Relocation,,,,,12,1138,source body not present in Phase 5C prepared drafts; SEO title requires RankMath/source preservation or rewrite; meta description requires RankMath/source preservation or rewrite; image recovery/fallback required,not restored,/resources/blog/necessary-document-to-prepare-upon-relocation,no,no,no,necessary-document-to-prepare-upon-relocation,not approved,,excluded while hidden,pending,pending lawyer review,source body not present in Phase 5C prepared drafts; SEO title requires RankMath/source preservation or rewrite; meta description requires RankMath/source preservation or rewrite; image recovery/fallback required
661,,https://chamanlawfirm.com/the-custody-of-a-child-under-nigerian-law/,the-custody-of-a-child-under-nigerian-law,The Custody Of A Child Under Nigerian Law,,,,,12,1134,source body not present in Phase 5C prepared drafts; SEO title requires RankMath/source preservation or rewrite; meta description requires RankMath/source preservation or rewrite; image recovery/fallback required,not restored,/resources/blog/the-custody-of-a-child-under-nigerian-law,no,no,no,the-custody-of-a-child-under-nigerian-law,not approved,,excluded while hidden,pending,pending lawyer review,source body not present in Phase 5C prepared drafts; SEO title requires RankMath/source preservation or rewrite; meta description requires RankMath/source preservation or rewrite; image recovery/fallback required
662,,https://chamanlawfirm.com/powerful-steps-probate-lawyer-in-nigeria/,powerful-steps-probate-lawyer-in-nigeria,Powerful Steps Probate Lawyer In Nigeria,,,,,12,1108,source body not present in Phase 5C prepared drafts; SEO title requires RankMath/source preservation or rewrite; meta description requires RankMath/source preservation or rewrite; image recovery/fallback required; redirect planning only; do not publish as article without equivalent content,not restored,https://chamanlawfirm.com/powerful-steps-probate-lawyer-in-nigeria/,no,no,no,powerful-steps-probate-lawyer-in-nigeria,not approved,,excluded while hidden,pending,not required unless revived,source body not present in Phase 5C prepared drafts; SEO title requires RankMath/source preservation or rewrite; meta description requires RankMath/source preservation or rewrite; image recovery/fallback required; redirect planning only; do not publish as article without equivalent content
663,,https://chamanlawfirm.com/strategies-to-protect-your-real-estate/,strategies-to-protect-your-real-estate,Strategies To Protect Your Real Estate,,,,,12,1037,source body not present in Phase 5C prepared drafts; SEO title requires RankMath/source preservation or rewrite; meta description requires RankMath/source preservation or rewrite; image recovery/fallback required,not restored,/resources/blog/strategies-to-protect-your-real-estate,no,no,no,strategies-to-protect-your-real-estate,not approved,,excluded while hidden,pending,pending lawyer review,source body not present in Phase 5C prepared drafts; SEO title requires RankMath/source preservation or rewrite; meta description requires RankMath/source preservation or rewrite; image recovery/fallback required
664,,https://chamanlawfirm.com/joint-ventures-in-construction-projects/,joint-ventures-in-construction-projects,Joint Ventures In Construction Projects,,,,,12,1000,source body not present in Phase 5C prepared drafts; SEO title requires RankMath/source preservation or rewrite; meta description requires RankMath/source preservation or rewrite; image recovery/fallback required,not restored,/resources/blog/joint-ventures-in-construction-projects,no,no,no,joint-ventures-in-construction-projects,not approved,,excluded while hidden,pending,pending lawyer review,source body not present in Phase 5C prepared drafts; SEO title requires RankMath/source preservation or rewrite; meta description requires RankMath/source preservation or rewrite; image recovery/fallback required
665,,https://chamanlawfirm.com/navigating-legal-surrogacy-in-nigeria/,navigating-legal-surrogacy-in-nigeria,Navigating Legal Surrogacy In Nigeria,,,,,12,978,source body not present in Phase 5C prepared drafts; SEO title requires RankMath/source preservation or rewrite; meta description requires RankMath/source preservation or rewrite; image recovery/fallback required,not restored,/resources/blog/navigating-legal-surrogacy-in-nigeria,no,no,no,navigating-legal-surrogacy-in-nigeria,not approved,,excluded while hidden,pending,pending lawyer review,source body not present in Phase 5C prepared drafts; SEO title requires RankMath/source preservation or rewrite; meta description requires RankMath/source preservation or rewrite; image recovery/fallback required
666,,https://chamanlawfirm.com/understanding-the-lagos-state-amnesty-progra/,understanding-the-lagos-state-amnesty-progra,Understanding The Lagos State Amnesty Progra,,,,,12,901,source body not present in Phase 5C prepared drafts; SEO title requires RankMath/source preservation or rewrite; meta description requires RankMath/source preservation or rewrite; image recovery/fallback required,not restored,/resources/blog/understanding-the-lagos-state-amnesty-progra,no,no,no,understanding-the-lagos-state-amnesty-progra,not approved,,excluded while hidden,pending,pending lawyer review,source body not present in Phase 5C prepared drafts; SEO title requires RankMath/source preservation or rewrite; meta description requires RankMath/source preservation or rewrite; image recovery/fallback required
667,,https://chamanlawfirm.com/real-estate-practice-in-nigeria/,real-estate-practice-in-nigeria,Real Estate Practice In Nigeria,,,,,12,765,source body not present in Phase 5C prepared drafts; SEO title requires RankMath/source preservation or rewrite; meta description requires RankMath/source preservation or rewrite; image recovery/fallback required,not restored,/resources/blog/real-estate-practice-in-nigeria,no,no,no,real-estate-practice-in-nigeria,not approved,,excluded while hidden,pending,pending lawyer review,source body not present in Phase 5C prepared drafts; SEO title requires RankMath/source preservation or rewrite; meta description requires RankMath/source preservation or rewrite; image recovery/fallback required
668,,https://chamanlawfirm.com/what-are-the-best-mechanism-in-recovery-of-debt/,what-are-the-best-mechanism-in-recovery-of-debt,What Are The Best Mechanism In Recovery Of Debt,,,,,12,752,source body not present in Phase 5C prepared drafts; SEO title requires RankMath/source preservation or rewrite; meta description requires RankMath/source preservation or rewrite; image recovery/fallback required,not restored,/resources/blog/what-are-the-best-mechanism-in-recovery-of-debt,no,no,no,what-are-the-best-mechanism-in-recovery-of-debt,not approved,,excluded while hidden,pending,pending lawyer review,source body not present in Phase 5C prepared drafts; SEO title requires RankMath/source preservation or rewrite; meta description requires RankMath/source preservation or rewrite; image recovery/fallback required
669,,https://chamanlawfirm.com/ip-real-estate-development-the-role-of/,ip-real-estate-development-the-role-of,Ip Real Estate Development The Role Of,,,,,12,558,source body not present in Phase 5C prepared drafts; SEO title requires RankMath/source preservation or rewrite; meta description requires RankMath/source preservation or rewrite; image recovery/fallback required,not restored,/resources/blog/ip-real-estate-development-the-role-of,no,no,no,ip-real-estate-development-the-role-of,not approved,,excluded while hidden,pending,pending lawyer review,source body not present in Phase 5C prepared drafts; SEO title requires RankMath/source preservation or rewrite; meta description requires RankMath/source preservation or rewrite; image recovery/fallback required
670,,https://chamanlawfirm.com/handling-cross-border-insolvency-issues/,handling-cross-border-insolvency-issues,Handling Cross Border Insolvency Issues,,,,,12,427,source body not present in Phase 5C prepared drafts; SEO title requires RankMath/source preservation or rewrite; meta description requires RankMath/source preservation or rewrite; image recovery/fallback required,not restored,/resources/blog/handling-cross-border-insolvency-issues,no,no,no,handling-cross-border-insolvency-issues,not approved,,excluded while hidden,pending,pending lawyer review,source body not present in Phase 5C prepared drafts; SEO title requires RankMath/source preservation or rewrite; meta description requires RankMath/source preservation or rewrite; image recovery/fallback required
671,,https://chamanlawfirm.com/what-is-the-relationship-between-mining-activities-and-the-land-use-act/,what-is-the-relationship-between-mining-activities-and-the-land-use-act,What Is The Relationship Between Mining Activities And The Land Use Act,,,,,12,225,source body not present in Phase 5C prepared drafts; SEO title requires RankMath/source preservation or rewrite; meta description requires RankMath/source preservation or rewrite; image recovery/fallback required,not restored,/resources/blog/what-is-the-relationship-between-mining-activities-and-the-land-use-act,no,no,no,what-is-the-relationship-between-mining-activities-and-the-land-use-act,not approved,,excluded while hidden,pending,pending lawyer review,source body not present in Phase 5C prepared drafts; SEO title requires RankMath/source preservation or rewrite; meta description requires RankMath/source preservation or rewrite; image recovery/fallback required
672,,https://chamanlawfirm.com/real-estate-syndication-and-group-investment-in-nigeria-a-comprehensive-guide/,real-estate-syndication-and-group-investment-in-nigeria-a-comprehensive-guide,Real Estate Syndication And Group Investment In Nigeria A Comprehensive Guide,,,,,11,4054,source body not present in Phase 5C prepared drafts; SEO title requires RankMath/source preservation or rewrite; meta description requires RankMath/source preservation or rewrite; image recovery/fallback required,not restored,/resources/blog/real-estate-syndication-and-group-investment-in-nigeria-a-comprehensive-guide,no,no,no,real-estate-syndication-and-group-investment-in-nigeria-a-comprehensive-guide,not approved,,excluded while hidden,pending,pending lawyer review,source body not present in Phase 5C prepared drafts; SEO title requires RankMath/source preservation or rewrite; meta description requires RankMath/source preservation or rewrite; image recovery/fallback required
673,,https://chamanlawfirm.com/empowering-safe-construction/,empowering-safe-construction,Empowering Safe Construction,,,,,11,3449,source body not present in Phase 5C prepared drafts; SEO title requires RankMath/source preservation or rewrite; meta description requires RankMath/source preservation or rewrite; image recovery/fallback required,not restored,/resources/blog/empowering-safe-construction,no,no,no,empowering-safe-construction,not approved,,excluded while hidden,pending,pending lawyer review,source body not present in Phase 5C prepared drafts; SEO title requires RankMath/source preservation or rewrite; meta description requires RankMath/source preservation or rewrite; image recovery/fallback required
674,,https://chamanlawfirm.com/post-description-investing-in-retail-spaces-and-shopping-malls-in-nigeria-can-be-a-profitable-venture-this-article-explores-the-advantages-key-considerations-and-strategies-for-success-in-this-growin/,post-description-investing-in-retail-spaces-and-shopping-malls-in-nigeria-can-be-a-profitable-venture-this-article-explores-the-advantages-key-considerations-and-strategies-for-success-in-this-growin,Post Description Investing In Retail Spaces And Shopping Malls In Nigeria Can Be A Profitable Venture This Article Explores The Advantages Key Considerations And Strategies For Success In This Growin,,,,,11,2637,source body not present in Phase 5C prepared drafts; SEO title requires RankMath/source preservation or rewrite; meta description requires RankMath/source preservation or rewrite; image recovery/fallback required,not restored,/resources/blog/post-description-investing-in-retail-spaces-and-shopping-malls-in-nigeria-can-be-a-profitable-venture-this-article-explores-the-advantages-key-considerations-and-strategies-for-success-in-this-growin,no,no,no,post-description-investing-in-retail-spaces-and-shopping-malls-in-nigeria-can-be-a-profitable-venture-this-article-explores-the-advantages-key-considerations-and-strategies-for-success-in-this-growin,not approved,,excluded while hidden,pending,pending lawyer review,source body not present in Phase 5C prepared drafts; SEO title requires RankMath/source preservation or rewrite; meta description requires RankMath/source preservation or rewrite; image recovery/fallback required
675,,https://chamanlawfirm.com/the-land-use-act-on-real-estate-transactions/,the-land-use-act-on-real-estate-transactions,The Land Use Act On Real Estate Transactions,,,,,11,2235,source body not present in Phase 5C prepared drafts; SEO title requires RankMath/source preservation or rewrite; meta description requires RankMath/source preservation or rewrite; image recovery/fallback required; redirect planning only; do not publish as article without equivalent content,not restored,https://chamanlawfirm.com/the-land-use-act-on-real-estate-transactions/,no,no,no,the-land-use-act-on-real-estate-transactions,not approved,,excluded while hidden,pending,not required unless revived,source body not present in Phase 5C prepared drafts; SEO title requires RankMath/source preservation or rewrite; meta description requires RankMath/source preservation or rewrite; image recovery/fallback required; redirect planning only; do not publish as article without equivalent content
676,,https://chamanlawfirm.com/assault-and-battery-chaman-law-firm/,assault-and-battery-chaman-law-firm,Assault And Battery Chaman Law Firm,,,,,11,1700,source body not present in Phase 5C prepared drafts; SEO title requires RankMath/source preservation or rewrite; meta description requires RankMath/source preservation or rewrite; image recovery/fallback required,not restored,/resources/blog/assault-and-battery-chaman-law-firm,no,no,no,assault-and-battery-chaman-law-firm,not approved,,excluded while hidden,pending,pending lawyer review,source body not present in Phase 5C prepared drafts; SEO title requires RankMath/source preservation or rewrite; meta description requires RankMath/source preservation or rewrite; image recovery/fallback required
677,,https://chamanlawfirm.com/requirements-for-foreign-participation-in/,requirements-for-foreign-participation-in,Requirements For Foreign Participation In,,,,,11,1640,source body not present in Phase 5C prepared drafts; SEO title requires RankMath/source preservation or rewrite; meta description requires RankMath/source preservation or rewrite; image recovery/fallback required,not restored,/resources/blog/requirements-for-foreign-participation-in,no,no,no,requirements-for-foreign-participation-in,not approved,,excluded while hidden,pending,pending lawyer review,source body not present in Phase 5C prepared drafts; SEO title requires RankMath/source preservation or rewrite; meta description requires RankMath/source preservation or rewrite; image recovery/fallback required
678,,https://chamanlawfirm.com/what-is-the-process-of-obtaining-a-c-of-o/,what-is-the-process-of-obtaining-a-c-of-o,What Is The Process Of Obtaining A C Of O,,,,,11,1474,source body not present in Phase 5C prepared drafts; SEO title requires RankMath/source preservation or rewrite; meta description requires RankMath/source preservation or rewrite; image recovery/fallback required,not restored,/resources/blog/what-is-the-process-of-obtaining-a-c-of-o,no,no,no,what-is-the-process-of-obtaining-a-c-of-o,not approved,,excluded while hidden,pending,pending lawyer review,source body not present in Phase 5C prepared drafts; SEO title requires RankMath/source preservation or rewrite; meta description requires RankMath/source preservation or rewrite; image recovery/fallback required
679,,https://chamanlawfirm.com/difference-between-c-of-o-and-governors-consent/,difference-between-c-of-o-and-governors-consent,Difference Between C Of O And Governors Consent,,,,,11,1379,source body not present in Phase 5C prepared drafts; SEO title requires RankMath/source preservation or rewrite; meta description requires RankMath/source preservation or rewrite; image recovery/fallback required,not restored,/resources/blog/difference-between-c-of-o-and-governors-consent,no,no,no,difference-between-c-of-o-and-governors-consent,not approved,,excluded while hidden,pending,pending lawyer review,source body not present in Phase 5C prepared drafts; SEO title requires RankMath/source preservation or rewrite; meta description requires RankMath/source preservation or rewrite; image recovery/fallback required
680,,https://chamanlawfirm.com/legal-rights-of-online-consumers/,legal-rights-of-online-consumers,Legal Rights Of Online Consumers,,,,,11,1355,source body not present in Phase 5C prepared drafts; SEO title requires RankMath/source preservation or rewrite; meta description requires RankMath/source preservation or rewrite; image recovery/fallback required,not restored,/resources/blog/legal-rights-of-online-consumers,no,no,no,legal-rights-of-online-consumers,not approved,,excluded while hidden,pending,pending lawyer review,source body not present in Phase 5C prepared drafts; SEO title requires RankMath/source preservation or rewrite; meta description requires RankMath/source preservation or rewrite; image recovery/fallback required
681,,https://chamanlawfirm.com/cyber-crime-investigation-techniques/,cyber-crime-investigation-techniques,Cyber Crime Investigation Techniques,,,,,11,1314,source body not present in Phase 5C prepared drafts; SEO title requires RankMath/source preservation or rewrite; meta description requires RankMath/source preservation or rewrite; image recovery/fallback required,not restored,/resources/blog/cyber-crime-investigation-techniques,no,no,no,cyber-crime-investigation-techniques,not approved,,excluded while hidden,pending,pending lawyer review,source body not present in Phase 5C prepared drafts; SEO title requires RankMath/source preservation or rewrite; meta description requires RankMath/source preservation or rewrite; image recovery/fallback required
682,,https://chamanlawfirm.com/technology-integration-in-construction/,technology-integration-in-construction,Technology Integration In Construction,,,,,11,1301,source body not present in Phase 5C prepared drafts; SEO title requires RankMath/source preservation or rewrite; meta description requires RankMath/source preservation or rewrite; image recovery/fallback required,not restored,/resources/blog/technology-integration-in-construction,no,no,no,technology-integration-in-construction,not approved,,excluded while hidden,pending,pending lawyer review,source body not present in Phase 5C prepared drafts; SEO title requires RankMath/source preservation or rewrite; meta description requires RankMath/source preservation or rewrite; image recovery/fallback required
683,,https://chamanlawfirm.com/impact-of-labor-laws-on-business-operations/,impact-of-labor-laws-on-business-operations,Impact Of Labor Laws On Business Operations,,,,,11,1230,source body not present in Phase 5C prepared drafts; SEO title requires RankMath/source preservation or rewrite; meta description requires RankMath/source preservation or rewrite; image recovery/fallback required; redirect planning only; do not publish as article without equivalent content,not restored,https://chamanlawfirm.com/impact-of-labor-laws-on-business-operations/,no,no,no,impact-of-labor-laws-on-business-operations,not approved,,excluded while hidden,pending,not required unless revived,source body not present in Phase 5C prepared drafts; SEO title requires RankMath/source preservation or rewrite; meta description requires RankMath/source preservation or rewrite; image recovery/fallback required; redirect planning only; do not publish as article without equivalent content
684,,https://chamanlawfirm.com/poven-steps-on-what-are-the-stages-of-mediation/,poven-steps-on-what-are-the-stages-of-mediation,Poven Steps On What Are The Stages Of Mediation,,,,,11,1197,source body not present in Phase 5C prepared drafts; SEO title requires RankMath/source preservation or rewrite; meta description requires RankMath/source preservation or rewrite; image recovery/fallback required,not restored,/resources/blog/poven-steps-on-what-are-the-stages-of-mediation,no,no,no,poven-steps-on-what-are-the-stages-of-mediation,not approved,,excluded while hidden,pending,pending lawyer review,source body not present in Phase 5C prepared drafts; SEO title requires RankMath/source preservation or rewrite; meta description requires RankMath/source preservation or rewrite; image recovery/fallback required
685,,https://chamanlawfirm.com/cyber-law-and-privacy-issues-in-nigerian-iot/,cyber-law-and-privacy-issues-in-nigerian-iot,Cyber Law And Privacy Issues In Nigerian Iot,,,,,11,1157,source body not present in Phase 5C prepared drafts; SEO title requires RankMath/source preservation or rewrite; meta description requires RankMath/source preservation or rewrite; image recovery/fallback required,not restored,/resources/blog/cyber-law-and-privacy-issues-in-nigerian-iot,no,no,no,cyber-law-and-privacy-issues-in-nigerian-iot,not approved,,excluded while hidden,pending,pending lawyer review,source body not present in Phase 5C prepared drafts; SEO title requires RankMath/source preservation or rewrite; meta description requires RankMath/source preservation or rewrite; image recovery/fallback required
686,,https://chamanlawfirm.com/family-law-issues-for-expatriate-families/,family-law-issues-for-expatriate-families,Family Law Issues For Expatriate Families,,,,,11,1139,source body not present in Phase 5C prepared drafts; SEO title requires RankMath/source preservation or rewrite; meta description requires RankMath/source preservation or rewrite; image recovery/fallback required,not restored,/resources/blog/family-law-issues-for-expatriate-families,no,no,no,family-law-issues-for-expatriate-families,not approved,,excluded while hidden,pending,pending lawyer review,source body not present in Phase 5C prepared drafts; SEO title requires RankMath/source preservation or rewrite; meta description requires RankMath/source preservation or rewrite; image recovery/fallback required
687,,https://chamanlawfirm.com/labour-relations-in-nigerian-construction/,labour-relations-in-nigerian-construction,Labour Relations In Nigerian Construction,,,,,11,1129,source body not present in Phase 5C prepared drafts; SEO title requires RankMath/source preservation or rewrite; meta description requires RankMath/source preservation or rewrite; image recovery/fallback required,not restored,/resources/blog/labour-relations-in-nigerian-construction,no,no,no,labour-relations-in-nigerian-construction,not approved,,excluded while hidden,pending,pending lawyer review,source body not present in Phase 5C prepared drafts; SEO title requires RankMath/source preservation or rewrite; meta description requires RankMath/source preservation or rewrite; image recovery/fallback required
688,,https://chamanlawfirm.com/legal-proven-expertise-joint-ownership/,legal-proven-expertise-joint-ownership,Legal Proven Expertise Joint Ownership,,,,,11,1004,source body not present in Phase 5C prepared drafts; SEO title requires RankMath/source preservation or rewrite; meta description requires RankMath/source preservation or rewrite; image recovery/fallback required,not restored,/resources/blog/legal-proven-expertise-joint-ownership,no,no,no,legal-proven-expertise-joint-ownership,not approved,,excluded while hidden,pending,pending lawyer review,source body not present in Phase 5C prepared drafts; SEO title requires RankMath/source preservation or rewrite; meta description requires RankMath/source preservation or rewrite; image recovery/fallback required
689,,https://chamanlawfirm.com/a-complete-guide-on-how-to-legalise-or-attest-a-document-in-nigeria/,a-complete-guide-on-how-to-legalise-or-attest-a-document-in-nigeria,A Complete Guide On How To Legalise Or Attest A Document In Nigeria,,,,,11,985,source body not present in Phase 5C prepared drafts; SEO title requires RankMath/source preservation or rewrite; meta description requires RankMath/source preservation or rewrite; image recovery/fallback required,not restored,/resources/blog/a-complete-guide-on-how-to-legalise-or-attest-a-document-in-nigeria,no,no,no,a-complete-guide-on-how-to-legalise-or-attest-a-document-in-nigeria,not approved,,excluded while hidden,pending,pending lawyer review,source body not present in Phase 5C prepared drafts; SEO title requires RankMath/source preservation or rewrite; meta description requires RankMath/source preservation or rewrite; image recovery/fallback required
690,,https://chamanlawfirm.com/our-legal-team/,our-legal-team,Our Legal Team,,,,,11,941,source body not present in Phase 5C prepared drafts; SEO title requires RankMath/source preservation or rewrite; meta description requires RankMath/source preservation or rewrite; image recovery/fallback required,not restored,/resources/blog/our-legal-team,no,no,no,our-legal-team,not approved,,excluded while hidden,pending,pending lawyer review,source body not present in Phase 5C prepared drafts; SEO title requires RankMath/source preservation or rewrite; meta description requires RankMath/source preservation or rewrite; image recovery/fallback required
691,,https://chamanlawfirm.com/safety-and-security-in-nigerian-construction/,safety-and-security-in-nigerian-construction,Safety And Security In Nigerian Construction,,,,,11,931,source body not present in Phase 5C prepared drafts; SEO title requires RankMath/source preservation or rewrite; meta description requires RankMath/source preservation or rewrite; image recovery/fallback required,not restored,/resources/blog/safety-and-security-in-nigerian-construction,no,no,no,safety-and-security-in-nigerian-construction,not approved,,excluded while hidden,pending,pending lawyer review,source body not present in Phase 5C prepared drafts; SEO title requires RankMath/source preservation or rewrite; meta description requires RankMath/source preservation or rewrite; image recovery/fallback required
692,,https://chamanlawfirm.com/documents-apostilled-in-nigeria/?utm_source=rss&utm_medium=rss&utm_campaign=documents-apostilled-in-nigeria,documents-apostilled-in-nigeria,Documents Apostilled In Nigeria,,,,,11,886,source body not present in Phase 5C prepared drafts; SEO title requires RankMath/source preservation or rewrite; meta description requires RankMath/source preservation or rewrite; image recovery/fallback required; redirect planning only; do not publish as article without equivalent content,not restored,https://chamanlawfirm.com/documents-apostilled-in-nigeria/,no,no,no,documents-apostilled-in-nigeria,not approved,,excluded while hidden,pending,not required unless revived,source body not present in Phase 5C prepared drafts; SEO title requires RankMath/source preservation or rewrite; meta description requires RankMath/source preservation or rewrite; image recovery/fallback required; redirect planning only; do not publish as article without equivalent content
693,,https://chamanlawfirm.com/boardroom-disputes-and-governance-challenge/,boardroom-disputes-and-governance-challenge,Boardroom Disputes And Governance Challenge,,,,,11,830,source body not present in Phase 5C prepared drafts; SEO title requires RankMath/source preservation or rewrite; meta description requires RankMath/source preservation or rewrite; image recovery/fallback required; redirect planning only; do not publish as article without equivalent content,not restored,https://chamanlawfirm.com/boardroom-disputes-and-governance-challenge/,no,no,no,boardroom-disputes-and-governance-challenge,not approved,,excluded while hidden,pending,not required unless revived,source body not present in Phase 5C prepared drafts; SEO title requires RankMath/source preservation or rewrite; meta description requires RankMath/source preservation or rewrite; image recovery/fallback required; redirect planning only; do not publish as article without equivalent content
694,,https://chamanlawfirm.com/establishment-of-resolution-funds-in-nigeria/,establishment-of-resolution-funds-in-nigeria,Establishment Of Resolution Funds In Nigeria,,,,,11,729,source body not present in Phase 5C prepared drafts; SEO title requires RankMath/source preservation or rewrite; meta description requires RankMath/source preservation or rewrite; image recovery/fallback required,not restored,/resources/blog/establishment-of-resolution-funds-in-nigeria,no,no,no,establishment-of-resolution-funds-in-nigeria,not approved,,excluded while hidden,pending,pending lawyer review,source body not present in Phase 5C prepared drafts; SEO title requires RankMath/source preservation or rewrite; meta description requires RankMath/source preservation or rewrite; image recovery/fallback required
695,,https://chamanlawfirm.com/how-to-handle-land-encroachment-in-lagos/,how-to-handle-land-encroachment-in-lagos,How To Handle Land Encroachment In Lagos,,,,,11,721,source body not present in Phase 5C prepared drafts; SEO title requires RankMath/source preservation or rewrite; meta description requires RankMath/source preservation or rewrite; image recovery/fallback required,not restored,/resources/blog/how-to-handle-land-encroachment-in-lagos,no,no,no,how-to-handle-land-encroachment-in-lagos,not approved,,excluded while hidden,pending,pending lawyer review,source body not present in Phase 5C prepared drafts; SEO title requires RankMath/source preservation or rewrite; meta description requires RankMath/source preservation or rewrite; image recovery/fallback required
696,,https://chamanlawfirm.com/the-role-of-town-planners-in-land-allocation-under-the-land-use-act/,the-role-of-town-planners-in-land-allocation-under-the-land-use-act,The Role Of Town Planners In Land Allocation Under The Land Use Act,,,,,11,706,source body not present in Phase 5C prepared drafts; SEO title requires RankMath/source preservation or rewrite; meta description requires RankMath/source preservation or rewrite; image recovery/fallback required,not restored,/resources/blog/the-role-of-town-planners-in-land-allocation-under-the-land-use-act,no,no,no,the-role-of-town-planners-in-land-allocation-under-the-land-use-act,not approved,,excluded while hidden,pending,pending lawyer review,source body not present in Phase 5C prepared drafts; SEO title requires RankMath/source preservation or rewrite; meta description requires RankMath/source preservation or rewrite; image recovery/fallback required
697,,https://chamanlawfirm.com/ways-to-resolve-property-disputes-in-ogun/,ways-to-resolve-property-disputes-in-ogun,Ways To Resolve Property Disputes In Ogun,,,,,11,532,source body not present in Phase 5C prepared drafts; SEO title requires RankMath/source preservation or rewrite; meta description requires RankMath/source preservation or rewrite; image recovery/fallback required,not restored,/resources/blog/ways-to-resolve-property-disputes-in-ogun,no,no,no,ways-to-resolve-property-disputes-in-ogun,not approved,,excluded while hidden,pending,pending lawyer review,source body not present in Phase 5C prepared drafts; SEO title requires RankMath/source preservation or rewrite; meta description requires RankMath/source preservation or rewrite; image recovery/fallback required
698,,https://chamanlawfirm.com/land-encumbrances-and-burdens-be-addressed/,land-encumbrances-and-burdens-be-addressed,Land Encumbrances And Burdens Be Addressed,,,,,11,516,source body not present in Phase 5C prepared drafts; SEO title requires RankMath/source preservation or rewrite; meta description requires RankMath/source preservation or rewrite; image recovery/fallback required,not restored,/resources/blog/land-encumbrances-and-burdens-be-addressed,no,no,no,land-encumbrances-and-burdens-be-addressed,not approved,,excluded while hidden,pending,pending lawyer review,source body not present in Phase 5C prepared drafts; SEO title requires RankMath/source preservation or rewrite; meta description requires RankMath/source preservation or rewrite; image recovery/fallback required
699,,https://chamanlawfirm.com/steps-on-how-to-prepare-for-and-conduct-oral/,steps-on-how-to-prepare-for-and-conduct-oral,Steps On How To Prepare For And Conduct Oral,,,,,11,455,source body not present in Phase 5C prepared drafts; SEO title requires RankMath/source preservation or rewrite; meta description requires RankMath/source preservation or rewrite; image recovery/fallback required,not restored,/resources/blog/steps-on-how-to-prepare-for-and-conduct-oral,no,no,no,steps-on-how-to-prepare-for-and-conduct-oral,not approved,,excluded while hidden,pending,pending lawyer review,source body not present in Phase 5C prepared drafts; SEO title requires RankMath/source preservation or rewrite; meta description requires RankMath/source preservation or rewrite; image recovery/fallback required
700,,https://chamanlawfirm.com/what-are-the-required-permits-for-estate-development-in-ogun/,what-are-the-required-permits-for-estate-development-in-ogun,What Are The Required Permits For Estate Development In Ogun,,,,,10,22057,source body not present in Phase 5C prepared drafts; SEO title requires RankMath/source preservation or rewrite; meta description requires RankMath/source preservation or rewrite; image recovery/fallback required,not restored,/resources/blog/what-are-the-required-permits-for-estate-development-in-ogun,no,no,no,what-are-the-required-permits-for-estate-development-in-ogun,not approved,,excluded while hidden,pending,pending lawyer review,source body not present in Phase 5C prepared drafts; SEO title requires RankMath/source preservation or rewrite; meta description requires RankMath/source preservation or rewrite; image recovery/fallback required
701,,https://chamanlawfirm.com/proven-steps-on-student-loan-act-in-nigeria/,proven-steps-on-student-loan-act-in-nigeria,Proven Steps On Student Loan Act In Nigeria,,,,,10,8093,source body not present in Phase 5C prepared drafts; SEO title requires RankMath/source preservation or rewrite; meta description requires RankMath/source preservation or rewrite; image recovery/fallback required,not restored,/resources/blog/proven-steps-on-student-loan-act-in-nigeria,no,no,no,proven-steps-on-student-loan-act-in-nigeria,not approved,,excluded while hidden,pending,pending lawyer review,source body not present in Phase 5C prepared drafts; SEO title requires RankMath/source preservation or rewrite; meta description requires RankMath/source preservation or rewrite; image recovery/fallback required
702,,https://chamanlawfirm.com/tax-clearance-in-lagos-for-property-sales/,tax-clearance-in-lagos-for-property-sales,Tax Clearance In Lagos For Property Sales,,,,,10,5547,source body not present in Phase 5C prepared drafts; SEO title requires RankMath/source preservation or rewrite; meta description requires RankMath/source preservation or rewrite; image recovery/fallback required,not restored,/resources/blog/tax-clearance-in-lagos-for-property-sales,no,no,no,tax-clearance-in-lagos-for-property-sales,not approved,,excluded while hidden,pending,pending lawyer review,source body not present in Phase 5C prepared drafts; SEO title requires RankMath/source preservation or rewrite; meta description requires RankMath/source preservation or rewrite; image recovery/fallback required
703,,https://chamanlawfirm.com/8-step-business-registration-process-in-lag/,8-step-business-registration-process-in-lag,8 Step Business Registration Process In Lag,,,,,10,3337,source body not present in Phase 5C prepared drafts; SEO title requires RankMath/source preservation or rewrite; meta description requires RankMath/source preservation or rewrite; image recovery/fallback required,not restored,/resources/blog/8-step-business-registration-process-in-lag,no,no,no,8-step-business-registration-process-in-lag,not approved,,excluded while hidden,pending,pending lawyer review,source body not present in Phase 5C prepared drafts; SEO title requires RankMath/source preservation or rewrite; meta description requires RankMath/source preservation or rewrite; image recovery/fallback required
704,,https://chamanlawfirm.com/environmental-permits-and-approvals-in-lagos/,environmental-permits-and-approvals-in-lagos,Environmental Permits And Approvals In Lagos,,,,,10,2880,source body not present in Phase 5C prepared drafts; SEO title requires RankMath/source preservation or rewrite; meta description requires RankMath/source preservation or rewrite; image recovery/fallback required,not restored,/resources/blog/environmental-permits-and-approvals-in-lagos,no,no,no,environmental-permits-and-approvals-in-lagos,not approved,,excluded while hidden,pending,pending lawyer review,source body not present in Phase 5C prepared drafts; SEO title requires RankMath/source preservation or rewrite; meta description requires RankMath/source preservation or rewrite; image recovery/fallback required
705,,https://chamanlawfirm.com/capital-gains-tax-a-step-by-step-guide/,capital-gains-tax-a-step-by-step-guide,Capital Gains Tax A Step By Step Guide,,,,,10,2573,source body not present in Phase 5C prepared drafts; SEO title requires RankMath/source preservation or rewrite; meta description requires RankMath/source preservation or rewrite; image recovery/fallback required,not restored,/resources/blog/capital-gains-tax-a-step-by-step-guide,no,no,no,capital-gains-tax-a-step-by-step-guide,not approved,,excluded while hidden,pending,pending lawyer review,source body not present in Phase 5C prepared drafts; SEO title requires RankMath/source preservation or rewrite; meta description requires RankMath/source preservation or rewrite; image recovery/fallback required
706,,https://chamanlawfirm.com/environmental-and-zoning-regulations/,environmental-and-zoning-regulations,Environmental And Zoning Regulations,,,,,10,2471,source body not present in Phase 5C prepared drafts; SEO title requires RankMath/source preservation or rewrite; meta description requires RankMath/source preservation or rewrite; image recovery/fallback required,not restored,/resources/blog/environmental-and-zoning-regulations,no,no,no,environmental-and-zoning-regulations,not approved,,excluded while hidden,pending,pending lawyer review,source body not present in Phase 5C prepared drafts; SEO title requires RankMath/source preservation or rewrite; meta description requires RankMath/source preservation or rewrite; image recovery/fallback required
707,,https://chamanlawfirm.com/property-recovery-reclaim-your-rental-space/,property-recovery-reclaim-your-rental-space,Property Recovery Reclaim Your Rental Space,,,,,10,2424,source body not present in Phase 5C prepared drafts; SEO title requires RankMath/source preservation or rewrite; meta description requires RankMath/source preservation or rewrite; image recovery/fallback required,not restored,/resources/blog/property-recovery-reclaim-your-rental-space,no,no,no,property-recovery-reclaim-your-rental-space,not approved,,excluded while hidden,pending,pending lawyer review,source body not present in Phase 5C prepared drafts; SEO title requires RankMath/source preservation or rewrite; meta description requires RankMath/source preservation or rewrite; image recovery/fallback required
708,,https://chamanlawfirm.com/solution-to-building-collapse-incidences/,solution-to-building-collapse-incidences,Solution To Building Collapse Incidences,,,,,10,2143,source body not present in Phase 5C prepared drafts; SEO title requires RankMath/source preservation or rewrite; meta description requires RankMath/source preservation or rewrite; image recovery/fallback required,not restored,/resources/blog/solution-to-building-collapse-incidences,no,no,no,solution-to-building-collapse-incidences,not approved,,excluded while hidden,pending,pending lawyer review,source body not present in Phase 5C prepared drafts; SEO title requires RankMath/source preservation or rewrite; meta description requires RankMath/source preservation or rewrite; image recovery/fallback required
709,,https://chamanlawfirm.com/legal-pitfalls-in-debt-recovery/,legal-pitfalls-in-debt-recovery,Legal Pitfalls In Debt Recovery,,,,,10,1908,source body not present in Phase 5C prepared drafts; SEO title requires RankMath/source preservation or rewrite; meta description requires RankMath/source preservation or rewrite; image recovery/fallback required,not restored,/resources/blog/legal-pitfalls-in-debt-recovery,no,no,no,legal-pitfalls-in-debt-recovery,not approved,,excluded while hidden,pending,pending lawyer review,source body not present in Phase 5C prepared drafts; SEO title requires RankMath/source preservation or rewrite; meta description requires RankMath/source preservation or rewrite; image recovery/fallback required
710,,https://chamanlawfirm.com/construction-safety-and-certification/,construction-safety-and-certification,Construction Safety And Certification,,,,,10,1905,source body not present in Phase 5C prepared drafts; SEO title requires RankMath/source preservation or rewrite; meta description requires RankMath/source preservation or rewrite; image recovery/fallback required,not restored,/resources/blog/construction-safety-and-certification,no,no,no,construction-safety-and-certification,not approved,,excluded while hidden,pending,pending lawyer review,source body not present in Phase 5C prepared drafts; SEO title requires RankMath/source preservation or rewrite; meta description requires RankMath/source preservation or rewrite; image recovery/fallback required
711,,https://chamanlawfirm.com/boundary-disputes-and-encroachments/,boundary-disputes-and-encroachments,Boundary Disputes And Encroachments,,,,,10,1773,source body not present in Phase 5C prepared drafts; SEO title requires RankMath/source preservation or rewrite; meta description requires RankMath/source preservation or rewrite; image recovery/fallback required,not restored,/resources/blog/boundary-disputes-and-encroachments,no,no,no,boundary-disputes-and-encroachments,not approved,,excluded while hidden,pending,pending lawyer review,source body not present in Phase 5C prepared drafts; SEO title requires RankMath/source preservation or rewrite; meta description requires RankMath/source preservation or rewrite; image recovery/fallback required
712,,https://chamanlawfirm.com/religious-institutions/,religious-institutions,Religious Institutions,,,,,10,1688,source body not present in Phase 5C prepared drafts; SEO title requires RankMath/source preservation or rewrite; meta description requires RankMath/source preservation or rewrite; image recovery/fallback required,not restored,/resources/blog/religious-institutions,no,no,no,religious-institutions,not approved,,excluded while hidden,pending,pending lawyer review,source body not present in Phase 5C prepared drafts; SEO title requires RankMath/source preservation or rewrite; meta description requires RankMath/source preservation or rewrite; image recovery/fallback required
713,,https://chamanlawfirm.com/proven-steps-how-to-file-patent-in-nigeria/,proven-steps-how-to-file-patent-in-nigeria,Proven Steps How To File Patent In Nigeria,,,,,10,1663,source body not present in Phase 5C prepared drafts; SEO title requires RankMath/source preservation or rewrite; meta description requires RankMath/source preservation or rewrite; image recovery/fallback required,not restored,/resources/blog/proven-steps-how-to-file-patent-in-nigeria,no,no,no,proven-steps-how-to-file-patent-in-nigeria,not approved,,excluded while hidden,pending,pending lawyer review,source body not present in Phase 5C prepared drafts; SEO title requires RankMath/source preservation or rewrite; meta description requires RankMath/source preservation or rewrite; image recovery/fallback required
714,,https://www.chamanlawfirm.com/statute-of-limitations-on-debt-in-nigeria-2/,statute-of-limitations-on-debt-in-nigeria-2,Statute Of Limitations On Debt In Nigeria 2,,,,,10,1587,source body not present in Phase 5C prepared drafts; SEO title requires RankMath/source preservation or rewrite; meta description requires RankMath/source preservation or rewrite; image recovery/fallback required; redirect planning only; do not publish as article without equivalent content,not restored,https://chamanlawfirm.com/statute-of-limitations-on-debt-in-nigeria-2/,no,no,no,statute-of-limitations-on-debt-in-nigeria-2,not approved,,excluded while hidden,pending,not required unless revived,source body not present in Phase 5C prepared drafts; SEO title requires RankMath/source preservation or rewrite; meta description requires RankMath/source preservation or rewrite; image recovery/fallback required; redirect planning only; do not publish as article without equivalent content
715,,https://chamanlawfirm.com/logistics-and-supply-chain-management/,logistics-and-supply-chain-management,Logistics And Supply Chain Management,,,,,10,1577,source body not present in Phase 5C prepared drafts; SEO title requires RankMath/source preservation or rewrite; meta description requires RankMath/source preservation or rewrite; image recovery/fallback required,not restored,/resources/blog/logistics-and-supply-chain-management,no,no,no,logistics-and-supply-chain-management,not approved,,excluded while hidden,pending,pending lawyer review,source body not present in Phase 5C prepared drafts; SEO title requires RankMath/source preservation or rewrite; meta description requires RankMath/source preservation or rewrite; image recovery/fallback required
716,,https://chamanlawfirm.com/what-is-the-documentation-and-registration/,what-is-the-documentation-and-registration,What Is The Documentation And Registration,,,,,10,1565,source body not present in Phase 5C prepared drafts; SEO title requires RankMath/source preservation or rewrite; meta description requires RankMath/source preservation or rewrite; image recovery/fallback required,not restored,/resources/blog/what-is-the-documentation-and-registration,no,no,no,what-is-the-documentation-and-registration,not approved,,excluded while hidden,pending,pending lawyer review,source body not present in Phase 5C prepared drafts; SEO title requires RankMath/source preservation or rewrite; meta description requires RankMath/source preservation or rewrite; image recovery/fallback required
717,,https://chamanlawfirm.com/service/human-right-law/,human-right-law,Human Right Law,,,,,10,1404,source body not present in Phase 5C prepared drafts; SEO title requires RankMath/source preservation or rewrite; meta description requires RankMath/source preservation or rewrite; image recovery/fallback required,not restored,/resources/blog/service/human-right-law,no,no,no,human-right-law,not approved,,excluded while hidden,pending,pending lawyer review,source body not present in Phase 5C prepared drafts; SEO title requires RankMath/source preservation or rewrite; meta description requires RankMath/source preservation or rewrite; image recovery/fallback required
718,,https://chamanlawfirm.com/mixed-use-residential-projects-in-nigeria/,mixed-use-residential-projects-in-nigeria,Mixed Use Residential Projects In Nigeria,,,,,10,1391,source body not present in Phase 5C prepared drafts; SEO title requires RankMath/source preservation or rewrite; meta description requires RankMath/source preservation or rewrite; image recovery/fallback required; redirect planning only; do not publish as article without equivalent content,not restored,https://chamanlawfirm.com/mixed-use-residential-projects-in-nigeria/,no,no,no,mixed-use-residential-projects-in-nigeria,not approved,,excluded while hidden,pending,not required unless revived,source body not present in Phase 5C prepared drafts; SEO title requires RankMath/source preservation or rewrite; meta description requires RankMath/source preservation or rewrite; image recovery/fallback required; redirect planning only; do not publish as article without equivalent content
719,,https://chamanlawfirm.com/debt-recovery-in-banking-sector/,debt-recovery-in-banking-sector,Debt Recovery In Banking Sector,,,,,10,1344,source body not present in Phase 5C prepared drafts; SEO title requires RankMath/source preservation or rewrite; meta description requires RankMath/source preservation or rewrite; image recovery/fallback required,not restored,/resources/blog/debt-recovery-in-banking-sector,no,no,no,debt-recovery-in-banking-sector,not approved,,excluded while hidden,pending,pending lawyer review,source body not present in Phase 5C prepared drafts; SEO title requires RankMath/source preservation or rewrite; meta description requires RankMath/source preservation or rewrite; image recovery/fallback required
720,,https://chamanlawfirm.com/legal-research-in-nigerian-law/,legal-research-in-nigerian-law,Legal Research In Nigerian Law,,,,,10,1282,source body not present in Phase 5C prepared drafts; SEO title requires RankMath/source preservation or rewrite; meta description requires RankMath/source preservation or rewrite; image recovery/fallback required,not restored,/resources/blog/legal-research-in-nigerian-law,no,no,no,legal-research-in-nigerian-law,not approved,,excluded while hidden,pending,pending lawyer review,source body not present in Phase 5C prepared drafts; SEO title requires RankMath/source preservation or rewrite; meta description requires RankMath/source preservation or rewrite; image recovery/fallback required
721,,https://chamanlawfirm.com/legal-aspects-of-commercial-litigation/,legal-aspects-of-commercial-litigation,Legal Aspects Of Commercial Litigation,,,,,10,1251,source body not present in Phase 5C prepared drafts; SEO title requires RankMath/source preservation or rewrite; meta description requires RankMath/source preservation or rewrite; image recovery/fallback required,not restored,/resources/blog/legal-aspects-of-commercial-litigation,no,no,no,legal-aspects-of-commercial-litigation,not approved,,excluded while hidden,pending,pending lawyer review,source body not present in Phase 5C prepared drafts; SEO title requires RankMath/source preservation or rewrite; meta description requires RankMath/source preservation or rewrite; image recovery/fallback required
722,,https://chamanlawfirm.com/governors-consent-how-long-does-it-take/,governors-consent-how-long-does-it-take,Governors Consent How Long Does It Take,,,,,10,1104,source body not present in Phase 5C prepared drafts; SEO title requires RankMath/source preservation or rewrite; meta description requires RankMath/source preservation or rewrite; image recovery/fallback required,not restored,/resources/blog/governors-consent-how-long-does-it-take,no,no,no,governors-consent-how-long-does-it-take,not approved,,excluded while hidden,pending,pending lawyer review,source body not present in Phase 5C prepared drafts; SEO title requires RankMath/source preservation or rewrite; meta description requires RankMath/source preservation or rewrite; image recovery/fallback required
723,,https://chamanlawfirm.com/when-is-summary-dismissal-appropriate-in-nigeria-labour-law/,when-is-summary-dismissal-appropriate-in-nigeria-labour-law,When Is Summary Dismissal Appropriate In Nigeria Labour Law,,,,,10,955,source body not present in Phase 5C prepared drafts; SEO title requires RankMath/source preservation or rewrite; meta description requires RankMath/source preservation or rewrite; image recovery/fallback required,not restored,/resources/blog/when-is-summary-dismissal-appropriate-in-nigeria-labour-law,no,no,no,when-is-summary-dismissal-appropriate-in-nigeria-labour-law,not approved,,excluded while hidden,pending,pending lawyer review,source body not present in Phase 5C prepared drafts; SEO title requires RankMath/source preservation or rewrite; meta description requires RankMath/source preservation or rewrite; image recovery/fallback required
724,,https://chamanlawfirm.com/rights-of-persons-living-with-disabilities/,rights-of-persons-living-with-disabilities,Rights Of Persons Living With Disabilities,,,,,10,926,source body not present in Phase 5C prepared drafts; SEO title requires RankMath/source preservation or rewrite; meta description requires RankMath/source preservation or rewrite; image recovery/fallback required,not restored,/resources/blog/rights-of-persons-living-with-disabilities,no,no,no,rights-of-persons-living-with-disabilities,not approved,,excluded while hidden,pending,pending lawyer review,source body not present in Phase 5C prepared drafts; SEO title requires RankMath/source preservation or rewrite; meta description requires RankMath/source preservation or rewrite; image recovery/fallback required
725,,https://chamanlawfirm.com/what-are-the-property-taxes-in-ogun-state/,what-are-the-property-taxes-in-ogun-state,What Are The Property Taxes In Ogun State,,,,,10,924,source body not present in Phase 5C prepared drafts; SEO title requires RankMath/source preservation or rewrite; meta description requires RankMath/source preservation or rewrite; image recovery/fallback required,not restored,/resources/blog/what-are-the-property-taxes-in-ogun-state,no,no,no,what-are-the-property-taxes-in-ogun-state,not approved,,excluded while hidden,pending,pending lawyer review,source body not present in Phase 5C prepared drafts; SEO title requires RankMath/source preservation or rewrite; meta description requires RankMath/source preservation or rewrite; image recovery/fallback required
726,,https://chamanlawfirm.com/proven-steps-on-capacity-to-make-a-will/,proven-steps-on-capacity-to-make-a-will,Proven Steps On Capacity To Make A Will,,,,,10,901,source body not present in Phase 5C prepared drafts; SEO title requires RankMath/source preservation or rewrite; meta description requires RankMath/source preservation or rewrite; image recovery/fallback required,not restored,/resources/blog/proven-steps-on-capacity-to-make-a-will,no,no,no,proven-steps-on-capacity-to-make-a-will,not approved,,excluded while hidden,pending,pending lawyer review,source body not present in Phase 5C prepared drafts; SEO title requires RankMath/source preservation or rewrite; meta description requires RankMath/source preservation or rewrite; image recovery/fallback required
727,,https://chamanlawfirm.com/cyber-law-nigerian-cultural-heritage/,cyber-law-nigerian-cultural-heritage,Cyber Law Nigerian Cultural Heritage,,,,,10,848,source body not present in Phase 5C prepared drafts; SEO title requires RankMath/source preservation or rewrite; meta description requires RankMath/source preservation or rewrite; image recovery/fallback required,not restored,/resources/blog/cyber-law-nigerian-cultural-heritage,no,no,no,cyber-law-nigerian-cultural-heritage,not approved,,excluded while hidden,pending,pending lawyer review,source body not present in Phase 5C prepared drafts; SEO title requires RankMath/source preservation or rewrite; meta description requires RankMath/source preservation or rewrite; image recovery/fallback required
728,,https://chamanlawfirm.com/legal-framework-for-affordable-housing/,legal-framework-for-affordable-housing,Legal Framework For Affordable Housing,,,,,10,730,source body not present in Phase 5C prepared drafts; SEO title requires RankMath/source preservation or rewrite; meta description requires RankMath/source preservation or rewrite; image recovery/fallback required,not restored,/resources/blog/legal-framework-for-affordable-housing,no,no,no,legal-framework-for-affordable-housing,not approved,,excluded while hidden,pending,pending lawyer review,source body not present in Phase 5C prepared drafts; SEO title requires RankMath/source preservation or rewrite; meta description requires RankMath/source preservation or rewrite; image recovery/fallback required
729,,https://chamanlawfirm.com/understanding-of-the-rights-of-stakeholders/,understanding-of-the-rights-of-stakeholders,Understanding Of The Rights Of Stakeholders,,,,,10,721,source body not present in Phase 5C prepared drafts; SEO title requires RankMath/source preservation or rewrite; meta description requires RankMath/source preservation or rewrite; image recovery/fallback required,not restored,/resources/blog/understanding-of-the-rights-of-stakeholders,no,no,no,understanding-of-the-rights-of-stakeholders,not approved,,excluded while hidden,pending,pending lawyer review,source body not present in Phase 5C prepared drafts; SEO title requires RankMath/source preservation or rewrite; meta description requires RankMath/source preservation or rewrite; image recovery/fallback required
730,,https://chamanlawfirm.com/exclusive-possession-in-a-lease/,exclusive-possession-in-a-lease,Exclusive Possession In A Lease,,,,,10,720,source body not present in Phase 5C prepared drafts; SEO title requires RankMath/source preservation or rewrite; meta description requires RankMath/source preservation or rewrite; image recovery/fallback required,not restored,/resources/blog/exclusive-possession-in-a-lease,no,no,no,exclusive-possession-in-a-lease,not approved,,excluded while hidden,pending,pending lawyer review,source body not present in Phase 5C prepared drafts; SEO title requires RankMath/source preservation or rewrite; meta description requires RankMath/source preservation or rewrite; image recovery/fallback required
731,,https://chamanlawfirm.com/landlord-and-tenant-relationship-on-property/,landlord-and-tenant-relationship-on-property,Landlord And Tenant Relationship On Property,,,,,10,684,source body not present in Phase 5C prepared drafts; SEO title requires RankMath/source preservation or rewrite; meta description requires RankMath/source preservation or rewrite; image recovery/fallback required,not restored,/resources/blog/landlord-and-tenant-relationship-on-property,no,no,no,landlord-and-tenant-relationship-on-property,not approved,,excluded while hidden,pending,pending lawyer review,source body not present in Phase 5C prepared drafts; SEO title requires RankMath/source preservation or rewrite; meta description requires RankMath/source preservation or rewrite; image recovery/fallback required
732,,https://chamanlawfirm.com/the-process-of-transferring-land-in-nigeria/,the-process-of-transferring-land-in-nigeria,The Process Of Transferring Land In Nigeria,,,,,10,628,source body not present in Phase 5C prepared drafts; SEO title requires RankMath/source preservation or rewrite; meta description requires RankMath/source preservation or rewrite; image recovery/fallback required,not restored,/resources/blog/the-process-of-transferring-land-in-nigeria,no,no,no,the-process-of-transferring-land-in-nigeria,not approved,,excluded while hidden,pending,pending lawyer review,source body not present in Phase 5C prepared drafts; SEO title requires RankMath/source preservation or rewrite; meta description requires RankMath/source preservation or rewrite; image recovery/fallback required
733,,https://chamanlawfirm.com/4-proven-cross-border-cybercrime-issues/,4-proven-cross-border-cybercrime-issues,4 Proven Cross Border Cybercrime Issues,,,,,10,543,source body not present in Phase 5C prepared drafts; SEO title requires RankMath/source preservation or rewrite; meta description requires RankMath/source preservation or rewrite; image recovery/fallback required,not restored,/resources/blog/4-proven-cross-border-cybercrime-issues,no,no,no,4-proven-cross-border-cybercrime-issues,not approved,,excluded while hidden,pending,pending lawyer review,source body not present in Phase 5C prepared drafts; SEO title requires RankMath/source preservation or rewrite; meta description requires RankMath/source preservation or rewrite; image recovery/fallback required
734,,https://chamanlawfirm.com/steps-on-how-to-navigate-parental-rights/,steps-on-how-to-navigate-parental-rights,Steps On How To Navigate Parental Rights,,,,,10,513,source body not present in Phase 5C prepared drafts; SEO title requires RankMath/source preservation or rewrite; meta description requires RankMath/source preservation or rewrite; image recovery/fallback required,not restored,/resources/blog/steps-on-how-to-navigate-parental-rights,no,no,no,steps-on-how-to-navigate-parental-rights,not approved,,excluded while hidden,pending,pending lawyer review,source body not present in Phase 5C prepared drafts; SEO title requires RankMath/source preservation or rewrite; meta description requires RankMath/source preservation or rewrite; image recovery/fallback required
735,,https://chamanlawfirm.com/who-can-liable-when-there-are-defects-in-construction/,who-can-liable-when-there-are-defects-in-construction,Who Can Liable When There Are Defects In Construction,,,,,10,453,source body not present in Phase 5C prepared drafts; SEO title requires RankMath/source preservation or rewrite; meta description requires RankMath/source preservation or rewrite; image recovery/fallback required,not restored,/resources/blog/who-can-liable-when-there-are-defects-in-construction,no,no,no,who-can-liable-when-there-are-defects-in-construction,not approved,,excluded while hidden,pending,pending lawyer review,source body not present in Phase 5C prepared drafts; SEO title requires RankMath/source preservation or rewrite; meta description requires RankMath/source preservation or rewrite; image recovery/fallback required
736,,https://chamanlawfirm.com/how-to-legally-change-a-childs-surname/,how-to-legally-change-a-childs-surname,How To Legally Change A Childs Surname,,,,,10,373,source body not present in Phase 5C prepared drafts; SEO title requires RankMath/source preservation or rewrite; meta description requires RankMath/source preservation or rewrite; image recovery/fallback required,not restored,/resources/blog/how-to-legally-change-a-childs-surname,no,no,no,how-to-legally-change-a-childs-surname,not approved,,excluded while hidden,pending,pending lawyer review,source body not present in Phase 5C prepared drafts; SEO title requires RankMath/source preservation or rewrite; meta description requires RankMath/source preservation or rewrite; image recovery/fallback required
737,,https://chamanlawfirm.com/index.php//?detail/89079306861229,index.php,Index.Php,,,,,10,59,source body not present in Phase 5C prepared drafts; SEO title requires RankMath/source preservation or rewrite; meta description requires RankMath/source preservation or rewrite; image recovery/fallback required; redirect planning only; do not publish as article without equivalent content,not restored,https://chamanlawfirm.com/index.php/,no,no,no,index.php,not approved,,excluded while hidden,pending,not required unless revived,source body not present in Phase 5C prepared drafts; SEO title requires RankMath/source preservation or rewrite; meta description requires RankMath/source preservation or rewrite; image recovery/fallback required; redirect planning only; do not publish as article without equivalent content
738,,https://chamanlawfirm.com/duties-of-correctional-institutions-in-nigeria/#elementor-toc__heading-anchor-4,duties-of-correctional-institutions-in-nigeria,Duties Of Correctional Institutions In Nigeria,,,,,9,6446,source body not present in Phase 5C prepared drafts; SEO title requires RankMath/source preservation or rewrite; meta description requires RankMath/source preservation or rewrite; image recovery/fallback required; redirect planning only; do not publish as article without equivalent content,not restored,https://chamanlawfirm.com/duties-of-correctional-institutions-in-nigeria/,no,no,no,duties-of-correctional-institutions-in-nigeria,not approved,,excluded while hidden,pending,not required unless revived,source body not present in Phase 5C prepared drafts; SEO title requires RankMath/source preservation or rewrite; meta description requires RankMath/source preservation or rewrite; image recovery/fallback required; redirect planning only; do not publish as article without equivalent content
739,,https://chamanlawfirm.com/duties-of-correctional-institutions-in-nigeria/#elementor-toc__heading-anchor-1,duties-of-correctional-institutions-in-nigeria,Duties Of Correctional Institutions In Nigeria,,,,,9,6204,source body not present in Phase 5C prepared drafts; SEO title requires RankMath/source preservation or rewrite; meta description requires RankMath/source preservation or rewrite; image recovery/fallback required; redirect planning only; do not publish as article without equivalent content,not restored,https://chamanlawfirm.com/duties-of-correctional-institutions-in-nigeria/,no,no,no,duties-of-correctional-institutions-in-nigeria,not approved,,excluded while hidden,pending,not required unless revived,source body not present in Phase 5C prepared drafts; SEO title requires RankMath/source preservation or rewrite; meta description requires RankMath/source preservation or rewrite; image recovery/fallback required; redirect planning only; do not publish as article without equivalent content
740,,https://chamanlawfirm.com/obtaining-a-certificate-of-occupancy-c-of-o/#elementor-toc__heading-anchor-1,obtaining-a-certificate-of-occupancy-c-of-o,REQUIREMENTS FOR OBTAINING A CERTIFICATE OF OCCUPANCY (CofO) IN NIGERIA (LAGOS AND OGUN STATE),The best way to obtain Certificate of Occupancy in Nigeria,"Certificate of Occupancy In Nigeria, for a person to successfully establish ownership or acquisition of land or landed property,",,,9,5558,GSC Pages export and Sprint 10C inventory,not restored,https://chamanlawfirm.com/obtaining-a-certificate-of-occupancy-c-of-o/,no,no,no,obtaining-a-certificate-of-occupancy-c-of-o,not approved,,excluded while hidden,pending,not required unless revived,image recovery/fallback required; redirect planning only; do not publish as article without equivalent content
741,,https://chamanlawfirm.com/implications-of-co-signing-a-lease-agreement/,implications-of-co-signing-a-lease-agreement,Implications Of Co Signing A Lease Agreement,,,,,9,3732,source body not present in Phase 5C prepared drafts; SEO title requires RankMath/source preservation or rewrite; meta description requires RankMath/source preservation or rewrite; image recovery/fallback required,not restored,/resources/blog/implications-of-co-signing-a-lease-agreement,no,no,no,implications-of-co-signing-a-lease-agreement,not approved,,excluded while hidden,pending,pending lawyer review,source body not present in Phase 5C prepared drafts; SEO title requires RankMath/source preservation or rewrite; meta description requires RankMath/source preservation or rewrite; image recovery/fallback required
742,,https://chamanlawfirm.com/procedure-by-the-nigeria-customs-service/,procedure-by-the-nigeria-customs-service,Procedure By The Nigeria Customs Service,,,,,9,3608,source body not present in Phase 5C prepared drafts; SEO title requires RankMath/source preservation or rewrite; meta description requires RankMath/source preservation or rewrite; image recovery/fallback required,not restored,/resources/blog/procedure-by-the-nigeria-customs-service,no,no,no,procedure-by-the-nigeria-customs-service,not approved,,excluded while hidden,pending,pending lawyer review,source body not present in Phase 5C prepared drafts; SEO title requires RankMath/source preservation or rewrite; meta description requires RankMath/source preservation or rewrite; image recovery/fallback required
743,,https://chamanlawfirm.com/nigeria-visa-on-arrival-policy-eligibility/,nigeria-visa-on-arrival-policy-eligibility,Nigeria Visa On Arrival Policy Eligibility,,,,,9,3607,source body not present in Phase 5C prepared drafts; SEO title requires RankMath/source preservation or rewrite; meta description requires RankMath/source preservation or rewrite; image recovery/fallback required,not restored,/resources/blog/nigeria-visa-on-arrival-policy-eligibility,no,no,no,nigeria-visa-on-arrival-policy-eligibility,not approved,,excluded while hidden,pending,pending lawyer review,source body not present in Phase 5C prepared drafts; SEO title requires RankMath/source preservation or rewrite; meta description requires RankMath/source preservation or rewrite; image recovery/fallback required
744,,https://chamanlawfirm.com/labour-and-employment-law-in-nigeria/,labour-and-employment-law-in-nigeria,Labour And Employment Law In Nigeria,,,,,9,3069,source body not present in Phase 5C prepared drafts; SEO title requires RankMath/source preservation or rewrite; meta description requires RankMath/source preservation or rewrite; image recovery/fallback required,not restored,/resources/blog/labour-and-employment-law-in-nigeria,no,no,no,labour-and-employment-law-in-nigeria,not approved,,excluded while hidden,pending,pending lawyer review,source body not present in Phase 5C prepared drafts; SEO title requires RankMath/source preservation or rewrite; meta description requires RankMath/source preservation or rewrite; image recovery/fallback required
745,,https://chamanlawfirm.com/how-to-register-an-ngo-in-nigeria-a-proven/,how-to-register-an-ngo-in-nigeria-a-proven,How To Register An Ngo In Nigeria A Proven,,,,,9,3012,source body not present in Phase 5C prepared drafts; SEO title requires RankMath/source preservation or rewrite; meta description requires RankMath/source preservation or rewrite; image recovery/fallback required,not restored,/resources/blog/how-to-register-an-ngo-in-nigeria-a-proven,no,no,no,how-to-register-an-ngo-in-nigeria-a-proven,not approved,,excluded while hidden,pending,pending lawyer review,source body not present in Phase 5C prepared drafts; SEO title requires RankMath/source preservation or rewrite; meta description requires RankMath/source preservation or rewrite; image recovery/fallback required
746,,https://chamanlawfirm.com/real-estate-investment-financing-in-nigeria/,real-estate-investment-financing-in-nigeria,Real Estate Investment Financing In Nigeria,,,,,9,2516,source body not present in Phase 5C prepared drafts; SEO title requires RankMath/source preservation or rewrite; meta description requires RankMath/source preservation or rewrite; image recovery/fallback required; redirect planning only; do not publish as article without equivalent content,not restored,https://chamanlawfirm.com/real-estate-investment-financing-in-nigeria/,no,no,no,real-estate-investment-financing-in-nigeria,not approved,,excluded while hidden,pending,not required unless revived,source body not present in Phase 5C prepared drafts; SEO title requires RankMath/source preservation or rewrite; meta description requires RankMath/source preservation or rewrite; image recovery/fallback required; redirect planning only; do not publish as article without equivalent content
747,,https://chamanlawfirm.com/contractual-dispute-resolution/,contractual-dispute-resolution,Contractual Dispute Resolution,,,,,9,2183,source body not present in Phase 5C prepared drafts; SEO title requires RankMath/source preservation or rewrite; meta description requires RankMath/source preservation or rewrite; image recovery/fallback required,not restored,/resources/blog/contractual-dispute-resolution,no,no,no,contractual-dispute-resolution,not approved,,excluded while hidden,pending,pending lawyer review,source body not present in Phase 5C prepared drafts; SEO title requires RankMath/source preservation or rewrite; meta description requires RankMath/source preservation or rewrite; image recovery/fallback required
748,,https://chamanlawfirm.com/fast-track-your-probate-process-in-nigeria/,fast-track-your-probate-process-in-nigeria,Fast Track Your Probate Process In Nigeria,,,,,9,1763,source body not present in Phase 5C prepared drafts; SEO title requires RankMath/source preservation or rewrite; meta description requires RankMath/source preservation or rewrite; image recovery/fallback required,not restored,/resources/blog/fast-track-your-probate-process-in-nigeria,no,no,no,fast-track-your-probate-process-in-nigeria,not approved,,excluded while hidden,pending,pending lawyer review,source body not present in Phase 5C prepared drafts; SEO title requires RankMath/source preservation or rewrite; meta description requires RankMath/source preservation or rewrite; image recovery/fallback required
749,,https://chamanlawfirm.com/why-do-i-need-a-family-lawyer-in-nigeria/,why-do-i-need-a-family-lawyer-in-nigeria,Why Do I Need A Family Lawyer In Nigeria,,,,,9,1756,source body not present in Phase 5C prepared drafts; SEO title requires RankMath/source preservation or rewrite; meta description requires RankMath/source preservation or rewrite; image recovery/fallback required,not restored,/resources/blog/why-do-i-need-a-family-lawyer-in-nigeria,no,no,no,why-do-i-need-a-family-lawyer-in-nigeria,not approved,,excluded while hidden,pending,pending lawyer review,source body not present in Phase 5C prepared drafts; SEO title requires RankMath/source preservation or rewrite; meta description requires RankMath/source preservation or rewrite; image recovery/fallback required
750,,https://chamanlawfirm.com/the-land-use-act-relate-to-land-conflicts/,the-land-use-act-relate-to-land-conflicts,The Land Use Act Relate To Land Conflicts,,,,,9,1514,source body not present in Phase 5C prepared drafts; SEO title requires RankMath/source preservation or rewrite; meta description requires RankMath/source preservation or rewrite; image recovery/fallback required,not restored,/resources/blog/the-land-use-act-relate-to-land-conflicts,no,no,no,the-land-use-act-relate-to-land-conflicts,not approved,,excluded while hidden,pending,pending lawyer review,source body not present in Phase 5C prepared drafts; SEO title requires RankMath/source preservation or rewrite; meta description requires RankMath/source preservation or rewrite; image recovery/fallback required
751,,https://chamanlawfirm.com/consumer-contracts-and-guarantee/,consumer-contracts-and-guarantee,Consumer Contracts And Guarantee,,,,,9,1464,source body not present in Phase 5C prepared drafts; SEO title requires RankMath/source preservation or rewrite; meta description requires RankMath/source preservation or rewrite; image recovery/fallback required,not restored,/resources/blog/consumer-contracts-and-guarantee,no,no,no,consumer-contracts-and-guarantee,not approved,,excluded while hidden,pending,pending lawyer review,source body not present in Phase 5C prepared drafts; SEO title requires RankMath/source preservation or rewrite; meta description requires RankMath/source preservation or rewrite; image recovery/fallback required
752,,https://chamanlawfirm.com/mastering-nigerian-company-law-essentialstep/,mastering-nigerian-company-law-essentialstep,Mastering Nigerian Company Law Essentialstep,,,,,9,1443,source body not present in Phase 5C prepared drafts; SEO title requires RankMath/source preservation or rewrite; meta description requires RankMath/source preservation or rewrite; image recovery/fallback required,not restored,/resources/blog/mastering-nigerian-company-law-essentialstep,no,no,no,mastering-nigerian-company-law-essentialstep,not approved,,excluded while hidden,pending,pending lawyer review,source body not present in Phase 5C prepared drafts; SEO title requires RankMath/source preservation or rewrite; meta description requires RankMath/source preservation or rewrite; image recovery/fallback required
753,,https://chamanlawfirm.com/multi-national-franchises-in-nigeria/,multi-national-franchises-in-nigeria,Multi National Franchises In Nigeria,,,,,9,1355,source body not present in Phase 5C prepared drafts; SEO title requires RankMath/source preservation or rewrite; meta description requires RankMath/source preservation or rewrite; image recovery/fallback required,not restored,/resources/blog/multi-national-franchises-in-nigeria,no,no,no,multi-national-franchises-in-nigeria,not approved,,excluded while hidden,pending,pending lawyer review,source body not present in Phase 5C prepared drafts; SEO title requires RankMath/source preservation or rewrite; meta description requires RankMath/source preservation or rewrite; image recovery/fallback required
754,,https://chamanlawfirm.com/letter-of-administration-vs-grant-of-probate/,letter-of-administration-vs-grant-of-probate,Letter Of Administration Vs Grant Of Probate,,,,,9,1329,source body not present in Phase 5C prepared drafts; SEO title requires RankMath/source preservation or rewrite; meta description requires RankMath/source preservation or rewrite; image recovery/fallback required,not restored,/resources/blog/letter-of-administration-vs-grant-of-probate,no,no,no,letter-of-administration-vs-grant-of-probate,not approved,,excluded while hidden,pending,pending lawyer review,source body not present in Phase 5C prepared drafts; SEO title requires RankMath/source preservation or rewrite; meta description requires RankMath/source preservation or rewrite; image recovery/fallback required
755,,https://chamanlawfirm.com/how-does-the-land-use-act-influence-real-estate-development/,how-does-the-land-use-act-influence-real-estate-development,How Does The Land Use Act Influence Real Estate Development,,,,,9,1310,source body not present in Phase 5C prepared drafts; SEO title requires RankMath/source preservation or rewrite; meta description requires RankMath/source preservation or rewrite; image recovery/fallback required,not restored,/resources/blog/how-does-the-land-use-act-influence-real-estate-development,no,no,no,how-does-the-land-use-act-influence-real-estate-development,not approved,,excluded while hidden,pending,pending lawyer review,source body not present in Phase 5C prepared drafts; SEO title requires RankMath/source preservation or rewrite; meta description requires RankMath/source preservation or rewrite; image recovery/fallback required
756,,https://chamanlawfirm.com/when-can-an-arrest-be-validly-made/,when-can-an-arrest-be-validly-made,When Can An Arrest Be Validly Made,,,,,9,1290,source body not present in Phase 5C prepared drafts; SEO title requires RankMath/source preservation or rewrite; meta description requires RankMath/source preservation or rewrite; image recovery/fallback required,not restored,/resources/blog/when-can-an-arrest-be-validly-made,no,no,no,when-can-an-arrest-be-validly-made,not approved,,excluded while hidden,pending,pending lawyer review,source body not present in Phase 5C prepared drafts; SEO title requires RankMath/source preservation or rewrite; meta description requires RankMath/source preservation or rewrite; image recovery/fallback required
757,,https://chamanlawfirm.com/safety-standard-in-nigeria-construction/,safety-standard-in-nigeria-construction,Safety Standard In Nigeria Construction,,,,,9,1220,source body not present in Phase 5C prepared drafts; SEO title requires RankMath/source preservation or rewrite; meta description requires RankMath/source preservation or rewrite; image recovery/fallback required,not restored,/resources/blog/safety-standard-in-nigeria-construction,no,no,no,safety-standard-in-nigeria-construction,not approved,,excluded while hidden,pending,pending lawyer review,source body not present in Phase 5C prepared drafts; SEO title requires RankMath/source preservation or rewrite; meta description requires RankMath/source preservation or rewrite; image recovery/fallback required
758,,https://chamanlawfirm.com/company-registration-in-nigeria/,company-registration-in-nigeria,Company Registration In Nigeria,,,,,9,1123,source body not present in Phase 5C prepared drafts; SEO title requires RankMath/source preservation or rewrite; meta description requires RankMath/source preservation or rewrite; image recovery/fallback required,not restored,/resources/blog/company-registration-in-nigeria,no,no,no,company-registration-in-nigeria,not approved,,excluded while hidden,pending,pending lawyer review,source body not present in Phase 5C prepared drafts; SEO title requires RankMath/source preservation or rewrite; meta description requires RankMath/source preservation or rewrite; image recovery/fallback required
759,,https://chamanlawfirm.com/public-infrastructure-projects-in-nigeria/,public-infrastructure-projects-in-nigeria,Public Infrastructure Projects In Nigeria,,,,,9,1092,source body not present in Phase 5C prepared drafts; SEO title requires RankMath/source preservation or rewrite; meta description requires RankMath/source preservation or rewrite; image recovery/fallback required,not restored,/resources/blog/public-infrastructure-projects-in-nigeria,no,no,no,public-infrastructure-projects-in-nigeria,not approved,,excluded while hidden,pending,pending lawyer review,source body not present in Phase 5C prepared drafts; SEO title requires RankMath/source preservation or rewrite; meta description requires RankMath/source preservation or rewrite; image recovery/fallback required
760,,https://chamanlawfirm.com/land-tenure-systems-coexist-with-statutory-land/,land-tenure-systems-coexist-with-statutory-land,Land Tenure Systems Coexist With Statutory Land,,,,,9,984,source body not present in Phase 5C prepared drafts; SEO title requires RankMath/source preservation or rewrite; meta description requires RankMath/source preservation or rewrite; image recovery/fallback required,not restored,/resources/blog/land-tenure-systems-coexist-with-statutory-land,no,no,no,land-tenure-systems-coexist-with-statutory-land,not approved,,excluded while hidden,pending,pending lawyer review,source body not present in Phase 5C prepared drafts; SEO title requires RankMath/source preservation or rewrite; meta description requires RankMath/source preservation or rewrite; image recovery/fallback required
761,,https://chamanlawfirm.com/effective-legal-framework-for-loan-recovery/,effective-legal-framework-for-loan-recovery,Effective Legal Framework For Loan Recovery,,,,,9,963,source body not present in Phase 5C prepared drafts; SEO title requires RankMath/source preservation or rewrite; meta description requires RankMath/source preservation or rewrite; image recovery/fallback required,not restored,/resources/blog/effective-legal-framework-for-loan-recovery,no,no,no,effective-legal-framework-for-loan-recovery,not approved,,excluded while hidden,pending,pending lawyer review,source body not present in Phase 5C prepared drafts; SEO title requires RankMath/source preservation or rewrite; meta description requires RankMath/source preservation or rewrite; image recovery/fallback required
762,,https://chamanlawfirm.com/how-do-la-neighboring-communities-in-nigeria/,how-do-la-neighboring-communities-in-nigeria,How Do La Neighboring Communities In Nigeria,,,,,9,896,source body not present in Phase 5C prepared drafts; SEO title requires RankMath/source preservation or rewrite; meta description requires RankMath/source preservation or rewrite; image recovery/fallback required,not restored,/resources/blog/how-do-la-neighboring-communities-in-nigeria,no,no,no,how-do-la-neighboring-communities-in-nigeria,not approved,,excluded while hidden,pending,pending lawyer review,source body not present in Phase 5C prepared drafts; SEO title requires RankMath/source preservation or rewrite; meta description requires RankMath/source preservation or rewrite; image recovery/fallback required
763,,https://chamanlawfirm.com/the-cyber-crime-investigation-procedure/,the-cyber-crime-investigation-procedure,The Cyber Crime Investigation Procedure,,,,,9,861,source body not present in Phase 5C prepared drafts; SEO title requires RankMath/source preservation or rewrite; meta description requires RankMath/source preservation or rewrite; image recovery/fallback required,not restored,/resources/blog/the-cyber-crime-investigation-procedure,no,no,no,the-cyber-crime-investigation-procedure,not approved,,excluded while hidden,pending,pending lawyer review,source body not present in Phase 5C prepared drafts; SEO title requires RankMath/source preservation or rewrite; meta description requires RankMath/source preservation or rewrite; image recovery/fallback required
764,,https://chamanlawfirm.com/aim-to-improve-land-titles-and-ownership/,aim-to-improve-land-titles-and-ownership,Aim To Improve Land Titles And Ownership,,,,,9,833,source body not present in Phase 5C prepared drafts; SEO title requires RankMath/source preservation or rewrite; meta description requires RankMath/source preservation or rewrite; image recovery/fallback required,not restored,/resources/blog/aim-to-improve-land-titles-and-ownership,no,no,no,aim-to-improve-land-titles-and-ownership,not approved,,excluded while hidden,pending,pending lawyer review,source body not present in Phase 5C prepared drafts; SEO title requires RankMath/source preservation or rewrite; meta description requires RankMath/source preservation or rewrite; image recovery/fallback required
765,,https://chamanlawfirm.com/investigating-title-in-property-transaction/,investigating-title-in-property-transaction,Investigating Title In Property Transaction,,,,,9,832,source body not present in Phase 5C prepared drafts; SEO title requires RankMath/source preservation or rewrite; meta description requires RankMath/source preservation or rewrite; image recovery/fallback required,not restored,/resources/blog/investigating-title-in-property-transaction,no,no,no,investigating-title-in-property-transaction,not approved,,excluded while hidden,pending,pending lawyer review,source body not present in Phase 5C prepared drafts; SEO title requires RankMath/source preservation or rewrite; meta description requires RankMath/source preservation or rewrite; image recovery/fallback required
766,,https://chamanlawfirm.com/challenging-forged-property-documents-in-lagos/,challenging-forged-property-documents-in-lagos,Challenging Forged Property Documents In Lagos,,,,,9,725,source body not present in Phase 5C prepared drafts; SEO title requires RankMath/source preservation or rewrite; meta description requires RankMath/source preservation or rewrite; image recovery/fallback required,not restored,/resources/blog/challenging-forged-property-documents-in-lagos,no,no,no,challenging-forged-property-documents-in-lagos,not approved,,excluded while hidden,pending,pending lawyer review,source body not present in Phase 5C prepared drafts; SEO title requires RankMath/source preservation or rewrite; meta description requires RankMath/source preservation or rewrite; image recovery/fallback required
767,,https://chamanlawfirm.com/child-education-and-religious-upbringing/,child-education-and-religious-upbringing,Child Education And Religious Upbringing,,,,,9,694,source body not present in Phase 5C prepared drafts; SEO title requires RankMath/source preservation or rewrite; meta description requires RankMath/source preservation or rewrite; image recovery/fallback required,not restored,/resources/blog/child-education-and-religious-upbringing,no,no,no,child-education-and-religious-upbringing,not approved,,excluded while hidden,pending,pending lawyer review,source body not present in Phase 5C prepared drafts; SEO title requires RankMath/source preservation or rewrite; meta description requires RankMath/source preservation or rewrite; image recovery/fallback required
768,,https://chamanlawfirm.com/process-probate-in-ogun-state-chaman-law-firm/,process-probate-in-ogun-state-chaman-law-firm,Process Probate In Ogun State Chaman Law Firm,,,,,9,643,source body not present in Phase 5C prepared drafts; SEO title requires RankMath/source preservation or rewrite; meta description requires RankMath/source preservation or rewrite; image recovery/fallback required,not restored,/resources/blog/process-probate-in-ogun-state-chaman-law-firm,no,no,no,process-probate-in-ogun-state-chaman-law-firm,not approved,,excluded while hidden,pending,pending lawyer review,source body not present in Phase 5C prepared drafts; SEO title requires RankMath/source preservation or rewrite; meta description requires RankMath/source preservation or rewrite; image recovery/fallback required
769,,https://chamanlawfirm.com/northern-infrastructure-projects/,northern-infrastructure-projects,Northern Infrastructure Projects,,,,,9,612,source body not present in Phase 5C prepared drafts; SEO title requires RankMath/source preservation or rewrite; meta description requires RankMath/source preservation or rewrite; image recovery/fallback required,not restored,/resources/blog/northern-infrastructure-projects,no,no,no,northern-infrastructure-projects,not approved,,excluded while hidden,pending,pending lawyer review,source body not present in Phase 5C prepared drafts; SEO title requires RankMath/source preservation or rewrite; meta description requires RankMath/source preservation or rewrite; image recovery/fallback required
770,,https://chamanlawfirm.com/crucial-role-of-insolvency-practitioners/,crucial-role-of-insolvency-practitioners,Crucial Role Of Insolvency Practitioners,,,,,9,599,source body not present in Phase 5C prepared drafts; SEO title requires RankMath/source preservation or rewrite; meta description requires RankMath/source preservation or rewrite; image recovery/fallback required; redirect planning only; do not publish as article without equivalent content,not restored,https://chamanlawfirm.com/crucial-role-of-insolvency-practitioners/,no,no,no,crucial-role-of-insolvency-practitioners,not approved,,excluded while hidden,pending,not required unless revived,source body not present in Phase 5C prepared drafts; SEO title requires RankMath/source preservation or rewrite; meta description requires RankMath/source preservation or rewrite; image recovery/fallback required; redirect planning only; do not publish as article without equivalent content
771,,https://chamanlawfirm.com/newblogpost-zjg4hvhow-to-obtain-a-business-permit-in-nigeria/,newblogpost-zjg4hvhow-to-obtain-a-business-permit-in-nigeria,Newblogpost Zjg4hvhow To Obtain A Business Permit In Nigeria,,,,,9,557,source body not present in Phase 5C prepared drafts; SEO title requires RankMath/source preservation or rewrite; meta description requires RankMath/source preservation or rewrite; image recovery/fallback required,not restored,/resources/blog/newblogpost-zjg4hvhow-to-obtain-a-business-permit-in-nigeria,no,no,no,newblogpost-zjg4hvhow-to-obtain-a-business-permit-in-nigeria,not approved,,excluded while hidden,pending,pending lawyer review,source body not present in Phase 5C prepared drafts; SEO title requires RankMath/source preservation or rewrite; meta description requires RankMath/source preservation or rewrite; image recovery/fallback required
772,,https://chamanlawfirm.com/how-long-does-a-title-search-take-in-nigeria/,how-long-does-a-title-search-take-in-nigeria,How Long Does A Title Search Take In Nigeria,,,,,9,435,source body not present in Phase 5C prepared drafts; SEO title requires RankMath/source preservation or rewrite; meta description requires RankMath/source preservation or rewrite; image recovery/fallback required,not restored,/resources/blog/how-long-does-a-title-search-take-in-nigeria,no,no,no,how-long-does-a-title-search-take-in-nigeria,not approved,,excluded while hidden,pending,pending lawyer review,source body not present in Phase 5C prepared drafts; SEO title requires RankMath/source preservation or rewrite; meta description requires RankMath/source preservation or rewrite; image recovery/fallback required
773,,https://chamanlawfirm.com/how-to-get-a-judgment-enforced-in-nigeria/,how-to-get-a-judgment-enforced-in-nigeria,How To Get A Judgment Enforced In Nigeria,,,,,9,403,source body not present in Phase 5C prepared drafts; SEO title requires RankMath/source preservation or rewrite; meta description requires RankMath/source preservation or rewrite; image recovery/fallback required,not restored,/resources/blog/how-to-get-a-judgment-enforced-in-nigeria,no,no,no,how-to-get-a-judgment-enforced-in-nigeria,not approved,,excluded while hidden,pending,not required unless revived,source body not present in Phase 5C prepared drafts; SEO title requires RankMath/source preservation or rewrite; meta description requires RankMath/source preservation or rewrite; image recovery/fallback required
774,,https://www.chamanlawfirm.com/types-of-tenant-in-nigeria/,types-of-tenant-in-nigeria,TYPES OF TENANT IN NIGERIA,TYPES OF TENANT IN NIGERIA,"TYPES OF TENANT IN NIGERIA, Depending on the purpose, duration, and method of establishment, tenancies can be of different types...",,,9,317,image recovery/fallback required; redirect planning only; do not publish as article without equivalent content,public article live/eligible,https://chamanlawfirm.com/types-of-tenant-in-nigeria/,yes,no,no,types-of-tenant-in-nigeria,approved,https://chamanlawfirm.com/resources/blog/types-of-tenant-in-nigeria,eligible after deployment/revalidation,pending,not required unless revived,image recovery/fallback required; redirect planning only; do not publish as article without equivalent content
775,,https://chamanlawfirm.com/how-can-issues-of-land-fraud-and-illegal-land-transactions-be-addressed-in-nigeria/,how-can-issues-of-land-fraud-and-illegal-land-transactions-be-addressed-in-nigeria,How Can Issues Of Land Fraud And Illegal Land Transactions Be Addressed In Nigeria,,,,,9,284,source body not present in Phase 5C prepared drafts; SEO title requires RankMath/source preservation or rewrite; meta description requires RankMath/source preservation or rewrite; image recovery/fallback required,not restored,/resources/blog/how-can-issues-of-land-fraud-and-illegal-land-transactions-be-addressed-in-nigeria,no,no,no,how-can-issues-of-land-fraud-and-illegal-land-transactions-be-addressed-in-nigeria,not approved,,excluded while hidden,pending,pending lawyer review,source body not present in Phase 5C prepared drafts; SEO title requires RankMath/source preservation or rewrite; meta description requires RankMath/source preservation or rewrite; image recovery/fallback required
776,,https://chamanlawfirm.com/how-to-register-a-company-in-nigeria-2024/,how-to-register-a-company-in-nigeria-2024,How To Register A Company In Nigeria 2024,,,,,8,8378,source body not present in Phase 5C prepared drafts; SEO title requires RankMath/source preservation or rewrite; meta description requires RankMath/source preservation or rewrite; image recovery/fallback required,not restored,/resources/blog/how-to-register-a-company-in-nigeria-2024,no,no,no,how-to-register-a-company-in-nigeria-2024,not approved,,excluded while hidden,pending,pending lawyer review,source body not present in Phase 5C prepared drafts; SEO title requires RankMath/source preservation or rewrite; meta description requires RankMath/source preservation or rewrite; image recovery/fallback required
777,,https://chamanlawfirm.com/duties-of-company-board-of-directors/,duties-of-company-board-of-directors,Duties Of Company Board Of Directors,,,,,8,4177,source body not present in Phase 5C prepared drafts; SEO title requires RankMath/source preservation or rewrite; meta description requires RankMath/source preservation or rewrite; image recovery/fallback required,not restored,/resources/blog/duties-of-company-board-of-directors,no,no,no,duties-of-company-board-of-directors,not approved,,excluded while hidden,pending,pending lawyer review,source body not present in Phase 5C prepared drafts; SEO title requires RankMath/source preservation or rewrite; meta description requires RankMath/source preservation or rewrite; image recovery/fallback required
778,,https://chamanlawfirm.com/international-business-legal-considerations/,international-business-legal-considerations,International Business Legal Considerations,,,,,8,2843,source body not present in Phase 5C prepared drafts; SEO title requires RankMath/source preservation or rewrite; meta description requires RankMath/source preservation or rewrite; image recovery/fallback required,not restored,/resources/blog/international-business-legal-considerations,no,no,no,international-business-legal-considerations,not approved,,excluded while hidden,pending,pending lawyer review,source body not present in Phase 5C prepared drafts; SEO title requires RankMath/source preservation or rewrite; meta description requires RankMath/source preservation or rewrite; image recovery/fallback required
779,61021,https://chamanlawfirm.com/rights-of-tenants-in-ogun-chaman-law-firm/#elementor-toc__heading-anchor-0,rights-of-tenants-in-ogun-chaman-law-firm,What Are the Rights of Tenants in Ogun State?,Powerful Steps: Rights of Tenants in Ogun / Chaman Law Firm,Rights of Tenants in Ogun - Learn the legal protections to help tenants understand their rights and avoid common disputes with landlords.,,,8,2718,GSC Pages export and Sprint 10C inventory,hidden Sanity draft,https://chamanlawfirm.com/rights-of-tenants-in-ogun-chaman-law-firm/,yes,no,yes,rights-of-tenants-in-ogun-chaman-law-firm,not approved,,excluded while hidden,pending,not required unless revived,image recovery/fallback required; redirect planning only; do not publish as article without equivalent content
780,,https://chamanlawfirm.com/how-do-i-process-probate-for-an-estate/,how-do-i-process-probate-for-an-estate,How Do I Process Probate For An Estate,,,,,8,2397,source body not present in Phase 5C prepared drafts; SEO title requires RankMath/source preservation or rewrite; meta description requires RankMath/source preservation or rewrite; image recovery/fallback required,not restored,/resources/blog/how-do-i-process-probate-for-an-estate,no,no,no,how-do-i-process-probate-for-an-estate,not approved,,excluded while hidden,pending,pending lawyer review,source body not present in Phase 5C prepared drafts; SEO title requires RankMath/source preservation or rewrite; meta description requires RankMath/source preservation or rewrite; image recovery/fallback required
781,,https://chamanlawfirm.com/overview-of-laws-governing/,overview-of-laws-governing,Overview Of Laws Governing,,,,,8,2123,source body not present in Phase 5C prepared drafts; SEO title requires RankMath/source preservation or rewrite; meta description requires RankMath/source preservation or rewrite; image recovery/fallback required,not restored,/resources/blog/overview-of-laws-governing,no,no,no,overview-of-laws-governing,not approved,,excluded while hidden,pending,pending lawyer review,source body not present in Phase 5C prepared drafts; SEO title requires RankMath/source preservation or rewrite; meta description requires RankMath/source preservation or rewrite; image recovery/fallback required
782,,https://chamanlawfirm.com/10-proven-insights-into-tenancy-law-in-lago/,10-proven-insights-into-tenancy-law-in-lago,10 Proven Insights Into Tenancy Law In Lago,,,,,8,2058,source body not present in Phase 5C prepared drafts; SEO title requires RankMath/source preservation or rewrite; meta description requires RankMath/source preservation or rewrite; image recovery/fallback required,not restored,/resources/blog/10-proven-insights-into-tenancy-law-in-lago,no,no,no,10-proven-insights-into-tenancy-law-in-lago,not approved,,excluded while hidden,pending,pending lawyer review,source body not present in Phase 5C prepared drafts; SEO title requires RankMath/source preservation or rewrite; meta description requires RankMath/source preservation or rewrite; image recovery/fallback required
783,,https://chamanlawfirm.com/termination-of-construction-contracts/,termination-of-construction-contracts,Termination Of Construction Contracts,,,,,8,1882,source body not present in Phase 5C prepared drafts; SEO title requires RankMath/source preservation or rewrite; meta description requires RankMath/source preservation or rewrite; image recovery/fallback required,not restored,/resources/blog/termination-of-construction-contracts,no,no,no,termination-of-construction-contracts,not approved,,excluded while hidden,pending,pending lawyer review,source body not present in Phase 5C prepared drafts; SEO title requires RankMath/source preservation or rewrite; meta description requires RankMath/source preservation or rewrite; image recovery/fallback required
784,,https://chamanlawfirm.com/legal-compliance-issues-facing-e-commerce/,legal-compliance-issues-facing-e-commerce,Legal Compliance Issues Facing E Commerce,,,,,8,1881,source body not present in Phase 5C prepared drafts; SEO title requires RankMath/source preservation or rewrite; meta description requires RankMath/source preservation or rewrite; image recovery/fallback required; redirect planning only; do not publish as article without equivalent content,not restored,https://chamanlawfirm.com/legal-compliance-issues-facing-e-commerce/,no,no,no,legal-compliance-issues-facing-e-commerce,not approved,,excluded while hidden,pending,not required unless revived,source body not present in Phase 5C prepared drafts; SEO title requires RankMath/source preservation or rewrite; meta description requires RankMath/source preservation or rewrite; image recovery/fallback required; redirect planning only; do not publish as article without equivalent content
785,,https://chamanlawfirm.com/steps-on-how-to-company-in-nigeria/,steps-on-how-to-company-in-nigeria,Steps On How To Company In Nigeria,,,,,8,1835,source body not present in Phase 5C prepared drafts; SEO title requires RankMath/source preservation or rewrite; meta description requires RankMath/source preservation or rewrite; image recovery/fallback required,not restored,/resources/blog/steps-on-how-to-company-in-nigeria,no,no,no,steps-on-how-to-company-in-nigeria,not approved,,excluded while hidden,pending,pending lawyer review,source body not present in Phase 5C prepared drafts; SEO title requires RankMath/source preservation or rewrite; meta description requires RankMath/source preservation or rewrite; image recovery/fallback required
786,,https://chamanlawfirm.com/foreigners-visa-challenges-in-nigeria/,foreigners-visa-challenges-in-nigeria,Foreigners Visa Challenges In Nigeria,,,,,8,1721,source body not present in Phase 5C prepared drafts; SEO title requires RankMath/source preservation or rewrite; meta description requires RankMath/source preservation or rewrite; image recovery/fallback required,not restored,/resources/blog/foreigners-visa-challenges-in-nigeria,no,no,no,foreigners-visa-challenges-in-nigeria,not approved,,excluded while hidden,pending,pending lawyer review,source body not present in Phase 5C prepared drafts; SEO title requires RankMath/source preservation or rewrite; meta description requires RankMath/source preservation or rewrite; image recovery/fallback required
787,,https://chamanlawfirm.com/compliance-with-debt-recovery-regulations/,compliance-with-debt-recovery-regulations,Compliance With Debt Recovery Regulations,,,,,8,1638,source body not present in Phase 5C prepared drafts; SEO title requires RankMath/source preservation or rewrite; meta description requires RankMath/source preservation or rewrite; image recovery/fallback required,not restored,/resources/blog/compliance-with-debt-recovery-regulations,no,no,no,compliance-with-debt-recovery-regulations,not approved,,excluded while hidden,pending,pending lawyer review,source body not present in Phase 5C prepared drafts; SEO title requires RankMath/source preservation or rewrite; meta description requires RankMath/source preservation or rewrite; image recovery/fallback required
788,,https://chamanlawfirm.com/due-diligence-in-real-estate-transaction/,due-diligence-in-real-estate-transaction,Due Diligence In Real Estate Transaction,,,,,8,1576,source body not present in Phase 5C prepared drafts; SEO title requires RankMath/source preservation or rewrite; meta description requires RankMath/source preservation or rewrite; image recovery/fallback required,not restored,/resources/blog/due-diligence-in-real-estate-transaction,no,no,no,due-diligence-in-real-estate-transaction,not approved,,excluded while hidden,pending,pending lawyer review,source body not present in Phase 5C prepared drafts; SEO title requires RankMath/source preservation or rewrite; meta description requires RankMath/source preservation or rewrite; image recovery/fallback required
789,,https://chamanlawfirm.com/invest-in-land-banking-or-developed-estates/,invest-in-land-banking-or-developed-estates,Invest In Land Banking Or Developed Estates,,,,,8,1533,source body not present in Phase 5C prepared drafts; SEO title requires RankMath/source preservation or rewrite; meta description requires RankMath/source preservation or rewrite; image recovery/fallback required,not restored,/resources/blog/invest-in-land-banking-or-developed-estates,no,no,no,invest-in-land-banking-or-developed-estates,not approved,,excluded while hidden,pending,pending lawyer review,source body not present in Phase 5C prepared drafts; SEO title requires RankMath/source preservation or rewrite; meta description requires RankMath/source preservation or rewrite; image recovery/fallback required
790,,https://chamanlawfirm.com/key-differences-explained-deeds-chaman-law-firm/,key-differences-explained-deeds-chaman-law-firm,Key Differences Explained Deeds Chaman Law Firm,,,,,8,1513,source body not present in Phase 5C prepared drafts; SEO title requires RankMath/source preservation or rewrite; meta description requires RankMath/source preservation or rewrite; image recovery/fallback required,not restored,/resources/blog/key-differences-explained-deeds-chaman-law-firm,no,no,no,key-differences-explained-deeds-chaman-law-firm,not approved,,excluded while hidden,pending,pending lawyer review,source body not present in Phase 5C prepared drafts; SEO title requires RankMath/source preservation or rewrite; meta description requires RankMath/source preservation or rewrite; image recovery/fallback required
791,,https://chamanlawfirm.com/the-role-of-lawyers-in-debt-recovery-5-keys/,the-role-of-lawyers-in-debt-recovery-5-keys,The Role Of Lawyers In Debt Recovery 5 Keys,,,,,8,1510,source body not present in Phase 5C prepared drafts; SEO title requires RankMath/source preservation or rewrite; meta description requires RankMath/source preservation or rewrite; image recovery/fallback required,not restored,/resources/blog/the-role-of-lawyers-in-debt-recovery-5-keys,no,no,no,the-role-of-lawyers-in-debt-recovery-5-keys,not approved,,excluded while hidden,pending,pending lawyer review,source body not present in Phase 5C prepared drafts; SEO title requires RankMath/source preservation or rewrite; meta description requires RankMath/source preservation or rewrite; image recovery/fallback required
792,,https://chamanlawfirm.com/intellectual-property-in-franchise-operations/,intellectual-property-in-franchise-operations,Intellectual Property In Franchise Operations,,,,,8,1483,source body not present in Phase 5C prepared drafts; SEO title requires RankMath/source preservation or rewrite; meta description requires RankMath/source preservation or rewrite; image recovery/fallback required,not restored,/resources/blog/intellectual-property-in-franchise-operations,no,no,no,intellectual-property-in-franchise-operations,not approved,,excluded while hidden,pending,pending lawyer review,source body not present in Phase 5C prepared drafts; SEO title requires RankMath/source preservation or rewrite; meta description requires RankMath/source preservation or rewrite; image recovery/fallback required
793,,https://chamanlawfirm.com/powerful-step-buying-family-land-in-lagos/,powerful-step-buying-family-land-in-lagos,Powerful Step Buying Family Land In Lagos,,,,,8,1479,source body not present in Phase 5C prepared drafts; SEO title requires RankMath/source preservation or rewrite; meta description requires RankMath/source preservation or rewrite; image recovery/fallback required,not restored,/resources/blog/powerful-step-buying-family-land-in-lagos,no,no,no,powerful-step-buying-family-land-in-lagos,not approved,,excluded while hidden,pending,pending lawyer review,source body not present in Phase 5C prepared drafts; SEO title requires RankMath/source preservation or rewrite; meta description requires RankMath/source preservation or rewrite; image recovery/fallback required
794,,https://chamanlawfirm.com/confirm-if-an-estate-developer-is-genuine/,confirm-if-an-estate-developer-is-genuine,Confirm If An Estate Developer Is Genuine,,,,,8,1429,source body not present in Phase 5C prepared drafts; SEO title requires RankMath/source preservation or rewrite; meta description requires RankMath/source preservation or rewrite; image recovery/fallback required,not restored,/resources/blog/confirm-if-an-estate-developer-is-genuine,no,no,no,confirm-if-an-estate-developer-is-genuine,not approved,,excluded while hidden,pending,pending lawyer review,source body not present in Phase 5C prepared drafts; SEO title requires RankMath/source preservation or rewrite; meta description requires RankMath/source preservation or rewrite; image recovery/fallback required
795,,https://chamanlawfirm.com/the-role-of-real-estate-investment-trusts/,the-role-of-real-estate-investment-trusts,The Role Of Real Estate Investment Trusts,,,,,8,1392,source body not present in Phase 5C prepared drafts; SEO title requires RankMath/source preservation or rewrite; meta description requires RankMath/source preservation or rewrite; image recovery/fallback required; property/off-brand signal requires exclusion review,not restored,/resources/blog/the-role-of-real-estate-investment-trusts,no,no,no,the-role-of-real-estate-investment-trusts,not approved,,excluded while hidden,pending,not required unless revived,source body not present in Phase 5C prepared drafts; SEO title requires RankMath/source preservation or rewrite; meta description requires RankMath/source preservation or rewrite; image recovery/fallback required; property/off-brand signal requires exclusion review
796,,https://chamanlawfirm.com/venture-capital-in-nigeria/,venture-capital-in-nigeria,Venture Capital In Nigeria,,,,,8,1388,source body not present in Phase 5C prepared drafts; SEO title requires RankMath/source preservation or rewrite; meta description requires RankMath/source preservation or rewrite; image recovery/fallback required,not restored,/resources/blog/venture-capital-in-nigeria,no,no,no,venture-capital-in-nigeria,not approved,,excluded while hidden,pending,pending lawyer review,source body not present in Phase 5C prepared drafts; SEO title requires RankMath/source preservation or rewrite; meta description requires RankMath/source preservation or rewrite; image recovery/fallback required
797,,https://chamanlawfirm.com/requirements-for-a-broker-dealer-in-nigeria/,requirements-for-a-broker-dealer-in-nigeria,Requirements For A Broker Dealer In Nigeria,,,,,8,1333,source body not present in Phase 5C prepared drafts; SEO title requires RankMath/source preservation or rewrite; meta description requires RankMath/source preservation or rewrite; image recovery/fallback required,not restored,/resources/blog/requirements-for-a-broker-dealer-in-nigeria,no,no,no,requirements-for-a-broker-dealer-in-nigeria,not approved,,excluded while hidden,pending,pending lawyer review,source body not present in Phase 5C prepared drafts; SEO title requires RankMath/source preservation or rewrite; meta description requires RankMath/source preservation or rewrite; image recovery/fallback required
798,,https://chamanlawfirm.com/5-ways-to-avoid-property-scam-in-nigeria/,5-ways-to-avoid-property-scam-in-nigeria,5 Ways To Avoid Property Scam In Nigeria,,,,,8,1325,source body not present in Phase 5C prepared drafts; SEO title requires RankMath/source preservation or rewrite; meta description requires RankMath/source preservation or rewrite; image recovery/fallback required,not restored,/resources/blog/5-ways-to-avoid-property-scam-in-nigeria,no,no,no,5-ways-to-avoid-property-scam-in-nigeria,not approved,,excluded while hidden,pending,pending lawyer review,source body not present in Phase 5C prepared drafts; SEO title requires RankMath/source preservation or rewrite; meta description requires RankMath/source preservation or rewrite; image recovery/fallback required
799,,https://chamanlawfirm.com/how-to-apply-for-building-permit-in-nigeria/,how-to-apply-for-building-permit-in-nigeria,How To Apply For Building Permit In Nigeria,,,,,8,1197,source body not present in Phase 5C prepared drafts; SEO title requires RankMath/source preservation or rewrite; meta description requires RankMath/source preservation or rewrite; image recovery/fallback required,not restored,/resources/blog/how-to-apply-for-building-permit-in-nigeria,no,no,no,how-to-apply-for-building-permit-in-nigeria,not approved,,excluded while hidden,pending,pending lawyer review,source body not present in Phase 5C prepared drafts; SEO title requires RankMath/source preservation or rewrite; meta description requires RankMath/source preservation or rewrite; image recovery/fallback required
800,,https://chamanlawfirm.com/disputes-arising-from-property-ownership/,disputes-arising-from-property-ownership,Disputes Arising From Property Ownership,,,,,8,1108,source body not present in Phase 5C prepared drafts; SEO title requires RankMath/source preservation or rewrite; meta description requires RankMath/source preservation or rewrite; image recovery/fallback required,not restored,/resources/blog/disputes-arising-from-property-ownership,no,no,no,disputes-arising-from-property-ownership,not approved,,excluded while hidden,pending,pending lawyer review,source body not present in Phase 5C prepared drafts; SEO title requires RankMath/source preservation or rewrite; meta description requires RankMath/source preservation or rewrite; image recovery/fallback required
801,,https://chamanlawfirm.com/cross-border-transactions-in-nigeria/,cross-border-transactions-in-nigeria,Cross Border Transactions In Nigeria,,,,,8,1020,source body not present in Phase 5C prepared drafts; SEO title requires RankMath/source preservation or rewrite; meta description requires RankMath/source preservation or rewrite; image recovery/fallback required,not restored,/resources/blog/cross-border-transactions-in-nigeria,no,no,no,cross-border-transactions-in-nigeria,not approved,,excluded while hidden,pending,pending lawyer review,source body not present in Phase 5C prepared drafts; SEO title requires RankMath/source preservation or rewrite; meta description requires RankMath/source preservation or rewrite; image recovery/fallback required
802,,https://chamanlawfirm.com/what-is-unfair-competition-in-business/,what-is-unfair-competition-in-business,What Is Unfair Competition In Business,,,,,8,1018,source body not present in Phase 5C prepared drafts; SEO title requires RankMath/source preservation or rewrite; meta description requires RankMath/source preservation or rewrite; image recovery/fallback required,not restored,/resources/blog/what-is-unfair-competition-in-business,no,no,no,what-is-unfair-competition-in-business,not approved,,excluded while hidden,pending,pending lawyer review,source body not present in Phase 5C prepared drafts; SEO title requires RankMath/source preservation or rewrite; meta description requires RankMath/source preservation or rewrite; image recovery/fallback required
803,,https://chamanlawfirm.com/corporate-fraud-and-mismanagement/,corporate-fraud-and-mismanagement,Corporate Fraud And Mismanagement,,,,,8,1017,source body not present in Phase 5C prepared drafts; SEO title requires RankMath/source preservation or rewrite; meta description requires RankMath/source preservation or rewrite; image recovery/fallback required,not restored,/resources/blog/corporate-fraud-and-mismanagement,no,no,no,corporate-fraud-and-mismanagement,not approved,,excluded while hidden,pending,pending lawyer review,source body not present in Phase 5C prepared drafts; SEO title requires RankMath/source preservation or rewrite; meta description requires RankMath/source preservation or rewrite; image recovery/fallback required
804,,https://chamanlawfirm.com/environmental-law-and-corporate/,environmental-law-and-corporate,Environmental Law And Corporate,,,,,8,960,source body not present in Phase 5C prepared drafts; SEO title requires RankMath/source preservation or rewrite; meta description requires RankMath/source preservation or rewrite; image recovery/fallback required,not restored,/resources/blog/environmental-law-and-corporate,no,no,no,environmental-law-and-corporate,not approved,,excluded while hidden,pending,pending lawyer review,source body not present in Phase 5C prepared drafts; SEO title requires RankMath/source preservation or rewrite; meta description requires RankMath/source preservation or rewrite; image recovery/fallback required
805,,https://chamanlawfirm.com/corporate-governance-failures-on-debt/,corporate-governance-failures-on-debt,Corporate Governance Failures On Debt,,,,,8,942,source body not present in Phase 5C prepared drafts; SEO title requires RankMath/source preservation or rewrite; meta description requires RankMath/source preservation or rewrite; image recovery/fallback required,not restored,/resources/blog/corporate-governance-failures-on-debt,no,no,no,corporate-governance-failures-on-debt,not approved,,excluded while hidden,pending,pending lawyer review,source body not present in Phase 5C prepared drafts; SEO title requires RankMath/source preservation or rewrite; meta description requires RankMath/source preservation or rewrite; image recovery/fallback required
806,,https://chamanlawfirm.com/available-remedies-in-civil-litigation/,available-remedies-in-civil-litigation,Available Remedies In Civil Litigation,,,,,8,907,source body not present in Phase 5C prepared drafts; SEO title requires RankMath/source preservation or rewrite; meta description requires RankMath/source preservation or rewrite; image recovery/fallback required,not restored,/resources/blog/available-remedies-in-civil-litigation,no,no,no,available-remedies-in-civil-litigation,not approved,,excluded while hidden,pending,pending lawyer review,source body not present in Phase 5C prepared drafts; SEO title requires RankMath/source preservation or rewrite; meta description requires RankMath/source preservation or rewrite; image recovery/fallback required
807,,https://chamanlawfirm.com/legal-assistance-for-visa-appeals-5-step/,legal-assistance-for-visa-appeals-5-step,Legal Assistance For Visa Appeals 5 Step,,,,,8,856,source body not present in Phase 5C prepared drafts; SEO title requires RankMath/source preservation or rewrite; meta description requires RankMath/source preservation or rewrite; image recovery/fallback required,not restored,/resources/blog/legal-assistance-for-visa-appeals-5-step,no,no,no,legal-assistance-for-visa-appeals-5-step,not approved,,excluded while hidden,pending,pending lawyer review,source body not present in Phase 5C prepared drafts; SEO title requires RankMath/source preservation or rewrite; meta description requires RankMath/source preservation or rewrite; image recovery/fallback required
808,,https://chamanlawfirm.com/thing-you-need-to-know-about-a-legal-will/,thing-you-need-to-know-about-a-legal-will,Thing You Need To Know About A Legal Will,,,,,8,765,source body not present in Phase 5C prepared drafts; SEO title requires RankMath/source preservation or rewrite; meta description requires RankMath/source preservation or rewrite; image recovery/fallback required,not restored,/resources/blog/thing-you-need-to-know-about-a-legal-will,no,no,no,thing-you-need-to-know-about-a-legal-will,not approved,,excluded while hidden,pending,pending lawyer review,source body not present in Phase 5C prepared drafts; SEO title requires RankMath/source preservation or rewrite; meta description requires RankMath/source preservation or rewrite; image recovery/fallback required
809,,https://chamanlawfirm.com/insurance-in-construction-projects/,insurance-in-construction-projects,Insurance In Construction Projects,,,,,8,729,source body not present in Phase 5C prepared drafts; SEO title requires RankMath/source preservation or rewrite; meta description requires RankMath/source preservation or rewrite; image recovery/fallback required,not restored,/resources/blog/insurance-in-construction-projects,no,no,no,insurance-in-construction-projects,not approved,,excluded while hidden,pending,pending lawyer review,source body not present in Phase 5C prepared drafts; SEO title requires RankMath/source preservation or rewrite; meta description requires RankMath/source preservation or rewrite; image recovery/fallback required
810,,https://chamanlawfirm.com/legal-framework-for-virtual-reality-4-key-n/,legal-framework-for-virtual-reality-4-key-n,Legal Framework For Virtual Reality 4 Key N,,,,,8,710,source body not present in Phase 5C prepared drafts; SEO title requires RankMath/source preservation or rewrite; meta description requires RankMath/source preservation or rewrite; image recovery/fallback required,not restored,/resources/blog/legal-framework-for-virtual-reality-4-key-n,no,no,no,legal-framework-for-virtual-reality-4-key-n,not approved,,excluded while hidden,pending,pending lawyer review,source body not present in Phase 5C prepared drafts; SEO title requires RankMath/source preservation or rewrite; meta description requires RankMath/source preservation or rewrite; image recovery/fallback required
811,,https://chamanlawfirm.com/matrimonial-reliefs-in-nigeria/,matrimonial-reliefs-in-nigeria,Matrimonial Reliefs In Nigeria,,,,,8,644,source body not present in Phase 5C prepared drafts; SEO title requires RankMath/source preservation or rewrite; meta description requires RankMath/source preservation or rewrite; image recovery/fallback required,not restored,/resources/blog/matrimonial-reliefs-in-nigeria,no,no,no,matrimonial-reliefs-in-nigeria,not approved,,excluded while hidden,pending,pending lawyer review,source body not present in Phase 5C prepared drafts; SEO title requires RankMath/source preservation or rewrite; meta description requires RankMath/source preservation or rewrite; image recovery/fallback required
812,,https://chamanlawfirm.com/obtaining-land-titles-in-rural-areas/,obtaining-land-titles-in-rural-areas,Obtaining Land Titles In Rural Areas,,,,,8,528,source body not present in Phase 5C prepared drafts; SEO title requires RankMath/source preservation or rewrite; meta description requires RankMath/source preservation or rewrite; image recovery/fallback required,not restored,/resources/blog/obtaining-land-titles-in-rural-areas,no,no,no,obtaining-land-titles-in-rural-areas,not approved,,excluded while hidden,pending,pending lawyer review,source body not present in Phase 5C prepared drafts; SEO title requires RankMath/source preservation or rewrite; meta description requires RankMath/source preservation or rewrite; image recovery/fallback required
813,,https://chamanlawfirm.com/real-estate-business-plan/,real-estate-business-plan,Real Estate Business Plan,,,,,8,528,source body not present in Phase 5C prepared drafts; SEO title requires RankMath/source preservation or rewrite; meta description requires RankMath/source preservation or rewrite; image recovery/fallback required,not restored,/resources/blog/real-estate-business-plan,no,no,no,real-estate-business-plan,not approved,,excluded while hidden,pending,pending lawyer review,source body not present in Phase 5C prepared drafts; SEO title requires RankMath/source preservation or rewrite; meta description requires RankMath/source preservation or rewrite; image recovery/fallback required
814,,https://chamanlawfirm.com/the-overview-of-pre-trial-conferencing/,the-overview-of-pre-trial-conferencing,The Overview Of Pre Trial Conferencing,,,,,8,507,source body not present in Phase 5C prepared drafts; SEO title requires RankMath/source preservation or rewrite; meta description requires RankMath/source preservation or rewrite; image recovery/fallback required,not restored,/resources/blog/the-overview-of-pre-trial-conferencing,no,no,no,the-overview-of-pre-trial-conferencing,not approved,,excluded while hidden,pending,pending lawyer review,source body not present in Phase 5C prepared drafts; SEO title requires RankMath/source preservation or rewrite; meta description requires RankMath/source preservation or rewrite; image recovery/fallback required
815,,https://chamanlawfirm.com/obtaining-letters-of-administration-in-ogun/,obtaining-letters-of-administration-in-ogun,Obtaining Letters Of Administration In Ogun,,,,,8,498,source body not present in Phase 5C prepared drafts; SEO title requires RankMath/source preservation or rewrite; meta description requires RankMath/source preservation or rewrite; image recovery/fallback required,not restored,/resources/blog/obtaining-letters-of-administration-in-ogun,no,no,no,obtaining-letters-of-administration-in-ogun,not approved,,excluded while hidden,pending,pending lawyer review,source body not present in Phase 5C prepared drafts; SEO title requires RankMath/source preservation or rewrite; meta description requires RankMath/source preservation or rewrite; image recovery/fallback required
816,,https://chamanlawfirm.com/challenges-women-face-in-obtaining-land-titles/,challenges-women-face-in-obtaining-land-titles,Challenges Women Face In Obtaining Land Titles,,,,,8,468,source body not present in Phase 5C prepared drafts; SEO title requires RankMath/source preservation or rewrite; meta description requires RankMath/source preservation or rewrite; image recovery/fallback required,not restored,/resources/blog/challenges-women-face-in-obtaining-land-titles,no,no,no,challenges-women-face-in-obtaining-land-titles,not approved,,excluded while hidden,pending,pending lawyer review,source body not present in Phase 5C prepared drafts; SEO title requires RankMath/source preservation or rewrite; meta description requires RankMath/source preservation or rewrite; image recovery/fallback required
817,,https://chamanlawfirm.com/top-law-firm-blog/,top-law-firm-blog,Top Law Firm Blog,,,,,8,418,source body not present in Phase 5C prepared drafts; SEO title requires RankMath/source preservation or rewrite; meta description requires RankMath/source preservation or rewrite; image recovery/fallback required,not restored,/resources/blog/top-law-firm-blog,no,no,no,top-law-firm-blog,not approved,,excluded while hidden,pending,pending lawyer review,source body not present in Phase 5C prepared drafts; SEO title requires RankMath/source preservation or rewrite; meta description requires RankMath/source preservation or rewrite; image recovery/fallback required
818,,https://chamanlawfirm.com/how-to-prepare-a-deed-of-assignment-in-nigeria/,how-to-prepare-a-deed-of-assignment-in-nigeria,How To Prepare A Deed Of Assignment In Nigeria,,,,,8,411,source body not present in Phase 5C prepared drafts; SEO title requires RankMath/source preservation or rewrite; meta description requires RankMath/source preservation or rewrite; image recovery/fallback required,not restored,/resources/blog/how-to-prepare-a-deed-of-assignment-in-nigeria,no,no,no,how-to-prepare-a-deed-of-assignment-in-nigeria,not approved,,excluded while hidden,pending,pending lawyer review,source body not present in Phase 5C prepared drafts; SEO title requires RankMath/source preservation or rewrite; meta description requires RankMath/source preservation or rewrite; image recovery/fallback required
819,,https://chamanlawfirm.com/investment-agreement-lawyer-in-nigeria-ensu/,investment-agreement-lawyer-in-nigeria-ensu,Investment Agreement Lawyer In Nigeria Ensu,,,,,8,403,source body not present in Phase 5C prepared drafts; SEO title requires RankMath/source preservation or rewrite; meta description requires RankMath/source preservation or rewrite; image recovery/fallback required,not restored,/resources/blog/investment-agreement-lawyer-in-nigeria-ensu,no,no,no,investment-agreement-lawyer-in-nigeria-ensu,not approved,,excluded while hidden,pending,pending lawyer review,source body not present in Phase 5C prepared drafts; SEO title requires RankMath/source preservation or rewrite; meta description requires RankMath/source preservation or rewrite; image recovery/fallback required
820,,https://chamanlawfirm.com/what-are-the-implications-of-land-use-conversion-on-land-ownership-in-nigeria/,what-are-the-implications-of-land-use-conversion-on-land-ownership-in-nigeria,What Are The Implications Of Land Use Conversion On Land Ownership In Nigeria,,,,,8,340,source body not present in Phase 5C prepared drafts; SEO title requires RankMath/source preservation or rewrite; meta description requires RankMath/source preservation or rewrite; image recovery/fallback required,not restored,/resources/blog/what-are-the-implications-of-land-use-conversion-on-land-ownership-in-nigeria,no,no,no,what-are-the-implications-of-land-use-conversion-on-land-ownership-in-nigeria,not approved,,excluded while hidden,pending,pending lawyer review,source body not present in Phase 5C prepared drafts; SEO title requires RankMath/source preservation or rewrite; meta description requires RankMath/source preservation or rewrite; image recovery/fallback required
821,,https://chamanlawfirm.com/digitization-impact-land-title-registration/,digitization-impact-land-title-registration,Digitization Impact Land Title Registration,,,,,8,326,source body not present in Phase 5C prepared drafts; SEO title requires RankMath/source preservation or rewrite; meta description requires RankMath/source preservation or rewrite; image recovery/fallback required,not restored,/resources/blog/digitization-impact-land-title-registration,no,no,no,digitization-impact-land-title-registration,not approved,,excluded while hidden,pending,pending lawyer review,source body not present in Phase 5C prepared drafts; SEO title requires RankMath/source preservation or rewrite; meta description requires RankMath/source preservation or rewrite; image recovery/fallback required
822,,https://chamanlawfirm.com/newblogpost-ztnezvare-non-resident-companies-liable-to-tax-in-nigeria/,newblogpost-ztnezvare-non-resident-companies-liable-to-tax-in-nigeria,Newblogpost Ztnezvare Non Resident Companies Liable To Tax In Nigeria,,,,,8,306,source body not present in Phase 5C prepared drafts; SEO title requires RankMath/source preservation or rewrite; meta description requires RankMath/source preservation or rewrite; image recovery/fallback required,not restored,/resources/blog/newblogpost-ztnezvare-non-resident-companies-liable-to-tax-in-nigeria,no,no,no,newblogpost-ztnezvare-non-resident-companies-liable-to-tax-in-nigeria,not approved,,excluded while hidden,pending,pending lawyer review,source body not present in Phase 5C prepared drafts; SEO title requires RankMath/source preservation or rewrite; meta description requires RankMath/source preservation or rewrite; image recovery/fallback required
823,,https://chamanlawfirm.com/a-will-made-abroad-cover-property-in-ogun/,a-will-made-abroad-cover-property-in-ogun,A Will Made Abroad Cover Property In Ogun,,,,,8,260,source body not present in Phase 5C prepared drafts; SEO title requires RankMath/source preservation or rewrite; meta description requires RankMath/source preservation or rewrite; image recovery/fallback required,not restored,/resources/blog/a-will-made-abroad-cover-property-in-ogun,no,no,no,a-will-made-abroad-cover-property-in-ogun,not approved,,excluded while hidden,pending,pending lawyer review,source body not present in Phase 5C prepared drafts; SEO title requires RankMath/source preservation or rewrite; meta description requires RankMath/source preservation or rewrite; image recovery/fallback required
824,,https://chamanlawfirm.com/beyond-the-spin-explore-premium-games-and/,beyond-the-spin-explore-premium-games-and,Beyond The Spin Explore Premium Games And,,,,,8,14,source body not present in Phase 5C prepared drafts; SEO title requires RankMath/source preservation or rewrite; meta description requires RankMath/source preservation or rewrite; image recovery/fallback required,not restored,/resources/blog/beyond-the-spin-explore-premium-games-and,no,no,no,beyond-the-spin-explore-premium-games-and,not approved,,excluded while hidden,pending,not required unless revived,source body not present in Phase 5C prepared drafts; SEO title requires RankMath/source preservation or rewrite; meta description requires RankMath/source preservation or rewrite; image recovery/fallback required
825,,https://chamanlawfirm.com/legally-binding-contracts/,legally-binding-contracts,Legally Binding Contracts,,,,,7,8102,source body not present in Phase 5C prepared drafts; SEO title requires RankMath/source preservation or rewrite; meta description requires RankMath/source preservation or rewrite; image recovery/fallback required,not restored,/resources/blog/legally-binding-contracts,no,no,no,legally-binding-contracts,not approved,,excluded while hidden,pending,pending lawyer review,source body not present in Phase 5C prepared drafts; SEO title requires RankMath/source preservation or rewrite; meta description requires RankMath/source preservation or rewrite; image recovery/fallback required
826,,https://chamanlawfirm.com/powerful-steps-tips-to-prevent-identity-fraud/,powerful-steps-tips-to-prevent-identity-fraud,Powerful Steps Tips To Prevent Identity Fraud,,,,,7,3380,source body not present in Phase 5C prepared drafts; SEO title requires RankMath/source preservation or rewrite; meta description requires RankMath/source preservation or rewrite; image recovery/fallback required,not restored,/resources/blog/powerful-steps-tips-to-prevent-identity-fraud,no,no,no,powerful-steps-tips-to-prevent-identity-fraud,not approved,,excluded while hidden,pending,pending lawyer review,source body not present in Phase 5C prepared drafts; SEO title requires RankMath/source preservation or rewrite; meta description requires RankMath/source preservation or rewrite; image recovery/fallback required
827,,https://chamanlawfirm.com/why-is-lekki-the-best-location-for-luxury/,why-is-lekki-the-best-location-for-luxury,Why Is Lekki The Best Location For Luxury,,,,,7,2923,source body not present in Phase 5C prepared drafts; SEO title requires RankMath/source preservation or rewrite; meta description requires RankMath/source preservation or rewrite; image recovery/fallback required; property/off-brand signal requires exclusion review,not restored,/resources/blog/why-is-lekki-the-best-location-for-luxury,no,no,no,why-is-lekki-the-best-location-for-luxury,not approved,,excluded while hidden,pending,not required unless revived,source body not present in Phase 5C prepared drafts; SEO title requires RankMath/source preservation or rewrite; meta description requires RankMath/source preservation or rewrite; image recovery/fallback required; property/off-brand signal requires exclusion review
828,,https://chamanlawfirm.com/ultimate-legal-guide-to-buying-land-in-niger/,ultimate-legal-guide-to-buying-land-in-niger,Ultimate Legal Guide To Buying Land In Niger,,,,,7,2116,source body not present in Phase 5C prepared drafts; SEO title requires RankMath/source preservation or rewrite; meta description requires RankMath/source preservation or rewrite; image recovery/fallback required,not restored,/resources/blog/ultimate-legal-guide-to-buying-land-in-niger,no,no,no,ultimate-legal-guide-to-buying-land-in-niger,not approved,,excluded while hidden,pending,pending lawyer review,source body not present in Phase 5C prepared drafts; SEO title requires RankMath/source preservation or rewrite; meta description requires RankMath/source preservation or rewrite; image recovery/fallback required
829,,https://chamanlawfirm.com/managing-corporate-reputation/,managing-corporate-reputation,Managing Corporate Reputation,,,,,7,1968,source body not present in Phase 5C prepared drafts; SEO title requires RankMath/source preservation or rewrite; meta description requires RankMath/source preservation or rewrite; image recovery/fallback required,not restored,/resources/blog/managing-corporate-reputation,no,no,no,managing-corporate-reputation,not approved,,excluded while hidden,pending,pending lawyer review,source body not present in Phase 5C prepared drafts; SEO title requires RankMath/source preservation or rewrite; meta description requires RankMath/source preservation or rewrite; image recovery/fallback required
830,,https://chamanlawfirm.com/robbery-and-theft-chaman-lw-firm/,robbery-and-theft-chaman-lw-firm,Robbery And Theft Chaman Lw Firm,,,,,7,1823,source body not present in Phase 5C prepared drafts; SEO title requires RankMath/source preservation or rewrite; meta description requires RankMath/source preservation or rewrite; image recovery/fallback required,not restored,/resources/blog/robbery-and-theft-chaman-lw-firm,no,no,no,robbery-and-theft-chaman-lw-firm,not approved,,excluded while hidden,pending,pending lawyer review,source body not present in Phase 5C prepared drafts; SEO title requires RankMath/source preservation or rewrite; meta description requires RankMath/source preservation or rewrite; image recovery/fallback required
831,,https://chamanlawfirm.com/land-registration-in-lagos/,land-registration-in-lagos,Land Registration In Lagos,,,,,7,1731,source body not present in Phase 5C prepared drafts; SEO title requires RankMath/source preservation or rewrite; meta description requires RankMath/source preservation or rewrite; image recovery/fallback required,not restored,/resources/blog/land-registration-in-lagos,no,no,no,land-registration-in-lagos,not approved,,excluded while hidden,pending,pending lawyer review,source body not present in Phase 5C prepared drafts; SEO title requires RankMath/source preservation or rewrite; meta description requires RankMath/source preservation or rewrite; image recovery/fallback required
832,,https://chamanlawfirm.com/what-property-taxes-must-i-pay-when-buying/,what-property-taxes-must-i-pay-when-buying,What Property Taxes Must I Pay When Buying,,,,,7,1534,source body not present in Phase 5C prepared drafts; SEO title requires RankMath/source preservation or rewrite; meta description requires RankMath/source preservation or rewrite; image recovery/fallback required,not restored,/resources/blog/what-property-taxes-must-i-pay-when-buying,no,no,no,what-property-taxes-must-i-pay-when-buying,not approved,,excluded while hidden,pending,pending lawyer review,source body not present in Phase 5C prepared drafts; SEO title requires RankMath/source preservation or rewrite; meta description requires RankMath/source preservation or rewrite; image recovery/fallback required
833,,https://chamanlawfirm.com/enhancing-nigerian-immigration-security-2/,enhancing-nigerian-immigration-security-2,Enhancing Nigerian Immigration Security 2,,,,,7,1524,source body not present in Phase 5C prepared drafts; SEO title requires RankMath/source preservation or rewrite; meta description requires RankMath/source preservation or rewrite; image recovery/fallback required,not restored,/resources/blog/enhancing-nigerian-immigration-security-2,no,no,no,enhancing-nigerian-immigration-security-2,not approved,,excluded while hidden,pending,pending lawyer review,source body not present in Phase 5C prepared drafts; SEO title requires RankMath/source preservation or rewrite; meta description requires RankMath/source preservation or rewrite; image recovery/fallback required
834,,https://chamanlawfirm.com/compliance-and-governance-for-ngos/,compliance-and-governance-for-ngos,Compliance And Governance For Ngos,,,,,7,1514,source body not present in Phase 5C prepared drafts; SEO title requires RankMath/source preservation or rewrite; meta description requires RankMath/source preservation or rewrite; image recovery/fallback required,not restored,/resources/blog/compliance-and-governance-for-ngos,no,no,no,compliance-and-governance-for-ngos,not approved,,excluded while hidden,pending,pending lawyer review,source body not present in Phase 5C prepared drafts; SEO title requires RankMath/source preservation or rewrite; meta description requires RankMath/source preservation or rewrite; image recovery/fallback required
835,,https://chamanlawfirm.com/protection-of-critical-infrastructure/,protection-of-critical-infrastructure,Protection Of Critical Infrastructure,,,,,7,1441,source body not present in Phase 5C prepared drafts; SEO title requires RankMath/source preservation or rewrite; meta description requires RankMath/source preservation or rewrite; image recovery/fallback required,not restored,/resources/blog/protection-of-critical-infrastructure,no,no,no,protection-of-critical-infrastructure,not approved,,excluded while hidden,pending,pending lawyer review,source body not present in Phase 5C prepared drafts; SEO title requires RankMath/source preservation or rewrite; meta description requires RankMath/source preservation or rewrite; image recovery/fallback required
836,,https://chamanlawfirm.com/how-to-draft-a-commercial-contract-a-proven/,how-to-draft-a-commercial-contract-a-proven,How To Draft A Commercial Contract A Proven,,,,,7,1424,source body not present in Phase 5C prepared drafts; SEO title requires RankMath/source preservation or rewrite; meta description requires RankMath/source preservation or rewrite; image recovery/fallback required,not restored,/resources/blog/how-to-draft-a-commercial-contract-a-proven,no,no,no,how-to-draft-a-commercial-contract-a-proven,not approved,,excluded while hidden,pending,pending lawyer review,source body not present in Phase 5C prepared drafts; SEO title requires RankMath/source preservation or rewrite; meta description requires RankMath/source preservation or rewrite; image recovery/fallback required
837,,https://chamanlawfirm.com/4-main-guide-to-land-ownership-in-nigeria/,4-main-guide-to-land-ownership-in-nigeria,4 Main Guide To Land Ownership In Nigeria,,,,,7,1215,source body not present in Phase 5C prepared drafts; SEO title requires RankMath/source preservation or rewrite; meta description requires RankMath/source preservation or rewrite; image recovery/fallback required,not restored,/resources/blog/4-main-guide-to-land-ownership-in-nigeria,no,no,no,4-main-guide-to-land-ownership-in-nigeria,not approved,,excluded while hidden,pending,pending lawyer review,source body not present in Phase 5C prepared drafts; SEO title requires RankMath/source preservation or rewrite; meta description requires RankMath/source preservation or rewrite; image recovery/fallback required
838,,https://chamanlawfirm.com/how-to-start-a-private-lending-company/,how-to-start-a-private-lending-company,How To Start A Private Lending Company,,,,,7,1185,source body not present in Phase 5C prepared drafts; SEO title requires RankMath/source preservation or rewrite; meta description requires RankMath/source preservation or rewrite; image recovery/fallback required,not restored,/resources/blog/how-to-start-a-private-lending-company,no,no,no,how-to-start-a-private-lending-company,not approved,,excluded while hidden,pending,pending lawyer review,source body not present in Phase 5C prepared drafts; SEO title requires RankMath/source preservation or rewrite; meta description requires RankMath/source preservation or rewrite; image recovery/fallback required
839,,https://chamanlawfirm.com/piracy-and-its-burden-on-copyright/,piracy-and-its-burden-on-copyright,Piracy And Its Burden On Copyright,,,,,7,1154,source body not present in Phase 5C prepared drafts; SEO title requires RankMath/source preservation or rewrite; meta description requires RankMath/source preservation or rewrite; image recovery/fallback required,not restored,/resources/blog/piracy-and-its-burden-on-copyright,no,no,no,piracy-and-its-burden-on-copyright,not approved,,excluded while hidden,pending,pending lawyer review,source body not present in Phase 5C prepared drafts; SEO title requires RankMath/source preservation or rewrite; meta description requires RankMath/source preservation or rewrite; image recovery/fallback required
840,,https://chamanlawfirm.com/lekki-property-when-owner-dies-without-will/,lekki-property-when-owner-dies-without-will,Lekki Property When Owner Dies Without Will,,,,,7,1121,source body not present in Phase 5C prepared drafts; SEO title requires RankMath/source preservation or rewrite; meta description requires RankMath/source preservation or rewrite; image recovery/fallback required,not restored,/resources/blog/lekki-property-when-owner-dies-without-will,no,no,no,lekki-property-when-owner-dies-without-will,not approved,,excluded while hidden,pending,pending lawyer review,source body not present in Phase 5C prepared drafts; SEO title requires RankMath/source preservation or rewrite; meta description requires RankMath/source preservation or rewrite; image recovery/fallback required
841,,https://chamanlawfirm.com/property-developers-guide-to-tax-compliance/,property-developers-guide-to-tax-compliance,Property Developers Guide To Tax Compliance,,,,,7,1111,source body not present in Phase 5C prepared drafts; SEO title requires RankMath/source preservation or rewrite; meta description requires RankMath/source preservation or rewrite; image recovery/fallback required,not restored,/resources/blog/property-developers-guide-to-tax-compliance,no,no,no,property-developers-guide-to-tax-compliance,not approved,,excluded while hidden,pending,pending lawyer review,source body not present in Phase 5C prepared drafts; SEO title requires RankMath/source preservation or rewrite; meta description requires RankMath/source preservation or rewrite; image recovery/fallback required
842,,https://chamanlawfirm.com/challenge-a-fraudulent-probate-application/,challenge-a-fraudulent-probate-application,Challenge A Fraudulent Probate Application,,,,,7,1107,source body not present in Phase 5C prepared drafts; SEO title requires RankMath/source preservation or rewrite; meta description requires RankMath/source preservation or rewrite; image recovery/fallback required,not restored,/resources/blog/challenge-a-fraudulent-probate-application,no,no,no,challenge-a-fraudulent-probate-application,not approved,,excluded while hidden,pending,pending lawyer review,source body not present in Phase 5C prepared drafts; SEO title requires RankMath/source preservation or rewrite; meta description requires RankMath/source preservation or rewrite; image recovery/fallback required
843,,https://chamanlawfirm.com/secure-governors-consent-in-ikoyi/,secure-governors-consent-in-ikoyi,Secure Governors Consent In Ikoyi,,,,,7,1060,source body not present in Phase 5C prepared drafts; SEO title requires RankMath/source preservation or rewrite; meta description requires RankMath/source preservation or rewrite; image recovery/fallback required,not restored,/resources/blog/secure-governors-consent-in-ikoyi,no,no,no,secure-governors-consent-in-ikoyi,not approved,,excluded while hidden,pending,pending lawyer review,source body not present in Phase 5C prepared drafts; SEO title requires RankMath/source preservation or rewrite; meta description requires RankMath/source preservation or rewrite; image recovery/fallback required
844,,https://chamanlawfirm.com/how-to-check-if-a-property-title-is-genuine/,how-to-check-if-a-property-title-is-genuine,How To Check If A Property Title Is Genuine,,,,,7,1045,source body not present in Phase 5C prepared drafts; SEO title requires RankMath/source preservation or rewrite; meta description requires RankMath/source preservation or rewrite; image recovery/fallback required,not restored,/resources/blog/how-to-check-if-a-property-title-is-genuine,no,no,no,how-to-check-if-a-property-title-is-genuine,not approved,,excluded while hidden,pending,pending lawyer review,source body not present in Phase 5C prepared drafts; SEO title requires RankMath/source preservation or rewrite; meta description requires RankMath/source preservation or rewrite; image recovery/fallback required
845,,https://chamanlawfirm.com/dispute-in-nigerian-real-estate-transactions/,dispute-in-nigerian-real-estate-transactions,Dispute In Nigerian Real Estate Transactions,,,,,7,1009,source body not present in Phase 5C prepared drafts; SEO title requires RankMath/source preservation or rewrite; meta description requires RankMath/source preservation or rewrite; image recovery/fallback required,not restored,/resources/blog/dispute-in-nigerian-real-estate-transactions,no,no,no,dispute-in-nigerian-real-estate-transactions,not approved,,excluded while hidden,pending,pending lawyer review,source body not present in Phase 5C prepared drafts; SEO title requires RankMath/source preservation or rewrite; meta description requires RankMath/source preservation or rewrite; image recovery/fallback required
846,,https://chamanlawfirm.com/impact-of-dispute-resolution/,impact-of-dispute-resolution,Impact Of Dispute Resolution,,,,,7,986,source body not present in Phase 5C prepared drafts; SEO title requires RankMath/source preservation or rewrite; meta description requires RankMath/source preservation or rewrite; image recovery/fallback required,not restored,/resources/blog/impact-of-dispute-resolution,no,no,no,impact-of-dispute-resolution,not approved,,excluded while hidden,pending,pending lawyer review,source body not present in Phase 5C prepared drafts; SEO title requires RankMath/source preservation or rewrite; meta description requires RankMath/source preservation or rewrite; image recovery/fallback required
847,,https://chamanlawfirm.com/how-to-licence-a-trademark-in-nigeria/,how-to-licence-a-trademark-in-nigeria,How To Licence A Trademark In Nigeria,,,,,7,985,source body not present in Phase 5C prepared drafts; SEO title requires RankMath/source preservation or rewrite; meta description requires RankMath/source preservation or rewrite; image recovery/fallback required,not restored,/resources/blog/how-to-licence-a-trademark-in-nigeria,no,no,no,how-to-licence-a-trademark-in-nigeria,not approved,,excluded while hidden,pending,pending lawyer review,source body not present in Phase 5C prepared drafts; SEO title requires RankMath/source preservation or rewrite; meta description requires RankMath/source preservation or rewrite; image recovery/fallback required
848,,https://chamanlawfirm.com/remedies-for-breach-of-property-contracts-in-lagos-a-legal-guide/,remedies-for-breach-of-property-contracts-in-lagos-a-legal-guide,Remedies For Breach Of Property Contracts In Lagos A Legal Guide,,,,,7,928,source body not present in Phase 5C prepared drafts; SEO title requires RankMath/source preservation or rewrite; meta description requires RankMath/source preservation or rewrite; image recovery/fallback required,not restored,/resources/blog/remedies-for-breach-of-property-contracts-in-lagos-a-legal-guide,no,no,no,remedies-for-breach-of-property-contracts-in-lagos-a-legal-guide,not approved,,excluded while hidden,pending,pending lawyer review,source body not present in Phase 5C prepared drafts; SEO title requires RankMath/source preservation or rewrite; meta description requires RankMath/source preservation or rewrite; image recovery/fallback required
849,,https://chamanlawfirm.com/consumer-complaints-and-returns-in-nigeria/,consumer-complaints-and-returns-in-nigeria,Consumer Complaints And Returns In Nigeria,,,,,7,849,source body not present in Phase 5C prepared drafts; SEO title requires RankMath/source preservation or rewrite; meta description requires RankMath/source preservation or rewrite; image recovery/fallback required,not restored,/resources/blog/consumer-complaints-and-returns-in-nigeria,no,no,no,consumer-complaints-and-returns-in-nigeria,not approved,,excluded while hidden,pending,pending lawyer review,source body not present in Phase 5C prepared drafts; SEO title requires RankMath/source preservation or rewrite; meta description requires RankMath/source preservation or rewrite; image recovery/fallback required
850,,https://chamanlawfirm.com/insurance-in-construction-contracts/,insurance-in-construction-contracts,Insurance In Construction Contracts,,,,,7,840,source body not present in Phase 5C prepared drafts; SEO title requires RankMath/source preservation or rewrite; meta description requires RankMath/source preservation or rewrite; image recovery/fallback required,not restored,/resources/blog/insurance-in-construction-contracts,no,no,no,insurance-in-construction-contracts,not approved,,excluded while hidden,pending,pending lawyer review,source body not present in Phase 5C prepared drafts; SEO title requires RankMath/source preservation or rewrite; meta description requires RankMath/source preservation or rewrite; image recovery/fallback required
851,,https://chamanlawfirm.com/proven-steps-on-creating-a-lease-agreement/,proven-steps-on-creating-a-lease-agreement,Proven Steps On Creating A Lease Agreement,,,,,7,825,source body not present in Phase 5C prepared drafts; SEO title requires RankMath/source preservation or rewrite; meta description requires RankMath/source preservation or rewrite; image recovery/fallback required,not restored,/resources/blog/proven-steps-on-creating-a-lease-agreement,no,no,no,proven-steps-on-creating-a-lease-agreement,not approved,,excluded while hidden,pending,pending lawyer review,source body not present in Phase 5C prepared drafts; SEO title requires RankMath/source preservation or rewrite; meta description requires RankMath/source preservation or rewrite; image recovery/fallback required
852,,https://chamanlawfirm.com/top-10-questions-about-probate-in-nigeria/,top-10-questions-about-probate-in-nigeria,Top 10 Questions About Probate In Nigeria,,,,,7,767,source body not present in Phase 5C prepared drafts; SEO title requires RankMath/source preservation or rewrite; meta description requires RankMath/source preservation or rewrite; image recovery/fallback required,not restored,/resources/blog/top-10-questions-about-probate-in-nigeria,no,no,no,top-10-questions-about-probate-in-nigeria,not approved,,excluded while hidden,pending,pending lawyer review,source body not present in Phase 5C prepared drafts; SEO title requires RankMath/source preservation or rewrite; meta description requires RankMath/source preservation or rewrite; image recovery/fallback required
853,,https://chamanlawfirm.com/what-is-the-significan-and-titles-in-nigeria/,what-is-the-significan-and-titles-in-nigeria,What Is The Significan And Titles In Nigeria,,,,,7,746,source body not present in Phase 5C prepared drafts; SEO title requires RankMath/source preservation or rewrite; meta description requires RankMath/source preservation or rewrite; image recovery/fallback required,not restored,/resources/blog/what-is-the-significan-and-titles-in-nigeria,no,no,no,what-is-the-significan-and-titles-in-nigeria,not approved,,excluded while hidden,pending,pending lawyer review,source body not present in Phase 5C prepared drafts; SEO title requires RankMath/source preservation or rewrite; meta description requires RankMath/source preservation or rewrite; image recovery/fallback required
854,,https://chamanlawfirm.com/real-estate-and-property-law/,real-estate-and-property-law,Real Estate And Property Law,,,,,7,742,source body not present in Phase 5C prepared drafts; SEO title requires RankMath/source preservation or rewrite; meta description requires RankMath/source preservation or rewrite; image recovery/fallback required,not restored,/resources/blog/real-estate-and-property-law,no,no,no,real-estate-and-property-law,not approved,,excluded while hidden,pending,pending lawyer review,source body not present in Phase 5C prepared drafts; SEO title requires RankMath/source preservation or rewrite; meta description requires RankMath/source preservation or rewrite; image recovery/fallback required
855,,https://chamanlawfirm.com/breach-of-property-contracts-in-lekki/,breach-of-property-contracts-in-lekki,Breach Of Property Contracts In Lekki,,,,,7,659,source body not present in Phase 5C prepared drafts; SEO title requires RankMath/source preservation or rewrite; meta description requires RankMath/source preservation or rewrite; image recovery/fallback required,not restored,/resources/blog/breach-of-property-contracts-in-lekki,no,no,no,breach-of-property-contracts-in-lekki,not approved,,excluded while hidden,pending,pending lawyer review,source body not present in Phase 5C prepared drafts; SEO title requires RankMath/source preservation or rewrite; meta description requires RankMath/source preservation or rewrite; image recovery/fallback required
856,,https://chamanlawfirm.com/how-does-land-title-insurance-protect-property-owners-in-nigeria/,how-does-land-title-insurance-protect-property-owners-in-nigeria,How Does Land Title Insurance Protect Property Owners In Nigeria,,,,,7,540,source body not present in Phase 5C prepared drafts; SEO title requires RankMath/source preservation or rewrite; meta description requires RankMath/source preservation or rewrite; image recovery/fallback required,not restored,/resources/blog/how-does-land-title-insurance-protect-property-owners-in-nigeria,no,no,no,how-does-land-title-insurance-protect-property-owners-in-nigeria,not approved,,excluded while hidden,pending,pending lawyer review,source body not present in Phase 5C prepared drafts; SEO title requires RankMath/source preservation or rewrite; meta description requires RankMath/source preservation or rewrite; image recovery/fallback required
857,,https://chamanlawfirm.com/risk-management-strategies-for-real-estate-investment-in-nigeria/,risk-management-strategies-for-real-estate-investment-in-nigeria,Risk Management Strategies For Real Estate Investment In Nigeria,,,,,7,435,source body not present in Phase 5C prepared drafts; SEO title requires RankMath/source preservation or rewrite; meta description requires RankMath/source preservation or rewrite; image recovery/fallback required; property/off-brand signal requires exclusion review,not restored,/resources/blog/risk-management-strategies-for-real-estate-investment-in-nigeria,no,no,no,risk-management-strategies-for-real-estate-investment-in-nigeria,not approved,,excluded while hidden,pending,not required unless revived,source body not present in Phase 5C prepared drafts; SEO title requires RankMath/source preservation or rewrite; meta description requires RankMath/source preservation or rewrite; image recovery/fallback required; property/off-brand signal requires exclusion review
858,,https://chamanlawfirm.com/legally-terminate-shipping-contract-in-nigeria/,legally-terminate-shipping-contract-in-nigeria,Legally Terminate Shipping Contract In Nigeria,,,,,7,410,source body not present in Phase 5C prepared drafts; SEO title requires RankMath/source preservation or rewrite; meta description requires RankMath/source preservation or rewrite; image recovery/fallback required,not restored,/resources/blog/legally-terminate-shipping-contract-in-nigeria,no,no,no,legally-terminate-shipping-contract-in-nigeria,not approved,,excluded while hidden,pending,pending lawyer review,source body not present in Phase 5C prepared drafts; SEO title requires RankMath/source preservation or rewrite; meta description requires RankMath/source preservation or rewrite; image recovery/fallback required
859,,https://chamanlawfirm.com/what-you-need-to-know-when-buying-a-family-g/,what-you-need-to-know-when-buying-a-family-g,What You Need To Know When Buying A Family G,,,,,7,339,source body not present in Phase 5C prepared drafts; SEO title requires RankMath/source preservation or rewrite; meta description requires RankMath/source preservation or rewrite; image recovery/fallback required,not restored,/resources/blog/what-you-need-to-know-when-buying-a-family-g,no,no,no,what-you-need-to-know-when-buying-a-family-g,not approved,,excluded while hidden,pending,pending lawyer review,source body not present in Phase 5C prepared drafts; SEO title requires RankMath/source preservation or rewrite; meta description requires RankMath/source preservation or rewrite; image recovery/fallback required
860,,https://chamanlawfirm.com/what-challenges-arise-in-mapping-documenting/,what-challenges-arise-in-mapping-documenting,What Challenges Arise In Mapping Documenting,,,,,7,334,source body not present in Phase 5C prepared drafts; SEO title requires RankMath/source preservation or rewrite; meta description requires RankMath/source preservation or rewrite; image recovery/fallback required,not restored,/resources/blog/what-challenges-arise-in-mapping-documenting,no,no,no,what-challenges-arise-in-mapping-documenting,not approved,,excluded while hidden,pending,not required unless revived,source body not present in Phase 5C prepared drafts; SEO title requires RankMath/source preservation or rewrite; meta description requires RankMath/source preservation or rewrite; image recovery/fallback required
861,,https://chamanlawfirm.com/trademark-classes-in-nigeria-a-strategic-legal-guide-for-businesses/,trademark-classes-in-nigeria-a-strategic-legal-guide-for-businesses,Trademark Classes In Nigeria A Strategic Legal Guide For Businesses,,,,,7,318,source body not present in Phase 5C prepared drafts; SEO title requires RankMath/source preservation or rewrite; meta description requires RankMath/source preservation or rewrite; image recovery/fallback required,not restored,/resources/blog/trademark-classes-in-nigeria-a-strategic-legal-guide-for-businesses,no,no,no,trademark-classes-in-nigeria-a-strategic-legal-guide-for-businesses,not approved,,excluded while hidden,pending,pending lawyer review,source body not present in Phase 5C prepared drafts; SEO title requires RankMath/source preservation or rewrite; meta description requires RankMath/source preservation or rewrite; image recovery/fallback required
862,,https://chamanlawfirm.com/can-a-foreigner-buy-property-chaman-law-firm/,can-a-foreigner-buy-property-chaman-law-firm,Can A Foreigner Buy Property Chaman Law Firm,,,,,7,128,source body not present in Phase 5C prepared drafts; SEO title requires RankMath/source preservation or rewrite; meta description requires RankMath/source preservation or rewrite; image recovery/fallback required,not restored,/resources/blog/can-a-foreigner-buy-property-chaman-law-firm,no,no,no,can-a-foreigner-buy-property-chaman-law-firm,not approved,,excluded while hidden,pending,pending lawyer review,source body not present in Phase 5C prepared drafts; SEO title requires RankMath/source preservation or rewrite; meta description requires RankMath/source preservation or rewrite; image recovery/fallback required
863,,https://chamanlawfirm.com/insurance-claims-chaman-law-firm/,insurance-claims-chaman-law-firm,Insurance Claims Chaman Law Firm,,,,,7,88,source body not present in Phase 5C prepared drafts; SEO title requires RankMath/source preservation or rewrite; meta description requires RankMath/source preservation or rewrite; image recovery/fallback required,not restored,/resources/blog/insurance-claims-chaman-law-firm,no,no,no,insurance-claims-chaman-law-firm,not approved,,excluded while hidden,pending,pending lawyer review,source body not present in Phase 5C prepared drafts; SEO title requires RankMath/source preservation or rewrite; meta description requires RankMath/source preservation or rewrite; image recovery/fallback required
864,,https://chamanlawfirm.com/index.php//?detail/21717453419818,index.php,Index.Php,,,,,7,20,source body not present in Phase 5C prepared drafts; SEO title requires RankMath/source preservation or rewrite; meta description requires RankMath/source preservation or rewrite; image recovery/fallback required; redirect planning only; do not publish as article without equivalent content,not restored,https://chamanlawfirm.com/index.php/,no,no,no,index.php,not approved,,excluded while hidden,pending,not required unless revived,source body not present in Phase 5C prepared drafts; SEO title requires RankMath/source preservation or rewrite; meta description requires RankMath/source preservation or rewrite; image recovery/fallback required; redirect planning only; do not publish as article without equivalent content
865,,https://chamanlawfirm.com/landlord-and-tenant-rights-in-nigeria/#elementor-toc__heading-anchor-0,landlord-and-tenant-rights-in-nigeria,A comprehensive guide on Landlord and Tenant Rights in Nigeria,Landlord and Tenant Rights in Nigeria: Complete Legal Guide,"Understand your rights as a landlord or tenant in Nigeria. Learn about tenancy laws, and rent obligations under Nigerian property law.",,,6,7330,redirect planning only; do not publish as article without equivalent content,public article live/eligible,https://chamanlawfirm.com/landlord-and-tenant-rights-in-nigeria/,yes,yes,no,landlord-and-tenant-rights-in-nigeria,approved,https://chamanlawfirm.com/resources/blog/landlord-and-tenant-rights-in-nigeria,eligible after deployment/revalidation,pending,passed for preview,redirect planning only; do not publish as article without equivalent content
866,,https://chamanlawfirm.com/the-requirements-bank/,the-requirements-bank,The Requirements Bank,,,,,6,3673,source body not present in Phase 5C prepared drafts; SEO title requires RankMath/source preservation or rewrite; meta description requires RankMath/source preservation or rewrite; image recovery/fallback required,not restored,/resources/blog/the-requirements-bank,no,no,no,the-requirements-bank,not approved,,excluded while hidden,pending,pending lawyer review,source body not present in Phase 5C prepared drafts; SEO title requires RankMath/source preservation or rewrite; meta description requires RankMath/source preservation or rewrite; image recovery/fallback required
867,,https://chamanlawfirm.com/strategies-for-successful-dispute-resolution/,strategies-for-successful-dispute-resolution,Strategies For Successful Dispute Resolution,,,,,6,2579,source body not present in Phase 5C prepared drafts; SEO title requires RankMath/source preservation or rewrite; meta description requires RankMath/source preservation or rewrite; image recovery/fallback required; redirect planning only; do not publish as article without equivalent content,not restored,https://chamanlawfirm.com/strategies-for-successful-dispute-resolution/,no,no,no,strategies-for-successful-dispute-resolution,not approved,,excluded while hidden,pending,not required unless revived,source body not present in Phase 5C prepared drafts; SEO title requires RankMath/source preservation or rewrite; meta description requires RankMath/source preservation or rewrite; image recovery/fallback required; redirect planning only; do not publish as article without equivalent content
868,,https://chamanlawfirm.com/corporate-tax-obligations-in-nigeria/,corporate-tax-obligations-in-nigeria,Corporate Tax Obligations In Nigeria,,,,,6,2474,source body not present in Phase 5C prepared drafts; SEO title requires RankMath/source preservation or rewrite; meta description requires RankMath/source preservation or rewrite; image recovery/fallback required,not restored,/resources/blog/corporate-tax-obligations-in-nigeria,no,no,no,corporate-tax-obligations-in-nigeria,not approved,,excluded while hidden,pending,pending lawyer review,source body not present in Phase 5C prepared drafts; SEO title requires RankMath/source preservation or rewrite; meta description requires RankMath/source preservation or rewrite; image recovery/fallback required
869,,https://chamanlawfirm.com/registering-property-titles-in-nigeria/,registering-property-titles-in-nigeria,Registering Property Titles In Nigeria,,,,,6,2326,source body not present in Phase 5C prepared drafts; SEO title requires RankMath/source preservation or rewrite; meta description requires RankMath/source preservation or rewrite; image recovery/fallback required,not restored,/resources/blog/registering-property-titles-in-nigeria,no,no,no,registering-property-titles-in-nigeria,not approved,,excluded while hidden,pending,pending lawyer review,source body not present in Phase 5C prepared drafts; SEO title requires RankMath/source preservation or rewrite; meta description requires RankMath/source preservation or rewrite; image recovery/fallback required
870,,https://chamanlawfirm.com/an-overview-of-law-office-management/,an-overview-of-law-office-management,An Overview Of Law Office Management,,,,,6,2318,source body not present in Phase 5C prepared drafts; SEO title requires RankMath/source preservation or rewrite; meta description requires RankMath/source preservation or rewrite; image recovery/fallback required,not restored,/resources/blog/an-overview-of-law-office-management,no,no,no,an-overview-of-law-office-management,not approved,,excluded while hidden,pending,pending lawyer review,source body not present in Phase 5C prepared drafts; SEO title requires RankMath/source preservation or rewrite; meta description requires RankMath/source preservation or rewrite; image recovery/fallback required
871,,https://chamanlawfirm.com/legal-considerations-for-cross-border-disputes/,legal-considerations-for-cross-border-disputes,Legal Considerations For Cross Border Disputes,,,,,6,2272,source body not present in Phase 5C prepared drafts; SEO title requires RankMath/source preservation or rewrite; meta description requires RankMath/source preservation or rewrite; image recovery/fallback required; redirect planning only; do not publish as article without equivalent content,not restored,https://chamanlawfirm.com/legal-considerations-for-cross-border-disputes/,no,no,no,legal-considerations-for-cross-border-disputes,not approved,,excluded while hidden,pending,not required unless revived,source body not present in Phase 5C prepared drafts; SEO title requires RankMath/source preservation or rewrite; meta description requires RankMath/source preservation or rewrite; image recovery/fallback required; redirect planning only; do not publish as article without equivalent content
872,,https://chamanlawfirm.com/land-documentation-excision-vs-gazette/,land-documentation-excision-vs-gazette,Land Documentation Excision Vs Gazette,,,,,6,2063,source body not present in Phase 5C prepared drafts; SEO title requires RankMath/source preservation or rewrite; meta description requires RankMath/source preservation or rewrite; image recovery/fallback required,not restored,/resources/blog/land-documentation-excision-vs-gazette,no,no,no,land-documentation-excision-vs-gazette,not approved,,excluded while hidden,pending,pending lawyer review,source body not present in Phase 5C prepared drafts; SEO title requires RankMath/source preservation or rewrite; meta description requires RankMath/source preservation or rewrite; image recovery/fallback required
873,,https://chamanlawfirm.com/corporate-debt-management-practices/,corporate-debt-management-practices,Corporate Debt Management Practices,,,,,6,2014,source body not present in Phase 5C prepared drafts; SEO title requires RankMath/source preservation or rewrite; meta description requires RankMath/source preservation or rewrite; image recovery/fallback required,not restored,/resources/blog/corporate-debt-management-practices,no,no,no,corporate-debt-management-practices,not approved,,excluded while hidden,pending,pending lawyer review,source body not present in Phase 5C prepared drafts; SEO title requires RankMath/source preservation or rewrite; meta description requires RankMath/source preservation or rewrite; image recovery/fallback required
874,,https://chamanlawfirm.com/what-is-the-legal-process-for-land-dispute/,what-is-the-legal-process-for-land-dispute,What Is The Legal Process For Land Dispute,,,,,6,1981,source body not present in Phase 5C prepared drafts; SEO title requires RankMath/source preservation or rewrite; meta description requires RankMath/source preservation or rewrite; image recovery/fallback required,not restored,/resources/blog/what-is-the-legal-process-for-land-dispute,no,no,no,what-is-the-legal-process-for-land-dispute,not approved,,excluded while hidden,pending,pending lawyer review,source body not present in Phase 5C prepared drafts; SEO title requires RankMath/source preservation or rewrite; meta description requires RankMath/source preservation or rewrite; image recovery/fallback required
875,,https://chamanlawfirm.com/the-legal-framework-for-venture-capital/,the-legal-framework-for-venture-capital,The Legal Framework For Venture Capital,,,,,6,1816,source body not present in Phase 5C prepared drafts; SEO title requires RankMath/source preservation or rewrite; meta description requires RankMath/source preservation or rewrite; image recovery/fallback required,not restored,/resources/blog/the-legal-framework-for-venture-capital,no,no,no,the-legal-framework-for-venture-capital,not approved,,excluded while hidden,pending,pending lawyer review,source body not present in Phase 5C prepared drafts; SEO title requires RankMath/source preservation or rewrite; meta description requires RankMath/source preservation or rewrite; image recovery/fallback required
876,,https://chamanlawfirm.com/free-open-lawyer-software/,free-open-lawyer-software,Free Open Lawyer Software,,,,,6,1732,source body not present in Phase 5C prepared drafts; SEO title requires RankMath/source preservation or rewrite; meta description requires RankMath/source preservation or rewrite; image recovery/fallback required; redirect planning only; do not publish as article without equivalent content,not restored,https://chamanlawfirm.com/free-open-lawyer-software/,no,no,no,free-open-lawyer-software,not approved,,excluded while hidden,pending,not required unless revived,source body not present in Phase 5C prepared drafts; SEO title requires RankMath/source preservation or rewrite; meta description requires RankMath/source preservation or rewrite; image recovery/fallback required; redirect planning only; do not publish as article without equivalent content
877,,https://chamanlawfirm.com/the-inheritance-rights-of-family-members/,the-inheritance-rights-of-family-members,The Inheritance Rights Of Family Members,,,,,6,1705,source body not present in Phase 5C prepared drafts; SEO title requires RankMath/source preservation or rewrite; meta description requires RankMath/source preservation or rewrite; image recovery/fallback required; redirect planning only; do not publish as article without equivalent content,not restored,https://chamanlawfirm.com/the-inheritance-rights-of-family-members/,no,no,no,the-inheritance-rights-of-family-members,not approved,,excluded while hidden,pending,not required unless revived,source body not present in Phase 5C prepared drafts; SEO title requires RankMath/source preservation or rewrite; meta description requires RankMath/source preservation or rewrite; image recovery/fallback required; redirect planning only; do not publish as article without equivalent content
878,,https://chamanlawfirm.com/legal-aspects-of-mergers-and-acquisitions/,legal-aspects-of-mergers-and-acquisitions,Legal Aspects Of Mergers And Acquisitions,,,,,6,1661,source body not present in Phase 5C prepared drafts; SEO title requires RankMath/source preservation or rewrite; meta description requires RankMath/source preservation or rewrite; image recovery/fallback required,not restored,/resources/blog/legal-aspects-of-mergers-and-acquisitions,no,no,no,legal-aspects-of-mergers-and-acquisitions,not approved,,excluded while hidden,pending,pending lawyer review,source body not present in Phase 5C prepared drafts; SEO title requires RankMath/source preservation or rewrite; meta description requires RankMath/source preservation or rewrite; image recovery/fallback required
879,,https://chamanlawfirm.com/securities-and-exchange-commission-in-nigeria/,securities-and-exchange-commission-in-nigeria,Securities And Exchange Commission In Nigeria,,,,,6,1652,source body not present in Phase 5C prepared drafts; SEO title requires RankMath/source preservation or rewrite; meta description requires RankMath/source preservation or rewrite; image recovery/fallback required; redirect planning only; do not publish as article without equivalent content,not restored,https://chamanlawfirm.com/securities-and-exchange-commission-in-nigeria/,no,no,no,securities-and-exchange-commission-in-nigeria,not approved,,excluded while hidden,pending,not required unless revived,source body not present in Phase 5C prepared drafts; SEO title requires RankMath/source preservation or rewrite; meta description requires RankMath/source preservation or rewrite; image recovery/fallback required; redirect planning only; do not publish as article without equivalent content
880,,https://chamanlawfirm.com/labour-relations-and-employment-law/,labour-relations-and-employment-law,Labour Relations And Employment Law,,,,,6,1620,source body not present in Phase 5C prepared drafts; SEO title requires RankMath/source preservation or rewrite; meta description requires RankMath/source preservation or rewrite; image recovery/fallback required; redirect planning only; do not publish as article without equivalent content,not restored,https://chamanlawfirm.com/labour-relations-and-employment-law/,no,no,no,labour-relations-and-employment-law,not approved,,excluded while hidden,pending,not required unless revived,source body not present in Phase 5C prepared drafts; SEO title requires RankMath/source preservation or rewrite; meta description requires RankMath/source preservation or rewrite; image recovery/fallback required; redirect planning only; do not publish as article without equivalent content
881,,https://chamanlawfirm.com/consequences-of-defaulting-on-property-tax/,consequences-of-defaulting-on-property-tax,Consequences Of Defaulting On Property Tax,,,,,6,1431,source body not present in Phase 5C prepared drafts; SEO title requires RankMath/source preservation or rewrite; meta description requires RankMath/source preservation or rewrite; image recovery/fallback required,not restored,/resources/blog/consequences-of-defaulting-on-property-tax,no,no,no,consequences-of-defaulting-on-property-tax,not approved,,excluded while hidden,pending,pending lawyer review,source body not present in Phase 5C prepared drafts; SEO title requires RankMath/source preservation or rewrite; meta description requires RankMath/source preservation or rewrite; image recovery/fallback required
882,,https://chamanlawfirm.com/industrial-construction-projects-in-nigeria/,industrial-construction-projects-in-nigeria,Industrial Construction Projects In Nigeria,,,,,6,1338,source body not present in Phase 5C prepared drafts; SEO title requires RankMath/source preservation or rewrite; meta description requires RankMath/source preservation or rewrite; image recovery/fallback required; redirect planning only; do not publish as article without equivalent content,not restored,https://chamanlawfirm.com/industrial-construction-projects-in-nigeria/,no,no,no,industrial-construction-projects-in-nigeria,not approved,,excluded while hidden,pending,not required unless revived,source body not present in Phase 5C prepared drafts; SEO title requires RankMath/source preservation or rewrite; meta description requires RankMath/source preservation or rewrite; image recovery/fallback required; redirect planning only; do not publish as article without equivalent content
883,,https://chamanlawfirm.com/setting-up-a-fintech-company-in-nigeria/,setting-up-a-fintech-company-in-nigeria,Setting Up A Fintech Company In Nigeria,,,,,6,1217,source body not present in Phase 5C prepared drafts; SEO title requires RankMath/source preservation or rewrite; meta description requires RankMath/source preservation or rewrite; image recovery/fallback required,not restored,/resources/blog/setting-up-a-fintech-company-in-nigeria,no,no,no,setting-up-a-fintech-company-in-nigeria,not approved,,excluded while hidden,pending,pending lawyer review,source body not present in Phase 5C prepared drafts; SEO title requires RankMath/source preservation or rewrite; meta description requires RankMath/source preservation or rewrite; image recovery/fallback required
884,,https://chamanlawfirm.com/how-do-i-legally-acquire-a-mansion-in-pinnock/,how-do-i-legally-acquire-a-mansion-in-pinnock,How Do I Legally Acquire A Mansion In Pinnock,,,,,6,1042,source body not present in Phase 5C prepared drafts; SEO title requires RankMath/source preservation or rewrite; meta description requires RankMath/source preservation or rewrite; image recovery/fallback required,not restored,/resources/blog/how-do-i-legally-acquire-a-mansion-in-pinnock,no,no,no,how-do-i-legally-acquire-a-mansion-in-pinnock,not approved,,excluded while hidden,pending,pending lawyer review,source body not present in Phase 5C prepared drafts; SEO title requires RankMath/source preservation or rewrite; meta description requires RankMath/source preservation or rewrite; image recovery/fallback required
885,,https://chamanlawfirm.com/expanding-trade-operations/,expanding-trade-operations,Expanding Trade Operations,,,,,6,981,source body not present in Phase 5C prepared drafts; SEO title requires RankMath/source preservation or rewrite; meta description requires RankMath/source preservation or rewrite; image recovery/fallback required,not restored,/resources/blog/expanding-trade-operations,no,no,no,expanding-trade-operations,not approved,,excluded while hidden,pending,pending lawyer review,source body not present in Phase 5C prepared drafts; SEO title requires RankMath/source preservation or rewrite; meta description requires RankMath/source preservation or rewrite; image recovery/fallback required
886,,https://chamanlawfirm.com/legal-process-for-families-and-executors/,legal-process-for-families-and-executors,Legal Process For Families And Executors,,,,,6,960,source body not present in Phase 5C prepared drafts; SEO title requires RankMath/source preservation or rewrite; meta description requires RankMath/source preservation or rewrite; image recovery/fallback required,not restored,/resources/blog/legal-process-for-families-and-executors,no,no,no,legal-process-for-families-and-executors,not approved,,excluded while hidden,pending,pending lawyer review,source body not present in Phase 5C prepared drafts; SEO title requires RankMath/source preservation or rewrite; meta description requires RankMath/source preservation or rewrite; image recovery/fallback required
887,,https://chamanlawfirm.com/lawyers-help-you-access-inherited-property/,lawyers-help-you-access-inherited-property,Lawyers Help You Access Inherited Property,,,,,6,893,source body not present in Phase 5C prepared drafts; SEO title requires RankMath/source preservation or rewrite; meta description requires RankMath/source preservation or rewrite; image recovery/fallback required,not restored,/resources/blog/lawyers-help-you-access-inherited-property,no,no,no,lawyers-help-you-access-inherited-property,not approved,,excluded while hidden,pending,pending lawyer review,source body not present in Phase 5C prepared drafts; SEO title requires RankMath/source preservation or rewrite; meta description requires RankMath/source preservation or rewrite; image recovery/fallback required
888,,https://chamanlawfirm.com/cyber-law-and-e-commerce-ensuring-4-safe-online-transactions/,cyber-law-and-e-commerce-ensuring-4-safe-online-transactions,Cyber Law And E Commerce Ensuring 4 Safe Online Transactions,,,,,6,813,source body not present in Phase 5C prepared drafts; SEO title requires RankMath/source preservation or rewrite; meta description requires RankMath/source preservation or rewrite; image recovery/fallback required,not restored,/resources/blog/cyber-law-and-e-commerce-ensuring-4-safe-online-transactions,no,no,no,cyber-law-and-e-commerce-ensuring-4-safe-online-transactions,not approved,,excluded while hidden,pending,pending lawyer review,source body not present in Phase 5C prepared drafts; SEO title requires RankMath/source preservation or rewrite; meta description requires RankMath/source preservation or rewrite; image recovery/fallback required
889,,https://chamanlawfirm.com/what-is-a-gazette-and-excision-in-ogun-state/,what-is-a-gazette-and-excision-in-ogun-state,What Is A Gazette And Excision In Ogun State,,,,,6,736,source body not present in Phase 5C prepared drafts; SEO title requires RankMath/source preservation or rewrite; meta description requires RankMath/source preservation or rewrite; image recovery/fallback required,not restored,/resources/blog/what-is-a-gazette-and-excision-in-ogun-state,no,no,no,what-is-a-gazette-and-excision-in-ogun-state,not approved,,excluded while hidden,pending,pending lawyer review,source body not present in Phase 5C prepared drafts; SEO title requires RankMath/source preservation or rewrite; meta description requires RankMath/source preservation or rewrite; image recovery/fallback required
890,,https://chamanlawfirm.com/how-does-land-title-regularization-affect-p/,how-does-land-title-regularization-affect-p,How Does Land Title Regularization Affect P,,,,,6,703,source body not present in Phase 5C prepared drafts; SEO title requires RankMath/source preservation or rewrite; meta description requires RankMath/source preservation or rewrite; image recovery/fallback required,not restored,/resources/blog/how-does-land-title-regularization-affect-p,no,no,no,how-does-land-title-regularization-affect-p,not approved,,excluded while hidden,pending,pending lawyer review,source body not present in Phase 5C prepared drafts; SEO title requires RankMath/source preservation or rewrite; meta description requires RankMath/source preservation or rewrite; image recovery/fallback required
891,,https://chamanlawfirm.com/nigerian-shipping-contracts/,nigerian-shipping-contracts,Nigerian Shipping Contracts,,,,,6,654,source body not present in Phase 5C prepared drafts; SEO title requires RankMath/source preservation or rewrite; meta description requires RankMath/source preservation or rewrite; image recovery/fallback required,not restored,/resources/blog/nigerian-shipping-contracts,no,no,no,nigerian-shipping-contracts,not approved,,excluded while hidden,pending,pending lawyer review,source body not present in Phase 5C prepared drafts; SEO title requires RankMath/source preservation or rewrite; meta description requires RankMath/source preservation or rewrite; image recovery/fallback required
892,,https://chamanlawfirm.com/what-are-the-steps-to-protect-trade-secret-under-the-nigerian-law/,what-are-the-steps-to-protect-trade-secret-under-the-nigerian-law,What Are The Steps To Protect Trade Secret Under The Nigerian Law,,,,,6,648,source body not present in Phase 5C prepared drafts; SEO title requires RankMath/source preservation or rewrite; meta description requires RankMath/source preservation or rewrite; image recovery/fallback required,not restored,/resources/blog/what-are-the-steps-to-protect-trade-secret-under-the-nigerian-law,no,no,no,what-are-the-steps-to-protect-trade-secret-under-the-nigerian-law,not approved,,excluded while hidden,pending,pending lawyer review,source body not present in Phase 5C prepared drafts; SEO title requires RankMath/source preservation or rewrite; meta description requires RankMath/source preservation or rewrite; image recovery/fallback required
893,,https://chamanlawfirm.com/the-land-use-act-protect-the-environment/,the-land-use-act-protect-the-environment,The Land Use Act Protect The Environment,,,,,6,634,source body not present in Phase 5C prepared drafts; SEO title requires RankMath/source preservation or rewrite; meta description requires RankMath/source preservation or rewrite; image recovery/fallback required,not restored,/resources/blog/the-land-use-act-protect-the-environment,no,no,no,the-land-use-act-protect-the-environment,not approved,,excluded while hidden,pending,pending lawyer review,source body not present in Phase 5C prepared drafts; SEO title requires RankMath/source preservation or rewrite; meta description requires RankMath/source preservation or rewrite; image recovery/fallback required
894,,https://chamanlawfirm.com/what-are-the-laws-operating-in-lagos-state/,what-are-the-laws-operating-in-lagos-state,What Are The Laws Operating In Lagos State,,,,,6,574,source body not present in Phase 5C prepared drafts; SEO title requires RankMath/source preservation or rewrite; meta description requires RankMath/source preservation or rewrite; image recovery/fallback required,not restored,/resources/blog/what-are-the-laws-operating-in-lagos-state,no,no,no,what-are-the-laws-operating-in-lagos-state,not approved,,excluded while hidden,pending,pending lawyer review,source body not present in Phase 5C prepared drafts; SEO title requires RankMath/source preservation or rewrite; meta description requires RankMath/source preservation or rewrite; image recovery/fallback required
895,,https://chamanlawfirm.com/what-is-trespass-to-land/,what-is-trespass-to-land,What Is Trespass To Land,,,,,6,540,source body not present in Phase 5C prepared drafts; SEO title requires RankMath/source preservation or rewrite; meta description requires RankMath/source preservation or rewrite; image recovery/fallback required,not restored,/resources/blog/what-is-trespass-to-land,no,no,no,what-is-trespass-to-land,not approved,,excluded while hidden,pending,pending lawyer review,source body not present in Phase 5C prepared drafts; SEO title requires RankMath/source preservation or rewrite; meta description requires RankMath/source preservation or rewrite; image recovery/fallback required
896,,https://chamanlawfirm.com/gallery/,gallery,Gallery,,,,,6,529,source body not present in Phase 5C prepared drafts; SEO title requires RankMath/source preservation or rewrite; meta description requires RankMath/source preservation or rewrite; image recovery/fallback required,not restored,/resources/blog/gallery,no,no,no,gallery,not approved,,excluded while hidden,pending,pending lawyer review,source body not present in Phase 5C prepared drafts; SEO title requires RankMath/source preservation or rewrite; meta description requires RankMath/source preservation or rewrite; image recovery/fallback required
897,,https://chamanlawfirm.com/ultimate-guide-how-to-apply-and-obtain-letter-of-administration-in-lagos-state-2025-update-authored-by-charles-chukwuma-nkwoka-esq-ksm-llb-bl-llm-cmc-fimc-aicmc-aciarb-managing-partner/,ultimate-guide-how-to-apply-and-obtain-letter-of-administration-in-lagos-state-2025-update-authored-by-charles-chukwuma-nkwoka-esq-ksm-llb-bl-llm-cmc-fimc-aicmc-aciarb-managing-partner,Ultimate Guide How To Apply And Obtain Letter Of Administration In Lagos State 2025 Update Authored By Charles Chukwuma Nkwoka Esq Ksm Llb Bl Llm Cmc Fimc Aicmc Aciarb Managing Partner,,,,,6,474,source body not present in Phase 5C prepared drafts; SEO title requires RankMath/source preservation or rewrite; meta description requires RankMath/source preservation or rewrite; image recovery/fallback required,not restored,/resources/blog/ultimate-guide-how-to-apply-and-obtain-letter-of-administration-in-lagos-state-2025-update-authored-by-charles-chukwuma-nkwoka-esq-ksm-llb-bl-llm-cmc-fimc-aicmc-aciarb-managing-partner,no,no,no,ultimate-guide-how-to-apply-and-obtain-letter-of-administration-in-lagos-state-2025-update-authored-by-charles-chukwuma-nkwoka-esq-ksm-llb-bl-llm-cmc-fimc-aicmc-aciarb-managing-partner,not approved,,excluded while hidden,pending,pending lawyer review,source body not present in Phase 5C prepared drafts; SEO title requires RankMath/source preservation or rewrite; meta description requires RankMath/source preservation or rewrite; image recovery/fallback required
898,,https://chamanlawfirm.com/breach-of-promise-to-marry/,breach-of-promise-to-marry,Breach Of Promise To Marry,,,,,6,443,source body not present in Phase 5C prepared drafts; SEO title requires RankMath/source preservation or rewrite; meta description requires RankMath/source preservation or rewrite; image recovery/fallback required,not restored,/resources/blog/breach-of-promise-to-marry,no,no,no,breach-of-promise-to-marry,not approved,,excluded while hidden,pending,pending lawyer review,source body not present in Phase 5C prepared drafts; SEO title requires RankMath/source preservation or rewrite; meta description requires RankMath/source preservation or rewrite; image recovery/fallback required
899,,https://chamanlawfirm.com/land-valuation-under-the-land-use-act/,land-valuation-under-the-land-use-act,Land Valuation Under The Land Use Act,,,,,6,396,source body not present in Phase 5C prepared drafts; SEO title requires RankMath/source preservation or rewrite; meta description requires RankMath/source preservation or rewrite; image recovery/fallback required,not restored,/resources/blog/land-valuation-under-the-land-use-act,no,no,no,land-valuation-under-the-land-use-act,not approved,,excluded while hidden,pending,pending lawyer review,source body not present in Phase 5C prepared drafts; SEO title requires RankMath/source preservation or rewrite; meta description requires RankMath/source preservation or rewrite; image recovery/fallback required
900,,https://chamanlawfirm.com/gender-diversity-in-construction-industry/,gender-diversity-in-construction-industry,Gender Diversity In Construction Industry,,,,,6,394,source body not present in Phase 5C prepared drafts; SEO title requires RankMath/source preservation or rewrite; meta description requires RankMath/source preservation or rewrite; image recovery/fallback required,not restored,/resources/blog/gender-diversity-in-construction-industry,no,no,no,gender-diversity-in-construction-industry,not approved,,excluded while hidden,pending,not required unless revived,source body not present in Phase 5C prepared drafts; SEO title requires RankMath/source preservation or rewrite; meta description requires RankMath/source preservation or rewrite; image recovery/fallback required
901,,https://chamanlawfirm.com/penalties-for-building-without-approval-chaman/,penalties-for-building-without-approval-chaman,Penalties For Building Without Approval Chaman,,,,,6,364,source body not present in Phase 5C prepared drafts; SEO title requires RankMath/source preservation or rewrite; meta description requires RankMath/source preservation or rewrite; image recovery/fallback required,not restored,/resources/blog/penalties-for-building-without-approval-chaman,no,no,no,penalties-for-building-without-approval-chaman,not approved,,excluded while hidden,pending,pending lawyer review,source body not present in Phase 5C prepared drafts; SEO title requires RankMath/source preservation or rewrite; meta description requires RankMath/source preservation or rewrite; image recovery/fallback required
902,,https://chamanlawfirm.com/difference-between-testate-and-intestate-succession/,difference-between-testate-and-intestate-succession,Difference Between Testate And Intestate Succession,,,,,6,361,source body not present in Phase 5C prepared drafts; SEO title requires RankMath/source preservation or rewrite; meta description requires RankMath/source preservation or rewrite; image recovery/fallback required,not restored,/resources/blog/difference-between-testate-and-intestate-succession,no,no,no,difference-between-testate-and-intestate-succession,not approved,,excluded while hidden,pending,not required unless revived,source body not present in Phase 5C prepared drafts; SEO title requires RankMath/source preservation or rewrite; meta description requires RankMath/source preservation or rewrite; image recovery/fallback required
903,,https://chamanlawfirm.com/immigration-law-at-chaman-law-firm/,immigration-law-at-chaman-law-firm,Immigration Law At Chaman Law Firm,,,,,6,334,source body not present in Phase 5C prepared drafts; SEO title requires RankMath/source preservation or rewrite; meta description requires RankMath/source preservation or rewrite; image recovery/fallback required,not restored,/resources/blog/immigration-law-at-chaman-law-firm,no,no,no,immigration-law-at-chaman-law-firm,not approved,,excluded while hidden,pending,pending lawyer review,source body not present in Phase 5C prepared drafts; SEO title requires RankMath/source preservation or rewrite; meta description requires RankMath/source preservation or rewrite; image recovery/fallback required
904,,https://www.chamanlawfirm.com/how-to-terminate-a-tenancy-relationship-in/,how-to-terminate-a-tenancy-relationship-in,How To Terminate A Tenancy Relationship In,,,,,6,280,source body not present in Phase 5C prepared drafts; SEO title requires RankMath/source preservation or rewrite; meta description requires RankMath/source preservation or rewrite; image recovery/fallback required; redirect planning only; do not publish as article without equivalent content,not restored,https://chamanlawfirm.com/how-to-terminate-a-tenancy-relationship-in/,no,no,no,how-to-terminate-a-tenancy-relationship-in,not approved,,excluded while hidden,pending,not required unless revived,source body not present in Phase 5C prepared drafts; SEO title requires RankMath/source preservation or rewrite; meta description requires RankMath/source preservation or rewrite; image recovery/fallback required; redirect planning only; do not publish as article without equivalent content
905,,https://chamanlawfirm.com/what-is-the-process-for-land-allocation-for-agricultural-purposes-under-the-land-use-act/,what-is-the-process-for-land-allocation-for-agricultural-purposes-under-the-land-use-act,What Is The Process For Land Allocation For Agricultural Purposes Under The Land Use Act,,,,,6,274,source body not present in Phase 5C prepared drafts; SEO title requires RankMath/source preservation or rewrite; meta description requires RankMath/source preservation or rewrite; image recovery/fallback required,not restored,/resources/blog/what-is-the-process-for-land-allocation-for-agricultural-purposes-under-the-land-use-act,no,no,no,what-is-the-process-for-land-allocation-for-agricultural-purposes-under-the-land-use-act,not approved,,excluded while hidden,pending,pending lawyer review,source body not present in Phase 5C prepared drafts; SEO title requires RankMath/source preservation or rewrite; meta description requires RankMath/source preservation or rewrite; image recovery/fallback required
906,,https://chamanlawfirm.com/acquire-land-for-real-estate-development/,acquire-land-for-real-estate-development,Acquire Land For Real Estate Development,,,,,6,219,source body not present in Phase 5C prepared drafts; SEO title requires RankMath/source preservation or rewrite; meta description requires RankMath/source preservation or rewrite; image recovery/fallback required,not restored,/resources/blog/acquire-land-for-real-estate-development,no,no,no,acquire-land-for-real-estate-development,not approved,,excluded while hidden,pending,pending lawyer review,source body not present in Phase 5C prepared drafts; SEO title requires RankMath/source preservation or rewrite; meta description requires RankMath/source preservation or rewrite; image recovery/fallback required
907,,https://chamanlawfirm.com/legal-protection-of-foreign-investment/,legal-protection-of-foreign-investment,Legal Protection Of Foreign Investment,,,,,6,200,source body not present in Phase 5C prepared drafts; SEO title requires RankMath/source preservation or rewrite; meta description requires RankMath/source preservation or rewrite; image recovery/fallback required,not restored,/resources/blog/legal-protection-of-foreign-investment,no,no,no,legal-protection-of-foreign-investment,not approved,,excluded while hidden,pending,pending lawyer review,source body not present in Phase 5C prepared drafts; SEO title requires RankMath/source preservation or rewrite; meta description requires RankMath/source preservation or rewrite; image recovery/fallback required
908,,https://chamanlawfirm.com/role-of-cyber-law-innigerian-digital-markets/,role-of-cyber-law-innigerian-digital-markets,Role Of Cyber Law Innigerian Digital Markets,,,,,6,198,source body not present in Phase 5C prepared drafts; SEO title requires RankMath/source preservation or rewrite; meta description requires RankMath/source preservation or rewrite; image recovery/fallback required,not restored,/resources/blog/role-of-cyber-law-innigerian-digital-markets,no,no,no,role-of-cyber-law-innigerian-digital-markets,not approved,,excluded while hidden,pending,pending lawyer review,source body not present in Phase 5C prepared drafts; SEO title requires RankMath/source preservation or rewrite; meta description requires RankMath/source preservation or rewrite; image recovery/fallback required
909,,https://chamanlawfirm.com/who-is-the-best-decision-body-for-incor-cama/,who-is-the-best-decision-body-for-incor-cama,Who Is The Best Decision Body For Incor Cama,,,,,6,172,source body not present in Phase 5C prepared drafts; SEO title requires RankMath/source preservation or rewrite; meta description requires RankMath/source preservation or rewrite; image recovery/fallback required,not restored,/resources/blog/who-is-the-best-decision-body-for-incor-cama,no,no,no,who-is-the-best-decision-body-for-incor-cama,not approved,,excluded while hidden,pending,not required unless revived,source body not present in Phase 5C prepared drafts; SEO title requires RankMath/source preservation or rewrite; meta description requires RankMath/source preservation or rewrite; image recovery/fallback required
910,,https://chamanlawfirm.com/challenges-and-opportunities-in-real-estate-investment-financing-in-nigeria/,challenges-and-opportunities-in-real-estate-investment-financing-in-nigeria,Challenges And Opportunities In Real Estate Investment Financing In Nigeria,,,,,6,158,source body not present in Phase 5C prepared drafts; SEO title requires RankMath/source preservation or rewrite; meta description requires RankMath/source preservation or rewrite; image recovery/fallback required; property/off-brand signal requires exclusion review,not restored,/resources/blog/challenges-and-opportunities-in-real-estate-investment-financing-in-nigeria,no,no,no,challenges-and-opportunities-in-real-estate-investment-financing-in-nigeria,not approved,,excluded while hidden,pending,not required unless revived,source body not present in Phase 5C prepared drafts; SEO title requires RankMath/source preservation or rewrite; meta description requires RankMath/source preservation or rewrite; image recovery/fallback required; property/off-brand signal requires exclusion review
911,,https://chamanlawfirm.com/2024/,2024,2024,,,,,6,141,source body not present in Phase 5C prepared drafts; SEO title requires RankMath/source preservation or rewrite; meta description requires RankMath/source preservation or rewrite; image recovery/fallback required,not restored,/resources/blog/2024,no,no,no,2024,not approved,,excluded while hidden,pending,not required unless revived,source body not present in Phase 5C prepared drafts; SEO title requires RankMath/source preservation or rewrite; meta description requires RankMath/source preservation or rewrite; image recovery/fallback required
912,,https://chamanlawfirm.com/index.php//?detail/30873072632794,index.php,Index.Php,,,,,6,75,source body not present in Phase 5C prepared drafts; SEO title requires RankMath/source preservation or rewrite; meta description requires RankMath/source preservation or rewrite; image recovery/fallback required; redirect planning only; do not publish as article without equivalent content,not restored,https://chamanlawfirm.com/index.php/,no,no,no,index.php,not approved,,excluded while hidden,pending,not required unless revived,source body not present in Phase 5C prepared drafts; SEO title requires RankMath/source preservation or rewrite; meta description requires RankMath/source preservation or rewrite; image recovery/fallback required; redirect planning only; do not publish as article without equivalent content
913,,https://chamanlawfirm.com/stay-casino-no-deposit-bonus-play-online-casino-games-in-english-for-australian-players/,stay-casino-no-deposit-bonus-play-online-casino-games-in-english-for-australian-players,Stay Casino No Deposit Bonus Play Online Casino Games In English For Australian Players,,,,,6,9,source body not present in Phase 5C prepared drafts; SEO title requires RankMath/source preservation or rewrite; meta description requires RankMath/source preservation or rewrite; image recovery/fallback required,not restored,/resources/blog/stay-casino-no-deposit-bonus-play-online-casino-games-in-english-for-australian-players,no,no,no,stay-casino-no-deposit-bonus-play-online-casino-games-in-english-for-australian-players,not approved,,excluded while hidden,pending,not required unless revived,source body not present in Phase 5C prepared drafts; SEO title requires RankMath/source preservation or rewrite; meta description requires RankMath/source preservation or rewrite; image recovery/fallback required
914,,https://chamanlawfirm.com/obtaining-a-certificate-of-occupancy-c-of-o/#elementor-toc__heading-anchor-0,obtaining-a-certificate-of-occupancy-c-of-o,REQUIREMENTS FOR OBTAINING A CERTIFICATE OF OCCUPANCY (CofO) IN NIGERIA (LAGOS AND OGUN STATE),The best way to obtain Certificate of Occupancy in Nigeria,"Certificate of Occupancy In Nigeria, for a person to successfully establish ownership or acquisition of land or landed property,",,,5,4239,GSC Pages export and Sprint 10C inventory,not restored,https://chamanlawfirm.com/obtaining-a-certificate-of-occupancy-c-of-o/,no,no,no,obtaining-a-certificate-of-occupancy-c-of-o,not approved,,excluded while hidden,pending,not required unless revived,image recovery/fallback required; redirect planning only; do not publish as article without equivalent content
915,9239,https://chamanlawfirm.com/statutory-right-of-occupancy-vs-customary-right/#elementor-toc__heading-anchor-3,statutory-right-of-occupancy-vs-customary-right,Statutory Right Of Occupancy Vs Customary Right,,Statutory Right of Occupancy vs Customary Right Understand the difference between Statutory Right of Occupancy and Customary Right of Occupancy under Nigerian law...,,,5,3278,GSC Pages export and Sprint 10C inventory,public article live/eligible,/resources/blog/statutory-right-of-occupancy-vs-customary-right,yes,yes,yes,statutory-right-of-occupancy-vs-customary-right,approved,https://chamanlawfirm.com/resources/blog/statutory-right-of-occupancy-vs-customary-right,eligible after deployment/revalidation,replace temporary redirect with exact article target,automated legal-safety check passed; controlled publication batch,Selected for Sprint 10F controlled sub-batch
916,,https://chamanlawfirm.com/taxation-of-sole-proprietorship/#elementor-toc__heading-anchor-1,taxation-of-sole-proprietorship,Taxation Of Sole Proprietorship,,,,,5,2451,source body not present in Phase 5C prepared drafts; SEO title requires RankMath/source preservation or rewrite; meta description requires RankMath/source preservation or rewrite; image recovery/fallback required; redirect planning only; do not publish as article without equivalent content,not restored,https://chamanlawfirm.com/taxation-of-sole-proprietorship/,no,no,no,taxation-of-sole-proprietorship,not approved,,excluded while hidden,pending,not required unless revived,source body not present in Phase 5C prepared drafts; SEO title requires RankMath/source preservation or rewrite; meta description requires RankMath/source preservation or rewrite; image recovery/fallback required; redirect planning only; do not publish as article without equivalent content
917,,https://chamanlawfirm.com/international-money-transfer-service-license/,international-money-transfer-service-license,International Money Transfer Service License,,,,,5,1902,source body not present in Phase 5C prepared drafts; SEO title requires RankMath/source preservation or rewrite; meta description requires RankMath/source preservation or rewrite; image recovery/fallback required,not restored,/resources/blog/international-money-transfer-service-license,no,no,no,international-money-transfer-service-license,not approved,,excluded while hidden,pending,pending lawyer review,source body not present in Phase 5C prepared drafts; SEO title requires RankMath/source preservation or rewrite; meta description requires RankMath/source preservation or rewrite; image recovery/fallback required
918,,https://chamanlawfirm.com/startup-legal-services-in-nigeria/,startup-legal-services-in-nigeria,Startup Legal Services In Nigeria,,,,,5,1819,source body not present in Phase 5C prepared drafts; SEO title requires RankMath/source preservation or rewrite; meta description requires RankMath/source preservation or rewrite; image recovery/fallback required,not restored,/resources/blog/startup-legal-services-in-nigeria,no,no,no,startup-legal-services-in-nigeria,not approved,,excluded while hidden,pending,pending lawyer review,source body not present in Phase 5C prepared drafts; SEO title requires RankMath/source preservation or rewrite; meta description requires RankMath/source preservation or rewrite; image recovery/fallback required
919,,https://chamanlawfirm.com/allocation-for-protected-areas-and-conserva/,allocation-for-protected-areas-and-conserva,Allocation For Protected Areas And Conserva,,,,,5,1721,source body not present in Phase 5C prepared drafts; SEO title requires RankMath/source preservation or rewrite; meta description requires RankMath/source preservation or rewrite; image recovery/fallback required,not restored,/resources/blog/allocation-for-protected-areas-and-conserva,no,no,no,allocation-for-protected-areas-and-conserva,not approved,,excluded while hidden,pending,pending lawyer review,source body not present in Phase 5C prepared drafts; SEO title requires RankMath/source preservation or rewrite; meta description requires RankMath/source preservation or rewrite; image recovery/fallback required
920,,https://chamanlawfirm.com/what-are-the-legal-steps-to-evict-a-tenant/,what-are-the-legal-steps-to-evict-a-tenant,What Are The Legal Steps To Evict A Tenant,,,,,5,1645,source body not present in Phase 5C prepared drafts; SEO title requires RankMath/source preservation or rewrite; meta description requires RankMath/source preservation or rewrite; image recovery/fallback required; redirect planning only; do not publish as article without equivalent content,not restored,https://chamanlawfirm.com/what-are-the-legal-steps-to-evict-a-tenant/,no,no,no,what-are-the-legal-steps-to-evict-a-tenant,not approved,,excluded while hidden,pending,not required unless revived,source body not present in Phase 5C prepared drafts; SEO title requires RankMath/source preservation or rewrite; meta description requires RankMath/source preservation or rewrite; image recovery/fallback required; redirect planning only; do not publish as article without equivalent content
921,,https://chamanlawfirm.com/powerful-steps-sources-of-tax-law-in-nigeria/#elementor-toc__heading-anchor-0,powerful-steps-sources-of-tax-law-in-nigeria,Powerful Steps Sources Of Tax Law In Nigeria,,,,,5,1580,source body not present in Phase 5C prepared drafts; SEO title requires RankMath/source preservation or rewrite; meta description requires RankMath/source preservation or rewrite; image recovery/fallback required; redirect planning only; do not publish as article without equivalent content,not restored,https://chamanlawfirm.com/powerful-steps-sources-of-tax-law-in-nigeria/,no,no,no,powerful-steps-sources-of-tax-law-in-nigeria,not approved,,excluded while hidden,pending,not required unless revived,source body not present in Phase 5C prepared drafts; SEO title requires RankMath/source preservation or rewrite; meta description requires RankMath/source preservation or rewrite; image recovery/fallback required; redirect planning only; do not publish as article without equivalent content
922,,https://chamanlawfirm.com/legal-issues-in-investment-and-fund-management/,legal-issues-in-investment-and-fund-management,Legal Issues In Investment And Fund Management,,,,,5,1552,source body not present in Phase 5C prepared drafts; SEO title requires RankMath/source preservation or rewrite; meta description requires RankMath/source preservation or rewrite; image recovery/fallback required,not restored,/resources/blog/legal-issues-in-investment-and-fund-management,no,no,no,legal-issues-in-investment-and-fund-management,not approved,,excluded while hidden,pending,pending lawyer review,source body not present in Phase 5C prepared drafts; SEO title requires RankMath/source preservation or rewrite; meta description requires RankMath/source preservation or rewrite; image recovery/fallback required
923,,https://chamanlawfirm.com/child-custody-and-visitations-emergencies/,child-custody-and-visitations-emergencies,Child Custody And Visitations Emergencies,,,,,5,1442,source body not present in Phase 5C prepared drafts; SEO title requires RankMath/source preservation or rewrite; meta description requires RankMath/source preservation or rewrite; image recovery/fallback required,not restored,/resources/blog/child-custody-and-visitations-emergencies,no,no,no,child-custody-and-visitations-emergencies,not approved,,excluded while hidden,pending,pending lawyer review,source body not present in Phase 5C prepared drafts; SEO title requires RankMath/source preservation or rewrite; meta description requires RankMath/source preservation or rewrite; image recovery/fallback required
924,,https://chamanlawfirm.com/strategies-for-preventing-corporate-collapse/,strategies-for-preventing-corporate-collapse,Strategies For Preventing Corporate Collapse,,,,,5,1380,source body not present in Phase 5C prepared drafts; SEO title requires RankMath/source preservation or rewrite; meta description requires RankMath/source preservation or rewrite; image recovery/fallback required,not restored,/resources/blog/strategies-for-preventing-corporate-collapse,no,no,no,strategies-for-preventing-corporate-collapse,not approved,,excluded while hidden,pending,pending lawyer review,source body not present in Phase 5C prepared drafts; SEO title requires RankMath/source preservation or rewrite; meta description requires RankMath/source preservation or rewrite; image recovery/fallback required
925,,https://chamanlawfirm.com/land-record-keeping-ensure-accurate-land-titles/,land-record-keeping-ensure-accurate-land-titles,Land Record Keeping Ensure Accurate Land Titles,,,,,5,1361,source body not present in Phase 5C prepared drafts; SEO title requires RankMath/source preservation or rewrite; meta description requires RankMath/source preservation or rewrite; image recovery/fallback required,not restored,/resources/blog/land-record-keeping-ensure-accurate-land-titles,no,no,no,land-record-keeping-ensure-accurate-land-titles,not approved,,excluded while hidden,pending,pending lawyer review,source body not present in Phase 5C prepared drafts; SEO title requires RankMath/source preservation or rewrite; meta description requires RankMath/source preservation or rewrite; image recovery/fallback required
926,,https://chamanlawfirm.com/strategies-for-managing-financial-distress/,strategies-for-managing-financial-distress,Strategies For Managing Financial Distress,,,,,5,1352,source body not present in Phase 5C prepared drafts; SEO title requires RankMath/source preservation or rewrite; meta description requires RankMath/source preservation or rewrite; image recovery/fallback required; redirect planning only; do not publish as article without equivalent content,not restored,https://chamanlawfirm.com/strategies-for-managing-financial-distress/,no,no,no,strategies-for-managing-financial-distress,not approved,,excluded while hidden,pending,not required unless revived,source body not present in Phase 5C prepared drafts; SEO title requires RankMath/source preservation or rewrite; meta description requires RankMath/source preservation or rewrite; image recovery/fallback required; redirect planning only; do not publish as article without equivalent content
927,,https://chamanlawfirm.com/force-majeure-clauses-in-business-contracts/,force-majeure-clauses-in-business-contracts,Force Majeure Clauses In Business Contracts,,,,,5,1341,source body not present in Phase 5C prepared drafts; SEO title requires RankMath/source preservation or rewrite; meta description requires RankMath/source preservation or rewrite; image recovery/fallback required,not restored,/resources/blog/force-majeure-clauses-in-business-contracts,no,no,no,force-majeure-clauses-in-business-contracts,not approved,,excluded while hidden,pending,pending lawyer review,source body not present in Phase 5C prepared drafts; SEO title requires RankMath/source preservation or rewrite; meta description requires RankMath/source preservation or rewrite; image recovery/fallback required
928,,https://chamanlawfirm.com/law/,law,Law,,,,,5,1313,source body not present in Phase 5C prepared drafts; SEO title requires RankMath/source preservation or rewrite; meta description requires RankMath/source preservation or rewrite; image recovery/fallback required,not restored,/resources/blog/law,no,no,no,law,not approved,,excluded while hidden,pending,pending lawyer review,source body not present in Phase 5C prepared drafts; SEO title requires RankMath/source preservation or rewrite; meta description requires RankMath/source preservation or rewrite; image recovery/fallback required
929,,https://chamanlawfirm.com/of-immigration-compliance-lawyers/,of-immigration-compliance-lawyers,Of Immigration Compliance Lawyers,,,,,5,1295,source body not present in Phase 5C prepared drafts; SEO title requires RankMath/source preservation or rewrite; meta description requires RankMath/source preservation or rewrite; image recovery/fallback required,not restored,/resources/blog/of-immigration-compliance-lawyers,no,no,no,of-immigration-compliance-lawyers,not approved,,excluded while hidden,pending,pending lawyer review,source body not present in Phase 5C prepared drafts; SEO title requires RankMath/source preservation or rewrite; meta description requires RankMath/source preservation or rewrite; image recovery/fallback required
930,,https://chamanlawfirm.com/why-you-need-to-register-a-limited-liabilit/,why-you-need-to-register-a-limited-liabilit,Why You Need To Register A Limited Liabilit,,,,,5,1264,source body not present in Phase 5C prepared drafts; SEO title requires RankMath/source preservation or rewrite; meta description requires RankMath/source preservation or rewrite; image recovery/fallback required,not restored,/resources/blog/why-you-need-to-register-a-limited-liabilit,no,no,no,why-you-need-to-register-a-limited-liabilit,not approved,,excluded while hidden,pending,pending lawyer review,source body not present in Phase 5C prepared drafts; SEO title requires RankMath/source preservation or rewrite; meta description requires RankMath/source preservation or rewrite; image recovery/fallback required
931,,https://chamanlawfirm.com/5-proven-roles-of-a-child-adoption-lawyer/,5-proven-roles-of-a-child-adoption-lawyer,5 Proven Roles Of A Child Adoption Lawyer,,,,,5,1164,source body not present in Phase 5C prepared drafts; SEO title requires RankMath/source preservation or rewrite; meta description requires RankMath/source preservation or rewrite; image recovery/fallback required,not restored,/resources/blog/5-proven-roles-of-a-child-adoption-lawyer,no,no,no,5-proven-roles-of-a-child-adoption-lawyer,not approved,,excluded while hidden,pending,pending lawyer review,source body not present in Phase 5C prepared drafts; SEO title requires RankMath/source preservation or rewrite; meta description requires RankMath/source preservation or rewrite; image recovery/fallback required
932,,https://chamanlawfirm.com/nigerian-real-estate-investment-pitfalls/,nigerian-real-estate-investment-pitfalls,Nigerian Real Estate Investment Pitfalls,,,,,5,1123,source body not present in Phase 5C prepared drafts; SEO title requires RankMath/source preservation or rewrite; meta description requires RankMath/source preservation or rewrite; image recovery/fallback required; redirect planning only; do not publish as article without equivalent content,not restored,https://chamanlawfirm.com/nigerian-real-estate-investment-pitfalls/,no,no,no,nigerian-real-estate-investment-pitfalls,not approved,,excluded while hidden,pending,not required unless revived,source body not present in Phase 5C prepared drafts; SEO title requires RankMath/source preservation or rewrite; meta description requires RankMath/source preservation or rewrite; image recovery/fallback required; redirect planning only; do not publish as article without equivalent content
933,,https://chamanlawfirm.com/what-are-the-essential-things-to-know-when-purchasing-a-house1/,what-are-the-essential-things-to-know-when-purchasing-a-house1,What Are The Essential Things To Know When Purchasing A House1,,,,,5,1119,source body not present in Phase 5C prepared drafts; SEO title requires RankMath/source preservation or rewrite; meta description requires RankMath/source preservation or rewrite; image recovery/fallback required,not restored,/resources/blog/what-are-the-essential-things-to-know-when-purchasing-a-house1,no,no,no,what-are-the-essential-things-to-know-when-purchasing-a-house1,not approved,,excluded while hidden,pending,pending lawyer review,source body not present in Phase 5C prepared drafts; SEO title requires RankMath/source preservation or rewrite; meta description requires RankMath/source preservation or rewrite; image recovery/fallback required
934,,https://chamanlawfirm.com/family-law-issues-in-inter-country-adoption/,family-law-issues-in-inter-country-adoption,Family Law Issues In Inter Country Adoption,,,,,5,1114,source body not present in Phase 5C prepared drafts; SEO title requires RankMath/source preservation or rewrite; meta description requires RankMath/source preservation or rewrite; image recovery/fallback required; redirect planning only; do not publish as article without equivalent content,not restored,https://chamanlawfirm.com/family-law-issues-in-inter-country-adoption/,no,no,no,family-law-issues-in-inter-country-adoption,not approved,,excluded while hidden,pending,not required unless revived,source body not present in Phase 5C prepared drafts; SEO title requires RankMath/source preservation or rewrite; meta description requires RankMath/source preservation or rewrite; image recovery/fallback required; redirect planning only; do not publish as article without equivalent content
935,,https://chamanlawfirm.com/evaluating-real-estate-investment-returns/,evaluating-real-estate-investment-returns,Evaluating Real Estate Investment Returns,,,,,5,1079,source body not present in Phase 5C prepared drafts; SEO title requires RankMath/source preservation or rewrite; meta description requires RankMath/source preservation or rewrite; image recovery/fallback required; property/off-brand signal requires exclusion review,not restored,/resources/blog/evaluating-real-estate-investment-returns,no,no,no,evaluating-real-estate-investment-returns,not approved,,excluded while hidden,pending,not required unless revived,source body not present in Phase 5C prepared drafts; SEO title requires RankMath/source preservation or rewrite; meta description requires RankMath/source preservation or rewrite; image recovery/fallback required; property/off-brand signal requires exclusion review
936,,https://chamanlawfirm.com/water-management-in-nigeria/,water-management-in-nigeria,Water Management In Nigeria,,,,,5,1066,source body not present in Phase 5C prepared drafts; SEO title requires RankMath/source preservation or rewrite; meta description requires RankMath/source preservation or rewrite; image recovery/fallback required,not restored,/resources/blog/water-management-in-nigeria,no,no,no,water-management-in-nigeria,not approved,,excluded while hidden,pending,pending lawyer review,source body not present in Phase 5C prepared drafts; SEO title requires RankMath/source preservation or rewrite; meta description requires RankMath/source preservation or rewrite; image recovery/fallback required
937,,https://chamanlawfirm.com/sustainability-and-green-real-estate-initiatives/,sustainability-and-green-real-estate-initiatives,Sustainability And Green Real Estate Initiatives,,,,,5,995,source body not present in Phase 5C prepared drafts; SEO title requires RankMath/source preservation or rewrite; meta description requires RankMath/source preservation or rewrite; image recovery/fallback required,not restored,/resources/blog/sustainability-and-green-real-estate-initiatives,no,no,no,sustainability-and-green-real-estate-initiatives,not approved,,excluded while hidden,pending,pending lawyer review,source body not present in Phase 5C prepared drafts; SEO title requires RankMath/source preservation or rewrite; meta description requires RankMath/source preservation or rewrite; image recovery/fallback required
938,,https://chamanlawfirm.com/legal-advice-for-expatriates-in-nigeria-ess/,legal-advice-for-expatriates-in-nigeria-ess,Legal Advice For Expatriates In Nigeria Ess,,,,,5,981,source body not present in Phase 5C prepared drafts; SEO title requires RankMath/source preservation or rewrite; meta description requires RankMath/source preservation or rewrite; image recovery/fallback required,not restored,/resources/blog/legal-advice-for-expatriates-in-nigeria-ess,no,no,no,legal-advice-for-expatriates-in-nigeria-ess,not approved,,excluded while hidden,pending,pending lawyer review,source body not present in Phase 5C prepared drafts; SEO title requires RankMath/source preservation or rewrite; meta description requires RankMath/source preservation or rewrite; image recovery/fallback required
939,,https://chamanlawfirm.com/nigerian-urban-development/,nigerian-urban-development,Nigerian Urban Development,,,,,5,967,source body not present in Phase 5C prepared drafts; SEO title requires RankMath/source preservation or rewrite; meta description requires RankMath/source preservation or rewrite; image recovery/fallback required,not restored,/resources/blog/nigerian-urban-development,no,no,no,nigerian-urban-development,not approved,,excluded while hidden,pending,pending lawyer review,source body not present in Phase 5C prepared drafts; SEO title requires RankMath/source preservation or rewrite; meta description requires RankMath/source preservation or rewrite; image recovery/fallback required
940,,https://chamanlawfirm.com/considerations-for-cross-border-transactions/,considerations-for-cross-border-transactions,Considerations For Cross Border Transactions,,,,,5,892,source body not present in Phase 5C prepared drafts; SEO title requires RankMath/source preservation or rewrite; meta description requires RankMath/source preservation or rewrite; image recovery/fallback required,not restored,/resources/blog/considerations-for-cross-border-transactions,no,no,no,considerations-for-cross-border-transactions,not approved,,excluded while hidden,pending,pending lawyer review,source body not present in Phase 5C prepared drafts; SEO title requires RankMath/source preservation or rewrite; meta description requires RankMath/source preservation or rewrite; image recovery/fallback required
941,,https://chamanlawfirm.com/different-types-of-marriage-in-nigeria/,different-types-of-marriage-in-nigeria,Different Types Of Marriage In Nigeria,,,,,5,884,source body not present in Phase 5C prepared drafts; SEO title requires RankMath/source preservation or rewrite; meta description requires RankMath/source preservation or rewrite; image recovery/fallback required,not restored,/resources/blog/different-types-of-marriage-in-nigeria,no,no,no,different-types-of-marriage-in-nigeria,not approved,,excluded while hidden,pending,pending lawyer review,source body not present in Phase 5C prepared drafts; SEO title requires RankMath/source preservation or rewrite; meta description requires RankMath/source preservation or rewrite; image recovery/fallback required
942,,https://chamanlawfirm.com/what-is-liability-for-negligence/,what-is-liability-for-negligence,What Is Liability For Negligence,,,,,5,873,source body not present in Phase 5C prepared drafts; SEO title requires RankMath/source preservation or rewrite; meta description requires RankMath/source preservation or rewrite; image recovery/fallback required,not restored,/resources/blog/what-is-liability-for-negligence,no,no,no,what-is-liability-for-negligence,not approved,,excluded while hidden,pending,pending lawyer review,source body not present in Phase 5C prepared drafts; SEO title requires RankMath/source preservation or rewrite; meta description requires RankMath/source preservation or rewrite; image recovery/fallback required
943,,https://chamanlawfirm.com/6-proven-steps-to-labor-dispute-resolution/,6-proven-steps-to-labor-dispute-resolution,6 Proven Steps To Labor Dispute Resolution,,,,,5,829,source body not present in Phase 5C prepared drafts; SEO title requires RankMath/source preservation or rewrite; meta description requires RankMath/source preservation or rewrite; image recovery/fallback required,not restored,/resources/blog/6-proven-steps-to-labor-dispute-resolution,no,no,no,6-proven-steps-to-labor-dispute-resolution,not approved,,excluded while hidden,pending,pending lawyer review,source body not present in Phase 5C prepared drafts; SEO title requires RankMath/source preservation or rewrite; meta description requires RankMath/source preservation or rewrite; image recovery/fallback required
944,,https://chamanlawfirm.com/land-titles-in-nigeria/,land-titles-in-nigeria,Land Titles In Nigeria,,,,,5,820,source body not present in Phase 5C prepared drafts; SEO title requires RankMath/source preservation or rewrite; meta description requires RankMath/source preservation or rewrite; image recovery/fallback required,not restored,/resources/blog/land-titles-in-nigeria,no,no,no,land-titles-in-nigeria,not approved,,excluded while hidden,pending,pending lawyer review,source body not present in Phase 5C prepared drafts; SEO title requires RankMath/source preservation or rewrite; meta description requires RankMath/source preservation or rewrite; image recovery/fallback required
945,,https://chamanlawfirm.com/immigration-policy-in-attracting-foreign-talent/,immigration-policy-in-attracting-foreign-talent,Immigration Policy In Attracting Foreign Talent,,,,,5,810,source body not present in Phase 5C prepared drafts; SEO title requires RankMath/source preservation or rewrite; meta description requires RankMath/source preservation or rewrite; image recovery/fallback required; redirect planning only; do not publish as article without equivalent content,not restored,https://chamanlawfirm.com/immigration-policy-in-attracting-foreign-talent/,no,no,no,immigration-policy-in-attracting-foreign-talent,not approved,,excluded while hidden,pending,not required unless revived,source body not present in Phase 5C prepared drafts; SEO title requires RankMath/source preservation or rewrite; meta description requires RankMath/source preservation or rewrite; image recovery/fallback required; redirect planning only; do not publish as article without equivalent content
946,,https://chamanlawfirm.com/ogun-state-locations-for-diaspora-investment/,ogun-state-locations-for-diaspora-investment,Ogun State Locations For Diaspora Investment,,,,,5,809,source body not present in Phase 5C prepared drafts; SEO title requires RankMath/source preservation or rewrite; meta description requires RankMath/source preservation or rewrite; image recovery/fallback required; redirect planning only; do not publish as article without equivalent content,not restored,https://chamanlawfirm.com/ogun-state-locations-for-diaspora-investment/,no,no,no,ogun-state-locations-for-diaspora-investment,not approved,,excluded while hidden,pending,not required unless revived,source body not present in Phase 5C prepared drafts; SEO title requires RankMath/source preservation or rewrite; meta description requires RankMath/source preservation or rewrite; image recovery/fallback required; redirect planning only; do not publish as article without equivalent content
947,,https://chamanlawfirm.com/navigating-legal-issues-in-online-education/,navigating-legal-issues-in-online-education,Navigating Legal Issues In Online Education,,,,,5,796,source body not present in Phase 5C prepared drafts; SEO title requires RankMath/source preservation or rewrite; meta description requires RankMath/source preservation or rewrite; image recovery/fallback required,not restored,/resources/blog/navigating-legal-issues-in-online-education,no,no,no,navigating-legal-issues-in-online-education,not approved,,excluded while hidden,pending,pending lawyer review,source body not present in Phase 5C prepared drafts; SEO title requires RankMath/source preservation or rewrite; meta description requires RankMath/source preservation or rewrite; image recovery/fallback required
948,,https://chamanlawfirm.com/reasons-yourland-title-verification-may-fail/,reasons-yourland-title-verification-may-fail,Reasons Yourland Title Verification May Fail,,,,,5,766,source body not present in Phase 5C prepared drafts; SEO title requires RankMath/source preservation or rewrite; meta description requires RankMath/source preservation or rewrite; image recovery/fallback required,not restored,/resources/blog/reasons-yourland-title-verification-may-fail,no,no,no,reasons-yourland-title-verification-may-fail,not approved,,excluded while hidden,pending,pending lawyer review,source body not present in Phase 5C prepared drafts; SEO title requires RankMath/source preservation or rewrite; meta description requires RankMath/source preservation or rewrite; image recovery/fallback required
949,,https://chamanlawfirm.com/the-strategic-role-of-alternative-disputes/,the-strategic-role-of-alternative-disputes,The Strategic Role Of Alternative Disputes,,,,,5,745,source body not present in Phase 5C prepared drafts; SEO title requires RankMath/source preservation or rewrite; meta description requires RankMath/source preservation or rewrite; image recovery/fallback required,not restored,/resources/blog/the-strategic-role-of-alternative-disputes,no,no,no,the-strategic-role-of-alternative-disputes,not approved,,excluded while hidden,pending,pending lawyer review,source body not present in Phase 5C prepared drafts; SEO title requires RankMath/source preservation or rewrite; meta description requires RankMath/source preservation or rewrite; image recovery/fallback required
950,,https://chamanlawfirm.com/proven-benefits-of-international-arbitration/,proven-benefits-of-international-arbitration,Proven Benefits Of International Arbitration,,,,,5,697,source body not present in Phase 5C prepared drafts; SEO title requires RankMath/source preservation or rewrite; meta description requires RankMath/source preservation or rewrite; image recovery/fallback required,not restored,/resources/blog/proven-benefits-of-international-arbitration,no,no,no,proven-benefits-of-international-arbitration,not approved,,excluded while hidden,pending,pending lawyer review,source body not present in Phase 5C prepared drafts; SEO title requires RankMath/source preservation or rewrite; meta description requires RankMath/source preservation or rewrite; image recovery/fallback required
951,,https://chamanlawfirm.com/investment-in-ogun-state-chaman-law-firm/,investment-in-ogun-state-chaman-law-firm,Investment In Ogun State Chaman Law Firm,,,,,5,651,source body not present in Phase 5C prepared drafts; SEO title requires RankMath/source preservation or rewrite; meta description requires RankMath/source preservation or rewrite; image recovery/fallback required,not restored,/resources/blog/investment-in-ogun-state-chaman-law-firm,no,no,no,investment-in-ogun-state-chaman-law-firm,not approved,,excluded while hidden,pending,pending lawyer review,source body not present in Phase 5C prepared drafts; SEO title requires RankMath/source preservation or rewrite; meta description requires RankMath/source preservation or rewrite; image recovery/fallback required
952,,https://chamanlawfirm.com/cargo-insurance-policies/,cargo-insurance-policies,Cargo Insurance Policies,,,,,5,631,source body not present in Phase 5C prepared drafts; SEO title requires RankMath/source preservation or rewrite; meta description requires RankMath/source preservation or rewrite; image recovery/fallback required,not restored,/resources/blog/cargo-insurance-policies,no,no,no,cargo-insurance-policies,not approved,,excluded while hidden,pending,pending lawyer review,source body not present in Phase 5C prepared drafts; SEO title requires RankMath/source preservation or rewrite; meta description requires RankMath/source preservation or rewrite; image recovery/fallback required
953,,https://chamanlawfirm.com/why-you-need-a-certificate-of-occupancy-in-nigeria/,why-you-need-a-certificate-of-occupancy-in-nigeria,Why You Need A Certificate Of Occupancy In Nigeria,,,,,5,623,source body not present in Phase 5C prepared drafts; SEO title requires RankMath/source preservation or rewrite; meta description requires RankMath/source preservation or rewrite; image recovery/fallback required,not restored,/resources/blog/why-you-need-a-certificate-of-occupancy-in-nigeria,no,no,no,why-you-need-a-certificate-of-occupancy-in-nigeria,not approved,,excluded while hidden,pending,pending lawyer review,source body not present in Phase 5C prepared drafts; SEO title requires RankMath/source preservation or rewrite; meta description requires RankMath/source preservation or rewrite; image recovery/fallback required
954,,https://chamanlawfirm.com/compliance-with-labor-standards/,compliance-with-labor-standards,Compliance With Labor Standards,,,,,5,621,source body not present in Phase 5C prepared drafts; SEO title requires RankMath/source preservation or rewrite; meta description requires RankMath/source preservation or rewrite; image recovery/fallback required,not restored,/resources/blog/compliance-with-labor-standards,no,no,no,compliance-with-labor-standards,not approved,,excluded while hidden,pending,pending lawyer review,source body not present in Phase 5C prepared drafts; SEO title requires RankMath/source preservation or rewrite; meta description requires RankMath/source preservation or rewrite; image recovery/fallback required
955,,https://chamanlawfirm.com/protect-your-properties-from-family-disputes/,protect-your-properties-from-family-disputes,Protect Your Properties From Family Disputes,,,,,5,620,source body not present in Phase 5C prepared drafts; SEO title requires RankMath/source preservation or rewrite; meta description requires RankMath/source preservation or rewrite; image recovery/fallback required,not restored,/resources/blog/protect-your-properties-from-family-disputes,no,no,no,protect-your-properties-from-family-disputes,not approved,,excluded while hidden,pending,pending lawyer review,source body not present in Phase 5C prepared drafts; SEO title requires RankMath/source preservation or rewrite; meta description requires RankMath/source preservation or rewrite; image recovery/fallback required
956,,https://chamanlawfirm.com/notary-services-chaman-law-firm/,notary-services-chaman-law-firm,Notary Services Chaman Law Firm,,,,,5,615,source body not present in Phase 5C prepared drafts; SEO title requires RankMath/source preservation or rewrite; meta description requires RankMath/source preservation or rewrite; image recovery/fallback required,not restored,/resources/blog/notary-services-chaman-law-firm,no,no,no,notary-services-chaman-law-firm,not approved,,excluded while hidden,pending,pending lawyer review,source body not present in Phase 5C prepared drafts; SEO title requires RankMath/source preservation or rewrite; meta description requires RankMath/source preservation or rewrite; image recovery/fallback required
957,,https://chamanlawfirm.com/enforcement-of-arbitral-awards/,enforcement-of-arbitral-awards,Enforcement Of Arbitral Awards,,,,,5,603,source body not present in Phase 5C prepared drafts; SEO title requires RankMath/source preservation or rewrite; meta description requires RankMath/source preservation or rewrite; image recovery/fallback required,not restored,/resources/blog/enforcement-of-arbitral-awards,no,no,no,enforcement-of-arbitral-awards,not approved,,excluded while hidden,pending,pending lawyer review,source body not present in Phase 5C prepared drafts; SEO title requires RankMath/source preservation or rewrite; meta description requires RankMath/source preservation or rewrite; image recovery/fallback required
958,,https://chamanlawfirm.com/partnership-with-real-estate-developers/,partnership-with-real-estate-developers,Partnership With Real Estate Developers,,,,,5,575,source body not present in Phase 5C prepared drafts; SEO title requires RankMath/source preservation or rewrite; meta description requires RankMath/source preservation or rewrite; image recovery/fallback required,not restored,/resources/blog/partnership-with-real-estate-developers,no,no,no,partnership-with-real-estate-developers,not approved,,excluded while hidden,pending,pending lawyer review,source body not present in Phase 5C prepared drafts; SEO title requires RankMath/source preservation or rewrite; meta description requires RankMath/source preservation or rewrite; image recovery/fallback required
959,,https://chamanlawfirm.com/what-challenges-are-associated-with-preserving-and-digitizing-historical-land-records/,what-challenges-are-associated-with-preserving-and-digitizing-historical-land-records,What Challenges Are Associated With Preserving And Digitizing Historical Land Records,,,,,5,557,source body not present in Phase 5C prepared drafts; SEO title requires RankMath/source preservation or rewrite; meta description requires RankMath/source preservation or rewrite; image recovery/fallback required,not restored,/resources/blog/what-challenges-are-associated-with-preserving-and-digitizing-historical-land-records,no,no,no,what-challenges-are-associated-with-preserving-and-digitizing-historical-land-records,not approved,,excluded while hidden,pending,pending lawyer review,source body not present in Phase 5C prepared drafts; SEO title requires RankMath/source preservation or rewrite; meta description requires RankMath/source preservation or rewrite; image recovery/fallback required
960,,https://chamanlawfirm.com/trade-policies/,trade-policies,Trade Policies,,,,,5,539,source body not present in Phase 5C prepared drafts; SEO title requires RankMath/source preservation or rewrite; meta description requires RankMath/source preservation or rewrite; image recovery/fallback required,not restored,/resources/blog/trade-policies,no,no,no,trade-policies,not approved,,excluded while hidden,pending,pending lawyer review,source body not present in Phase 5C prepared drafts; SEO title requires RankMath/source preservation or rewrite; meta description requires RankMath/source preservation or rewrite; image recovery/fallback required
961,,https://chamanlawfirm.com/the-role-o-commecial-law-in-the-agricultural/,the-role-o-commecial-law-in-the-agricultural,The Role O Commecial Law In The Agricultural,,,,,5,531,source body not present in Phase 5C prepared drafts; SEO title requires RankMath/source preservation or rewrite; meta description requires RankMath/source preservation or rewrite; image recovery/fallback required,not restored,/resources/blog/the-role-o-commecial-law-in-the-agricultural,no,no,no,the-role-o-commecial-law-in-the-agricultural,not approved,,excluded while hidden,pending,pending lawyer review,source body not present in Phase 5C prepared drafts; SEO title requires RankMath/source preservation or rewrite; meta description requires RankMath/source preservation or rewrite; image recovery/fallback required
962,,https://chamanlawfirm.com/real-estate-contracts/,real-estate-contracts,Real Estate Contracts,,,,,5,487,source body not present in Phase 5C prepared drafts; SEO title requires RankMath/source preservation or rewrite; meta description requires RankMath/source preservation or rewrite; image recovery/fallback required,not restored,/resources/blog/real-estate-contracts,no,no,no,real-estate-contracts,not approved,,excluded while hidden,pending,pending lawyer review,source body not present in Phase 5C prepared drafts; SEO title requires RankMath/source preservation or rewrite; meta description requires RankMath/source preservation or rewrite; image recovery/fallback required
963,,https://chamanlawfirm.com/how-does-the-land-use-act-affect-forest-reserves/,how-does-the-land-use-act-affect-forest-reserves,How Does The Land Use Act Affect Forest Reserves,,,,,5,433,source body not present in Phase 5C prepared drafts; SEO title requires RankMath/source preservation or rewrite; meta description requires RankMath/source preservation or rewrite; image recovery/fallback required,not restored,/resources/blog/how-does-the-land-use-act-affect-forest-reserves,no,no,no,how-does-the-land-use-act-affect-forest-reserves,not approved,,excluded while hidden,pending,pending lawyer review,source body not present in Phase 5C prepared drafts; SEO title requires RankMath/source preservation or rewrite; meta description requires RankMath/source preservation or rewrite; image recovery/fallback required
964,,https://chamanlawfirm.com/dispute-resolution-process-in-nigeria/,dispute-resolution-process-in-nigeria,Dispute Resolution Process In Nigeria,,,,,5,409,source body not present in Phase 5C prepared drafts; SEO title requires RankMath/source preservation or rewrite; meta description requires RankMath/source preservation or rewrite; image recovery/fallback required,not restored,/resources/blog/dispute-resolution-process-in-nigeria,no,no,no,dispute-resolution-process-in-nigeria,not approved,,excluded while hidden,pending,pending lawyer review,source body not present in Phase 5C prepared drafts; SEO title requires RankMath/source preservation or rewrite; meta description requires RankMath/source preservation or rewrite; image recovery/fallback required
965,,https://chamanlawfirm.com/what-is-the-role-of-the-surveyor-general-in-land-allocation-under-the-land-use-act/,what-is-the-role-of-the-surveyor-general-in-land-allocation-under-the-land-use-act,What Is The Role Of The Surveyor General In Land Allocation Under The Land Use Act,,,,,5,401,source body not present in Phase 5C prepared drafts; SEO title requires RankMath/source preservation or rewrite; meta description requires RankMath/source preservation or rewrite; image recovery/fallback required,not restored,/resources/blog/what-is-the-role-of-the-surveyor-general-in-land-allocation-under-the-land-use-act,no,no,no,what-is-the-role-of-the-surveyor-general-in-land-allocation-under-the-land-use-act,not approved,,excluded while hidden,pending,pending lawyer review,source body not present in Phase 5C prepared drafts; SEO title requires RankMath/source preservation or rewrite; meta description requires RankMath/source preservation or rewrite; image recovery/fallback required
966,,https://chamanlawfirm.com/obtain-legal-guardianship-of-a-child/,obtain-legal-guardianship-of-a-child,Obtain Legal Guardianship Of A Child,,,,,5,377,source body not present in Phase 5C prepared drafts; SEO title requires RankMath/source preservation or rewrite; meta description requires RankMath/source preservation or rewrite; image recovery/fallback required,not restored,/resources/blog/obtain-legal-guardianship-of-a-child,no,no,no,obtain-legal-guardianship-of-a-child,not approved,,excluded while hidden,pending,pending lawyer review,source body not present in Phase 5C prepared drafts; SEO title requires RankMath/source preservation or rewrite; meta description requires RankMath/source preservation or rewrite; image recovery/fallback required
967,,https://chamanlawfirm.com/employment-disputes-and-grievances/,employment-disputes-and-grievances,Employment Disputes And Grievances,,,,,5,352,source body not present in Phase 5C prepared drafts; SEO title requires RankMath/source preservation or rewrite; meta description requires RankMath/source preservation or rewrite; image recovery/fallback required,not restored,/resources/blog/employment-disputes-and-grievances,no,no,no,employment-disputes-and-grievances,not approved,,excluded while hidden,pending,pending lawyer review,source body not present in Phase 5C prepared drafts; SEO title requires RankMath/source preservation or rewrite; meta description requires RankMath/source preservation or rewrite; image recovery/fallback required
968,,https://chamanlawfirm.com/how-to-avoid-and-stop-foreclosure/,how-to-avoid-and-stop-foreclosure,How To Avoid And Stop Foreclosure,,,,,5,346,source body not present in Phase 5C prepared drafts; SEO title requires RankMath/source preservation or rewrite; meta description requires RankMath/source preservation or rewrite; image recovery/fallback required,not restored,/resources/blog/how-to-avoid-and-stop-foreclosure,no,no,no,how-to-avoid-and-stop-foreclosure,not approved,,excluded while hidden,pending,not required unless revived,source body not present in Phase 5C prepared drafts; SEO title requires RankMath/source preservation or rewrite; meta description requires RankMath/source preservation or rewrite; image recovery/fallback required
969,,https://chamanlawfirm.com/what-is-the-legal-way-to-safeguard-your-will/,what-is-the-legal-way-to-safeguard-your-will,What Is The Legal Way To Safeguard Your Will,,,,,5,266,source body not present in Phase 5C prepared drafts; SEO title requires RankMath/source preservation or rewrite; meta description requires RankMath/source preservation or rewrite; image recovery/fallback required,not restored,/resources/blog/what-is-the-legal-way-to-safeguard-your-will,no,no,no,what-is-the-legal-way-to-safeguard-your-will,not approved,,excluded while hidden,pending,pending lawyer review,source body not present in Phase 5C prepared drafts; SEO title requires RankMath/source preservation or rewrite; meta description requires RankMath/source preservation or rewrite; image recovery/fallback required
970,,https://chamanlawfirm.com/how-does-the-land-use-act-impact-housing-development-in-nigeria/,how-does-the-land-use-act-impact-housing-development-in-nigeria,How Does The Land Use Act Impact Housing Development In Nigeria,,,,,5,263,source body not present in Phase 5C prepared drafts; SEO title requires RankMath/source preservation or rewrite; meta description requires RankMath/source preservation or rewrite; image recovery/fallback required,not restored,/resources/blog/how-does-the-land-use-act-impact-housing-development-in-nigeria,no,no,no,how-does-the-land-use-act-impact-housing-development-in-nigeria,not approved,,excluded while hidden,pending,pending lawyer review,source body not present in Phase 5C prepared drafts; SEO title requires RankMath/source preservation or rewrite; meta description requires RankMath/source preservation or rewrite; image recovery/fallback required
971,,https://chamanlawfirm.com/top-10-legal-mistakes-property-buyers-make-i/,top-10-legal-mistakes-property-buyers-make-i,Top 10 Legal Mistakes Property Buyers Make I,,,,,5,260,source body not present in Phase 5C prepared drafts; SEO title requires RankMath/source preservation or rewrite; meta description requires RankMath/source preservation or rewrite; image recovery/fallback required,not restored,/resources/blog/top-10-legal-mistakes-property-buyers-make-i,no,no,no,top-10-legal-mistakes-property-buyers-make-i,not approved,,excluded while hidden,pending,pending lawyer review,source body not present in Phase 5C prepared drafts; SEO title requires RankMath/source preservation or rewrite; meta description requires RankMath/source preservation or rewrite; image recovery/fallback required
972,,https://chamanlawfirm.com/3-proven-steps-on-how-to-rolve-land-disputes/,3-proven-steps-on-how-to-rolve-land-disputes,3 Proven Steps On How To Rolve Land Disputes,,,,,5,251,source body not present in Phase 5C prepared drafts; SEO title requires RankMath/source preservation or rewrite; meta description requires RankMath/source preservation or rewrite; image recovery/fallback required,not restored,/resources/blog/3-proven-steps-on-how-to-rolve-land-disputes,no,no,no,3-proven-steps-on-how-to-rolve-land-disputes,not approved,,excluded while hidden,pending,pending lawyer review,source body not present in Phase 5C prepared drafts; SEO title requires RankMath/source preservation or rewrite; meta description requires RankMath/source preservation or rewrite; image recovery/fallback required
973,,https://chamanlawfirm.com/marriage-annulment-in-nigeria-how-to-legally-void-a-marriage/,marriage-annulment-in-nigeria-how-to-legally-void-a-marriage,Marriage Annulment In Nigeria How To Legally Void A Marriage,,,,,5,247,source body not present in Phase 5C prepared drafts; SEO title requires RankMath/source preservation or rewrite; meta description requires RankMath/source preservation or rewrite; image recovery/fallback required,not restored,/resources/blog/marriage-annulment-in-nigeria-how-to-legally-void-a-marriage,no,no,no,marriage-annulment-in-nigeria-how-to-legally-void-a-marriage,not approved,,excluded while hidden,pending,pending lawyer review,source body not present in Phase 5C prepared drafts; SEO title requires RankMath/source preservation or rewrite; meta description requires RankMath/source preservation or rewrite; image recovery/fallback required
974,,https://chamanlawfirm.com/top-5-intellectual-property-enforcement-stra/,top-5-intellectual-property-enforcement-stra,Top 5 Intellectual Property Enforcement Stra,,,,,5,237,source body not present in Phase 5C prepared drafts; SEO title requires RankMath/source preservation or rewrite; meta description requires RankMath/source preservation or rewrite; image recovery/fallback required,not restored,/resources/blog/top-5-intellectual-property-enforcement-stra,no,no,no,top-5-intellectual-property-enforcement-stra,not approved,,excluded while hidden,pending,pending lawyer review,source body not present in Phase 5C prepared drafts; SEO title requires RankMath/source preservation or rewrite; meta description requires RankMath/source preservation or rewrite; image recovery/fallback required
975,,https://chamanlawfirm.com/professional-certification/,professional-certification,Professional Certification,,,,,5,235,source body not present in Phase 5C prepared drafts; SEO title requires RankMath/source preservation or rewrite; meta description requires RankMath/source preservation or rewrite; image recovery/fallback required,not restored,/resources/blog/professional-certification,no,no,no,professional-certification,not approved,,excluded while hidden,pending,not required unless revived,source body not present in Phase 5C prepared drafts; SEO title requires RankMath/source preservation or rewrite; meta description requires RankMath/source preservation or rewrite; image recovery/fallback required
976,,https://chamanlawfirm.com/why-is-public-awareness-important-for-land-ownership-and-titles-in-nigeria/,why-is-public-awareness-important-for-land-ownership-and-titles-in-nigeria,Why Is Public Awareness Important For Land Ownership And Titles In Nigeria,,,,,5,204,source body not present in Phase 5C prepared drafts; SEO title requires RankMath/source preservation or rewrite; meta description requires RankMath/source preservation or rewrite; image recovery/fallback required,not restored,/resources/blog/why-is-public-awareness-important-for-land-ownership-and-titles-in-nigeria,no,no,no,why-is-public-awareness-important-for-land-ownership-and-titles-in-nigeria,not approved,,excluded while hidden,pending,pending lawyer review,source body not present in Phase 5C prepared drafts; SEO title requires RankMath/source preservation or rewrite; meta description requires RankMath/source preservation or rewrite; image recovery/fallback required
977,,https://chamanlawfirm.com/what-documents-should-i-check-before-purchasing-land-in-ogun-state/,what-documents-should-i-check-before-purchasing-land-in-ogun-state,What Documents Should I Check Before Purchasing Land In Ogun State,,,,,5,199,source body not present in Phase 5C prepared drafts; SEO title requires RankMath/source preservation or rewrite; meta description requires RankMath/source preservation or rewrite; image recovery/fallback required,not restored,/resources/blog/what-documents-should-i-check-before-purchasing-land-in-ogun-state,no,no,no,what-documents-should-i-check-before-purchasing-land-in-ogun-state,not approved,,excluded while hidden,pending,pending lawyer review,source body not present in Phase 5C prepared drafts; SEO title requires RankMath/source preservation or rewrite; meta description requires RankMath/source preservation or rewrite; image recovery/fallback required
978,,https://chamanlawfirm.com/data-misuse-data-theft-protection-in-nigeria/,data-misuse-data-theft-protection-in-nigeria,Data Misuse Data Theft Protection In Nigeria,,,,,5,166,source body not present in Phase 5C prepared drafts; SEO title requires RankMath/source preservation or rewrite; meta description requires RankMath/source preservation or rewrite; image recovery/fallback required,not restored,/resources/blog/data-misuse-data-theft-protection-in-nigeria,no,no,no,data-misuse-data-theft-protection-in-nigeria,not approved,,excluded while hidden,pending,not required unless revived,source body not present in Phase 5C prepared drafts; SEO title requires RankMath/source preservation or rewrite; meta description requires RankMath/source preservation or rewrite; image recovery/fallback required
979,,https://chamanlawfirm.com/steps-to-understanding-financial-crimes/,steps-to-understanding-financial-crimes,Steps To Understanding Financial Crimes,,,,,5,155,source body not present in Phase 5C prepared drafts; SEO title requires RankMath/source preservation or rewrite; meta description requires RankMath/source preservation or rewrite; image recovery/fallback required,not restored,/resources/blog/steps-to-understanding-financial-crimes,no,no,no,steps-to-understanding-financial-crimes,not approved,,excluded while hidden,pending,pending lawyer review,source body not present in Phase 5C prepared drafts; SEO title requires RankMath/source preservation or rewrite; meta description requires RankMath/source preservation or rewrite; image recovery/fallback required
980,,https://chamanlawfirm.com/disadvantages-of-not-getting-a-business-permit-in-lagos/,disadvantages-of-not-getting-a-business-permit-in-lagos,Disadvantages Of Not Getting A Business Permit In Lagos,,,,,5,96,source body not present in Phase 5C prepared drafts; SEO title requires RankMath/source preservation or rewrite; meta description requires RankMath/source preservation or rewrite; image recovery/fallback required,not restored,/resources/blog/disadvantages-of-not-getting-a-business-permit-in-lagos,no,no,no,disadvantages-of-not-getting-a-business-permit-in-lagos,not approved,,excluded while hidden,pending,pending lawyer review,source body not present in Phase 5C prepared drafts; SEO title requires RankMath/source preservation or rewrite; meta description requires RankMath/source preservation or rewrite; image recovery/fallback required
981,,https://chamanlawfirm.com/category/top-law-firm-blog/page/2/,2,Blog,,,,,5,18,source body not present in Phase 5C prepared drafts; SEO title requires RankMath/source preservation or rewrite; meta description requires RankMath/source preservation or rewrite; image recovery/fallback required; redirect planning only; do not publish as article without equivalent content,not restored,/resources/blog,no,no,no,2,not approved,,excluded while hidden,pending,not required unless revived,source body not present in Phase 5C prepared drafts; SEO title requires RankMath/source preservation or rewrite; meta description requires RankMath/source preservation or rewrite; image recovery/fallback required; redirect planning only; do not publish as article without equivalent content
982,,https://chamanlawfirm.com/beyond-the-spin-elevate-your-play-with-thousands-2/,beyond-the-spin-elevate-your-play-with-thousands-2,Beyond The Spin Elevate Your Play With Thousands 2,,,,,5,11,source body not present in Phase 5C prepared drafts; SEO title requires RankMath/source preservation or rewrite; meta description requires RankMath/source preservation or rewrite; image recovery/fallback required,not restored,/resources/blog/beyond-the-spin-elevate-your-play-with-thousands-2,no,no,no,beyond-the-spin-elevate-your-play-with-thousands-2,not approved,,excluded while hidden,pending,not required unless revived,source body not present in Phase 5C prepared drafts; SEO title requires RankMath/source preservation or rewrite; meta description requires RankMath/source preservation or rewrite; image recovery/fallback required
983,,https://chamanlawfirm.com/nigerian-visa-requirements-and-legal-guide/,nigerian-visa-requirements-and-legal-guide,Nigerian Visa Requirements And Legal Guide,,,,,4,3745,source body not present in Phase 5C prepared drafts; SEO title requires RankMath/source preservation or rewrite; meta description requires RankMath/source preservation or rewrite; image recovery/fallback required,not restored,/resources/blog/nigerian-visa-requirements-and-legal-guide,no,no,no,nigerian-visa-requirements-and-legal-guide,not approved,,excluded while hidden,pending,pending lawyer review,source body not present in Phase 5C prepared drafts; SEO title requires RankMath/source preservation or rewrite; meta description requires RankMath/source preservation or rewrite; image recovery/fallback required
984,,https://chamanlawfirm.com/does-a-consumer-has-rights-in-nigeria/,does-a-consumer-has-rights-in-nigeria,Does A Consumer Has Rights In Nigeria,,,,,4,2661,source body not present in Phase 5C prepared drafts; SEO title requires RankMath/source preservation or rewrite; meta description requires RankMath/source preservation or rewrite; image recovery/fallback required,not restored,/resources/blog/does-a-consumer-has-rights-in-nigeria,no,no,no,does-a-consumer-has-rights-in-nigeria,not approved,,excluded while hidden,pending,pending lawyer review,source body not present in Phase 5C prepared drafts; SEO title requires RankMath/source preservation or rewrite; meta description requires RankMath/source preservation or rewrite; image recovery/fallback required
985,,https://chamanlawfirm.com/review-of-corporate-affairs-commission-share-capital-for-company-registration-in-nigeria/,review-of-corporate-affairs-commission-share-capital-for-company-registration-in-nigeria,Review Of Corporate Affairs Commission Share Capital For Company Registration In Nigeria,,,,,4,2565,source body not present in Phase 5C prepared drafts; SEO title requires RankMath/source preservation or rewrite; meta description requires RankMath/source preservation or rewrite; image recovery/fallback required,not restored,/resources/blog/review-of-corporate-affairs-commission-share-capital-for-company-registration-in-nigeria,no,no,no,review-of-corporate-affairs-commission-share-capital-for-company-registration-in-nigeria,not approved,,excluded while hidden,pending,pending lawyer review,source body not present in Phase 5C prepared drafts; SEO title requires RankMath/source preservation or rewrite; meta description requires RankMath/source preservation or rewrite; image recovery/fallback required
986,,https://chamanlawfirm.com/discrimination-and-xenophobia-against-immigrants/,discrimination-and-xenophobia-against-immigrants,Discrimination And Xenophobia Against Immigrants,,,,,4,2517,source body not present in Phase 5C prepared drafts; SEO title requires RankMath/source preservation or rewrite; meta description requires RankMath/source preservation or rewrite; image recovery/fallback required,not restored,/resources/blog/discrimination-and-xenophobia-against-immigrants,no,no,no,discrimination-and-xenophobia-against-immigrants,not approved,,excluded while hidden,pending,pending lawyer review,source body not present in Phase 5C prepared drafts; SEO title requires RankMath/source preservation or rewrite; meta description requires RankMath/source preservation or rewrite; image recovery/fallback required
987,,https://chamanlawfirm.com/regulations-understanding-of-nigerian-employment/,regulations-understanding-of-nigerian-employment,Regulations Understanding Of Nigerian Employment,,,,,4,2317,source body not present in Phase 5C prepared drafts; SEO title requires RankMath/source preservation or rewrite; meta description requires RankMath/source preservation or rewrite; image recovery/fallback required; redirect planning only; do not publish as article without equivalent content,not restored,https://chamanlawfirm.com/regulations-understanding-of-nigerian-employment/,no,no,no,regulations-understanding-of-nigerian-employment,not approved,,excluded while hidden,pending,not required unless revived,source body not present in Phase 5C prepared drafts; SEO title requires RankMath/source preservation or rewrite; meta description requires RankMath/source preservation or rewrite; image recovery/fallback required; redirect planning only; do not publish as article without equivalent content
988,,https://chamanlawfirm.com/debt-recovery-and-consumer-protection-laws/,debt-recovery-and-consumer-protection-laws,Debt Recovery And Consumer Protection Laws,,,,,4,2128,source body not present in Phase 5C prepared drafts; SEO title requires RankMath/source preservation or rewrite; meta description requires RankMath/source preservation or rewrite; image recovery/fallback required,not restored,/resources/blog/debt-recovery-and-consumer-protection-laws,no,no,no,debt-recovery-and-consumer-protection-laws,not approved,,excluded while hidden,pending,pending lawyer review,source body not present in Phase 5C prepared drafts; SEO title requires RankMath/source preservation or rewrite; meta description requires RankMath/source preservation or rewrite; image recovery/fallback required
989,,https://chamanlawfirm.com/banking-and-finance-law-in-lagos/,banking-and-finance-law-in-lagos,Banking And Finance Law In Lagos,,,,,4,2115,source body not present in Phase 5C prepared drafts; SEO title requires RankMath/source preservation or rewrite; meta description requires RankMath/source preservation or rewrite; image recovery/fallback required,not restored,/resources/blog/banking-and-finance-law-in-lagos,no,no,no,banking-and-finance-law-in-lagos,not approved,,excluded while hidden,pending,pending lawyer review,source body not present in Phase 5C prepared drafts; SEO title requires RankMath/source preservation or rewrite; meta description requires RankMath/source preservation or rewrite; image recovery/fallback required
990,,https://chamanlawfirm.com/register-your-company-with-cac-in-nigeria/,register-your-company-with-cac-in-nigeria,Register Your Company With Cac In Nigeria,,,,,4,1851,source body not present in Phase 5C prepared drafts; SEO title requires RankMath/source preservation or rewrite; meta description requires RankMath/source preservation or rewrite; image recovery/fallback required,not restored,/resources/blog/register-your-company-with-cac-in-nigeria,no,no,no,register-your-company-with-cac-in-nigeria,not approved,,excluded while hidden,pending,pending lawyer review,source body not present in Phase 5C prepared drafts; SEO title requires RankMath/source preservation or rewrite; meta description requires RankMath/source preservation or rewrite; image recovery/fallback required
991,,https://chamanlawfirm.com/how-to-navigate-the-federal-high-court/,how-to-navigate-the-federal-high-court,How To Navigate The Federal High Court,,,,,4,1765,source body not present in Phase 5C prepared drafts; SEO title requires RankMath/source preservation or rewrite; meta description requires RankMath/source preservation or rewrite; image recovery/fallback required; redirect planning only; do not publish as article without equivalent content,not restored,https://chamanlawfirm.com/how-to-navigate-the-federal-high-court/,no,no,no,how-to-navigate-the-federal-high-court,not approved,,excluded while hidden,pending,not required unless revived,source body not present in Phase 5C prepared drafts; SEO title requires RankMath/source preservation or rewrite; meta description requires RankMath/source preservation or rewrite; image recovery/fallback required; redirect planning only; do not publish as article without equivalent content
992,,https://chamanlawfirm.com/roles-of-a-mediator/,roles-of-a-mediator,Roles Of A Mediator,,,,,4,1584,source body not present in Phase 5C prepared drafts; SEO title requires RankMath/source preservation or rewrite; meta description requires RankMath/source preservation or rewrite; image recovery/fallback required,not restored,/resources/blog/roles-of-a-mediator,no,no,no,roles-of-a-mediator,not approved,,excluded while hidden,pending,pending lawyer review,source body not present in Phase 5C prepared drafts; SEO title requires RankMath/source preservation or rewrite; meta description requires RankMath/source preservation or rewrite; image recovery/fallback required
993,,https://chamanlawfirm.com/corporate-affairs-commission-and-its-functions-in-nigeria/,corporate-affairs-commission-and-its-functions-in-nigeria,Corporate Affairs Commission And Its Functions In Nigeria,,,,,4,1281,source body not present in Phase 5C prepared drafts; SEO title requires RankMath/source preservation or rewrite; meta description requires RankMath/source preservation or rewrite; image recovery/fallback required,not restored,/resources/blog/corporate-affairs-commission-and-its-functions-in-nigeria,no,no,no,corporate-affairs-commission-and-its-functions-in-nigeria,not approved,,excluded while hidden,pending,pending lawyer review,source body not present in Phase 5C prepared drafts; SEO title requires RankMath/source preservation or rewrite; meta description requires RankMath/source preservation or rewrite; image recovery/fallback required
994,,https://chamanlawfirm.com/land-use-act-in-nigeria/,land-use-act-in-nigeria,Land Use Act In Nigeria,,,,,4,1225,source body not present in Phase 5C prepared drafts; SEO title requires RankMath/source preservation or rewrite; meta description requires RankMath/source preservation or rewrite; image recovery/fallback required,not restored,/resources/blog/land-use-act-in-nigeria,no,no,no,land-use-act-in-nigeria,not approved,,excluded while hidden,pending,pending lawyer review,source body not present in Phase 5C prepared drafts; SEO title requires RankMath/source preservation or rewrite; meta description requires RankMath/source preservation or rewrite; image recovery/fallback required
995,,https://chamanlawfirm.com/7-legal-advice-for-employee-misconduct-cases/,7-legal-advice-for-employee-misconduct-cases,7 Legal Advice For Employee Misconduct Cases,,,,,4,1096,source body not present in Phase 5C prepared drafts; SEO title requires RankMath/source preservation or rewrite; meta description requires RankMath/source preservation or rewrite; image recovery/fallback required,not restored,/resources/blog/7-legal-advice-for-employee-misconduct-cases,no,no,no,7-legal-advice-for-employee-misconduct-cases,not approved,,excluded while hidden,pending,pending lawyer review,source body not present in Phase 5C prepared drafts; SEO title requires RankMath/source preservation or rewrite; meta description requires RankMath/source preservation or rewrite; image recovery/fallback required
996,,https://chamanlawfirm.com/understanding-the-nigerian-tax-law-a-comprehensive-guide-for-individuals-and-businesses/,understanding-the-nigerian-tax-law-a-comprehensive-guide-for-individuals-and-businesses,Understanding The Nigerian Tax Law A Comprehensive Guide For Individuals And Businesses,,,,,4,1094,source body not present in Phase 5C prepared drafts; SEO title requires RankMath/source preservation or rewrite; meta description requires RankMath/source preservation or rewrite; image recovery/fallback required,not restored,/resources/blog/understanding-the-nigerian-tax-law-a-comprehensive-guide-for-individuals-and-businesses,no,no,no,understanding-the-nigerian-tax-law-a-comprehensive-guide-for-individuals-and-businesses,not approved,,excluded while hidden,pending,pending lawyer review,source body not present in Phase 5C prepared drafts; SEO title requires RankMath/source preservation or rewrite; meta description requires RankMath/source preservation or rewrite; image recovery/fallback required
997,,https://chamanlawfirm.com/powerful-ways-on-bail-applications/,powerful-ways-on-bail-applications,Powerful Ways On Bail Applications,,,,,4,1083,source body not present in Phase 5C prepared drafts; SEO title requires RankMath/source preservation or rewrite; meta description requires RankMath/source preservation or rewrite; image recovery/fallback required,not restored,/resources/blog/powerful-ways-on-bail-applications,no,no,no,powerful-ways-on-bail-applications,not approved,,excluded while hidden,pending,pending lawyer review,source body not present in Phase 5C prepared drafts; SEO title requires RankMath/source preservation or rewrite; meta description requires RankMath/source preservation or rewrite; image recovery/fallback required
998,,https://chamanlawfirm.com/obtain-a-certificate-of-occupancy-chaman-law/,obtain-a-certificate-of-occupancy-chaman-law,Obtain A Certificate Of Occupancy Chaman Law,,,,,4,1043,source body not present in Phase 5C prepared drafts; SEO title requires RankMath/source preservation or rewrite; meta description requires RankMath/source preservation or rewrite; image recovery/fallback required,not restored,/resources/blog/obtain-a-certificate-of-occupancy-chaman-law,no,no,no,obtain-a-certificate-of-occupancy-chaman-law,not approved,,excluded while hidden,pending,pending lawyer review,source body not present in Phase 5C prepared drafts; SEO title requires RankMath/source preservation or rewrite; meta description requires RankMath/source preservation or rewrite; image recovery/fallback required
999,,https://chamanlawfirm.com/ngos-in-supporting-immigrants-in-nigeria/,ngos-in-supporting-immigrants-in-nigeria,Ngos In Supporting Immigrants In Nigeria,,,,,4,1019,source body not present in Phase 5C prepared drafts; SEO title requires RankMath/source preservation or rewrite; meta description requires RankMath/source preservation or rewrite; image recovery/fallback required,not restored,/resources/blog/ngos-in-supporting-immigrants-in-nigeria,no,no,no,ngos-in-supporting-immigrants-in-nigeria,not approved,,excluded while hidden,pending,pending lawyer review,source body not present in Phase 5C prepared drafts; SEO title requires RankMath/source preservation or rewrite; meta description requires RankMath/source preservation or rewrite; image recovery/fallback required
1000,,https://chamanlawfirm.com/powerful-ways-on-property-ownership-in-nigeria/,powerful-ways-on-property-ownership-in-nigeria,Powerful Ways On Property Ownership In Nigeria,,,,,4,916,source body not present in Phase 5C prepared drafts; SEO title requires RankMath/source preservation or rewrite; meta description requires RankMath/source preservation or rewrite; image recovery/fallback required,not restored,/resources/blog/powerful-ways-on-property-ownership-in-nigeria,no,no,no,powerful-ways-on-property-ownership-in-nigeria,not approved,,excluded while hidden,pending,pending lawyer review,source body not present in Phase 5C prepared drafts; SEO title requires RankMath/source preservation or rewrite; meta description requires RankMath/source preservation or rewrite; image recovery/fallback required
