old URL,final URL,title,search intent answered early,H1,SEO title,meta description,canonical,internal links included,CTA included,image and alt text included,FAQ/short-answer section useful,keyword stuffing,unsupported legal claim,duplicate/cannibalization,sitemap inclusion,old URL redirect/canonical strategy,topic cluster/internal-link relevance,AEO readiness,GEO/local Nigerian legal relevance
https://chamanlawfirm.com/7-steps-on-how-to-use-small-claims-court,https://chamanlawfirm.com/resources/blog/7-steps-on-how-to-use-small-claims-court,7 Steps On How To Use Small Claims Court,reviewed; answer-first intro recommended where useful,7 Steps On How To Use Small Claims Court,7 Steps On How To Use Small Claims Court | Chaman Law Firm,"Introduction Debt recovery is a significant concern for individuals and businesses alike, particularly when the amounts involved are relatively small. Pursuing debt through traditional legal channels can be time-consum",https://chamanlawfirm.com/resources/blog/7-steps-on-how-to-use-small-claims-court,yes,yes via article template,no,recommended where legal risk stays low,none detected by automated scan,none detected,low automated risk,hidden until approval,https://chamanlawfirm.com/7-steps-on-how-to-use-small-claims-court -> https://chamanlawfirm.com/resources/blog/7-steps-on-how-to-use-small-claims-court after live QA,Litigation and dispute resolution,candidate,yes - Nigerian legal education framing
https://chamanlawfirm.com/legal-requirementsfor-registering-a-property,https://chamanlawfirm.com/resources/blog/legal-requirementsfor-registering-a-property,Legal Requirementsfor Registering A Property,reviewed; answer-first intro recommended where useful,Legal Requirementsfor Registering A Property,Legal Requirementsfor Registering A Property | Chaman Law Firm,Introduction Registering a property in Nigeria is a critical step for anyone venturing into real estate. This process goes beyond merely acquiring a property; it ensures your ownership is legally recognized and protect,https://chamanlawfirm.com/resources/blog/legal-requirementsfor-registering-a-property,yes,yes via article template,no,recommended where legal risk stays low,none detected by automated scan,review,low automated risk,hidden until approval,https://chamanlawfirm.com/legal-requirementsfor-registering-a-property -> https://chamanlawfirm.com/resources/blog/legal-requirementsfor-registering-a-property after live QA,Property And Real Estate Law,blocked,yes - Nigerian legal education framing
https://chamanlawfirm.com/cyber-crime-awareness-campaigns-10-powerful,https://chamanlawfirm.com/resources/blog/cyber-crime-awareness-campaigns-10-powerful,Cyber Crime Awareness Campaigns 10 Powerful,reviewed; answer-first intro recommended where useful,Cyber Crime Awareness Campaigns 10 Powerful,Cyber Crime Awareness Campaigns 10 Powerful | Chaman Law Firm,"Introduction In an age where our lives are increasingly intertwined with the digital realm, the threat of cyber crime looms large. Cyber criminals exploit vulnerabilities in technology to perpetrate a range of illegal",https://chamanlawfirm.com/resources/blog/cyber-crime-awareness-campaigns-10-powerful,yes,yes via article template,no,recommended where legal risk stays low,none detected by automated scan,none detected,low automated risk,hidden until approval,https://chamanlawfirm.com/cyber-crime-awareness-campaigns-10-powerful -> https://chamanlawfirm.com/resources/blog/cyber-crime-awareness-campaigns-10-powerful after live QA,Property And Real Estate Law,blocked,yes - Nigerian legal education framing
https://chamanlawfirm.com/inheritance-rights-under-ogun-customary-law,https://chamanlawfirm.com/resources/blog/inheritance-rights-under-ogun-customary-law,Inheritance Rights Under Ogun Customary Law,reviewed; answer-first intro recommended where useful,Inheritance Rights Under Ogun Customary Law,Inheritance Rights Under Ogun Customary Law | Chaman Law Firm,Curious about inheritance rights under customary law in Ogun State? Discover how property is shared and who qualifies as an heir under tradition.,https://chamanlawfirm.com/resources/blog/inheritance-rights-under-ogun-customary-law,yes,yes via article template,no,recommended where legal risk stays low,none detected by automated scan,none detected,low automated risk,hidden until approval,https://chamanlawfirm.com/inheritance-rights-under-ogun-customary-law -> https://chamanlawfirm.com/resources/blog/inheritance-rights-under-ogun-customary-law after live QA,Probate Estate Administration,candidate,yes - Nigerian legal education framing
https://chamanlawfirm.com/family-property-disputes-in-lagos,https://chamanlawfirm.com/resources/blog/family-property-disputes-in-lagos,Family Property Disputes In Lagos,reviewed; answer-first intro recommended where useful,Family Property Disputes In Lagos,Family Property Disputes In Lagos | Chaman Law Firm,"Family Property Disputes in Lagos: Learn the key legal principles that determine who can sell, manage, or claim family property / Chaman Law Firm",https://chamanlawfirm.com/resources/blog/family-property-disputes-in-lagos,needs enhancement,yes via article template,no,recommended where legal risk stays low,none detected by automated scan,none detected,low automated risk,hidden until approval,https://chamanlawfirm.com/family-property-disputes-in-lagos -> https://chamanlawfirm.com/resources/blog/family-property-disputes-in-lagos after live QA,Family Law,blocked,yes - Nigerian legal education framing
https://chamanlawfirm.com/defenses-and-bars-to-a-petition-for-divorce,https://chamanlawfirm.com/resources/blog/defenses-and-bars-to-a-petition-for-divorce,Defenses And Bars To A Petition For Divorce,reviewed; answer-first intro recommended where useful,Defenses And Bars To A Petition For Divorce,Defenses And Bars To A Petition For Divorce | Chaman Law Firm,"Defenses and Bars to a Petition for Divorce, the court has discretion whether or not to dissolve the marriage if one of the defenses....",https://chamanlawfirm.com/resources/blog/defenses-and-bars-to-a-petition-for-divorce,yes,yes via article template,no,recommended where legal risk stays low,none detected by automated scan,none detected,low automated risk,hidden until approval,https://chamanlawfirm.com/defenses-and-bars-to-a-petition-for-divorce -> https://chamanlawfirm.com/resources/blog/defenses-and-bars-to-a-petition-for-divorce after live QA,Family Law,blocked,yes - Nigerian legal education framing
https://chamanlawfirm.com/challenges-in-debt-recovery-and-solutions,https://chamanlawfirm.com/resources/blog/challenges-in-debt-recovery-and-solutions,Challenges In Debt Recovery And Solutions,reviewed; answer-first intro recommended where useful,Challenges In Debt Recovery And Solutions,Challenges In Debt Recovery And Solutions | Chaman Law Firm,"Challenges In Debt Recovery And Solutions Debt recovery is a critical function for businesses, particularly in maintaining cash flow and financial stability. However...",https://chamanlawfirm.com/resources/blog/challenges-in-debt-recovery-and-solutions,yes,yes via article template,no,recommended where legal risk stays low,none detected by automated scan,none detected,low automated risk,hidden until approval,https://chamanlawfirm.com/challenges-in-debt-recovery-and-solutions -> https://chamanlawfirm.com/resources/blog/challenges-in-debt-recovery-and-solutions after live QA,Debt recovery,candidate,yes - Nigerian legal education framing
https://chamanlawfirm.com/land-use-act-impact-land-ownership-and-titles,https://chamanlawfirm.com/resources/blog/land-use-act-impact-land-ownership-and-titles,Land Use Act Impact Land Ownership And Titles,reviewed; answer-first intro recommended where useful,Land Use Act Impact Land Ownership And Titles,Land Use Act Impact Land Ownership And Titles | Chaman Law Firm,"Explore how the Land Use Act Impact Land Ownership and Titles in Nigeria, including rights, government control, and legal implications for owners.",https://chamanlawfirm.com/resources/blog/land-use-act-impact-land-ownership-and-titles,needs enhancement,yes via article template,no,recommended where legal risk stays low,none detected by automated scan,none detected,low automated risk,hidden until approval,https://chamanlawfirm.com/land-use-act-impact-land-ownership-and-titles -> https://chamanlawfirm.com/resources/blog/land-use-act-impact-land-ownership-and-titles after live QA,Property And Real Estate Law,blocked,yes - Nigerian legal education framing
https://chamanlawfirm.com/filing-for-divorce-in-nigeria-a-comprehen,https://chamanlawfirm.com/resources/blog/filing-for-divorce-in-nigeria-a-comprehen,Filing For Divorce In Nigeria A Comprehen,reviewed; answer-first intro recommended where useful,Filing For Divorce In Nigeria A Comprehen,Filing For Divorce In Nigeria A Comprehen | Chaman Law Firm,"Introduction Divorce is a legal process that involves the dissolution of marriage, a step many consider only after careful thought due to its emotional, financial, and social implications. In Nigeria, divorce cases are",https://chamanlawfirm.com/resources/blog/filing-for-divorce-in-nigeria-a-comprehen,yes,yes via article template,no,recommended where legal risk stays low,none detected by automated scan,none detected,low automated risk,hidden until approval,https://chamanlawfirm.com/filing-for-divorce-in-nigeria-a-comprehen -> https://chamanlawfirm.com/resources/blog/filing-for-divorce-in-nigeria-a-comprehen after live QA,Family Law,blocked,yes - Nigerian legal education framing
https://chamanlawfirm.com/registering-a-private-security-company,https://chamanlawfirm.com/resources/blog/registering-a-private-security-company,Registering A Private Security Company,reviewed; answer-first intro recommended where useful,Registering A Private Security Company,Registering A Private Security Company | Chaman Law Firm,"Register your private security company in Nigeria legally. Learn about CAC registration, NSCDC licensing, compliance, and regulatory requirements.",https://chamanlawfirm.com/resources/blog/registering-a-private-security-company,yes,yes via article template,no,recommended where legal risk stays low,none detected by automated scan,none detected,review redirect conflict,hidden until approval,keep existing /practice-areas/corporate-commercial-law,Corporate & Commercial Law,blocked,yes - Nigerian legal education framing
https://chamanlawfirm.com/powerful-steps-grant-of-probate-in-lagos-state,https://chamanlawfirm.com/resources/blog/powerful-steps-grant-of-probate-in-lagos-state,Powerful Steps Grant Of Probate In Lagos State,reviewed; answer-first intro recommended where useful,Powerful Steps Grant Of Probate In Lagos State,Powerful Steps Grant Of Probate In Lagos State | Chaman Law Firm,"Understand the process of obtaining a grant of probate in Lagos State, including steps, estate administration, and guidance from Chaman Law Firm.",https://chamanlawfirm.com/resources/blog/powerful-steps-grant-of-probate-in-lagos-state,needs enhancement,yes via article template,no,recommended where legal risk stays low,none detected by automated scan,none detected,low automated risk,hidden until approval,https://chamanlawfirm.com/powerful-steps-grant-of-probate-in-lagos-state -> https://chamanlawfirm.com/resources/blog/powerful-steps-grant-of-probate-in-lagos-state after live QA,Probate Estate Administration,blocked,yes - Nigerian legal education framing
https://chamanlawfirm.com/family-disputes-with-international-dimension,https://chamanlawfirm.com/resources/blog/family-disputes-with-international-dimension,Family Disputes With International Dimension,reviewed; answer-first intro recommended where useful,Family Disputes With International Dimension,Family Disputes With International Dimension | Chaman Law Firm,"Family Disputes With International Dimension Another critical area for improvement lies in public education and legal awareness. Many Nigerian citizens, both at home and...",https://chamanlawfirm.com/resources/blog/family-disputes-with-international-dimension,yes,yes via article template,no,recommended where legal risk stays low,none detected by automated scan,none detected,low automated risk,hidden until approval,https://chamanlawfirm.com/family-disputes-with-international-dimension -> https://chamanlawfirm.com/resources/blog/family-disputes-with-international-dimension after live QA,Family Law,blocked,yes - Nigerian legal education framing
https://chamanlawfirm.com/navigating-the-probate-registry-in-ogun-state,https://chamanlawfirm.com/resources/blog/navigating-the-probate-registry-in-ogun-state,Navigating the Probate Registry in Ogun State,reviewed; answer-first intro recommended where useful,Navigating the Probate Registry in Ogun State,Navigating the Probate Registry in Ogun State | Chaman Law Firm,"Navigating the Probate Registry in Ogun State with expert legal support. Chaman Law Firm assists with probate, wills, and estate documentation.",https://chamanlawfirm.com/resources/blog/navigating-the-probate-registry-in-ogun-state,yes,yes via article template,yes,recommended where legal risk stays low,none detected by automated scan,none detected,low automated risk,public,https://chamanlawfirm.com/navigating-the-probate-registry-in-ogun-state -> https://chamanlawfirm.com/resources/blog/navigating-the-probate-registry-in-ogun-state after live QA,Probate Estate Administration,candidate,yes - Nigerian legal education framing
https://chamanlawfirm.com/how-to-verify-property-titles-in-nigeria,https://chamanlawfirm.com/resources/blog/how-to-verify-property-titles-in-nigeria,How to Verify Property Titles in Nigeria,reviewed; answer-first intro recommended where useful,How to Verify Property Titles in Nigeria,How to Verify Property Titles in Nigeria | Chaman Law Firm,Learn how to verify property titles in Nigeria before buying land or property. Avoid scams and secure your investment with this legal step-by-step. . .,https://chamanlawfirm.com/resources/blog/how-to-verify-property-titles-in-nigeria,yes,yes via article template,yes,recommended where legal risk stays low,none detected by automated scan,none detected,low automated risk,public,https://chamanlawfirm.com/how-to-verify-property-titles-in-nigeria -> https://chamanlawfirm.com/resources/blog/how-to-verify-property-titles-in-nigeria after live QA,Property And Real Estate Law,blocked,yes - Nigerian legal education framing
https://chamanlawfirm.com/division-in-divorce-proceedings,https://chamanlawfirm.com/resources/blog/division-in-divorce-proceedings,Division of Property in Divorce Proceedings in Nigeria,reviewed; answer-first intro recommended where useful,Division of Property in Divorce Proceedings in Nigeria,Division of Property in Divorce Proceedings in Nigeria | Chaman Law Firm,"Divorce is a complex process, and one of the most contentious aspects often involves the division of property. In Nigeria, property division during divorce proceedings can be particularly intricate due to varying laws,",https://chamanlawfirm.com/resources/blog/division-in-divorce-proceedings,yes,yes via article template,yes,recommended where legal risk stays low,none detected by automated scan,none detected,low automated risk,public,https://chamanlawfirm.com/division-in-divorce-proceedings -> https://chamanlawfirm.com/resources/blog/division-in-divorce-proceedings after live QA,Family Law,candidate,yes - Nigerian legal education framing
https://chamanlawfirm.com/how-to-verify-a-propertys-survey-plan-in-lagos,https://chamanlawfirm.com/resources/blog/how-to-verify-a-propertys-survey-plan-in-lagos,How To Verify A Propertys Survey Plan In Lagos,reviewed; answer-first intro recommended where useful,How To Verify A Propertys Survey Plan In Lagos,How To Verify A Propertys Survey Plan In Lagos | Chaman Law Firm,How to Verify a Property’s Survey Plan -,https://chamanlawfirm.com/resources/blog/how-to-verify-a-propertys-survey-plan-in-lagos,yes,yes via article template,no,recommended where legal risk stays low,none detected by automated scan,none detected,low automated risk,hidden until approval,https://chamanlawfirm.com/how-to-verify-a-propertys-survey-plan-in-lagos -> https://chamanlawfirm.com/resources/blog/how-to-verify-a-propertys-survey-plan-in-lagos after live QA,Property And Real Estate Law,candidate,yes - Nigerian legal education framing
https://chamanlawfirm.com/calculate-land-use-charge-chaman-law-firm,https://chamanlawfirm.com/resources/blog/calculate-land-use-charge-chaman-law-firm,How to Calculate Land Use Charge in Nigeria,reviewed; answer-first intro recommended where useful,How to Calculate Land Use Charge in Nigeria,How to Calculate Land Use Charge in Nigeria | Chaman Law Firm,Learn how to calculate Land Use Charge in Ogun State- the key components of the charge and applicable rates from Chaman Law Firm,https://chamanlawfirm.com/resources/blog/calculate-land-use-charge-chaman-law-firm,yes,yes via article template,yes,recommended where legal risk stays low,none detected by automated scan,none detected,low automated risk,public,https://chamanlawfirm.com/calculate-land-use-charge-chaman-law-firm -> https://chamanlawfirm.com/resources/blog/calculate-land-use-charge-chaman-law-firm after live QA,Property And Real Estate Law,blocked,yes - Nigerian legal education framing
https://chamanlawfirm.com/how-does-the-land-use-act-involve-the-surveyor-generals-office,https://chamanlawfirm.com/resources/blog/how-does-the-land-use-act-involve-the-surveyor-generals-office,How Does The Land Use Act Involve The Surveyor Generals Office,reviewed; answer-first intro recommended where useful,How Does The Land Use Act Involve The Surveyor Generals Office,How Does The Land Use Act Involve The Surveyor Generals Office | Chaman Law Firm,"The Land Use Act of 1978 is a significant piece of legislation in Nigeria, governing land ownership, allocation, and use. It outlines a comprehensive framework for land administration and provides for the establishment",https://chamanlawfirm.com/resources/blog/how-does-the-land-use-act-involve-the-surveyor-generals-office,yes,yes via article template,no,recommended where legal risk stays low,none detected by automated scan,none detected,low automated risk,hidden until approval,https://chamanlawfirm.com/how-does-the-land-use-act-involve-the-surveyor-generals-office -> https://chamanlawfirm.com/resources/blog/how-does-the-land-use-act-involve-the-surveyor-generals-office after live QA,Property And Real Estate Law,blocked,yes - Nigerian legal education framing
https://chamanlawfirm.com/strategies-to-handle-a-bad-tenant-legally,https://chamanlawfirm.com/resources/blog/strategies-to-handle-a-bad-tenant-legally,Legal Strategies for Handling Difficult Tenants in Nigeria,reviewed; answer-first intro recommended where useful,Legal Strategies for Handling Difficult Tenants in Nigeria,Legal Strategies for Handling Difficult Tenants in Nigeria | Chaman Law Firm,"Introduction As a landlord in Lagos, one of the most challenging scenarios you may encounter is dealing with a bad tenant. From unpaid rent to property damage or even illegal activities on the premises, troublesome ten",https://chamanlawfirm.com/resources/blog/strategies-to-handle-a-bad-tenant-legally,yes,yes via article template,yes,recommended where legal risk stays low,none detected by automated scan,none detected,low automated risk,public,https://chamanlawfirm.com/strategies-to-handle-a-bad-tenant-legally -> https://chamanlawfirm.com/resources/blog/strategies-to-handle-a-bad-tenant-legally after live QA,Property And Real Estate Law,blocked,yes - Nigerian legal education framing
https://chamanlawfirm.com/verify-land-titles-before-buying-property,https://chamanlawfirm.com/resources/blog/verify-land-titles-before-buying-property,How to Verify Land Titles Before Buying Property,reviewed; answer-first intro recommended where useful,How to Verify Land Titles Before Buying Property,How to Verify Land Titles Before Buying Property | Chaman Law Firm,Verify land titles before buying property in Lekki. Chaman Law Firm offers expert legal guidance to ensure safe and secure real estate transactions.,https://chamanlawfirm.com/resources/blog/verify-land-titles-before-buying-property,needs enhancement,yes via article template,yes,recommended where legal risk stays low,none detected by automated scan,none detected,low automated risk,public,https://chamanlawfirm.com/verify-land-titles-before-buying-property -> https://chamanlawfirm.com/resources/blog/verify-land-titles-before-buying-property after live QA,Property And Real Estate Law,blocked,yes - Nigerian legal education framing
https://chamanlawfirm.com/business-registration-process-in-lagosa-com,https://chamanlawfirm.com/resources/blog/business-registration-process-in-lagosa-com,Business Registration Process in Lagos,reviewed; answer-first intro recommended where useful,Business Registration Process in Lagos,Business Registration Process in Lagos | Chaman Law Firm,"Introduction Starting a business in Lagos, Nigeria's economic hub, offers immense opportunities but also requires adherence to specific regulatory processes. Registering your business is a crucial step that legitimizes",https://chamanlawfirm.com/resources/blog/business-registration-process-in-lagosa-com,yes,yes via article template,yes,recommended where legal risk stays low,none detected by automated scan,none detected,low automated risk,public,https://chamanlawfirm.com/business-registration-process-in-lagosa-com -> https://chamanlawfirm.com/resources/blog/business-registration-process-in-lagosa-com after live QA,Corporate & Commercial Law,candidate,yes - Nigerian legal education framing
https://chamanlawfirm.com/difference-between-excision-gazette-c-of-o,https://chamanlawfirm.com/resources/blog/difference-between-excision-gazette-c-of-o,"Difference Between Excision, Gazette and Certificate of Occupancy",reviewed; answer-first intro recommended where useful,"Difference Between Excision, Gazette and Certificate of Occupancy","Difference Between Excision, Gazette and Certificate of Occupancy | Chaman Law Firm","Learn difference between Excision, Gazette, C of O and Governor’s Consent in Lekki properties. Chaman Law Firm provides expert legal guidance.",https://chamanlawfirm.com/resources/blog/difference-between-excision-gazette-c-of-o,yes,yes via article template,yes,recommended where legal risk stays low,none detected by automated scan,none detected,low automated risk,public,https://chamanlawfirm.com/difference-between-excision-gazette-c-of-o -> https://chamanlawfirm.com/resources/blog/difference-between-excision-gazette-c-of-o after live QA,Property And Real Estate Law,blocked,yes - Nigerian legal education framing
https://chamanlawfirm.com/family-courts-and-specialized-tribunals,https://chamanlawfirm.com/resources/blog/family-courts-and-specialized-tribunals,Family Courts And Specialized Tribunals,reviewed; answer-first intro recommended where useful,Family Courts And Specialized Tribunals,Family Courts And Specialized Tribunals | Chaman Law Firm,Family Courts And Specialized Tribunals One of the principal motivations behind the establishment of both Family Courts and Specialized Tribunals is the realization...,https://chamanlawfirm.com/resources/blog/family-courts-and-specialized-tribunals,yes,yes via article template,no,recommended where legal risk stays low,none detected by automated scan,none detected,low automated risk,hidden until approval,https://chamanlawfirm.com/family-courts-and-specialized-tribunals -> https://chamanlawfirm.com/resources/blog/family-courts-and-specialized-tribunals after live QA,Family Law,blocked,yes - Nigerian legal education framing
https://chamanlawfirm.com/9-cyber-crime-prosecution-breakthrough-ch,https://chamanlawfirm.com/resources/blog/9-cyber-crime-prosecution-breakthrough-ch,Cybercrime Prosecution in Nigeria,reviewed; answer-first intro recommended where useful,Cybercrime Prosecution in Nigeria,Cybercrime Prosecution in Nigeria | Chaman Law Firm,"Introduction Cybercrime, a rapidly evolving facet of the global crime landscape, poses significant threats to individuals, businesses, and governments alike. In Nigeria, the rise of cybercrime has been meteoric, with t",https://chamanlawfirm.com/resources/blog/9-cyber-crime-prosecution-breakthrough-ch,yes,yes via article template,yes,recommended where legal risk stays low,none detected by automated scan,none detected,low automated risk,public,https://chamanlawfirm.com/9-cyber-crime-prosecution-breakthrough-ch -> https://chamanlawfirm.com/resources/blog/9-cyber-crime-prosecution-breakthrough-ch after live QA,Property And Real Estate Law,blocked,yes - Nigerian legal education framing
https://chamanlawfirm.com/regarding-the-custody-of-a-child,https://chamanlawfirm.com/resources/blog/regarding-the-custody-of-a-child,Regarding The Custody Of A Child,reviewed; answer-first intro recommended where useful,Regarding The Custody Of A Child,Regarding The Custody Of A Child | Chaman Law Firm,"the discretionary powers of the court Regarding the Custody of a Child, including factors considered and legal framework under Nigerian law",https://chamanlawfirm.com/resources/blog/regarding-the-custody-of-a-child,yes,yes via article template,no,recommended where legal risk stays low,none detected by automated scan,none detected,low automated risk,hidden until approval,https://chamanlawfirm.com/regarding-the-custody-of-a-child -> https://chamanlawfirm.com/resources/blog/regarding-the-custody-of-a-child after live QA,Family Law,blocked,yes - Nigerian legal education framing
https://chamanlawfirm.com/real-estate-title-frauds-in-nigeria,https://chamanlawfirm.com/resources/blog/real-estate-title-frauds-in-nigeria,Real Estate Title Frauds In Nigeria,reviewed; answer-first intro recommended where useful,Real Estate Title Frauds In Nigeria,Real Estate Title Frauds In Nigeria | Chaman Law Firm,HOW TO AVOID TITLE FRAUDS IN NIGERIA'S REAL ESTATE SECTOR,https://chamanlawfirm.com/resources/blog/real-estate-title-frauds-in-nigeria,yes,yes via article template,no,recommended where legal risk stays low,none detected by automated scan,none detected,low automated risk,hidden until approval,https://chamanlawfirm.com/real-estate-title-frauds-in-nigeria -> https://chamanlawfirm.com/resources/blog/real-estate-title-frauds-in-nigeria after live QA,Probate Estate Administration,candidate,yes - Nigerian legal education framing
https://chamanlawfirm.com/dealing-with-abadtenantinlagos-for-landlords,https://chamanlawfirm.com/resources/blog/dealing-with-abadtenantinlagos-for-landlords,Dealing With Abadtenantinlagos For Landlords,reviewed; answer-first intro recommended where useful,Dealing With Abadtenantinlagos For Landlords,Dealing With Abadtenantinlagos For Landlords | Chaman Law Firm,"Introduction As a landlord in Lagos State, there’s no doubt that renting out property can come with its fair share of challenges. Among the most frustrating experiences is dealing with bad tenants—those who refuse to p",https://chamanlawfirm.com/resources/blog/dealing-with-abadtenantinlagos-for-landlords,yes,yes via article template,no,recommended where legal risk stays low,none detected by automated scan,none detected,low automated risk,hidden until approval,https://chamanlawfirm.com/dealing-with-abadtenantinlagos-for-landlords -> https://chamanlawfirm.com/resources/blog/dealing-with-abadtenantinlagos-for-landlords after live QA,Property And Real Estate Law,blocked,yes - Nigerian legal education framing
https://chamanlawfirm.com/how-to-perfect-a-property-title-in-nigeria,https://chamanlawfirm.com/resources/blog/how-to-perfect-a-property-title-in-nigeria,How to Perfect a Property Title in Nigeria,reviewed; answer-first intro recommended where useful,How to Perfect a Property Title in Nigeria,How to Perfect a Property Title in Nigeria | Chaman Law Firm,"Introduction Property ownership in Nigeria is a valuable investment, but the journey doesn’t end with the purchase. To secure your ownership rights and ensure your property remains free from disputes or claims, you mus",https://chamanlawfirm.com/resources/blog/how-to-perfect-a-property-title-in-nigeria,yes,yes via article template,yes,recommended where legal risk stays low,none detected by automated scan,none detected,low automated risk,public,https://chamanlawfirm.com/how-to-perfect-a-property-title-in-nigeria -> https://chamanlawfirm.com/resources/blog/how-to-perfect-a-property-title-in-nigeria after live QA,Property And Real Estate Law,blocked,yes - Nigerian legal education framing
https://chamanlawfirm.com/criteria-for-patent-in-nigeria,https://chamanlawfirm.com/resources/blog/criteria-for-patent-in-nigeria,Criteria for Patent Protection in Nigeria,reviewed; answer-first intro recommended where useful,Criteria for Patent Protection in Nigeria,Criteria for Patent Protection in Nigeria | Chaman Law Firm,"CRITERIA FOR PATENT IN NIGERIA, A patent is a government authority or license transferring an exclusive right or title for an invention for a",https://chamanlawfirm.com/resources/blog/criteria-for-patent-in-nigeria,yes,yes via article template,yes,recommended where legal risk stays low,none detected by automated scan,none detected,low automated risk,public,https://chamanlawfirm.com/criteria-for-patent-in-nigeria -> https://chamanlawfirm.com/resources/blog/criteria-for-patent-in-nigeria after live QA,Property And Real Estate Law,blocked,yes - Nigerian legal education framing
https://chamanlawfirm.com/what-are-the-penalties-for-fake-land-documents,https://chamanlawfirm.com/resources/blog/what-are-the-penalties-for-fake-land-documents,Penalties for Fake Land Documents in Nigeria,reviewed; answer-first intro recommended where useful,Penalties for Fake Land Documents in Nigeria,Penalties for Fake Land Documents in Nigeria | Chaman Law Firm,Legal consequences of using fake land documents in Ogun State. Learn the applicable penalties and how to protect yourself from real estate fraud.,https://chamanlawfirm.com/resources/blog/what-are-the-penalties-for-fake-land-documents,needs enhancement,yes via article template,yes,recommended where legal risk stays low,none detected by automated scan,none detected,low automated risk,public,https://chamanlawfirm.com/what-are-the-penalties-for-fake-land-documents -> https://chamanlawfirm.com/resources/blog/what-are-the-penalties-for-fake-land-documents after live QA,Notary Public,blocked,yes - Nigerian legal education framing
https://chamanlawfirm.com/estate-administration-in-lagos-state,https://chamanlawfirm.com/resources/blog/estate-administration-in-lagos-state,Estate Administration in Lagos State,reviewed; answer-first intro recommended where useful,Estate Administration in Lagos State,Estate Administration in Lagos State | Chaman Law Firm,"Estate administration in Lagos State, covering probate process, asset distribution, and compliance with support from Chaman Law Firm",https://chamanlawfirm.com/resources/blog/estate-administration-in-lagos-state,needs enhancement,yes via article template,yes,recommended where legal risk stays low,none detected by automated scan,review,low automated risk,public,https://chamanlawfirm.com/estate-administration-in-lagos-state -> https://chamanlawfirm.com/resources/blog/estate-administration-in-lagos-state after live QA,Probate Estate Administration,blocked,yes - Nigerian legal education framing
https://chamanlawfirm.com/mechanisms-for-the-childs-rights-act,https://chamanlawfirm.com/resources/blog/mechanisms-for-the-childs-rights-act,Mechanisms Under the Child Rights Act in Nigeria,reviewed; answer-first intro recommended where useful,Mechanisms Under the Child Rights Act in Nigeria,Mechanisms Under the Child Rights Act in Nigeria | Chaman Law Firm,"The Child's Rights Act (CRA) of Nigeria, a landmark legislation aimed at safeguarding the well-being and rights of children,",https://chamanlawfirm.com/resources/blog/mechanisms-for-the-childs-rights-act,yes,yes via article template,yes,recommended where legal risk stays low,none detected by automated scan,none detected,low automated risk,public,https://chamanlawfirm.com/mechanisms-for-the-childs-rights-act -> https://chamanlawfirm.com/resources/blog/mechanisms-for-the-childs-rights-act after live QA,Family Law,blocked,yes - Nigerian legal education framing
https://chamanlawfirm.com/drafting-company-bylaws-in-nigeria-a-compre,https://chamanlawfirm.com/resources/blog/drafting-company-bylaws-in-nigeria-a-compre,Drafting Company Bylaws in Nigeria,reviewed; answer-first intro recommended where useful,Drafting Company Bylaws in Nigeria,Drafting Company Bylaws in Nigeria | Chaman Law Firm,"Introduction Company bylaws serve as the internal operating manual for a corporation, detailing the rules and regulations governing its operations and the rights and responsibilities of its shareholders, directors, and",https://chamanlawfirm.com/resources/blog/drafting-company-bylaws-in-nigeria-a-compre,yes,yes via article template,yes,recommended where legal risk stays low,none detected by automated scan,none detected,low automated risk,public,https://chamanlawfirm.com/drafting-company-bylaws-in-nigeria-a-compre -> https://chamanlawfirm.com/resources/blog/drafting-company-bylaws-in-nigeria-a-compre after live QA,Corporate & Commercial Law,candidate,yes - Nigerian legal education framing
https://chamanlawfirm.com/the-essential-ethics-of-debt-recovery,https://chamanlawfirm.com/resources/blog/the-essential-ethics-of-debt-recovery,Ethical Debt Recovery in Nigeria,reviewed; answer-first intro recommended where useful,Ethical Debt Recovery in Nigeria,Ethical Debt Recovery in Nigeria | Chaman Law Firm,"The Essential Ethics Of Debt Recovery Debt recovery is a vital aspect of business operations and financial stability, ensuring that businesses and individuals are held...",https://chamanlawfirm.com/resources/blog/the-essential-ethics-of-debt-recovery,yes,yes via article template,yes,recommended where legal risk stays low,none detected by automated scan,none detected,low automated risk,public,https://chamanlawfirm.com/the-essential-ethics-of-debt-recovery -> https://chamanlawfirm.com/resources/blog/the-essential-ethics-of-debt-recovery after live QA,Debt recovery,blocked,yes - Nigerian legal education framing
https://chamanlawfirm.com/4-proven-features-of-customary-marriage-and-the-bill-of-rights-conflicting-interests,https://chamanlawfirm.com/resources/blog/4-proven-features-of-customary-marriage-and-the-bill-of-rights-conflicting-interests,Customary Marriage and Constitutional Rights in Nigeria,reviewed; answer-first intro recommended where useful,Customary Marriage and Constitutional Rights in Nigeria,Customary Marriage and Constitutional Rights in Nigeria | Chaman Law Firm,"Introduction Customary marriage, deeply rooted in the traditions and practices of various ethnic groups, plays a significant role in many African countries, including Nigeria. These marriages are governed by the custom",https://chamanlawfirm.com/resources/blog/4-proven-features-of-customary-marriage-and-the-bill-of-rights-conflicting-interests,yes,yes via article template,yes,recommended where legal risk stays low,none detected by automated scan,none detected,low automated risk,public,https://chamanlawfirm.com/4-proven-features-of-customary-marriage-and-the-bill-of-rights-conflicting-interests -> https://chamanlawfirm.com/resources/blog/4-proven-features-of-customary-marriage-and-the-bill-of-rights-conflicting-interests after live QA,Family Law,blocked,yes - Nigerian legal education framing
https://chamanlawfirm.com/financing-real-estate-investments-in-nigeria,https://chamanlawfirm.com/resources/blog/financing-real-estate-investments-in-nigeria,Financing Real Estate Investments In Nigeria,reviewed; answer-first intro recommended where useful,Financing Real Estate Investments In Nigeria,Financing Real Estate Investments In Nigeria | Chaman Law Firm,"Financing Real Estate Investments In Nigeria Navigating in the real estate market in Nigeria offers numerous opportunities for investors, whether they are first-time buyers...",https://chamanlawfirm.com/resources/blog/financing-real-estate-investments-in-nigeria,yes,yes via article template,no,recommended where legal risk stays low,none detected by automated scan,review,low automated risk,hidden until approval,https://chamanlawfirm.com/financing-real-estate-investments-in-nigeria -> https://chamanlawfirm.com/resources/blog/financing-real-estate-investments-in-nigeria after live QA,Probate Estate Administration,blocked,yes - Nigerian legal education framing
https://chamanlawfirm.com/how-to-register-a-tech-company-in-nigeria,https://chamanlawfirm.com/resources/blog/how-to-register-a-tech-company-in-nigeria,How to Register a Tech Company in Nigeria,reviewed; answer-first intro recommended where useful,How to Register a Tech Company in Nigeria,How to Register a Tech Company in Nigeria | Chaman Law Firm,"To register a tech company in Nigeria, you'll need to follow the steps outlined below: 1. Choose a business name: Select a unique and appropriate name for your tech company. Ensure that the name reflects your business",https://chamanlawfirm.com/resources/blog/how-to-register-a-tech-company-in-nigeria,yes,yes via article template,yes,recommended where legal risk stays low,none detected by automated scan,none detected,low automated risk,public,https://chamanlawfirm.com/how-to-register-a-tech-company-in-nigeria -> https://chamanlawfirm.com/resources/blog/how-to-register-a-tech-company-in-nigeria after live QA,Corporate & Commercial Law,candidate,yes - Nigerian legal education framing
https://chamanlawfirm.com/understanding-the-land-use-act-in-nigeria,https://chamanlawfirm.com/resources/blog/understanding-the-land-use-act-in-nigeria,Understanding the Land Use Act in Nigeria,reviewed; answer-first intro recommended where useful,Understanding the Land Use Act in Nigeria,Understanding the Land Use Act in Nigeria | Chaman Law Firm,"The Land Use Act of 1978 is a pivotal piece of legislation that shapes property ownership and management in Nigeria. It aims to simplify land transactions, ensure equitable access, and promote economic development. How",https://chamanlawfirm.com/resources/blog/understanding-the-land-use-act-in-nigeria,yes,yes via article template,yes,recommended where legal risk stays low,none detected by automated scan,none detected,low automated risk,public,https://chamanlawfirm.com/understanding-the-land-use-act-in-nigeria -> https://chamanlawfirm.com/resources/blog/understanding-the-land-use-act-in-nigeria after live QA,Property And Real Estate Law,blocked,yes - Nigerian legal education framing
https://chamanlawfirm.com/modernizing-customary-marriage,https://chamanlawfirm.com/resources/blog/modernizing-customary-marriage,Modernizing Customary Marriage in Nigeria,reviewed; answer-first intro recommended where useful,Modernizing Customary Marriage in Nigeria,Modernizing Customary Marriage in Nigeria | Chaman Law Firm,"Modernizing Customary Marriage Customary marriage laws in Nigeria, like in many other African nations, are deeply rooted in tradition and cultural norms that have...",https://chamanlawfirm.com/resources/blog/modernizing-customary-marriage,yes,yes via article template,yes,recommended where legal risk stays low,none detected by automated scan,review,low automated risk,public,https://chamanlawfirm.com/modernizing-customary-marriage -> https://chamanlawfirm.com/resources/blog/modernizing-customary-marriage after live QA,Family Law,blocked,yes - Nigerian legal education framing
https://chamanlawfirm.com/priority-in-entitlement,https://chamanlawfirm.com/resources/blog/priority-in-entitlement,Priority in Estate Entitlement Under Nigerian Succession Law,reviewed; answer-first intro recommended where useful,Priority in Estate Entitlement Under Nigerian Succession Law,Priority in Estate Entitlement Under Nigerian Succession Law | Chaman Law Firm,"Chaman Law Firm explains priority in entitlement, ensuring legal clarity and guiding clients on their rights in Nigeria.",https://chamanlawfirm.com/resources/blog/priority-in-entitlement,yes,yes via article template,yes,recommended where legal risk stays low,none detected by automated scan,none detected,low automated risk,public,https://chamanlawfirm.com/priority-in-entitlement -> https://chamanlawfirm.com/resources/blog/priority-in-entitlement after live QA,Property And Real Estate Law,blocked,yes - Nigerian legal education framing
https://chamanlawfirm.com/understanding-the-certificate-of-occupancy-c,https://chamanlawfirm.com/resources/blog/understanding-the-certificate-of-occupancy-c,Understanding The Certificate Of Occupancy C,reviewed; answer-first intro recommended where useful,Understanding The Certificate Of Occupancy C,Understanding The Certificate Of Occupancy C | Chaman Law Firm,Understanding the Certificate of Occupancy (C of O) in Nigeria: 6 Steps Legal Perspective,https://chamanlawfirm.com/resources/blog/understanding-the-certificate-of-occupancy-c,yes,yes via article template,no,recommended where legal risk stays low,none detected by automated scan,none detected,low automated risk,hidden until approval,https://chamanlawfirm.com/understanding-the-certificate-of-occupancy-c -> https://chamanlawfirm.com/resources/blog/understanding-the-certificate-of-occupancy-c after live QA,Property And Real Estate Law,blocked,yes - Nigerian legal education framing
https://chamanlawfirm.com/corporate-governance-principles-in-nigeria,https://chamanlawfirm.com/resources/blog/corporate-governance-principles-in-nigeria,Corporate Governance Principles In Nigeria,reviewed; answer-first intro recommended where useful,Corporate Governance Principles In Nigeria,Corporate Governance Principles In Nigeria | Chaman Law Firm,"INTRODUCTION Corporate governance is crucial for ensuring that businesses operate effectively, ethically, and transparently. In Nigeria, corporate governance principles are designed to foster accountability, fairness,",https://chamanlawfirm.com/resources/blog/corporate-governance-principles-in-nigeria,yes,yes via article template,no,recommended where legal risk stays low,none detected by automated scan,none detected,low automated risk,hidden until approval,https://chamanlawfirm.com/corporate-governance-principles-in-nigeria -> https://chamanlawfirm.com/resources/blog/corporate-governance-principles-in-nigeria after live QA,Corporate & Commercial Law,candidate,yes - Nigerian legal education framing
https://chamanlawfirm.com/how-to-fix-mistakes-in-your-property-documents,https://chamanlawfirm.com/resources/blog/how-to-fix-mistakes-in-your-property-documents,How To Fix Mistakes In Your Property Documents,reviewed; answer-first intro recommended where useful,How To Fix Mistakes In Your Property Documents,How To Fix Mistakes In Your Property Documents | Chaman Law Firm,How to Fix Mistakes in Your Property Documents - Learn how to walk through the legal process for correcting such errors in Lagos / Chaman Law,https://chamanlawfirm.com/resources/blog/how-to-fix-mistakes-in-your-property-documents,needs enhancement,yes via article template,no,recommended where legal risk stays low,none detected by automated scan,none detected,low automated risk,hidden until approval,https://chamanlawfirm.com/how-to-fix-mistakes-in-your-property-documents -> https://chamanlawfirm.com/resources/blog/how-to-fix-mistakes-in-your-property-documents after live QA,Notary Public,candidate,yes - Nigerian legal education framing
https://chamanlawfirm.com/how-does-the-land-use-act-interact-with-the-petroleum-industry,https://chamanlawfirm.com/resources/blog/how-does-the-land-use-act-interact-with-the-petroleum-industry,How the Land Use Act Interacts With the Petroleum Industry,reviewed; answer-first intro recommended where useful,How the Land Use Act Interacts With the Petroleum Industry,How the Land Use Act Interacts With the Petroleum Industry | Chaman Law Firm,"Nigeria's Land Use Act of 1978 has significant implications for the country's petroleum industry, one of its economic pillars. This article delves into the intricate relationship between the Land Use Act and the petrol",https://chamanlawfirm.com/resources/blog/how-does-the-land-use-act-interact-with-the-petroleum-industry,yes,yes via article template,yes,recommended where legal risk stays low,none detected by automated scan,none detected,low automated risk,public,https://chamanlawfirm.com/how-does-the-land-use-act-interact-with-the-petroleum-industry -> https://chamanlawfirm.com/resources/blog/how-does-the-land-use-act-interact-with-the-petroleum-industry after live QA,Property And Real Estate Law,candidate,yes - Nigerian legal education framing
https://chamanlawfirm.com/legal-bonds-of-marriage-in-nigeria,https://chamanlawfirm.com/resources/blog/legal-bonds-of-marriage-in-nigeria,Legal Bonds of Marriage in Nigeria,reviewed; answer-first intro recommended where useful,Legal Bonds of Marriage in Nigeria,Legal Bonds of Marriage in Nigeria | Chaman Law Firm,3 LEGAL BONDS OF MARRIAGE IN NIGERIA; UNIFYING LOVE AND COMMITMENT; UNDERSTANDING THE LEGAL BONDS OF MARRIAGE IN NIGERIA,https://chamanlawfirm.com/resources/blog/legal-bonds-of-marriage-in-nigeria,yes,yes via article template,yes,recommended where legal risk stays low,none detected by automated scan,none detected,low automated risk,public,https://chamanlawfirm.com/legal-bonds-of-marriage-in-nigeria -> https://chamanlawfirm.com/resources/blog/legal-bonds-of-marriage-in-nigeria after live QA,Family Law,blocked,yes - Nigerian legal education framing
https://chamanlawfirm.com/is-a-woman-a-property-to-be-inherited,https://chamanlawfirm.com/resources/blog/is-a-woman-a-property-to-be-inherited,Can a Woman Be Treated as Property Under Nigerian Inheritance Law?,reviewed; answer-first intro recommended where useful,Can a Woman Be Treated as Property Under Nigerian Inheritance Law?,Can a Woman Be Treated as Property Under Nigerian Inheritance Law? | Chaman Law Firm,"Is a Woman a property to be Inherited and her rights under customary succession laws in Nigeria, focusing on gender equality and legal reforms.",https://chamanlawfirm.com/resources/blog/is-a-woman-a-property-to-be-inherited,yes,yes via article template,yes,recommended where legal risk stays low,none detected by automated scan,review,low automated risk,public,https://chamanlawfirm.com/is-a-woman-a-property-to-be-inherited -> https://chamanlawfirm.com/resources/blog/is-a-woman-a-property-to-be-inherited after live QA,Probate Estate Administration,blocked,yes - Nigerian legal education framing
https://chamanlawfirm.com/how-to-alter-a-will,https://chamanlawfirm.com/resources/blog/how-to-alter-a-will,How To Alter A Will,reviewed; answer-first intro recommended where useful,How To Alter A Will,How To Alter A Will | Chaman Law Firm,"HOW TO ALTER A WILL, As changes happen to your family and circumstances it is essential that your will should be revised....",https://chamanlawfirm.com/resources/blog/how-to-alter-a-will,yes,yes via article template,no,recommended where legal risk stays low,none detected by automated scan,none detected,low automated risk,hidden until approval,https://chamanlawfirm.com/how-to-alter-a-will -> https://chamanlawfirm.com/resources/blog/how-to-alter-a-will after live QA,Probate Estate Administration,candidate,yes - Nigerian legal education framing
https://chamanlawfirm.com/why-a-certificate-of-occupancy-c-of-o-is,https://chamanlawfirm.com/resources/blog/why-a-certificate-of-occupancy-c-of-o-is,Why a Certificate of Occupancy Matters in Nigeria,reviewed; answer-first intro recommended where useful,Why a Certificate of Occupancy Matters in Nigeria,Why a Certificate of Occupancy Matters in Nigeria | Chaman Law Firm,"Introduction At Chaman Law Firm, we are experts in helping individuals, businesses, and property investors secure their Certificate of Occupancy (C of O) in Lagos, Nigeria. With extensive experience in real estate law",https://chamanlawfirm.com/resources/blog/why-a-certificate-of-occupancy-c-of-o-is,yes,yes via article template,yes,recommended where legal risk stays low,none detected by automated scan,none detected,low automated risk,public,https://chamanlawfirm.com/why-a-certificate-of-occupancy-c-of-o-is -> https://chamanlawfirm.com/resources/blog/why-a-certificate-of-occupancy-c-of-o-is after live QA,Property And Real Estate Law,blocked,yes - Nigerian legal education framing
https://chamanlawfirm.com/corporate-restructuring-in-nigeria,https://chamanlawfirm.com/resources/blog/corporate-restructuring-in-nigeria,Corporate Restructuring In Nigeria,reviewed; answer-first intro recommended where useful,Corporate Restructuring In Nigeria,Corporate Restructuring In Nigeria | Chaman Law Firm,"Corporate Restructuring In Nigeria Corporate restructuring is a critical process for businesses seeking to enhance efficiency, manage financial distress...",https://chamanlawfirm.com/resources/blog/corporate-restructuring-in-nigeria,yes,yes via article template,no,recommended where legal risk stays low,none detected by automated scan,none detected,low automated risk,hidden until approval,https://chamanlawfirm.com/corporate-restructuring-in-nigeria -> https://chamanlawfirm.com/resources/blog/corporate-restructuring-in-nigeria after live QA,Corporate & Commercial Law,blocked,yes - Nigerian legal education framing
https://chamanlawfirm.com/legal-research-for-nigerian-litigation-cases,https://chamanlawfirm.com/resources/blog/legal-research-for-nigerian-litigation-cases,Legal Research for Nigerian Litigation Cases,reviewed; answer-first intro recommended where useful,Legal Research for Nigerian Litigation Cases,Legal Research for Nigerian Litigation Cases | Chaman Law Firm,Master legal research techniques to bolster your Nigerian litigation cases and enhance your legal strategy. Legal Research for Nigerian Litigation Cases,https://chamanlawfirm.com/resources/blog/legal-research-for-nigerian-litigation-cases,yes,yes via article template,yes,recommended where legal risk stays low,none detected by automated scan,none detected,low automated risk,public,https://chamanlawfirm.com/legal-research-for-nigerian-litigation-cases -> https://chamanlawfirm.com/resources/blog/legal-research-for-nigerian-litigation-cases after live QA,Litigation and dispute resolution,blocked,yes - Nigerian legal education framing
https://chamanlawfirm.com/how-is-land-registry-practice-in-nigeria,https://chamanlawfirm.com/resources/blog/how-is-land-registry-practice-in-nigeria,Land Registry Practice in Nigeria,reviewed; answer-first intro recommended where useful,Land Registry Practice in Nigeria,Land Registry Practice in Nigeria | Chaman Law Firm,"HOW IS LAND REGISTRY PRACTICED IN NIGERIA? INTRODUCTION: Land Registration is simply the system by which all matters concerning possession, ownership",https://chamanlawfirm.com/resources/blog/how-is-land-registry-practice-in-nigeria,yes,yes via article template,yes,recommended where legal risk stays low,none detected by automated scan,none detected,low automated risk,public,https://chamanlawfirm.com/how-is-land-registry-practice-in-nigeria -> https://chamanlawfirm.com/resources/blog/how-is-land-registry-practice-in-nigeria after live QA,Property And Real Estate Law,blocked,yes - Nigerian legal education framing
https://chamanlawfirm.com/hidden-costs-of-buying-property-in-ogun-state,https://chamanlawfirm.com/resources/blog/hidden-costs-of-buying-property-in-ogun-state,Hidden Costs Of Buying Property In Ogun State,reviewed; answer-first intro recommended where useful,Hidden Costs Of Buying Property In Ogun State,Hidden Costs Of Buying Property In Ogun State | Chaman Law Firm,"Hidden Costs of Buying Property - From legal fees and agency commissions to survey plans, stamp duty, and development levies - Learn about it.",https://chamanlawfirm.com/resources/blog/hidden-costs-of-buying-property-in-ogun-state,yes,yes via article template,no,recommended where legal risk stays low,none detected by automated scan,none detected,low automated risk,hidden until approval,https://chamanlawfirm.com/hidden-costs-of-buying-property-in-ogun-state -> https://chamanlawfirm.com/resources/blog/hidden-costs-of-buying-property-in-ogun-state after live QA,Property And Real Estate Law,candidate,yes - Nigerian legal education framing
https://chamanlawfirm.com/effect-of-not-paying-child-support,https://chamanlawfirm.com/resources/blog/effect-of-not-paying-child-support,Effect of Not Paying Child Support in Nigeria,reviewed; answer-first intro recommended where useful,Effect of Not Paying Child Support in Nigeria,Effect of Not Paying Child Support in Nigeria | Chaman Law Firm,"Introduction EFFECT OF NOT PAYING CHILD CUSTODY The phrase ""child support"" is frequently used in divorce and family court matters. It refers to the regular payments that one parent—typically the non-custodial parent—ma",https://chamanlawfirm.com/resources/blog/effect-of-not-paying-child-support,yes,yes via article template,yes,recommended where legal risk stays low,none detected by automated scan,none detected,low automated risk,public,https://chamanlawfirm.com/effect-of-not-paying-child-support -> https://chamanlawfirm.com/resources/blog/effect-of-not-paying-child-support after live QA,Family Law,blocked,yes - Nigerian legal education framing
https://chamanlawfirm.com/role-of-community-leaders-in-land-allocation,https://chamanlawfirm.com/resources/blog/role-of-community-leaders-in-land-allocation,Role of Community Leaders in Land Allocation,reviewed; answer-first intro recommended where useful,Role of Community Leaders in Land Allocation,Role of Community Leaders in Land Allocation | Chaman Law Firm,"Role of community leaders is a fundamental resource for sustenance and development, holds immense significance in every society. In Nigeria, the Land Use Act of 1978 serves as the cornerstone of land administration, aimi",https://chamanlawfirm.com/resources/blog/role-of-community-leaders-in-land-allocation,yes,yes via article template,no,recommended where legal risk stays low,none detected by automated scan,none detected,low automated risk,hidden until approval,https://chamanlawfirm.com/role-of-community-leaders-in-land-allocation -> https://chamanlawfirm.com/resources/blog/role-of-community-leaders-in-land-allocation after live QA,Property And Real Estate Law,blocked,yes - Nigerian legal education framing
https://chamanlawfirm.com/how-does-the-land-use-act-address-the-issue-of-abandoned-properties-in-nigeria,https://chamanlawfirm.com/resources/blog/how-does-the-land-use-act-address-the-issue-of-abandoned-properties-in-nigeria,How Does The Land Use Act Address The Issue Of Abandoned Properties In Nigeria,reviewed; answer-first intro recommended where useful,How Does The Land Use Act Address The Issue Of Abandoned Properties In Nigeria,How Does The Land Use Act Address The Issue Of Abandoned Properties In Nigeria | Chaman Law Firm,"Introduction Abandoned properties have long been a challenge in Nigeria, with numerous urban areas dotted with neglected structures. This article delves into how the Land Use Act addresses the issue of abandoned proper",https://chamanlawfirm.com/resources/blog/how-does-the-land-use-act-address-the-issue-of-abandoned-properties-in-nigeria,yes,yes via article template,no,recommended where legal risk stays low,none detected by automated scan,none detected,low automated risk,hidden until approval,https://chamanlawfirm.com/how-does-the-land-use-act-address-the-issue-of-abandoned-properties-in-nigeria -> https://chamanlawfirm.com/resources/blog/how-does-the-land-use-act-address-the-issue-of-abandoned-properties-in-nigeria after live QA,Property And Real Estate Law,candidate,yes - Nigerian legal education framing
https://chamanlawfirm.com/lagos-property-succession-without-a-will,https://chamanlawfirm.com/resources/blog/lagos-property-succession-without-a-will,Lagos Property Succession Without a Will,reviewed; answer-first intro recommended where useful,Lagos Property Succession Without a Will,Lagos Property Succession Without a Will | Chaman Law Firm,"Lagos Property Succession Without a Will - Learn about the inheritance laws, family rights and how laws determine who gets your property",https://chamanlawfirm.com/resources/blog/lagos-property-succession-without-a-will,needs enhancement,yes via article template,yes,recommended where legal risk stays low,none detected by automated scan,review,low automated risk,public,https://chamanlawfirm.com/lagos-property-succession-without-a-will -> https://chamanlawfirm.com/resources/blog/lagos-property-succession-without-a-will after live QA,Probate Estate Administration,blocked,yes - Nigerian legal education framing
https://chamanlawfirm.com/foreign-wills-and-lagos-property-what-to-know,https://chamanlawfirm.com/resources/blog/foreign-wills-and-lagos-property-what-to-know,Foreign Wills and Lagos Property: What to Know,reviewed; answer-first intro recommended where useful,Foreign Wills and Lagos Property: What to Know,Foreign Wills and Lagos Property: What to Know | Chaman Law Firm,"Foreign Wills and Lagos Property - procedures, requirements, the steps beneficiaries must follow to validate / enforce an overseas will in Lagos.",https://chamanlawfirm.com/resources/blog/foreign-wills-and-lagos-property-what-to-know,needs enhancement,yes via article template,yes,recommended where legal risk stays low,none detected by automated scan,none detected,low automated risk,public,https://chamanlawfirm.com/foreign-wills-and-lagos-property-what-to-know -> https://chamanlawfirm.com/resources/blog/foreign-wills-and-lagos-property-what-to-know after live QA,Probate Estate Administration,blocked,yes - Nigerian legal education framing
https://chamanlawfirm.com/where-is-the-proper-custody-of-a-will,https://chamanlawfirm.com/resources/blog/where-is-the-proper-custody-of-a-will,Where Is The Proper Custody Of A Will,reviewed; answer-first intro recommended where useful,Where Is The Proper Custody Of A Will,Where Is The Proper Custody Of A Will | Chaman Law Firm,"WHERE IS THE PROPER CUSTODY OF A WILL? After writing a will, there is a need to make sure is kept in a safe place where your executors (and no-one else) can find it, because the executor will need the original will to",https://chamanlawfirm.com/resources/blog/where-is-the-proper-custody-of-a-will,yes,yes via article template,no,recommended where legal risk stays low,none detected by automated scan,none detected,low automated risk,hidden until approval,https://chamanlawfirm.com/where-is-the-proper-custody-of-a-will -> https://chamanlawfirm.com/resources/blog/where-is-the-proper-custody-of-a-will after live QA,Family Law,candidate,yes - Nigerian legal education framing
https://chamanlawfirm.com/police-prosecution-in-nigerian-courts,https://chamanlawfirm.com/resources/blog/police-prosecution-in-nigerian-courts,Police Prosecution in Nigerian Courts,reviewed; answer-first intro recommended where useful,Police Prosecution in Nigerian Courts,Police Prosecution in Nigerian Courts | Chaman Law Firm,"Chaman Law Firm provides legal insights on police prosecution in Nigerian courts, ensuring justice, fairness, and legal compliance in criminal cases",https://chamanlawfirm.com/resources/blog/police-prosecution-in-nigerian-courts,yes,yes via article template,yes,recommended where legal risk stays low,none detected by automated scan,none detected,low automated risk,public,https://chamanlawfirm.com/police-prosecution-in-nigerian-courts -> https://chamanlawfirm.com/resources/blog/police-prosecution-in-nigerian-courts after live QA,Litigation and dispute resolution,blocked,yes - Nigerian legal education framing
https://chamanlawfirm.com/what-are-the-legal-rights-of-private-property-owners,https://chamanlawfirm.com/resources/blog/what-are-the-legal-rights-of-private-property-owners,Legal Rights of Private Property Owners in Nigeria,reviewed; answer-first intro recommended where useful,Legal Rights of Private Property Owners in Nigeria,Legal Rights of Private Property Owners in Nigeria | Chaman Law Firm,"WHAT ARE THE LEGAL RIGHTS OF PRIVATE PROPERTY OWNERS, Everyone who buys a house or owns a Property expect to control access",https://chamanlawfirm.com/resources/blog/what-are-the-legal-rights-of-private-property-owners,yes,yes via article template,yes,recommended where legal risk stays low,none detected by automated scan,none detected,low automated risk,public,https://chamanlawfirm.com/what-are-the-legal-rights-of-private-property-owners -> https://chamanlawfirm.com/resources/blog/what-are-the-legal-rights-of-private-property-owners after live QA,Property And Real Estate Law,candidate,yes - Nigerian legal education framing
https://chamanlawfirm.com/use-arbitration-for-property-disputes-lagos,https://chamanlawfirm.com/resources/blog/use-arbitration-for-property-disputes-lagos,Using Arbitration for Property Disputes in Lagos,reviewed; answer-first intro recommended where useful,Using Arbitration for Property Disputes in Lagos,Using Arbitration for Property Disputes in Lagos | Chaman Law Firm,Use Arbitration for Property Disputes in Lagos -Discover whether arbitration is a valid and effective method for resolving property disputes in Lagos,https://chamanlawfirm.com/resources/blog/use-arbitration-for-property-disputes-lagos,needs enhancement,yes via article template,yes,recommended where legal risk stays low,none detected by automated scan,none detected,low automated risk,public,https://chamanlawfirm.com/use-arbitration-for-property-disputes-lagos -> https://chamanlawfirm.com/resources/blog/use-arbitration-for-property-disputes-lagos after live QA,Property And Real Estate Law,blocked,yes - Nigerian legal education framing
https://chamanlawfirm.com/how-to-acquire-citizenship-in-nigeria,https://chamanlawfirm.com/resources/blog/how-to-acquire-citizenship-in-nigeria,How to Acquire Citizenship in Nigeria,reviewed; answer-first intro recommended where useful,How to Acquire Citizenship in Nigeria,How to Acquire Citizenship in Nigeria | Chaman Law Firm,"OUR STORY Quality, not quantity We have made quality our habit. It’s not something that we just strive for – we live by this principle every day. HOW TO ACQUIRE CITIZENSHIP IN NIGERIA Citizens and Nigerian Nationality",https://chamanlawfirm.com/resources/blog/how-to-acquire-citizenship-in-nigeria,yes,yes via article template,yes,recommended where legal risk stays low,none detected by automated scan,none detected,low automated risk,public,https://chamanlawfirm.com/how-to-acquire-citizenship-in-nigeria -> https://chamanlawfirm.com/resources/blog/how-to-acquire-citizenship-in-nigeria after live QA,Immigration Services,candidate,yes - Nigerian legal education framing
https://chamanlawfirm.com/understanding-the-land-use-act-6-proven,https://chamanlawfirm.com/resources/blog/understanding-the-land-use-act-6-proven,Understanding The Land Use Act 6 Proven,reviewed; answer-first intro recommended where useful,Understanding The Land Use Act 6 Proven,Understanding The Land Use Act 6 Proven | Chaman Law Firm,"Introduction The Land Use Act of 1978 is a cornerstone of property ownership and land transactions in Nigeria. For property investors, understanding this vital legislation is not just important—it’s essential for succe",https://chamanlawfirm.com/resources/blog/understanding-the-land-use-act-6-proven,yes,yes via article template,no,recommended where legal risk stays low,none detected by automated scan,none detected,low automated risk,hidden until approval,https://chamanlawfirm.com/understanding-the-land-use-act-6-proven -> https://chamanlawfirm.com/resources/blog/understanding-the-land-use-act-6-proven after live QA,Property And Real Estate Law,blocked,yes - Nigerian legal education framing
https://chamanlawfirm.com/who-are-the-type-of-people-that-can-write-a-will,https://chamanlawfirm.com/resources/blog/who-are-the-type-of-people-that-can-write-a-will,Who Are The Type Of People That Can Write A Will,reviewed; answer-first intro recommended where useful,Who Are The Type Of People That Can Write A Will,Who Are The Type Of People That Can Write A Will | Chaman Law Firm,"WHO ARE THE TYPE OF PEOPLE THAT CAN WRITE A WILL, In writing a valid will, the testator (the person making the will) must.....",https://chamanlawfirm.com/resources/blog/who-are-the-type-of-people-that-can-write-a-will,yes,yes via article template,no,recommended where legal risk stays low,none detected by automated scan,none detected,low automated risk,hidden until approval,https://chamanlawfirm.com/who-are-the-type-of-people-that-can-write-a-will -> https://chamanlawfirm.com/resources/blog/who-are-the-type-of-people-that-can-write-a-will after live QA,Probate Estate Administration,candidate,yes - Nigerian legal education framing
https://chamanlawfirm.com/types-of-wills,https://chamanlawfirm.com/resources/blog/types-of-wills,Types of Wills in Nigeria,reviewed; answer-first intro recommended where useful,Types of Wills in Nigeria,Types of Wills in Nigeria | Chaman Law Firm,"Introduction TYPES OF WILLS A Will is simply a legal document in which an individual known as the testator, declares how he/she would like his assets to be distributed when he/she dies. The individuals designated to re",https://chamanlawfirm.com/resources/blog/types-of-wills,yes,yes via article template,yes,recommended where legal risk stays low,none detected by automated scan,none detected,low automated risk,public,https://chamanlawfirm.com/types-of-wills -> https://chamanlawfirm.com/resources/blog/types-of-wills after live QA,Probate Estate Administration,candidate,yes - Nigerian legal education framing
https://chamanlawfirm.com/what-is-trespass-to-land2,https://chamanlawfirm.com/resources/blog/what-is-trespass-to-land2,What Is Trespass to Land in Nigeria?,reviewed; answer-first intro recommended where useful,What Is Trespass to Land in Nigeria?,What Is Trespass to Land in Nigeria? | Chaman Law Firm,"OUR STORY Quality, not quantity We have made quality our habit. It’s not something that we just strive for – we live by this principle every day. Ultimate Guide: What is Trespass to Land? Avoid Legal Pitfalls! Trespass",https://chamanlawfirm.com/resources/blog/what-is-trespass-to-land2,yes,yes via article template,yes,recommended where legal risk stays low,none detected by automated scan,none detected,low automated risk,public,https://chamanlawfirm.com/what-is-trespass-to-land2 -> https://chamanlawfirm.com/resources/blog/what-is-trespass-to-land2 after live QA,Property And Real Estate Law,blocked,yes - Nigerian legal education framing
https://chamanlawfirm.com/bordersecurityin-nigerian-immigration-policy,https://chamanlawfirm.com/resources/blog/bordersecurityin-nigerian-immigration-policy,Bordersecurityin Nigerian Immigration Policy,reviewed; answer-first intro recommended where useful,Bordersecurityin Nigerian Immigration Policy,Bordersecurityin Nigerian Immigration Policy | Chaman Law Firm,"Introduction Border security is crucial in determining how countries manage migration, ensure security, and foster economic stability. In Nigeria, with its extensive borders and diverse demographics, border security is",https://chamanlawfirm.com/resources/blog/bordersecurityin-nigerian-immigration-policy,yes,yes via article template,no,recommended where legal risk stays low,none detected by automated scan,none detected,low automated risk,hidden until approval,https://chamanlawfirm.com/bordersecurityin-nigerian-immigration-policy -> https://chamanlawfirm.com/resources/blog/bordersecurityin-nigerian-immigration-policy after live QA,Immigration Services,candidate,yes - Nigerian legal education framing
https://chamanlawfirm.com/learn-how-to-draft-tenancy-agreement-in-ogun,https://chamanlawfirm.com/resources/blog/learn-how-to-draft-tenancy-agreement-in-ogun,Learn How To Draft Tenancy Agreement In Ogun,reviewed; answer-first intro recommended where useful,Learn How To Draft Tenancy Agreement In Ogun,Learn How To Draft Tenancy Agreement In Ogun | Chaman Law Firm,"Tenancy Agreement - Learn the essential elements, legal requirements, and practical tips to help you create a valid tenancy agreement in Ogun",https://chamanlawfirm.com/resources/blog/learn-how-to-draft-tenancy-agreement-in-ogun,yes,yes via article template,no,recommended where legal risk stays low,none detected by automated scan,none detected,low automated risk,hidden until approval,https://chamanlawfirm.com/learn-how-to-draft-tenancy-agreement-in-ogun -> https://chamanlawfirm.com/resources/blog/learn-how-to-draft-tenancy-agreement-in-ogun after live QA,Property And Real Estate Law,blocked,yes - Nigerian legal education framing
https://chamanlawfirm.com/challenging-a-fraudulent-probate-application,https://chamanlawfirm.com/resources/blog/challenging-a-fraudulent-probate-application,Challenging A Fraudulent Probate Application,reviewed; answer-first intro recommended where useful,Challenging A Fraudulent Probate Application,Challenging A Fraudulent Probate Application | Chaman Law Firm,"Challenging a Fraudulent Probate Application - Learn how to detect probate fraud, gather evidence, file objections, / protect your inheritance rights",https://chamanlawfirm.com/resources/blog/challenging-a-fraudulent-probate-application,needs enhancement,yes via article template,no,recommended where legal risk stays low,none detected by automated scan,none detected,low automated risk,hidden until approval,https://chamanlawfirm.com/challenging-a-fraudulent-probate-application -> https://chamanlawfirm.com/resources/blog/challenging-a-fraudulent-probate-application after live QA,Probate Estate Administration,blocked,yes - Nigerian legal education framing
https://chamanlawfirm.com/lawful-methods-to-recover-debt-in-nigeria,https://chamanlawfirm.com/resources/blog/lawful-methods-to-recover-debt-in-nigeria,Lawful Methods to Recover Debt in Nigeria,reviewed; answer-first intro recommended where useful,Lawful Methods to Recover Debt in Nigeria,Lawful Methods to Recover Debt in Nigeria | Chaman Law Firm,"LAWFUL METHODS TO RECOVER DEBT IN NIGERIA, Debt is a state of being under an obligation to pay or repay someone or something in..",https://chamanlawfirm.com/resources/blog/lawful-methods-to-recover-debt-in-nigeria,yes,yes via article template,yes,recommended where legal risk stays low,none detected by automated scan,none detected,low automated risk,public,https://chamanlawfirm.com/lawful-methods-to-recover-debt-in-nigeria -> https://chamanlawfirm.com/resources/blog/lawful-methods-to-recover-debt-in-nigeria after live QA,Debt recovery,blocked,yes - Nigerian legal education framing
https://chamanlawfirm.com/how-to-handle-land-grabbers-in-lagos,https://chamanlawfirm.com/resources/blog/how-to-handle-land-grabbers-in-lagos,How to Handle Land Grabbers in Lagos,reviewed; answer-first intro recommended where useful,How to Handle Land Grabbers in Lagos,How to Handle Land Grabbers in Lagos | Chaman Law Firm,Learn how to handle land grabbers in Lagos. Chaman Law Firm provides expert legal remedies to protect your property and ownership rights.,https://chamanlawfirm.com/resources/blog/how-to-handle-land-grabbers-in-lagos,needs enhancement,yes via article template,yes,recommended where legal risk stays low,none detected by automated scan,none detected,low automated risk,public,https://chamanlawfirm.com/how-to-handle-land-grabbers-in-lagos -> https://chamanlawfirm.com/resources/blog/how-to-handle-land-grabbers-in-lagos after live QA,Property And Real Estate Law,blocked,yes - Nigerian legal education framing
https://chamanlawfirm.com/land-dispute-resolution-in-nigeria-court-system,https://chamanlawfirm.com/resources/blog/land-dispute-resolution-in-nigeria-court-system,Land Dispute Resolution in the Nigerian Court System,reviewed; answer-first intro recommended where useful,Land Dispute Resolution in the Nigerian Court System,Land Dispute Resolution in the Nigerian Court System | Chaman Law Firm,"Land disputes are a pervasive and deeply rooted issue in Nigeria, frequently erupting into conflicts, violence, and social instability. While the court serves as the primary mechanism for land dispute resolution",https://chamanlawfirm.com/resources/blog/land-dispute-resolution-in-nigeria-court-system,yes,yes via article template,yes,recommended where legal risk stays low,none detected by automated scan,none detected,low automated risk,public,https://chamanlawfirm.com/land-dispute-resolution-in-nigeria-court-system -> https://chamanlawfirm.com/resources/blog/land-dispute-resolution-in-nigeria-court-system after live QA,Litigation and dispute resolution,blocked,yes - Nigerian legal education framing
https://chamanlawfirm.com/taxes-exemptions-and-incentives-in-nigeria,https://chamanlawfirm.com/resources/blog/taxes-exemptions-and-incentives-in-nigeria,Tax Exemptions and Incentives in Nigeria,reviewed; answer-first intro recommended where useful,Tax Exemptions and Incentives in Nigeria,Tax Exemptions and Incentives in Nigeria | Chaman Law Firm,TAXES EXEMPTIONS AND INCENTIVES IN NIGERIA TAX INCENTIVES is granted by the government in order to encourage industrial investment in Nigeria There are several incentives available in Nigeria to encourage foreign direc,https://chamanlawfirm.com/resources/blog/taxes-exemptions-and-incentives-in-nigeria,yes,yes via article template,yes,recommended where legal risk stays low,none detected by automated scan,none detected,low automated risk,public,https://chamanlawfirm.com/taxes-exemptions-and-incentives-in-nigeria -> https://chamanlawfirm.com/resources/blog/taxes-exemptions-and-incentives-in-nigeria after live QA,Corporate & Commercial Law,candidate,yes - Nigerian legal education framing
https://chamanlawfirm.com/the-legal-implications-of-breach-of-contract,https://chamanlawfirm.com/resources/blog/the-legal-implications-of-breach-of-contract,Legal Implications of Breach of Contract in Nigeria,reviewed; answer-first intro recommended where useful,Legal Implications of Breach of Contract in Nigeria,Legal Implications of Breach of Contract in Nigeria | Chaman Law Firm,"THE LEGAL IMPLICATIONS OF BREACH OF CONTRACT, Business agreements would be made in a perfect world where all parties would....",https://chamanlawfirm.com/resources/blog/the-legal-implications-of-breach-of-contract,yes,yes via article template,yes,recommended where legal risk stays low,none detected by automated scan,none detected,low automated risk,public,https://chamanlawfirm.com/the-legal-implications-of-breach-of-contract -> https://chamanlawfirm.com/resources/blog/the-legal-implications-of-breach-of-contract after live QA,Corporate & Commercial Law,candidate,yes - Nigerian legal education framing
https://chamanlawfirm.com/deed-of-assignment-from-a-property,https://chamanlawfirm.com/resources/blog/deed-of-assignment-from-a-property,Deed Of Assignment From A Property,reviewed; answer-first intro recommended where useful,Deed Of Assignment From A Property,Deed Of Assignment From A Property | Chaman Law Firm,Essential Guide to Getting A Deed of Assignment from a Lawyer in Nigeria property,https://chamanlawfirm.com/resources/blog/deed-of-assignment-from-a-property,yes,yes via article template,no,recommended where legal risk stays low,none detected by automated scan,none detected,low automated risk,hidden until approval,https://chamanlawfirm.com/deed-of-assignment-from-a-property -> https://chamanlawfirm.com/resources/blog/deed-of-assignment-from-a-property after live QA,Property And Real Estate Law,candidate,yes - Nigerian legal education framing
https://chamanlawfirm.com/legal-processes-of-transferring-property,https://chamanlawfirm.com/resources/blog/legal-processes-of-transferring-property,Legal Process for Transferring Property in Nigeria,reviewed; answer-first intro recommended where useful,Legal Process for Transferring Property in Nigeria,Legal Process for Transferring Property in Nigeria | Chaman Law Firm,"Introduction In Nigeria, property ownership transfers are a common occurrence, whether due to the sale, inheritance, or gifting of land or property. However, the process can be complex, involving legal paperwork, due d",https://chamanlawfirm.com/resources/blog/legal-processes-of-transferring-property,yes,yes via article template,yes,recommended where legal risk stays low,none detected by automated scan,none detected,low automated risk,public,https://chamanlawfirm.com/legal-processes-of-transferring-property -> https://chamanlawfirm.com/resources/blog/legal-processes-of-transferring-property after live QA,Property And Real Estate Law,blocked,yes - Nigerian legal education framing
https://chamanlawfirm.com/tax-planning-and-avoidance-in-nigeria,https://chamanlawfirm.com/resources/blog/tax-planning-and-avoidance-in-nigeria,Tax Planning and Tax Avoidance in Nigeria,reviewed; answer-first intro recommended where useful,Tax Planning and Tax Avoidance in Nigeria,Tax Planning and Tax Avoidance in Nigeria | Chaman Law Firm,Tax Planning and Avoidance in Nigeria Tax planning is a legal and ethical approach to managing one's financial affairs to minimize tax liabilities by utilizing deductions...,https://chamanlawfirm.com/resources/blog/tax-planning-and-avoidance-in-nigeria,yes,yes via article template,yes,recommended where legal risk stays low,none detected by automated scan,none detected,low automated risk,public,https://chamanlawfirm.com/tax-planning-and-avoidance-in-nigeria -> https://chamanlawfirm.com/resources/blog/tax-planning-and-avoidance-in-nigeria after live QA,Corporate & Commercial Law,blocked,yes - Nigerian legal education framing
https://chamanlawfirm.com/verify-land-ownership-with-the-lagos-state,https://chamanlawfirm.com/resources/blog/verify-land-ownership-with-the-lagos-state,How to Verify Land Ownership With Lagos State Records,reviewed; answer-first intro recommended where useful,How to Verify Land Ownership With Lagos State Records,How to Verify Land Ownership With Lagos State Records | Chaman Law Firm,Verify Land Ownership with the Lagos State - ensuring your real estate transactions are secure and legally compliant. / Chaman Law Firm,https://chamanlawfirm.com/resources/blog/verify-land-ownership-with-the-lagos-state,yes,yes via article template,yes,recommended where legal risk stays low,none detected by automated scan,none detected,low automated risk,public,https://chamanlawfirm.com/verify-land-ownership-with-the-lagos-state -> https://chamanlawfirm.com/resources/blog/verify-land-ownership-with-the-lagos-state after live QA,Property And Real Estate Law,blocked,yes - Nigerian legal education framing
https://chamanlawfirm.com/probate-for-a-deceased-estate-in-nigeria,https://chamanlawfirm.com/resources/blog/probate-for-a-deceased-estate-in-nigeria,Probate for a Deceased Estate in Nigeria,reviewed; answer-first intro recommended where useful,Probate for a Deceased Estate in Nigeria,Probate for a Deceased Estate in Nigeria | Chaman Law Firm,"Chaman Law Firm provides probate for a deceased estate in Nigeria, ensuring estate administration, legal compliance, and dispute resolution.",https://chamanlawfirm.com/resources/blog/probate-for-a-deceased-estate-in-nigeria,yes,yes via article template,yes,recommended where legal risk stays low,none detected by automated scan,none detected,low automated risk,public,https://chamanlawfirm.com/probate-for-a-deceased-estate-in-nigeria -> https://chamanlawfirm.com/resources/blog/probate-for-a-deceased-estate-in-nigeria after live QA,Probate Estate Administration,blocked,yes - Nigerian legal education framing
https://chamanlawfirm.com/legally-challenge-forged-land-documents-in-ogun,https://chamanlawfirm.com/resources/blog/legally-challenge-forged-land-documents-in-ogun,How to Challenge Forged Land Documents in Ogun State,reviewed; answer-first intro recommended where useful,How to Challenge Forged Land Documents in Ogun State,How to Challenge Forged Land Documents in Ogun State | Chaman Law Firm,"Legally Challenge Forged Land Documents in Ogun - identify fake land papers, report document fraud, and take legal action to protect your property",https://chamanlawfirm.com/resources/blog/legally-challenge-forged-land-documents-in-ogun,needs enhancement,yes via article template,yes,recommended where legal risk stays low,none detected by automated scan,none detected,low automated risk,public,https://chamanlawfirm.com/legally-challenge-forged-land-documents-in-ogun -> https://chamanlawfirm.com/resources/blog/legally-challenge-forged-land-documents-in-ogun after live QA,Notary Public,blocked,yes - Nigerian legal education framing
https://chamanlawfirm.com/taxation-of-retail-sector,https://chamanlawfirm.com/resources/blog/taxation-of-retail-sector,Taxation Of Retail Sector,reviewed; answer-first intro recommended where useful,Taxation Of Retail Sector,Taxation Of Retail Sector | Chaman Law Firm,"TAXATION OF RETAIL SECTOR, According to Wikipedia, Retail is the sale of goods and services to consumers......",https://chamanlawfirm.com/resources/blog/taxation-of-retail-sector,yes,yes via article template,no,recommended where legal risk stays low,none detected by automated scan,none detected,low automated risk,hidden until approval,https://chamanlawfirm.com/taxation-of-retail-sector -> https://chamanlawfirm.com/resources/blog/taxation-of-retail-sector after live QA,Corporate & Commercial Law,blocked,yes - Nigerian legal education framing
https://chamanlawfirm.com/how-can-nigerians-in-the-diaspora-buy-property,https://chamanlawfirm.com/resources/blog/how-can-nigerians-in-the-diaspora-buy-property,How Nigerians in the Diaspora Can Buy Property Safely,reviewed; answer-first intro recommended where useful,How Nigerians in the Diaspora Can Buy Property Safely,How Nigerians in the Diaspora Can Buy Property Safely | Chaman Law Firm,How can Nigerians in the diaspora buy property in Ogun State safely? Considering investing in real estate back home? Learn th,https://chamanlawfirm.com/resources/blog/how-can-nigerians-in-the-diaspora-buy-property,needs enhancement,yes via article template,yes,recommended where legal risk stays low,none detected by automated scan,none detected,low automated risk,public,https://chamanlawfirm.com/how-can-nigerians-in-the-diaspora-buy-property -> https://chamanlawfirm.com/resources/blog/how-can-nigerians-in-the-diaspora-buy-property after live QA,Property And Real Estate Law,blocked,yes - Nigerian legal education framing
https://chamanlawfirm.com/lagos-property-succession-how-to-transfer-ownership-after-a-death,https://chamanlawfirm.com/resources/blog/lagos-property-succession-how-to-transfer-ownership-after-a-death,Lagos Property Succession: How to Transfer Ownership After Death,reviewed; answer-first intro recommended where useful,Lagos Property Succession: How to Transfer Ownership After Death,Lagos Property Succession: How to Transfer Ownership After Death | Chaman Law Firm,"Introduction When a property owner in Lagos passes away, transferring ownership of their real estate is not simply a matter of handing over the keys. It involves a structured legal process under the state’s succession",https://chamanlawfirm.com/resources/blog/lagos-property-succession-how-to-transfer-ownership-after-a-death,yes,yes via article template,yes,recommended where legal risk stays low,none detected by automated scan,none detected,low automated risk,public,https://chamanlawfirm.com/lagos-property-succession-how-to-transfer-ownership-after-a-death -> https://chamanlawfirm.com/resources/blog/lagos-property-succession-how-to-transfer-ownership-after-a-death after live QA,Property And Real Estate Law,blocked,yes - Nigerian legal education framing
https://chamanlawfirm.com/how-does-the-land-ucapital-territory-federal,https://chamanlawfirm.com/resources/blog/how-does-the-land-ucapital-territory-federal,How Does The Land Ucapital Territory Federal,reviewed; answer-first intro recommended where useful,How Does The Land Ucapital Territory Federal,How Does The Land Ucapital Territory Federal | Chaman Law Firm,Introduction The Federal Capital Territory (FCT) holds a unique position as Nigeria's political and administrative nucleus. This article unravels the complexities of how the Land Use Act intertwines with land governanc,https://chamanlawfirm.com/resources/blog/how-does-the-land-ucapital-territory-federal,yes,yes via article template,no,recommended where legal risk stays low,none detected by automated scan,none detected,low automated risk,hidden until approval,https://chamanlawfirm.com/how-does-the-land-ucapital-territory-federal -> https://chamanlawfirm.com/resources/blog/how-does-the-land-ucapital-territory-federal after live QA,Property And Real Estate Law,candidate,yes - Nigerian legal education framing
https://chamanlawfirm.com/analyzing-the-growth-of-real-estate-investment,https://chamanlawfirm.com/resources/blog/analyzing-the-growth-of-real-estate-investment,Analyzing The Growth Of Real Estate Investment,reviewed; answer-first intro recommended where useful,Analyzing The Growth Of Real Estate Investment,Analyzing The Growth Of Real Estate Investment | Chaman Law Firm,"Analyzing the Growth of Real Estate Investment in Port Harcourt, Real estate investment has become a popular avenue for individuals and..",https://chamanlawfirm.com/resources/blog/analyzing-the-growth-of-real-estate-investment,yes,yes via article template,no,recommended where legal risk stays low,none detected by automated scan,none detected,low automated risk,hidden until approval,https://chamanlawfirm.com/analyzing-the-growth-of-real-estate-investment -> https://chamanlawfirm.com/resources/blog/analyzing-the-growth-of-real-estate-investment after live QA,Probate Estate Administration,blocked,yes - Nigerian legal education framing
https://chamanlawfirm.com/procedures-for-making-a-will-in-nigeria,https://chamanlawfirm.com/resources/blog/procedures-for-making-a-will-in-nigeria,Procedures for Making a Will in Nigeria,reviewed; answer-first intro recommended where useful,Procedures for Making a Will in Nigeria,Procedures for Making a Will in Nigeria | Chaman Law Firm,"ULTIMATE PROCEDURES FOR MAKING A WILL IN NIGERIA INTRODUCTION The making of a Will in Nigeria is not merely a legal formality, but a powerful testamentary instrument that determines how one’s assets and affairs will",https://chamanlawfirm.com/resources/blog/procedures-for-making-a-will-in-nigeria,yes,yes via article template,yes,recommended where legal risk stays low,none detected by automated scan,none detected,low automated risk,public,https://chamanlawfirm.com/procedures-for-making-a-will-in-nigeria -> https://chamanlawfirm.com/resources/blog/procedures-for-making-a-will-in-nigeria after live QA,Probate Estate Administration,candidate,yes - Nigerian legal education framing
https://chamanlawfirm.com/legal-requirements-for-land-purchase,https://chamanlawfirm.com/resources/blog/legal-requirements-for-land-purchase,Legal Requirements for Land Purchase in Nigeria,reviewed; answer-first intro recommended where useful,Legal Requirements for Land Purchase in Nigeria,Legal Requirements for Land Purchase in Nigeria | Chaman Law Firm,"Chaman Law Firm offers guidance on legal requirements for land purchase in Nigeria, ensuring secure transactions and regulatory compliance.",https://chamanlawfirm.com/resources/blog/legal-requirements-for-land-purchase,yes,yes via article template,yes,recommended where legal risk stays low,none detected by automated scan,none detected,low automated risk,public,https://chamanlawfirm.com/legal-requirements-for-land-purchase -> https://chamanlawfirm.com/resources/blog/legal-requirements-for-land-purchase after live QA,Property And Real Estate Law,blocked,yes - Nigerian legal education framing
https://chamanlawfirm.com/challenge-double-allocation-of-land,https://chamanlawfirm.com/resources/blog/challenge-double-allocation-of-land,Challenge Double Allocation Of Land,reviewed; answer-first intro recommended where useful,Challenge Double Allocation Of Land,Challenge Double Allocation Of Land | Chaman Law Firm,"challenge double allocation of land - Learn your rights, the necessary documents, and where to report land disputes to protect your property",https://chamanlawfirm.com/resources/blog/challenge-double-allocation-of-land,needs enhancement,yes via article template,no,recommended where legal risk stays low,none detected by automated scan,none detected,low automated risk,hidden until approval,https://chamanlawfirm.com/challenge-double-allocation-of-land -> https://chamanlawfirm.com/resources/blog/challenge-double-allocation-of-land after live QA,Property And Real Estate Law,blocked,yes - Nigerian legal education framing
https://chamanlawfirm.com/what-is-the-lagos-state-tenancy-law,https://chamanlawfirm.com/resources/blog/what-is-the-lagos-state-tenancy-law,What Is The Lagos State Tenancy Law,reviewed; answer-first intro recommended where useful,What Is The Lagos State Tenancy Law,What Is The Lagos State Tenancy Law | Chaman Law Firm,Learn What Is the Lagos State Tenancy Lawand how it applies in Lekki. Chaman Law Firm provides expert legal advice for landlords and tenants.,https://chamanlawfirm.com/resources/blog/what-is-the-lagos-state-tenancy-law,needs enhancement,yes via article template,no,recommended where legal risk stays low,none detected by automated scan,none detected,low automated risk,hidden until approval,https://chamanlawfirm.com/what-is-the-lagos-state-tenancy-law -> https://chamanlawfirm.com/resources/blog/what-is-the-lagos-state-tenancy-law after live QA,Property And Real Estate Law,blocked,yes - Nigerian legal education framing
https://chamanlawfirm.com/who-are-the-people-entitled-to-pro-b-service,https://chamanlawfirm.com/resources/blog/who-are-the-people-entitled-to-pro-b-service,Who Are The People Entitled To Pro B Service,reviewed; answer-first intro recommended where useful,Who Are The People Entitled To Pro B Service,Who Are The People Entitled To Pro B Service | Chaman Law Firm,"Introduction WHO ARE THE PEOPLE ENTITLED TO PRO BONO SERVICE Pro bono in legal practice means, lawyers voluntarily contributing part of their time without charge or at a substantially reduced rate, to establish or pres",https://chamanlawfirm.com/resources/blog/who-are-the-people-entitled-to-pro-b-service,yes,yes via article template,no,recommended where legal risk stays low,none detected by automated scan,none detected,low automated risk,hidden until approval,https://chamanlawfirm.com/who-are-the-people-entitled-to-pro-b-service -> https://chamanlawfirm.com/resources/blog/who-are-the-people-entitled-to-pro-b-service after live QA,Property And Real Estate Law,candidate,yes - Nigerian legal education framing
https://chamanlawfirm.com/guide-to-resolvingproperty-boundary-disputes,https://chamanlawfirm.com/resources/blog/guide-to-resolvingproperty-boundary-disputes,Guide To Resolvingproperty Boundary Disputes,reviewed; answer-first intro recommended where useful,Guide To Resolvingproperty Boundary Disputes,Guide To Resolvingproperty Boundary Disputes | Chaman Law Firm,"Introduction Property boundary disputes are a common and often contentious issue in Nigeria, arising when neighbors or property owners disagree over the exact lines that define their land. These disputes can escalate i",https://chamanlawfirm.com/resources/blog/guide-to-resolvingproperty-boundary-disputes,yes,yes via article template,no,recommended where legal risk stays low,none detected by automated scan,none detected,low automated risk,hidden until approval,https://chamanlawfirm.com/guide-to-resolvingproperty-boundary-disputes -> https://chamanlawfirm.com/resources/blog/guide-to-resolvingproperty-boundary-disputes after live QA,Property And Real Estate Law,blocked,yes - Nigerian legal education framing
https://chamanlawfirm.com/land-allocation-for-coastal-and-marine-areas,https://chamanlawfirm.com/resources/blog/land-allocation-for-coastal-and-marine-areas,Land Allocation For Coastal And Marine Areas,reviewed; answer-first intro recommended where useful,Land Allocation For Coastal And Marine Areas,Land Allocation For Coastal And Marine Areas | Chaman Law Firm,Land Allocation for Coastal and Marine Areas- 7 Powerful Ways the Land Use Act Shapes Land Allocation for Coastal and Marine Areas in Nigeria,https://chamanlawfirm.com/resources/blog/land-allocation-for-coastal-and-marine-areas,yes,yes via article template,no,recommended where legal risk stays low,none detected by automated scan,none detected,low automated risk,hidden until approval,https://chamanlawfirm.com/land-allocation-for-coastal-and-marine-areas -> https://chamanlawfirm.com/resources/blog/land-allocation-for-coastal-and-marine-areas after live QA,Property And Real Estate Law,candidate,yes - Nigerian legal education framing
https://chamanlawfirm.com/how-are-conflicts-resolved-under-the-land-use-act,https://chamanlawfirm.com/resources/blog/how-are-conflicts-resolved-under-the-land-use-act,How Are Conflicts Resolved Under The Land Use Act,reviewed; answer-first intro recommended where useful,How Are Conflicts Resolved Under The Land Use Act,How Are Conflicts Resolved Under The Land Use Act | Chaman Law Firm,"The Land Use Act of 1978 in Nigeria not only governs land allocation and ownership but also recognizes that land-related conflicts can arise. To address these disputes, the Act includes provisions for conflict resoluti",https://chamanlawfirm.com/resources/blog/how-are-conflicts-resolved-under-the-land-use-act,yes,yes via article template,no,recommended where legal risk stays low,none detected by automated scan,none detected,low automated risk,hidden until approval,https://chamanlawfirm.com/how-are-conflicts-resolved-under-the-land-use-act -> https://chamanlawfirm.com/resources/blog/how-are-conflicts-resolved-under-the-land-use-act after live QA,Property And Real Estate Law,blocked,yes - Nigerian legal education framing
https://chamanlawfirm.com/guardian-ad-litem-in-child-custody,https://chamanlawfirm.com/resources/blog/guardian-ad-litem-in-child-custody,Guardian Ad Litem In Child Custody,reviewed; answer-first intro recommended where useful,Guardian Ad Litem In Child Custody,Guardian Ad Litem In Child Custody | Chaman Law Firm,"THE ROLE OF GUARDIAN AD LITEM IN CHILD CUSTODY, Divorce cases have unfortunately been at a higher percentage in the world....",https://chamanlawfirm.com/resources/blog/guardian-ad-litem-in-child-custody,yes,yes via article template,no,recommended where legal risk stays low,none detected by automated scan,none detected,low automated risk,hidden until approval,https://chamanlawfirm.com/guardian-ad-litem-in-child-custody -> https://chamanlawfirm.com/resources/blog/guardian-ad-litem-in-child-custody after live QA,Family Law,blocked,yes - Nigerian legal education framing
https://chamanlawfirm.com/best-probate-lawyers-in-ogun-state,https://chamanlawfirm.com/resources/blog/best-probate-lawyers-in-ogun-state,Best Probate Lawyers In Ogun State,reviewed; answer-first intro recommended where useful,Best Probate Lawyers In Ogun State,Best Probate Lawyers In Ogun State | Chaman Law Firm,"Best probate lawyers in Ogun State with Chaman Law Firm, offering guidance on grant of probate, estate management, and administration",https://chamanlawfirm.com/resources/blog/best-probate-lawyers-in-ogun-state,needs enhancement,yes via article template,no,recommended where legal risk stays low,none detected by automated scan,none detected,low automated risk,hidden until approval,https://chamanlawfirm.com/best-probate-lawyers-in-ogun-state -> https://chamanlawfirm.com/resources/blog/best-probate-lawyers-in-ogun-state after live QA,Probate Estate Administration,candidate,yes - Nigerian legal education framing
https://chamanlawfirm.com/financial-contracts-and-agreement-in-nigeria,https://chamanlawfirm.com/resources/blog/financial-contracts-and-agreement-in-nigeria,Financial Contracts And Agreement In Nigeria,reviewed; answer-first intro recommended where useful,Financial Contracts And Agreement In Nigeria,Financial Contracts And Agreement In Nigeria | Chaman Law Firm,"Financial Contracts And Agreement In Nigeria Parties sign a wide range of contracts and other agreements throughout their daily lives, including rental agreements...",https://chamanlawfirm.com/resources/blog/financial-contracts-and-agreement-in-nigeria,yes,yes via article template,no,recommended where legal risk stays low,none detected by automated scan,review,low automated risk,hidden until approval,https://chamanlawfirm.com/financial-contracts-and-agreement-in-nigeria -> https://chamanlawfirm.com/resources/blog/financial-contracts-and-agreement-in-nigeria after live QA,Corporate & Commercial Law,blocked,yes - Nigerian legal education framing
https://chamanlawfirm.com/powerful-steps-land-surveyors-contribute,https://chamanlawfirm.com/resources/blog/powerful-steps-land-surveyors-contribute,Powerful Steps Land Surveyors Contribute,reviewed; answer-first intro recommended where useful,Powerful Steps Land Surveyors Contribute,Powerful Steps Land Surveyors Contribute | Chaman Law Firm,Discover how land surveyors contribute to determining land boundaries in Nigeria. outlines their role in ensuring accuracy and legal clarity.,https://chamanlawfirm.com/resources/blog/powerful-steps-land-surveyors-contribute,needs enhancement,yes via article template,no,recommended where legal risk stays low,none detected by automated scan,none detected,low automated risk,hidden until approval,https://chamanlawfirm.com/powerful-steps-land-surveyors-contribute -> https://chamanlawfirm.com/resources/blog/powerful-steps-land-surveyors-contribute after live QA,Property And Real Estate Law,blocked,yes - Nigerian legal education framing
https://chamanlawfirm.com/ejectment-vs-eviction-tenants,https://chamanlawfirm.com/resources/blog/ejectment-vs-eviction-tenants,Ejectment Vs Eviction Tenants,reviewed; answer-first intro recommended where useful,Ejectment Vs Eviction Tenants,Ejectment Vs Eviction Tenants | Chaman Law Firm,Eviction vs. Ejectment: The Costly Legal Mistakes Landlords and Tenants Must Avoid,https://chamanlawfirm.com/resources/blog/ejectment-vs-eviction-tenants,yes,yes via article template,no,recommended where legal risk stays low,none detected by automated scan,none detected,low automated risk,hidden until approval,https://chamanlawfirm.com/ejectment-vs-eviction-tenants -> https://chamanlawfirm.com/resources/blog/ejectment-vs-eviction-tenants after live QA,Property And Real Estate Law,blocked,yes - Nigerian legal education framing
https://chamanlawfirm.com/the-nigerian-tax-administration,https://chamanlawfirm.com/resources/blog/the-nigerian-tax-administration,The Nigerian Tax Administration,reviewed; answer-first intro recommended where useful,The Nigerian Tax Administration,The Nigerian Tax Administration | Chaman Law Firm,"The Nigerian Tax Administration, Tax administration in Nigeria is vested in the three tiers of government....",https://chamanlawfirm.com/resources/blog/the-nigerian-tax-administration,yes,yes via article template,no,recommended where legal risk stays low,none detected by automated scan,none detected,low automated risk,hidden until approval,https://chamanlawfirm.com/the-nigerian-tax-administration -> https://chamanlawfirm.com/resources/blog/the-nigerian-tax-administration after live QA,Corporate & Commercial Law,blocked,yes - Nigerian legal education framing
https://chamanlawfirm.com/obtaining-consent-for-land-transactions,https://chamanlawfirm.com/resources/blog/obtaining-consent-for-land-transactions,Obtaining Consent For Land Transactions,reviewed; answer-first intro recommended where useful,Obtaining Consent For Land Transactions,Obtaining Consent For Land Transactions | Chaman Law Firm,"What is the Process of Obtaining Consent for Land Transactions in Nigeria? In Nigeria, land transactions often require the consent of relevant ..",https://chamanlawfirm.com/resources/blog/obtaining-consent-for-land-transactions,yes,yes via article template,no,recommended where legal risk stays low,none detected by automated scan,review,low automated risk,hidden until approval,https://chamanlawfirm.com/obtaining-consent-for-land-transactions -> https://chamanlawfirm.com/resources/blog/obtaining-consent-for-land-transactions after live QA,Property And Real Estate Law,blocked,yes - Nigerian legal education framing
https://chamanlawfirm.com/the-rights-and-responsibilities-of-landowners,https://chamanlawfirm.com/resources/blog/the-rights-and-responsibilities-of-landowners,The Rights And Responsibilities Of Landowners,reviewed; answer-first intro recommended where useful,The Rights And Responsibilities Of Landowners,The Rights And Responsibilities Of Landowners | Chaman Law Firm,"Explore the Rights and Responsibilities of Landowners in Nigeria, including ownership limits, development obligations, and legal protections.",https://chamanlawfirm.com/resources/blog/the-rights-and-responsibilities-of-landowners,needs enhancement,yes via article template,no,recommended where legal risk stays low,none detected by automated scan,none detected,low automated risk,hidden until approval,https://chamanlawfirm.com/the-rights-and-responsibilities-of-landowners -> https://chamanlawfirm.com/resources/blog/the-rights-and-responsibilities-of-landowners after live QA,Property And Real Estate Law,blocked,yes - Nigerian legal education framing
https://chamanlawfirm.com/obtaining-a-certificate-of-occupancy-in-lagos,https://chamanlawfirm.com/resources/blog/obtaining-a-certificate-of-occupancy-in-lagos,Obtaining A Certificate Of Occupancy In Lagos,reviewed; answer-first intro recommended where useful,Obtaining A Certificate Of Occupancy In Lagos,Obtaining A Certificate Of Occupancy In Lagos | Chaman Law Firm,"Obtaining a Certificate of Occupancy (C of O) in Lagos? Learn the detailed process of securing it including requirements, fees and timelines.",https://chamanlawfirm.com/resources/blog/obtaining-a-certificate-of-occupancy-in-lagos,needs enhancement,yes via article template,no,recommended where legal risk stays low,none detected by automated scan,none detected,low automated risk,hidden until approval,https://chamanlawfirm.com/obtaining-a-certificate-of-occupancy-in-lagos -> https://chamanlawfirm.com/resources/blog/obtaining-a-certificate-of-occupancy-in-lagos after live QA,Property And Real Estate Law,blocked,yes - Nigerian legal education framing
https://chamanlawfirm.com/nigerian-courts-handle-class-action-lawsuits,https://chamanlawfirm.com/resources/blog/nigerian-courts-handle-class-action-lawsuits,Nigerian Courts Handle Class Action Lawsuits,reviewed; answer-first intro recommended where useful,Nigerian Courts Handle Class Action Lawsuits,Nigerian Courts Handle Class Action Lawsuits | Chaman Law Firm,"Introduction Class action lawsuits and representative actions are relatively recent developments in Nigerian litigation. While not as prevalent as in some other jurisdictions, these forms of collective redress are gain",https://chamanlawfirm.com/resources/blog/nigerian-courts-handle-class-action-lawsuits,yes,yes via article template,no,recommended where legal risk stays low,none detected by automated scan,none detected,low automated risk,hidden until approval,https://chamanlawfirm.com/nigerian-courts-handle-class-action-lawsuits -> https://chamanlawfirm.com/resources/blog/nigerian-courts-handle-class-action-lawsuits after live QA,Litigation and dispute resolution,candidate,yes - Nigerian legal education framing
https://chamanlawfirm.com/what-is-land-excision-in-ogun-state,https://chamanlawfirm.com/resources/blog/what-is-land-excision-in-ogun-state,What Is Land Excision In Ogun State,reviewed; answer-first intro recommended where useful,What Is Land Excision In Ogun State,What Is Land Excision In Ogun State | Chaman Law Firm,"what is land excision in Ogun State means and why it is important for property ownership, rights, and documentation. Chaman Law Firm explains",https://chamanlawfirm.com/resources/blog/what-is-land-excision-in-ogun-state,yes,yes via article template,no,recommended where legal risk stays low,none detected by automated scan,none detected,low automated risk,hidden until approval,https://chamanlawfirm.com/what-is-land-excision-in-ogun-state -> https://chamanlawfirm.com/resources/blog/what-is-land-excision-in-ogun-state after live QA,Property And Real Estate Law,blocked,yes - Nigerian legal education framing
https://chamanlawfirm.com/child-custody-and-visitation-during-holidays,https://chamanlawfirm.com/resources/blog/child-custody-and-visitation-during-holidays,Child Custody And Visitation During Holidays,reviewed; answer-first intro recommended where useful,Child Custody And Visitation During Holidays,Child Custody And Visitation During Holidays | Chaman Law Firm,Child Custody And Visitation During Holidays,https://chamanlawfirm.com/resources/blog/child-custody-and-visitation-during-holidays,yes,yes via article template,no,recommended where legal risk stays low,none detected by automated scan,none detected,low automated risk,hidden until approval,https://chamanlawfirm.com/child-custody-and-visitation-during-holidays -> https://chamanlawfirm.com/resources/blog/child-custody-and-visitation-during-holidays after live QA,Family Law,blocked,yes - Nigerian legal education framing
https://chamanlawfirm.com/how-to-start-oil-and-gas-company-in-nigeria,https://chamanlawfirm.com/resources/blog/how-to-start-oil-and-gas-company-in-nigeria,How To Start Oil And Gas Company In Nigeria,reviewed; answer-first intro recommended where useful,How To Start Oil And Gas Company In Nigeria,How To Start Oil And Gas Company In Nigeria | Chaman Law Firm,"HOW TO START OIL AND GAS COMPANY IN NIGERIA, Starting an oil and gas company in Nigeria involves several steps and considerations...",https://chamanlawfirm.com/resources/blog/how-to-start-oil-and-gas-company-in-nigeria,yes,yes via article template,no,recommended where legal risk stays low,none detected by automated scan,none detected,low automated risk,hidden until approval,https://chamanlawfirm.com/how-to-start-oil-and-gas-company-in-nigeria -> https://chamanlawfirm.com/resources/blog/how-to-start-oil-and-gas-company-in-nigeria after live QA,Corporate & Commercial Law,candidate,yes - Nigerian legal education framing
https://chamanlawfirm.com/how-has-the-land-use-act-in-nigeria-e,https://chamanlawfirm.com/resources/blog/how-has-the-land-use-act-in-nigeria-e,How Has The Land Use Act In Nigeria E,reviewed; answer-first intro recommended where useful,How Has The Land Use Act In Nigeria E,How Has The Land Use Act In Nigeria E | Chaman Law Firm,"How Has the Land Use Act in Nigeria Evolved Over Time? The Land Use Act, which fundamentally transformed land ownership..",https://chamanlawfirm.com/resources/blog/how-has-the-land-use-act-in-nigeria-e,yes,yes via article template,no,recommended where legal risk stays low,none detected by automated scan,none detected,low automated risk,hidden until approval,https://chamanlawfirm.com/how-has-the-land-use-act-in-nigeria-e -> https://chamanlawfirm.com/resources/blog/how-has-the-land-use-act-in-nigeria-e after live QA,Property And Real Estate Law,candidate,yes - Nigerian legal education framing
https://chamanlawfirm.com/capital-gains-tax-calculated-on-property,https://chamanlawfirm.com/resources/blog/capital-gains-tax-calculated-on-property,Capital Gains Tax Calculated On Property,reviewed; answer-first intro recommended where useful,Capital Gains Tax Calculated On Property,Capital Gains Tax Calculated On Property | Chaman Law Firm,Learn how capital Gains Tax Calculated on Property sales in Lekki. Chaman Law Firm offers expert legal advice for real estate investors.,https://chamanlawfirm.com/resources/blog/capital-gains-tax-calculated-on-property,needs enhancement,yes via article template,no,recommended where legal risk stays low,none detected by automated scan,none detected,low automated risk,hidden until approval,https://chamanlawfirm.com/capital-gains-tax-calculated-on-property -> https://chamanlawfirm.com/resources/blog/capital-gains-tax-calculated-on-property after live QA,Corporate & Commercial Law,blocked,yes - Nigerian legal education framing
https://chamanlawfirm.com/handling-tax-disputes-and-audits-in-nigeria,https://chamanlawfirm.com/resources/blog/handling-tax-disputes-and-audits-in-nigeria,Handling Tax Disputes And Audits In Nigeria,reviewed; answer-first intro recommended where useful,Handling Tax Disputes And Audits In Nigeria,Handling Tax Disputes And Audits In Nigeria | Chaman Law Firm,"Tax Disputes and Audits In Nigeria, tax disputes are common, just like in other sectors. A tax dispute arises when there is a disagreement..",https://chamanlawfirm.com/resources/blog/handling-tax-disputes-and-audits-in-nigeria,yes,yes via article template,no,recommended where legal risk stays low,none detected by automated scan,none detected,low automated risk,hidden until approval,https://chamanlawfirm.com/handling-tax-disputes-and-audits-in-nigeria -> https://chamanlawfirm.com/resources/blog/handling-tax-disputes-and-audits-in-nigeria after live QA,Corporate & Commercial Law,blocked,yes - Nigerian legal education framing
https://chamanlawfirm.com/enhancing-nigerian-immigration-security,https://chamanlawfirm.com/resources/blog/enhancing-nigerian-immigration-security,Enhancing Nigerian Immigration Security,reviewed; answer-first intro recommended where useful,Enhancing Nigerian Immigration Security,Enhancing Nigerian Immigration Security | Chaman Law Firm,"Enhancing Nigerian Immigration Security In an era where security concerns are paramount, the role of technology in enhancing immigration security has become increasingly...",https://chamanlawfirm.com/resources/blog/enhancing-nigerian-immigration-security,yes,yes via article template,no,recommended where legal risk stays low,none detected by automated scan,none detected,low automated risk,hidden until approval,https://chamanlawfirm.com/enhancing-nigerian-immigration-security -> https://chamanlawfirm.com/resources/blog/enhancing-nigerian-immigration-security after live QA,Immigration Services,candidate,yes - Nigerian legal education framing
https://chamanlawfirm.com/blockchain-technology-and-land-title-security,https://chamanlawfirm.com/resources/blog/blockchain-technology-and-land-title-security,Blockchain Technology And Land Title Security,reviewed; answer-first intro recommended where useful,Blockchain Technology And Land Title Security,Blockchain Technology And Land Title Security | Chaman Law Firm,"Blockchain Technology And Land Title Security-Discover how blockchain technology can revolutionize land title security in Nigeria by eliminating fraud, delays, and disputes through transparent systems.",https://chamanlawfirm.com/resources/blog/blockchain-technology-and-land-title-security,yes,yes via article template,no,recommended where legal risk stays low,none detected by automated scan,none detected,low automated risk,hidden until approval,https://chamanlawfirm.com/blockchain-technology-and-land-title-security -> https://chamanlawfirm.com/resources/blog/blockchain-technology-and-land-title-security after live QA,Property And Real Estate Law,blocked,yes - Nigerian legal education framing
https://chamanlawfirm.com/where-do-i-verify-land-documents-in-ogun-state,https://chamanlawfirm.com/resources/blog/where-do-i-verify-land-documents-in-ogun-state,Where Do I Verify Land Documents In Ogun State,reviewed; answer-first intro recommended where useful,Where Do I Verify Land Documents In Ogun State,Where Do I Verify Land Documents In Ogun State | Chaman Law Firm,Learn how and where to verify land documents in Ogun State to ensure property legitimacy. Chaman Law Firm guides you through the processes,https://chamanlawfirm.com/resources/blog/where-do-i-verify-land-documents-in-ogun-state,needs enhancement,yes via article template,no,recommended where legal risk stays low,none detected by automated scan,none detected,low automated risk,hidden until approval,https://chamanlawfirm.com/where-do-i-verify-land-documents-in-ogun-state -> https://chamanlawfirm.com/resources/blog/where-do-i-verify-land-documents-in-ogun-state after live QA,Notary Public,blocked,yes - Nigerian legal education framing
https://chamanlawfirm.com/subcontracting-in-nigerian-construction-projects,https://chamanlawfirm.com/resources/blog/subcontracting-in-nigerian-construction-projects,Subcontracting In Nigerian Construction Projects,reviewed; answer-first intro recommended where useful,Subcontracting In Nigerian Construction Projects,Subcontracting In Nigerian Construction Projects | Chaman Law Firm,"Subcontracting In Nigerian Construction Projects Subcontracting plays a pivotal role in Nigerian construction projects, facilitating specialization, scalability, and operational...",https://chamanlawfirm.com/resources/blog/subcontracting-in-nigerian-construction-projects,yes,yes via article template,no,recommended where legal risk stays low,none detected by automated scan,none detected,low automated risk,hidden until approval,https://chamanlawfirm.com/subcontracting-in-nigerian-construction-projects -> https://chamanlawfirm.com/resources/blog/subcontracting-in-nigerian-construction-projects after live QA,Corporate & Commercial Law,candidate,yes - Nigerian legal education framing
https://chamanlawfirm.com/rights-of-citizens-in-government-surveillance,https://chamanlawfirm.com/resources/blog/rights-of-citizens-in-government-surveillance,Rights Of Citizens In Government Surveillance,reviewed; answer-first intro recommended where useful,Rights Of Citizens In Government Surveillance,Rights Of Citizens In Government Surveillance | Chaman Law Firm,"Rights Of Citizens In Government Surveillance Government surveillance has become an increasingly significant issue in the digital age, with governments worldwide...",https://chamanlawfirm.com/resources/blog/rights-of-citizens-in-government-surveillance,yes,yes via article template,no,recommended where legal risk stays low,none detected by automated scan,review,low automated risk,hidden until approval,https://chamanlawfirm.com/rights-of-citizens-in-government-surveillance -> https://chamanlawfirm.com/resources/blog/rights-of-citizens-in-government-surveillance after live QA,Immigration Services,blocked,yes - Nigerian legal education framing
https://chamanlawfirm.com/corporate-finance-laws-in-nigeria,https://chamanlawfirm.com/resources/blog/corporate-finance-laws-in-nigeria,Corporate Finance Laws In Nigeria,reviewed; answer-first intro recommended where useful,Corporate Finance Laws In Nigeria,Corporate Finance Laws In Nigeria | Chaman Law Firm,Corporate Finance Laws In Nigeria; 10 Powerful Insights into Corporate Finance Laws in Nigeria...,https://chamanlawfirm.com/resources/blog/corporate-finance-laws-in-nigeria,needs enhancement,yes via article template,no,recommended where legal risk stays low,none detected by automated scan,none detected,low automated risk,hidden until approval,https://chamanlawfirm.com/corporate-finance-laws-in-nigeria -> https://chamanlawfirm.com/resources/blog/corporate-finance-laws-in-nigeria after live QA,Corporate & Commercial Law,blocked,yes - Nigerian legal education framing
https://chamanlawfirm.com/first-aid-certificate-in-nigeria,https://chamanlawfirm.com/resources/blog/first-aid-certificate-in-nigeria,First Aid Certificate In Nigeria,reviewed; answer-first intro recommended where useful,First Aid Certificate In Nigeria,First Aid Certificate In Nigeria | Chaman Law Firm,"HOW TO APPLY FOR FIRST AID CERTIFICATE IN NIGERIA, To apply for a first aid certificate in Nigeria, you can follow these general steps....",https://chamanlawfirm.com/resources/blog/first-aid-certificate-in-nigeria,yes,yes via article template,no,recommended where legal risk stays low,none detected by automated scan,none detected,low automated risk,hidden until approval,https://chamanlawfirm.com/first-aid-certificate-in-nigeria -> https://chamanlawfirm.com/resources/blog/first-aid-certificate-in-nigeria after live QA,Corporate & Commercial Law,candidate,yes - Nigerian legal education framing
https://chamanlawfirm.com/legal-steps-to-perfecting-title-documents,https://chamanlawfirm.com/resources/blog/legal-steps-to-perfecting-title-documents,Legal Steps to Perfecting Title Documents in Nigeria,reviewed; answer-first intro recommended where useful,Legal Steps to Perfecting Title Documents in Nigeria,Legal Steps to Perfecting Title Documents in Nigeria | Chaman Law Firm,Perfecting title documents is an indispensable process for securing property ownership in Nigeria. It is the legal mechanism through which your......,https://chamanlawfirm.com/resources/blog/legal-steps-to-perfecting-title-documents,yes,yes via article template,yes,recommended where legal risk stays low,none detected by automated scan,review,low automated risk,public,https://chamanlawfirm.com/legal-steps-to-perfecting-title-documents -> https://chamanlawfirm.com/resources/blog/legal-steps-to-perfecting-title-documents after live QA,Notary Public,blocked,yes - Nigerian legal education framing
https://chamanlawfirm.com/how-does-the-land-use-act-affect-land-title,https://chamanlawfirm.com/resources/blog/how-does-the-land-use-act-affect-land-title,How the Land Use Act Affects Land Title in Nigeria,reviewed; answer-first intro recommended where useful,How the Land Use Act Affects Land Title in Nigeria,How the Land Use Act Affects Land Title in Nigeria | Chaman Law Firm,How Does the Land Use Act Affect Land Titleregistration for commercial properties. Know key legal insights for securing your property rights,https://chamanlawfirm.com/resources/blog/how-does-the-land-use-act-affect-land-title,needs enhancement,yes via article template,yes,recommended where legal risk stays low,none detected by automated scan,none detected,low automated risk,public,https://chamanlawfirm.com/how-does-the-land-use-act-affect-land-title -> https://chamanlawfirm.com/resources/blog/how-does-the-land-use-act-affect-land-title after live QA,Property And Real Estate Law,blocked,yes - Nigerian legal education framing
https://chamanlawfirm.com/legal-remedies-for-breach-of-contract,https://chamanlawfirm.com/resources/blog/legal-remedies-for-breach-of-contract,Legal Remedies for Breach of Contract in Nigeria,reviewed; answer-first intro recommended where useful,Legal Remedies for Breach of Contract in Nigeria,Legal Remedies for Breach of Contract in Nigeria | Chaman Law Firm,Legal Remedies The Ultimate 10 Powerful Legal Remedies for Breach of Contract in Property Sales and Development Agreements,https://chamanlawfirm.com/resources/blog/legal-remedies-for-breach-of-contract,yes,yes via article template,yes,recommended where legal risk stays low,none detected by automated scan,none detected,low automated risk,public,https://chamanlawfirm.com/legal-remedies-for-breach-of-contract -> https://chamanlawfirm.com/resources/blog/legal-remedies-for-breach-of-contract after live QA,Corporate & Commercial Law,blocked,yes - Nigerian legal education framing
https://chamanlawfirm.com/when-a-loved-one-dies-without-a-will,https://chamanlawfirm.com/resources/blog/when-a-loved-one-dies-without-a-will,What Happens When a Loved One Dies Without a Will in Nigeria,reviewed; answer-first intro recommended where useful,What Happens When a Loved One Dies Without a Will in Nigeria,What Happens When a Loved One Dies Without a Will in Nigeria | Chaman Law Firm,"what steps to take when a loved one dies without a will in Nigeria, including applying for letters of administration and managing estate legally",https://chamanlawfirm.com/resources/blog/when-a-loved-one-dies-without-a-will,needs enhancement,yes via article template,yes,recommended where legal risk stays low,none detected by automated scan,none detected,low automated risk,public,https://chamanlawfirm.com/when-a-loved-one-dies-without-a-will -> https://chamanlawfirm.com/resources/blog/when-a-loved-one-dies-without-a-will after live QA,Probate Estate Administration,blocked,yes - Nigerian legal education framing
