old URL,slug,title,approval decision,reason,author,image status,legal status,redirect status,sitemap status,notes
https://chamanlawfirm.com/court-procedures-and-efficient-case,court-procedures-and-efficient-case,Court Procedures And Efficient Case,approved/refreshed in Sprint 11X,public canonical article exists; explicit Sprint 11X title/metadata refresh selected,"Charles Chukwuma Nkwoka, Esq.",image present,low automated risk,no redirect to hidden draft,already public/in sitemap if approved,Sanity public approval or metadata refresh applied
https://chamanlawfirm.com/legally-terminate-shipping-contract-in-nigeria,legally-terminate-shipping-contract-in-nigeria,Legally Terminate Shipping Contract In Nigeria,keep hidden,canonical missing or mismatched; practice/category relationship missing; misleading free-service wording; possible unsafe self-help wording; current-law or procedure-sensitive topic; unsupported outcome claim; not selected for Sprint 11X controlled editorial approval,"Charles Chukwuma Nkwoka, Esq.",image present,misleading free-service wording; possible unsafe self-help wording; current-law or procedure-sensitive topic; unsupported outcome claim,no redirect to hidden draft,excluded while hidden,no public change unless selected
https://chamanlawfirm.com/what-is-stamping-and-up-stamping-of-a-mortgage-document,what-is-stamping-and-up-stamping-of-a-mortgage-document,What Is Stamping And Up-Stamping Of A Mortgage Document,keep hidden,canonical missing or mismatched; misleading free-service wording; current-law or procedure-sensitive topic; dispute-resolution wording requires lawyer review; unsupported outcome claim; not selected for Sprint 11X controlled editorial approval,"Charles Chukwuma Nkwoka, Esq.",image present,misleading free-service wording; current-law or procedure-sensitive topic; dispute-resolution wording requires lawyer review; unsupported outcome claim,no redirect to hidden draft,excluded while hidden,no public change unless selected
https://chamanlawfirm.com/land-documentation-excision-vs-gazette,land-documentation-excision-vs-gazette,Land Documentation Excision Vs Gazette,already public,public canonical article already exists,"Charles Chukwuma Nkwoka, Esq.",image present,low automated risk,no redirect to hidden draft,already public/in sitemap if approved,no public change unless selected
https://chamanlawfirm.com/what-are-the-requirements-for-compulsory-acquisition-of-land-in-nigeria,what-are-the-requirements-for-compulsory-acquisition-of-land-in-nigeria,What Are The Requirements For Compulsory Acquisition Of Land In Nigeria,already public,public canonical article already exists,"Charles Chukwuma Nkwoka, Esq.",image present,low automated risk,no redirect to hidden draft,already public/in sitemap if approved,no public change unless selected
https://chamanlawfirm.com/how-to-appoint-a-company-secretary-in-nigeria,how-to-appoint-a-company-secretary-in-nigeria,How to Appoint a Company Secretary in Nigeria,already public,public canonical article already exists,"Charles Chukwuma Nkwoka, Esq.",image present,low automated risk,no redirect to hidden draft,already public/in sitemap if approved,no public change unless selected
https://chamanlawfirm.com/powerful-steps-who-is-mercantile-agent,powerful-steps-who-is-mercantile-agent,Who Is Mercantile Agent,keep hidden,featured image missing; alt text missing or weak; off-brand/property-sales wording; unsupported outcome claim; not selected for Sprint 11X controlled editorial approval,"Charles Chukwuma Nkwoka, Esq.",image missing,off-brand/property-sales wording; unsupported outcome claim,no redirect to hidden draft,excluded while hidden,no public change unless selected
https://chamanlawfirm.com/enforcing-fundamental-human-right,enforcing-fundamental-human-right,Fundamental Human Right; What Are the Procedures For Enforcing Fundamental Human Right?,keep hidden,featured image missing; alt text missing or weak; current-law or procedure-sensitive topic; legacy URL already redirects to /practice-areas/litigation-dispute-resolution/fundamental-rights-enforcement; not selected for Sprint 11X controlled editorial approval,"Charles Chukwuma Nkwoka, Esq.",image missing,current-law or procedure-sensitive topic,no redirect to hidden draft,excluded while hidden,no public change unless selected
https://chamanlawfirm.com/legal-implications-of-joint-property,legal-implications-of-joint-property,The Legal Implications of Joint Property Ownership In Nigeria,keep hidden,featured image missing; alt text missing or weak; current-law or procedure-sensitive topic; legacy URL already redirects to /practice-areas/property-real-estate-law/legal-implications-of-joint-property; not selected for Sprint 11X controlled editorial approval,"Charles Chukwuma Nkwoka, Esq.",image missing,current-law or procedure-sensitive topic,no redirect to hidden draft,excluded while hidden,no public change unless selected
https://chamanlawfirm.com/limitation-of-action-in-nigeria,limitation-of-action-in-nigeria,Limitation of Action In Nigeria,keep hidden,current-law or procedure-sensitive topic; not selected for Sprint 11X controlled editorial approval,"Charles Chukwuma Nkwoka, Esq.",image present,current-law or procedure-sensitive topic,no redirect to hidden draft,excluded while hidden,no public change unless selected
https://chamanlawfirm.com/how-to-resolve-land-disputes-in-nigeria-with,how-to-resolve-land-disputes-in-nigeria-with,How To Resolve Land Disputes In Nigeria With,keep hidden,dispute-resolution wording requires lawyer review; not selected for Sprint 11X controlled editorial approval; title appears truncated or incomplete,"Charles Chukwuma Nkwoka, Esq.",image present,dispute-resolution wording requires lawyer review,no redirect to hidden draft,excluded while hidden,no public change unless selected
https://chamanlawfirm.com/clauses-for-drafting-a-tenancy-agreement,clauses-for-drafting-a-tenancy-agreement,Clauses For Drafting A Tenancy Agreement,keep hidden,unsupported outcome claim; not selected for Sprint 11X controlled editorial approval,"Charles Chukwuma Nkwoka, Esq.",image present,unsupported outcome claim,no redirect to hidden draft,excluded while hidden,no public change unless selected
https://chamanlawfirm.com/basic-elements-of-defamatory-statement,basic-elements-of-defamatory-statement,Basic Elements of Defamatory Statement,already public,public canonical article already exists,"Charles Chukwuma Nkwoka, Esq.",image present,low automated risk,no redirect to hidden draft,already public/in sitemap if approved,no public change unless selected
https://chamanlawfirm.com/proven-steps-onoverview-of-the-child-right-act,proven-steps-onoverview-of-the-child-right-act,Onoverview of the Child Right Act,keep hidden,current-law or procedure-sensitive topic; dispute-resolution wording requires lawyer review; unsupported outcome claim; not selected for Sprint 11X controlled editorial approval,"Charles Chukwuma Nkwoka, Esq.",image present,current-law or procedure-sensitive topic; dispute-resolution wording requires lawyer review; unsupported outcome claim,no redirect to hidden draft,excluded while hidden,no public change unless selected
https://chamanlawfirm.com/laspppa-what-it-is-and-why-it-matters-in-lagos,laspppa-what-it-is-and-why-it-matters-in-lagos,Laspppa: What It Is and Why It Matters For Property Owners In Lagos,keep hidden,current-law or procedure-sensitive topic; legacy URL already redirects to /practice-areas/property-real-estate-law/lagos-physical-planning-compliance; not selected for Sprint 11X controlled editorial approval,"Charles Chukwuma Nkwoka, Esq.",image present,current-law or procedure-sensitive topic,no redirect to hidden draft,excluded while hidden,no public change unless selected
https://chamanlawfirm.com/7-effective-steps-to-take-when-a-landlord-refuses-to-return-your-rent-deposit,7-effective-steps-to-take-when-a-landlord-refuses-to-return-your-rent-deposit,7 Effective Steps To Take When A Landlord Refuses To Return Your Rent Deposit,keep hidden,current-law or procedure-sensitive topic; not selected for Sprint 11X controlled editorial approval,"Charles Chukwuma Nkwoka, Esq.",image present,current-law or procedure-sensitive topic,no redirect to hidden draft,excluded while hidden,no public change unless selected
https://chamanlawfirm.com/individual-tax-clearance-certificate,individual-tax-clearance-certificate,Individual Tax Clearance Certificate,keep hidden,current-law or procedure-sensitive topic; not selected for Sprint 11X controlled editorial approval,"Charles Chukwuma Nkwoka, Esq.",image present,current-law or procedure-sensitive topic,no redirect to hidden draft,excluded while hidden,no public change unless selected
https://chamanlawfirm.com/breach-of-promise-to-marriage-in-nigeria,breach-of-promise-to-marriage-in-nigeria,Breach of Promise To Marriage In Nigeria,keep hidden,current-law or procedure-sensitive topic; not selected for Sprint 11X controlled editorial approval,"Charles Chukwuma Nkwoka, Esq.",image present,current-law or procedure-sensitive topic,no redirect to hidden draft,excluded while hidden,no public change unless selected
https://chamanlawfirm.com/the-concept-of-restitution-of-conjugal-rights,the-concept-of-restitution-of-conjugal-rights,The Concept of Restitution of Conjugal Rights,keep hidden,featured image missing; alt text missing or weak; not selected for Sprint 11X controlled editorial approval,"Charles Chukwuma Nkwoka, Esq.",image missing,low automated risk,no redirect to hidden draft,excluded while hidden,no public change unless selected
https://chamanlawfirm.com/taxes-on-real-estate-transactions-in-nigeria,taxes-on-real-estate-transactions-in-nigeria,Taxes On Real Estate Transactions In Nigeria,keep hidden,featured image missing; alt text missing or weak; off-brand/property-sales wording; current-law or procedure-sensitive topic; not selected for Sprint 11X controlled editorial approval,"Charles Chukwuma Nkwoka, Esq.",image missing,off-brand/property-sales wording; current-law or procedure-sensitive topic,no redirect to hidden draft,excluded while hidden,no public change unless selected
https://chamanlawfirm.com/right-of-an-illegitimate-child,right-of-an-illegitimate-child,Right of An Illegitimate Child,keep hidden,family-status topic requires lawyer review; not selected for Sprint 11X controlled editorial approval,"Charles Chukwuma Nkwoka, Esq.",image present,family-status topic requires lawyer review,no redirect to hidden draft,excluded while hidden,no public change unless selected
https://chamanlawfirm.com/rights-of-parties-to-a-mortgage,rights-of-parties-to-a-mortgage,Rights of Parties To A Mortgage,keep hidden,legacy URL already redirects to /practice-areas/property-real-estate-law/mortgage-document-review; not selected for Sprint 11X controlled editorial approval,"Charles Chukwuma Nkwoka, Esq.",image present,low automated risk,no redirect to hidden draft,excluded while hidden,no public change unless selected
https://chamanlawfirm.com/selling-a-family-land-without-everyones-consent,selling-a-family-land-without-everyones-consent,Selling A Family Land Without Everyones Consent,keep hidden,off-brand/property-sales wording; current-law or procedure-sensitive topic; legacy URL already redirects to /practice-areas/property-real-estate-law/selling-a-family-land-without-everyones-consent; not selected for Sprint 11X controlled editorial approval,"Charles Chukwuma Nkwoka, Esq.",image present,off-brand/property-sales wording; current-law or procedure-sensitive topic,no redirect to hidden draft,excluded while hidden,no public change unless selected
https://chamanlawfirm.com/establishing-paternity-and-maternity-under,establishing-paternity-and-maternity-under,Establishing Paternity and Maternity Under Nigerian Law: A Comprehensive 3 Steps Guide,keep hidden,family-status topic requires lawyer review; not selected for Sprint 11X controlled editorial approval,"Charles Chukwuma Nkwoka, Esq.",image present,family-status topic requires lawyer review,no redirect to hidden draft,excluded while hidden,no public change unless selected
https://chamanlawfirm.com/legal-restrictions-to-sale-of-land,legal-restrictions-to-sale-of-land,Crucial Insights: Understanding the Legal Restrictions To Sale of Land,keep hidden,off-brand/property-sales wording; legacy URL already redirects to /practice-areas/property-real-estate-law/legal-restrictions-to-sale-of-land; not selected for Sprint 11X controlled editorial approval,"Charles Chukwuma Nkwoka, Esq.",image present,off-brand/property-sales wording,no redirect to hidden draft,excluded while hidden,no public change unless selected
https://chamanlawfirm.com/legally-combat-police-harassment-in-nigeria,legally-combat-police-harassment-in-nigeria,Legally Combat Police Harassment In Nigeria,keep hidden,current-law or procedure-sensitive topic; unsupported outcome claim; not selected for Sprint 11X controlled editorial approval,"Charles Chukwuma Nkwoka, Esq.",image present,current-law or procedure-sensitive topic; unsupported outcome claim,no redirect to hidden draft,excluded while hidden,no public change unless selected
https://chamanlawfirm.com/how-to-calculate-and-pay-land-use-charge,how-to-calculate-and-pay-land-use-charge,How To Calculate and Pay Land Use Charge,keep hidden,current-law or procedure-sensitive topic; legacy URL already redirects to /practice-areas/property-real-estate-law/land-use-charge; not selected for Sprint 11X controlled editorial approval,"Charles Chukwuma Nkwoka, Esq.",image present,current-law or procedure-sensitive topic,no redirect to hidden draft,excluded while hidden,no public change unless selected
https://chamanlawfirm.com/expert-witnesses-in-nigeria-court-proceeding,expert-witnesses-in-nigeria-court-proceeding,Expert Witnesses In Nigeria Court Proceeding,keep hidden,current-law or procedure-sensitive topic; legacy URL already redirects to /practice-areas/litigation-dispute-resolution/expert-witnesses; not selected for Sprint 11X controlled editorial approval,"Charles Chukwuma Nkwoka, Esq.",image present,current-law or procedure-sensitive topic,no redirect to hidden draft,excluded while hidden,no public change unless selected
https://chamanlawfirm.com/challenges-of-implementing-the-land-use-act,challenges-of-implementing-the-land-use-act,Challenges of Implementing the Land Use Act,keep hidden,current-law or procedure-sensitive topic; dispute-resolution wording requires lawyer review; legacy URL already redirects to /practice-areas/property-real-estate-law/land-use-act-advisory; not selected for Sprint 11X controlled editorial approval,"Charles Chukwuma Nkwoka, Esq.",image present,current-law or procedure-sensitive topic; dispute-resolution wording requires lawyer review,no redirect to hidden draft,excluded while hidden,no public change unless selected
https://chamanlawfirm.com/of-the-securities-and-exchange-commission,of-the-securities-and-exchange-commission,5 Functions of the Securities and Exchange Commission,keep hidden,legacy URL already redirects to /practice-areas/corporate-commercial-law/securities-regulatory-compliance; not selected for Sprint 11X controlled editorial approval,"Charles Chukwuma Nkwoka, Esq.",image present,low automated risk,no redirect to hidden draft,excluded while hidden,no public change unless selected
https://chamanlawfirm.com/how-to-legally-evict-a-tenant-in-lagos-state,how-to-legally-evict-a-tenant-in-lagos-state,How To Legally Evict A Tenant In Lagos State Without Breaking the Law,keep hidden,possible unsafe self-help wording; current-law or procedure-sensitive topic; not selected for Sprint 11X controlled editorial approval,"Charles Chukwuma Nkwoka, Esq.",image present,possible unsafe self-help wording; current-law or procedure-sensitive topic,no redirect to hidden draft,excluded while hidden,no public change unless selected
https://chamanlawfirm.com/how-to-apply-for-certificate-of-good-conduct-in-nigeria,how-to-apply-for-certificate-of-good-conduct-in-nigeria,How To Apply For Certificate of Good Conduct In Nigeria,keep hidden,current-law or procedure-sensitive topic; legacy URL already redirects to /practice-areas/immigration-services/certificate-of-good-conduct-advisory; not selected for Sprint 11X controlled editorial approval,"Charles Chukwuma Nkwoka, Esq.",image present,current-law or procedure-sensitive topic,no redirect to hidden draft,excluded while hidden,no public change unless selected
https://chamanlawfirm.com/analysis-of-the-nigerian-legal-system,analysis-of-the-nigerian-legal-system,Unmasking the Flaws and Triumphs of the Nigerian Legal System: A Power Analysis,keep hidden,featured image missing; alt text missing or weak; possible unsafe self-help wording; current-law or procedure-sensitive topic; unsupported outcome claim; not selected for Sprint 11X controlled editorial approval,"Charles Chukwuma Nkwoka, Esq.",image missing,possible unsafe self-help wording; current-law or procedure-sensitive topic; unsupported outcome claim,no redirect to hidden draft,excluded while hidden,no public change unless selected
https://chamanlawfirm.com/how-to-file-a-lawsuit-in-nigeria,how-to-file-a-lawsuit-in-nigeria,How To File A Lawsuit In Nigeria,keep hidden,legacy URL already redirects to /practice-areas/litigation-dispute-resolution/civil-lawsuit-pre-action-review; not selected for Sprint 11X controlled editorial approval,"Charles Chukwuma Nkwoka, Esq.",image present,low automated risk,no redirect to hidden draft,excluded while hidden,no public change unless selected
https://chamanlawfirm.com/board-of-directors-in-nigerian-companies,board-of-directors-in-nigerian-companies,The Strategic Power of the Board Directors In Nigerian Companies- For A Successful Business,keep hidden,current-law or procedure-sensitive topic; legacy URL already redirects to /practice-areas/corporate-commercial-law/board-governance; not selected for Sprint 11X controlled editorial approval,"Charles Chukwuma Nkwoka, Esq.",image present,current-law or procedure-sensitive topic,no redirect to hidden draft,excluded while hidden,no public change unless selected
https://chamanlawfirm.com/lagos-tenancy-fixed-and-periodic-tenancies,lagos-tenancy-fixed-and-periodic-tenancies,Lagos Tenancy Fixed and Periodic Tenancies,keep hidden,featured image missing; alt text missing or weak; possible unsafe self-help wording; current-law or procedure-sensitive topic; not selected for Sprint 11X controlled editorial approval,"Charles Chukwuma Nkwoka, Esq.",image missing,possible unsafe self-help wording; current-law or procedure-sensitive topic,no redirect to hidden draft,excluded while hidden,no public change unless selected
https://chamanlawfirm.com/land-registration-system-in-nigeria,land-registration-system-in-nigeria,Land Registration System In Nigeria,keep hidden,body block count below gate; legacy URL already redirects to /practice-areas/property-real-estate-law/land-registration; not selected for Sprint 11X controlled editorial approval,"Charles Chukwuma Nkwoka, Esq.",image present,low automated risk,no redirect to hidden draft,excluded while hidden,no public change unless selected
https://chamanlawfirm.com/doctrine-of-ultra-vires,doctrine-of-ultra-vires,Understanding the Doctrine of Ultra Vires: A Legal Safeguard For Businesses,keep hidden,legacy URL already redirects to /practice-areas/corporate-commercial-law/ultra-vires-corporate-powers; not selected for Sprint 11X controlled editorial approval,"Charles Chukwuma Nkwoka, Esq.",image present,low automated risk,no redirect to hidden draft,excluded while hidden,no public change unless selected
https://chamanlawfirm.com/rights-of-a-property-owner-in-nigeria,rights-of-a-property-owner-in-nigeria,Your Rights As A Property Owner In Nigeria: What the Law Says,keep hidden,off-brand/property-sales wording; current-law or procedure-sensitive topic; dispute-resolution wording requires lawyer review; unsupported outcome claim; legacy URL already redirects to /practice-areas/property-real-estate-law/property-owner-rights; not selected for Sprint 11X controlled editorial approval,"Charles Chukwuma Nkwoka, Esq.",image present,off-brand/property-sales wording; current-law or procedure-sensitive topic; dispute-resolution wording requires lawyer review; unsupported outcome claim,no redirect to hidden draft,excluded while hidden,no public change unless selected
https://chamanlawfirm.com/landlords-and-tenants-in-nigeria,landlords-and-tenants-in-nigeria,Landlords and Tenants In Nigeria,keep hidden,possible unsafe self-help wording; current-law or procedure-sensitive topic; legacy URL already redirects to /practice-areas/property-real-estate-law/landlords-and-tenants-in-nigeria; not selected for Sprint 11X controlled editorial approval,"Charles Chukwuma Nkwoka, Esq.",image present,possible unsafe self-help wording; current-law or procedure-sensitive topic,no redirect to hidden draft,excluded while hidden,no public change unless selected
https://chamanlawfirm.com/nigeria-prohibited-items-list,nigeria-prohibited-items-list,Truths Behind Nigeria'S Prohibited Items List; What You Must Know!,keep hidden,featured image missing; alt text missing or weak; current-law or procedure-sensitive topic; not selected for Sprint 11X controlled editorial approval,"Charles Chukwuma Nkwoka, Esq.",image missing,current-law or procedure-sensitive topic,no redirect to hidden draft,excluded while hidden,no public change unless selected
https://chamanlawfirm.com/how-to-obtain-tax-clearance-certificate,how-to-obtain-tax-clearance-certificate,How To Obtain Tax Clearance Certificate,keep hidden,current-law or procedure-sensitive topic; legacy URL already redirects to /practice-areas/corporate-commercial-law/tax-clearance-certificate; not selected for Sprint 11X controlled editorial approval,"Charles Chukwuma Nkwoka, Esq.",image present,current-law or procedure-sensitive topic,no redirect to hidden draft,excluded while hidden,no public change unless selected
https://chamanlawfirm.com/land-use-act-1978,land-use-act-1978,Understanding the Land Use Act: How It Affects You,keep hidden,current-law or procedure-sensitive topic; dispute-resolution wording requires lawyer review; unsupported outcome claim; legacy URL already redirects to /practice-areas/property-real-estate-law/land-use-act-advisory; not selected for Sprint 11X controlled editorial approval,"Charles Chukwuma Nkwoka, Esq.",image present,current-law or procedure-sensitive topic; dispute-resolution wording requires lawyer review; unsupported outcome claim,no redirect to hidden draft,excluded while hidden,no public change unless selected
https://chamanlawfirm.com/stamping-and-up-stamping-of-a-mortgage-document,stamping-and-up-stamping-of-a-mortgage-document,What Is Stamping and Up-Stamping of A Mortgage Document,keep hidden,current-law or procedure-sensitive topic; unsupported outcome claim; legacy URL already redirects to /practice-areas/property-real-estate-law/mortgage-document-review; not selected for Sprint 11X controlled editorial approval,"Charles Chukwuma Nkwoka, Esq.",image present,current-law or procedure-sensitive topic; unsupported outcome claim,no redirect to hidden draft,excluded while hidden,no public change unless selected
https://chamanlawfirm.com/proven-steps-the-canons-of-interpretation,proven-steps-the-canons-of-interpretation,What Are the Canons of Interpretation,already public,public canonical article already exists,"Charles Chukwuma Nkwoka, Esq.",image missing,current-law or procedure-sensitive topic; family-status topic requires lawyer review,no redirect to hidden draft,already public/in sitemap if approved,no public change unless selected
https://chamanlawfirm.com/the-role-of-technology-in-nigerian-education,the-role-of-technology-in-nigerian-education,Learning: the Impact of Technology On Nigerian Education,keep hidden,featured image missing; alt text missing or weak; not selected for Sprint 11X controlled editorial approval,"Charles Chukwuma Nkwoka, Esq.",image missing,low automated risk,no redirect to hidden draft,excluded while hidden,no public change unless selected
https://chamanlawfirm.com/duties-of-correctional-institutions-in-nigeria,duties-of-correctional-institutions-in-nigeria,What Are the Duties of Correctional Institutions In Nigeria?,keep hidden,featured image missing; alt text missing or weak; current-law or procedure-sensitive topic; not selected for Sprint 11X controlled editorial approval,"Charles Chukwuma Nkwoka, Esq.",image missing,current-law or procedure-sensitive topic,no redirect to hidden draft,excluded while hidden,no public change unless selected
https://chamanlawfirm.com/the-nigerian-legal-system,the-nigerian-legal-system,The Strengths and Weaknesses of the Nigerian Legal System,already public,public canonical article already exists,"Charles Chukwuma Nkwoka, Esq.",image present,current-law or procedure-sensitive topic,no redirect to hidden draft,already public/in sitemap if approved,no public change unless selected
https://chamanlawfirm.com/the-overall-list-of-federal-laws-in-nigeria,the-overall-list-of-federal-laws-in-nigeria,The Overall List of Federal Laws In Nigeria,keep hidden,body block count below gate; source body too short for approval; not selected for Sprint 11X controlled editorial approval,"Charles Chukwuma Nkwoka, Esq.",image present,low automated risk,no redirect to hidden draft,excluded while hidden,no public change unless selected
https://chamanlawfirm.com/steps-on-how-to-confidently-report-acrimelaw,steps-on-how-to-confidently-report-acrimelaw,Steps On How To Confidently Report Acrimelaw,keep hidden,current-law or procedure-sensitive topic; not selected for Sprint 11X controlled editorial approval,"Charles Chukwuma Nkwoka, Esq.",image present,current-law or procedure-sensitive topic,no redirect to hidden draft,excluded while hidden,no public change unless selected
https://chamanlawfirm.com/apply-for-drivers-licence-in-nigeria,apply-for-drivers-licence-in-nigeria,Guide: How To Apply For A Driver'S Licence In Nigeria Without Stress,keep hidden,featured image missing; alt text missing or weak; current-law or procedure-sensitive topic; not selected for Sprint 11X controlled editorial approval,"Charles Chukwuma Nkwoka, Esq.",image missing,current-law or procedure-sensitive topic,no redirect to hidden draft,excluded while hidden,no public change unless selected
https://chamanlawfirm.com/how-to-change-car-ownership-in-nigeria,how-to-change-car-ownership-in-nigeria,How To Change Car Ownership In Nigeria,keep hidden,featured image missing; alt text missing or weak; current-law or procedure-sensitive topic; not selected for Sprint 11X controlled editorial approval,"Charles Chukwuma Nkwoka, Esq.",image missing,current-law or procedure-sensitive topic,no redirect to hidden draft,excluded while hidden,no public change unless selected
https://chamanlawfirm.com/how-to-track-a-stolen-phone-in-nigeria,how-to-track-a-stolen-phone-in-nigeria,How To Track A Stolen Phone In Nigeria,keep hidden,featured image missing; alt text missing or weak; current-law or procedure-sensitive topic; unsupported outcome claim; not selected for Sprint 11X controlled editorial approval,"Charles Chukwuma Nkwoka, Esq.",image missing,current-law or procedure-sensitive topic; unsupported outcome claim,no redirect to hidden draft,excluded while hidden,no public change unless selected
https://chamanlawfirm.com/the-concept-of-rule-of-law-in-nigeria,the-concept-of-rule-of-law-in-nigeria,The Concept of Rule of Law In Nigeria,already public,public canonical article already exists,"Charles Chukwuma Nkwoka, Esq.",image present,unsupported outcome claim,no redirect to hidden draft,already public/in sitemap if approved,no public change unless selected
https://chamanlawfirm.com/pohistory-of-legal-profession-in-nigeria,pohistory-of-legal-profession-in-nigeria,History of the Legal Profession in Nigeria,already public,public canonical article already exists,"Charles Chukwuma Nkwoka, Esq.",image present,current-law or procedure-sensitive topic,no redirect to hidden draft,already public/in sitemap if approved,no public change unless selected
https://chamanlawfirm.com/the-role-of-regulatory-bodies,the-role-of-regulatory-bodies,The Role of Regulatory Bodies in Nigeria,already public,public canonical article already exists,"Charles Chukwuma Nkwoka, Esq.",image present,low automated risk,no redirect to hidden draft,already public/in sitemap if approved,no public change unless selected
https://chamanlawfirm.com/maxims-of-equity,maxims-of-equity,Maxims of Equity in Nigerian Legal Practice,already public,public canonical article already exists,"Charles Chukwuma Nkwoka, Esq.",image present,low automated risk,no redirect to hidden draft,already public/in sitemap if approved,no public change unless selected
https://chamanlawfirm.com/what-are-the-sources-of-nigerian-law,what-are-the-sources-of-nigerian-law,What Are the Sources of Nigerian Law?,already public,public canonical article already exists,"Charles Chukwuma Nkwoka, Esq.",image present,low automated risk,no redirect to hidden draft,already public/in sitemap if approved,no public change unless selected
https://chamanlawfirm.com/how-to-obtain-standard-organisat-certificate,how-to-obtain-standard-organisat-certificate,How To Obtain Standard Organization Of Nigeria Product Certificate: 4 Powerful Steps For Positive Product Certification,keep hidden,featured image missing; alt text missing or weak; not selected for Sprint 11X controlled editorial approval,"Charles Chukwuma Nkwoka, Esq.",image missing,low automated risk,no redirect to hidden draft,excluded while hidden,no public change unless selected
https://chamanlawfirm.com/employers-vicarious-liability,employers-vicarious-liability,Critical Insight: Understanding Employer’S Vicarious Liability In Nigeria,keep hidden,featured image missing; alt text missing or weak; current-law or procedure-sensitive topic; not selected for Sprint 11X controlled editorial approval,"Charles Chukwuma Nkwoka, Esq.",image missing,current-law or procedure-sensitive topic,no redirect to hidden draft,excluded while hidden,no public change unless selected
https://chamanlawfirm.com/powerful-steps-nimasacertificate,powerful-steps-nimasacertificate,The Necessary Documents To Submit To Obtain The Nigeria Maritime Administration And Safety Agency (NIMASA)Certificate,keep hidden,featured image missing; alt text missing or weak; current-law or procedure-sensitive topic; not selected for Sprint 11X controlled editorial approval,"Charles Chukwuma Nkwoka, Esq.",image missing,current-law or procedure-sensitive topic,no redirect to hidden draft,excluded while hidden,no public change unless selected
https://chamanlawfirm.com/international-law-in-conflict-resolution,international-law-in-conflict-resolution,Powerful Impact Of International Law In Resolving Global Conflicts,keep hidden,featured image missing; alt text missing or weak; current-law or procedure-sensitive topic; not selected for Sprint 11X controlled editorial approval,"Charles Chukwuma Nkwoka, Esq.",image missing,current-law or procedure-sensitive topic,no redirect to hidden draft,excluded while hidden,no public change unless selected
https://chamanlawfirm.com/can-a-member-be-expelled-from-a-trade-union,can-a-member-be-expelled-from-a-trade-union,5 Powerful Reasons A Member Can Be Expelled From A Trade Union,keep hidden,featured image missing; alt text missing or weak; unsupported outcome claim; legacy URL already redirects to /practice-areas/employment-law/trade-union-membership-disputes; not selected for Sprint 11X controlled editorial approval,"Charles Chukwuma Nkwoka, Esq.",image missing,unsupported outcome claim,no redirect to hidden draft,excluded while hidden,no public change unless selected
https://chamanlawfirm.com/digital-evidence-admissibility-in-nigeria,digital-evidence-admissibility-in-nigeria,Powerful Insight: Challenges And Solutions In Digital Evidence Admissibility In Nigeria,keep hidden,featured image missing; alt text missing or weak; current-law or procedure-sensitive topic; unsupported outcome claim; legacy URL already redirects to /practice-areas/litigation-dispute-resolution/digital-evidence; not selected for Sprint 11X controlled editorial approval,"Charles Chukwuma Nkwoka, Esq.",image missing,current-law or procedure-sensitive topic; unsupported outcome claim,no redirect to hidden draft,excluded while hidden,no public change unless selected
https://chamanlawfirm.com/revocation-of-power-of-attorney,revocation-of-power-of-attorney,REVOCATION OF POWER OF ATTORNEY,already public,public canonical article already exists,"Charles Chukwuma Nkwoka, Esq.",image present,low automated risk,no redirect to hidden draft,already public/in sitemap if approved,no public change unless selected
https://chamanlawfirm.com/5-lis-pendens-understanding-the-doctrine,5-lis-pendens-understanding-the-doctrine,5 Critical Insights Into The Doctrine Of Lis Pendens In Real Estate Transactions; Legal Implications And Protection,keep hidden,featured image missing; alt text missing or weak; off-brand/property-sales wording; not selected for Sprint 11X controlled editorial approval,"Charles Chukwuma Nkwoka, Esq.",image missing,off-brand/property-sales wording,no redirect to hidden draft,excluded while hidden,no public change unless selected
https://chamanlawfirm.com/void-and-voidable-marriages-in-nigeria,void-and-voidable-marriages-in-nigeria,Void and Voidable Marriages in Nigeria: Understanding Legal Implications,keep hidden,canonical missing or mismatched; author reference needs correction; misleading free-service wording; possible unsafe self-help wording; current-law or procedure-sensitive topic; family-status topic requires lawyer review; unsupported outcome claim; legacy URL already redirects to /practice-areas/family-law/void-and-voidable-marriage-advisory; not selected for Sprint 11X controlled editorial approval,"Charles Chukwuma Nkwoka, Esq.",image present,misleading free-service wording; possible unsafe self-help wording; current-law or procedure-sensitive topic; family-status topic requires lawyer review; unsupported outcome claim,no redirect to hidden draft,excluded while hidden,no public change unless selected
https://chamanlawfirm.com/the-duties-of-lawyers-to-client,the-duties-of-lawyers-to-client,Duties of Lawyers to Clients in Nigeria,already public,public canonical article already exists,"Charles Chukwuma Nkwoka, Esq.",image present,low automated risk,no redirect to hidden draft,already public/in sitemap if approved,no public change unless selected
https://chamanlawfirm.com/how-do-i-legally-evict-a-tenant-in-ogun-state,how-do-i-legally-evict-a-tenant-in-ogun-state,How Do I Legally Evict a Tenant in Ogun State?,keep hidden,canonical missing or mismatched; author reference needs correction; off-brand/property-sales wording; possible unsafe self-help wording; current-law or procedure-sensitive topic; unsupported outcome claim; legacy URL already redirects to /practice-areas/property-real-estate-law; not selected for Sprint 11X controlled editorial approval,"Charles Chukwuma Nkwoka, Esq.",image present,off-brand/property-sales wording; possible unsafe self-help wording; current-law or procedure-sensitive topic; unsupported outcome claim,no redirect to hidden draft,excluded while hidden,no public change unless selected
https://chamanlawfirm.com/how-to-calculate-stamp-duty-chaman-law-firm,how-to-calculate-stamp-duty-chaman-law-firm,How to calculate stamp duty for property transactions in Ogun?,already public,public canonical article already exists,"Charles Chukwuma Nkwoka, Esq.",image missing,off-brand/property-sales wording,no redirect to hidden draft,already public/in sitemap if approved,no public change unless selected
https://chamanlawfirm.com/land-grabbing-the-legal-consequences-of,land-grabbing-the-legal-consequences-of,Severe Repercussions of Land Grabbing in Nigeria: What Property Owners Must Know,keep hidden,body block count below gate; source body too short for approval; featured image missing; alt text missing or weak; author reference needs correction; legacy URL already redirects to /practice-areas/property-real-estate-law; not selected for Sprint 11X controlled editorial approval,"Charles Chukwuma Nkwoka, Esq.",image missing,low automated risk,no redirect to hidden draft,excluded while hidden,no public change unless selected
https://chamanlawfirm.com/the-role-of-family-court-in-relation-to-child-protect-in-nigeria,the-role-of-family-court-in-relation-to-child-protect-in-nigeria,THE ROLE OF FAMILY COURT IN RELATION TO CHILD PROTECTION IN NIGERIA,already public,public canonical article already exists,"Charles Chukwuma Nkwoka, Esq.",image missing,current-law or procedure-sensitive topic; family-status topic requires lawyer review,no redirect to hidden draft,already public/in sitemap if approved,no public change unless selected
https://chamanlawfirm.com/certificate-of-occupancy-in-rivers-state,certificate-of-occupancy-in-rivers-state,Certificate Of Occupancy In Rivers State,already public,public canonical article already exists,"Charles Chukwuma Nkwoka, Esq.",image present,current-law or procedure-sensitive topic; dispute-resolution wording requires lawyer review,no redirect to hidden draft,already public/in sitemap if approved,no public change unless selected
https://chamanlawfirm.com/property-how-to-place-a-caveat,property-how-to-place-a-caveat,Property How To Place A Caveat,keep hidden,source body too short for approval; author reference needs correction; legacy URL already redirects to /practice-areas/property-real-estate-law; not selected for Sprint 11X controlled editorial approval,"Charles Chukwuma Nkwoka, Esq.",image present,low automated risk,no redirect to hidden draft,excluded while hidden,no public change unless selected
https://chamanlawfirm.com/can-a-landlord-increase-rent-arbitrarily-in-ogun,can-a-landlord-increase-rent-arbitrarily-in-ogun,Can A Landlord Increase Rent Arbitrarily In Ogun,keep hidden,author reference needs correction; current-law or procedure-sensitive topic; legacy URL already redirects to /practice-areas/property-real-estate-law; not selected for Sprint 11X controlled editorial approval,"Charles Chukwuma Nkwoka, Esq.",image present,current-law or procedure-sensitive topic,no redirect to hidden draft,excluded while hidden,no public change unless selected
https://chamanlawfirm.com/debt-recovery-and-consumer-protection-laws,debt-recovery-and-consumer-protection-laws,Debt Recovery And Consumer Protection Laws,keep hidden,canonical missing or mismatched; author reference needs correction; possible unsafe self-help wording; current-law or procedure-sensitive topic; unsupported outcome claim; not selected for Sprint 11X controlled editorial approval,"Charles Chukwuma Nkwoka, Esq.",image present,possible unsafe self-help wording; current-law or procedure-sensitive topic; unsupported outcome claim,no redirect to hidden draft,excluded while hidden,no public change unless selected
https://chamanlawfirm.com/3-proven-steps-on-how-to-rolve-land-disputes,3-proven-steps-on-how-to-rolve-land-disputes,3 Proven Steps On How To Rolve Land Disputes,already public,public canonical article already exists,"Charles Chukwuma Nkwoka, Esq.",image missing,dispute-resolution wording requires lawyer review,no redirect to hidden draft,already public/in sitemap if approved,no public change unless selected
https://chamanlawfirm.com/evaluating-real-estate-investment-returns,evaluating-real-estate-investment-returns,Evaluating Real Estate Investment Returns,already public,public canonical article already exists,"Charles Chukwuma Nkwoka, Esq.",image missing,low automated risk,no redirect to hidden draft,already public/in sitemap if approved,no public change unless selected
https://chamanlawfirm.com/force-majeure-clauses-in-business-contracts,force-majeure-clauses-in-business-contracts,Force Majeure Clauses In Business Contracts,already public,public canonical article already exists,"Charles Chukwuma Nkwoka, Esq.",image missing,low automated risk,no redirect to hidden draft,already public/in sitemap if approved,no public change unless selected
https://chamanlawfirm.com/what-is-the-process-for-land-allocation-for-agricultural-purposes-under-the-land-use-act,what-is-the-process-for-land-allocation-for-agricultural-purposes-under-the-land-use-act,What Is The Process For Land Allocation For Agricultural Purposes Under The Land Use Act,already public,public canonical article already exists,"Charles Chukwuma Nkwoka, Esq.",image present,low automated risk,no redirect to hidden draft,already public/in sitemap if approved,no public change unless selected
https://chamanlawfirm.com/can-a-foreigner-buy-property-chaman-law-firm,can-a-foreigner-buy-property-chaman-law-firm,Can A Foreigner Buy Property,already public,public canonical article already exists,"Charles Chukwuma Nkwoka, Esq.",image present,dispute-resolution wording requires lawyer review,no redirect to hidden draft,already public/in sitemap if approved,no public change unless selected
https://chamanlawfirm.com/what-you-need-to-know-when-buying-a-family-g,what-you-need-to-know-when-buying-a-family-g,What You Need To Know When Buying A Family G,already public,public canonical article already exists,"Charles Chukwuma Nkwoka, Esq.",image present,low automated risk,no redirect to hidden draft,already public/in sitemap if approved,no public change unless selected
https://chamanlawfirm.com/risk-management-strategies-for-real-estate-investment-in-nigeria,risk-management-strategies-for-real-estate-investment-in-nigeria,Risk Management Strategies For Real Estate Investment In Nigeria,already public,public canonical article already exists,"Charles Chukwuma Nkwoka, Esq.",image present,current-law or procedure-sensitive topic,no redirect to hidden draft,already public/in sitemap if approved,no public change unless selected
https://chamanlawfirm.com/what-is-the-significan-and-titles-in-nigeria,what-is-the-significan-and-titles-in-nigeria,What Is The Significan And Titles In Nigeria,already public,public canonical article already exists,"Charles Chukwuma Nkwoka, Esq.",image present,unsupported outcome claim,no redirect to hidden draft,already public/in sitemap if approved,no public change unless selected
https://chamanlawfirm.com/lekki-property-when-owner-dies-without-will,lekki-property-when-owner-dies-without-will,Lekki Property When Owner Dies Without Will,already public,public canonical article already exists,"Charles Chukwuma Nkwoka, Esq.",image present,unsupported outcome claim,no redirect to hidden draft,already public/in sitemap if approved,no public change unless selected
https://chamanlawfirm.com/nigerian-shipping-contracts,nigerian-shipping-contracts,Nigerian Shipping Contracts,keep hidden,author reference needs correction; current-law or procedure-sensitive topic; not selected for Sprint 11X controlled editorial approval,"Charles Chukwuma Nkwoka, Esq.",image present,current-law or procedure-sensitive topic,no redirect to hidden draft,excluded while hidden,no public change unless selected
https://chamanlawfirm.com/consequences-of-defaulting-on-property-tax,consequences-of-defaulting-on-property-tax,Consequences Of Defaulting On Property Tax,keep hidden,author reference needs correction; off-brand/property-sales wording; current-law or procedure-sensitive topic; not selected for Sprint 11X controlled editorial approval,"Charles Chukwuma Nkwoka, Esq.",image present,off-brand/property-sales wording; current-law or procedure-sensitive topic,no redirect to hidden draft,excluded while hidden,no public change unless selected
https://chamanlawfirm.com/real-estate-and-property-law,real-estate-and-property-law,Real Estate And Property Law,keep hidden,author reference needs correction; current-law or procedure-sensitive topic; not selected for Sprint 11X controlled editorial approval,"Charles Chukwuma Nkwoka, Esq.",image present,current-law or procedure-sensitive topic,no redirect to hidden draft,excluded while hidden,no public change unless selected
https://chamanlawfirm.com/registering-property-titles-in-nigeria,registering-property-titles-in-nigeria,Registering Property Titles In Nigeria,keep hidden,author reference needs correction; dispute-resolution wording requires lawyer review; unsupported outcome claim; not selected for Sprint 11X controlled editorial approval,"Charles Chukwuma Nkwoka, Esq.",image present,dispute-resolution wording requires lawyer review; unsupported outcome claim,no redirect to hidden draft,excluded while hidden,no public change unless selected
https://chamanlawfirm.com/breach-of-property-contracts-in-lekki,breach-of-property-contracts-in-lekki,Breach Of Property Contracts In Lekki,keep hidden,author reference needs correction; off-brand/property-sales wording; current-law or procedure-sensitive topic; not selected for Sprint 11X controlled editorial approval,"Charles Chukwuma Nkwoka, Esq.",image present,off-brand/property-sales wording; current-law or procedure-sensitive topic,no redirect to hidden draft,excluded while hidden,no public change unless selected
https://chamanlawfirm.com/property-developers-guide-to-tax-compliance,property-developers-guide-to-tax-compliance,Property Developers Guide To Tax Compliance,keep hidden,author reference needs correction; off-brand/property-sales wording; current-law or procedure-sensitive topic; not selected for Sprint 11X controlled editorial approval,"Charles Chukwuma Nkwoka, Esq.",image present,off-brand/property-sales wording; current-law or procedure-sensitive topic,no redirect to hidden draft,excluded while hidden,no public change unless selected
https://chamanlawfirm.com/ultimate-legal-guide-to-buying-land-in-nigeria,ultimate-legal-guide-to-buying-land-in-nigeria,Ultimate Legal Guide To Buying Land In Nigeria,keep hidden,canonical missing or mismatched; author reference needs correction; possible unsafe self-help wording; current-law or procedure-sensitive topic; dispute-resolution wording requires lawyer review; unsupported outcome claim; not selected for Sprint 11X controlled editorial approval,"Charles Chukwuma Nkwoka, Esq.",image present,possible unsafe self-help wording; current-law or procedure-sensitive topic; dispute-resolution wording requires lawyer review; unsupported outcome claim,no redirect to hidden draft,excluded while hidden,no public change unless selected
https://chamanlawfirm.com/how-does-the-land-use-act-affect-forest-reserves,how-does-the-land-use-act-affect-forest-reserves,How Does The Land Use Act Affect Forest Reserves,keep hidden,featured image missing; alt text missing or weak; author reference needs correction; not selected for Sprint 11X controlled editorial approval,"Charles Chukwuma Nkwoka, Esq.",image missing,low automated risk,no redirect to hidden draft,excluded while hidden,no public change unless selected
https://chamanlawfirm.com/notary-services-chaman-law-firm,notary-services-chaman-law-firm,Notary Services,keep hidden,featured image missing; alt text missing or weak; author reference needs correction; misleading free-service wording; legacy URL already redirects to /practice-areas/notary-public-services; not selected for Sprint 11X controlled editorial approval,"Charles Chukwuma Nkwoka, Esq.",image missing,misleading free-service wording,no redirect to hidden draft,excluded while hidden,no public change unless selected
https://chamanlawfirm.com/protect-your-properties-from-family-disputes,protect-your-properties-from-family-disputes,Protect Your Properties From Family Disputes,keep hidden,featured image missing; alt text missing or weak; author reference needs correction; not selected for Sprint 11X controlled editorial approval,"Charles Chukwuma Nkwoka, Esq.",image missing,low automated risk,no redirect to hidden draft,excluded while hidden,no public change unless selected
https://chamanlawfirm.com/strategies-for-preventing-corporate-collapse,strategies-for-preventing-corporate-collapse,Strategies For Preventing Corporate Collapse,keep hidden,featured image missing; alt text missing or weak; author reference needs correction; unsupported outcome claim; not selected for Sprint 11X controlled editorial approval,"Charles Chukwuma Nkwoka, Esq.",image missing,unsupported outcome claim,no redirect to hidden draft,excluded while hidden,no public change unless selected
https://chamanlawfirm.com/child-custody-and-visitations-emergencies,child-custody-and-visitations-emergencies,Child Custody And Visitations Emergencies,keep hidden,featured image missing; alt text missing or weak; author reference needs correction; possible unsafe self-help wording; family-status topic requires lawyer review; not selected for Sprint 11X controlled editorial approval,"Charles Chukwuma Nkwoka, Esq.",image missing,possible unsafe self-help wording; family-status topic requires lawyer review,no redirect to hidden draft,excluded while hidden,no public change unless selected
https://chamanlawfirm.com/acquire-land-for-real-estate-development,acquire-land-for-real-estate-development,Acquire Land For Real Estate Development,keep hidden,featured image missing; alt text missing or weak; author reference needs correction; unsupported outcome claim; not selected for Sprint 11X controlled editorial approval,"Charles Chukwuma Nkwoka, Esq.",image missing,unsupported outcome claim,no redirect to hidden draft,excluded while hidden,no public change unless selected
https://chamanlawfirm.com/land-valuation-under-the-land-use-act,land-valuation-under-the-land-use-act,Land Valuation Under The Land Use Act,keep hidden,featured image missing; alt text missing or weak; author reference needs correction; current-law or procedure-sensitive topic; not selected for Sprint 11X controlled editorial approval,"Charles Chukwuma Nkwoka, Esq.",image missing,current-law or procedure-sensitive topic,no redirect to hidden draft,excluded while hidden,no public change unless selected
https://chamanlawfirm.com/how-to-start-a-private-lending-company,how-to-start-a-private-lending-company,How To Start A Private Lending Company,keep hidden,featured image missing; alt text missing or weak; author reference needs correction; not selected for Sprint 11X controlled editorial approval,"Charles Chukwuma Nkwoka, Esq.",image missing,low automated risk,no redirect to hidden draft,excluded while hidden,no public change unless selected
https://chamanlawfirm.com/powerful-ways-on-property-ownership-in-nigeria,powerful-ways-on-property-ownership-in-nigeria,Powerful Ways On Property Ownership In Nigeria,keep hidden,featured image missing; alt text missing or weak; author reference needs correction; not selected for Sprint 11X controlled editorial approval,"Charles Chukwuma Nkwoka, Esq.",image missing,low automated risk,no redirect to hidden draft,excluded while hidden,no public change unless selected
https://chamanlawfirm.com/obtain-a-certificate-of-occupancy-chaman-law,obtain-a-certificate-of-occupancy-chaman-law,How to Obtain a Certificate of Occupancy in Nigeria,already public,public canonical article already exists,"Charles Chukwuma Nkwoka, Esq.",image present,current-law or procedure-sensitive topic; unsupported outcome claim,no redirect to hidden draft,already public/in sitemap if approved,no public change unless selected
https://chamanlawfirm.com/land-use-act-in-nigeria,land-use-act-in-nigeria,Land Use Act In Nigeria,keep hidden,featured image missing; alt text missing or weak; author reference needs correction; current-law or procedure-sensitive topic; not selected for Sprint 11X controlled editorial approval,"Charles Chukwuma Nkwoka, Esq.",image missing,current-law or procedure-sensitive topic,no redirect to hidden draft,excluded while hidden,no public change unless selected
https://chamanlawfirm.com/register-your-company-with-cac-in-nigeria,register-your-company-with-cac-in-nigeria,How to Register Your Company With CAC in Nigeria,already public,public canonical article already exists,"Charles Chukwuma Nkwoka, Esq.",image present,current-law or procedure-sensitive topic,no redirect to hidden draft,already public/in sitemap if approved,no public change unless selected
https://chamanlawfirm.com/review-of-corporate-affairs-commission-share-capital-for-company-registration-in-nigeria,review-of-corporate-affairs-commission-share-capital-for-company-registration-in-nigeria,Corporate Affairs Commission Share Capital Requirements for Company Registration,already public,public canonical article already exists,"Charles Chukwuma Nkwoka, Esq.",image present,low automated risk,no redirect to hidden draft,already public/in sitemap if approved,no public change unless selected
https://chamanlawfirm.com/steps-to-understanding-financial-crimes,steps-to-understanding-financial-crimes,Understanding Financial Crimes in Nigeria,already public,public canonical article already exists,"Charles Chukwuma Nkwoka, Esq.",image present,current-law or procedure-sensitive topic,no redirect to hidden draft,already public/in sitemap if approved,no public change unless selected
https://chamanlawfirm.com/why-is-public-awareness-important-for-land-ownership-and-titles-in-nigeria,why-is-public-awareness-important-for-land-ownership-and-titles-in-nigeria,Why Public Awareness Matters for Land Ownership and Titles in Nigeria,already public,public canonical article already exists,"Charles Chukwuma Nkwoka, Esq.",image present,dispute-resolution wording requires lawyer review,no redirect to hidden draft,already public/in sitemap if approved,no public change unless selected
https://chamanlawfirm.com/top-5-intellectual-property-enforcement-stra,top-5-intellectual-property-enforcement-stra,Intellectual Property Enforcement Strategies in Nigeria,already public,public canonical article already exists,"Charles Chukwuma Nkwoka, Esq.",image present,low automated risk,no redirect to hidden draft,already public/in sitemap if approved,no public change unless selected
https://chamanlawfirm.com/what-is-the-legal-way-to-safeguard-your-will,what-is-the-legal-way-to-safeguard-your-will,Legal Ways to Safeguard Your Will in Nigeria,already public,public canonical article already exists,"Charles Chukwuma Nkwoka, Esq.",image present,low automated risk,no redirect to hidden draft,already public/in sitemap if approved,no public change unless selected
https://chamanlawfirm.com/what-is-the-role-of-the-surveyor-general-in-land-allocation-under-the-land-use-act,what-is-the-role-of-the-surveyor-general-in-land-allocation-under-the-land-use-act,Role of the Surveyor-General in Land Allocation Under the Land Use Act,already public,public canonical article already exists,"Charles Chukwuma Nkwoka, Esq.",image present,dispute-resolution wording requires lawyer review,no redirect to hidden draft,already public/in sitemap if approved,no public change unless selected
https://chamanlawfirm.com/real-estate-contracts,real-estate-contracts,Real Estate Contracts in Nigeria,already public,public canonical article already exists,"Charles Chukwuma Nkwoka, Esq.",image present,unsupported outcome claim,no redirect to hidden draft,already public/in sitemap if approved,no public change unless selected
https://chamanlawfirm.com/what-challenges-are-associated-with-preserving-and-digitizing-historical-land-records,what-challenges-are-associated-with-preserving-and-digitizing-historical-land-records,Challenges in Preserving and Digitizing Historical Land Records,already public,public canonical article already exists,"Charles Chukwuma Nkwoka, Esq.",image present,dispute-resolution wording requires lawyer review,no redirect to hidden draft,already public/in sitemap if approved,no public change unless selected
https://chamanlawfirm.com/why-you-need-a-certificate-of-occupancy-in-nigeria,why-you-need-a-certificate-of-occupancy-in-nigeria,Why You Need a Certificate of Occupancy in Nigeria,already public,public canonical article already exists,"Charles Chukwuma Nkwoka, Esq.",image present,dispute-resolution wording requires lawyer review,no redirect to hidden draft,already public/in sitemap if approved,no public change unless selected
https://chamanlawfirm.com/reasons-yourland-title-verification-may-fail,reasons-yourland-title-verification-may-fail,Reasons Land Title Verification May Fail,already public,public canonical article already exists,"Charles Chukwuma Nkwoka, Esq.",image present,low automated risk,no redirect to hidden draft,already public/in sitemap if approved,no public change unless selected
https://chamanlawfirm.com/land-titles-in-nigeria,land-titles-in-nigeria,Land Titles in Nigeria,already public,public canonical article already exists,"Charles Chukwuma Nkwoka, Esq.",image present,current-law or procedure-sensitive topic,no redirect to hidden draft,already public/in sitemap if approved,no public change unless selected
https://chamanlawfirm.com/different-types-of-marriage-in-nigeria,different-types-of-marriage-in-nigeria,Different Types of Marriage in Nigeria,already public,public canonical article already exists,"Charles Chukwuma Nkwoka, Esq.",image present,family-status topic requires lawyer review,no redirect to hidden draft,already public/in sitemap if approved,no public change unless selected
https://chamanlawfirm.com/legal-advice-for-expatriates-in-nigeria-ess,legal-advice-for-expatriates-in-nigeria-ess,Legal Advice for Expatriates in Nigeria,already public,public canonical article already exists,"Charles Chukwuma Nkwoka, Esq.",image present,current-law or procedure-sensitive topic,no redirect to hidden draft,already public/in sitemap if approved,no public change unless selected
https://chamanlawfirm.com/5-proven-roles-of-a-child-adoption-lawyer,5-proven-roles-of-a-child-adoption-lawyer,Roles of a Child Adoption Lawyer in Nigeria,already public,public canonical article already exists,"Charles Chukwuma Nkwoka, Esq.",image present,current-law or procedure-sensitive topic; family-status topic requires lawyer review,no redirect to hidden draft,already public/in sitemap if approved,no public change unless selected
https://chamanlawfirm.com/land-record-keeping-ensure-accurate-land-titles,land-record-keeping-ensure-accurate-land-titles,Land Record Keeping and Accurate Land Titles in Nigeria,already public,public canonical article already exists,"Charles Chukwuma Nkwoka, Esq.",image present,off-brand/property-sales wording; current-law or procedure-sensitive topic; dispute-resolution wording requires lawyer review,no redirect to hidden draft,already public/in sitemap if approved,no public change unless selected
https://chamanlawfirm.com/immigration-law-at-chaman-law-firm,immigration-law-at-chaman-law-firm,Immigration Law Services in Nigeria,already public,public canonical article already exists,"Charles Chukwuma Nkwoka, Esq.",image present,low automated risk,no redirect to hidden draft,already public/in sitemap if approved,no public change unless selected
https://chamanlawfirm.com/the-land-use-act-protect-the-environment,the-land-use-act-protect-the-environment,How the Land Use Act Relates to Environmental Protection,already public,public canonical article already exists,"Charles Chukwuma Nkwoka, Esq.",image present,low automated risk,no redirect to hidden draft,already public/in sitemap if approved,no public change unless selected
https://chamanlawfirm.com/how-does-land-title-regularization-affect-p,how-does-land-title-regularization-affect-p,How Land Title Regularization Affects Property Owners,already public,public canonical article already exists,"Charles Chukwuma Nkwoka, Esq.",image present,low automated risk,no redirect to hidden draft,already public/in sitemap if approved,no public change unless selected
https://chamanlawfirm.com/lawyers-help-you-access-inherited-property,lawyers-help-you-access-inherited-property,How Probate Lawyers Help Families Access Inherited Property,already public,public canonical article already exists,"Charles Chukwuma Nkwoka, Esq.",image present,current-law or procedure-sensitive topic,no redirect to hidden draft,already public/in sitemap if approved,no public change unless selected
https://chamanlawfirm.com/setting-up-a-fintech-company-in-nigeria,setting-up-a-fintech-company-in-nigeria,Setting Up A Fintech Company In Nigeria,keep hidden,featured image missing; alt text missing or weak; author reference needs correction; not selected for Sprint 11X controlled editorial approval,"Charles Chukwuma Nkwoka, Esq.",image missing,low automated risk,no redirect to hidden draft,excluded while hidden,no public change unless selected
https://chamanlawfirm.com/what-is-the-legal-process-for-land-dispute,what-is-the-legal-process-for-land-dispute,Legal Process for Land Disputes in Nigeria,already public,public canonical article already exists,"Charles Chukwuma Nkwoka, Esq.",image present,current-law or procedure-sensitive topic; dispute-resolution wording requires lawyer review,no redirect to hidden draft,already public/in sitemap if approved,no public change unless selected
https://chamanlawfirm.com/corporate-tax-obligations-in-nigeria,corporate-tax-obligations-in-nigeria,Corporate Tax Obligations in Nigeria,already public,public canonical article already exists,"Charles Chukwuma Nkwoka, Esq.",image present,current-law or procedure-sensitive topic,no redirect to hidden draft,already public/in sitemap if approved,no public change unless selected
https://chamanlawfirm.com/how-does-land-title-insurance-protect-property-owners-in-nigeria,how-does-land-title-insurance-protect-property-owners-in-nigeria,How Land Title Insurance Protects Property Owners in Nigeria,already public,public canonical article already exists,"Charles Chukwuma Nkwoka, Esq.",image present,low automated risk,no redirect to hidden draft,already public/in sitemap if approved,no public change unless selected
https://chamanlawfirm.com/top-10-questions-about-probate-in-nigeria,top-10-questions-about-probate-in-nigeria,Top 10 Questions About Probate In Nigeria,keep hidden,featured image missing; alt text missing or weak; author reference needs correction; not selected for Sprint 11X controlled editorial approval,"Charles Chukwuma Nkwoka, Esq.",image missing,low automated risk,no redirect to hidden draft,excluded while hidden,no public change unless selected
https://chamanlawfirm.com/insurance-in-construction-contracts,insurance-in-construction-contracts,Insurance in Construction Contracts in Nigeria,already public,public canonical article already exists,"Charles Chukwuma Nkwoka, Esq.",image present,unsupported outcome claim,no redirect to hidden draft,already public/in sitemap if approved,no public change unless selected
https://chamanlawfirm.com/remedies-for-breach-of-property-contracts-in-lagos-a-legal-guide,remedies-for-breach-of-property-contracts-in-lagos-a-legal-guide,Remedies for Breach of Property Contracts in Lagos,already public,public canonical article already exists,"Charles Chukwuma Nkwoka, Esq.",image present,current-law or procedure-sensitive topic,no redirect to hidden draft,already public/in sitemap if approved,no public change unless selected
https://chamanlawfirm.com/how-to-licence-a-trademark-in-nigeria,how-to-licence-a-trademark-in-nigeria,How To Licence A Trademark In Nigeria,keep hidden,featured image missing; alt text missing or weak; author reference needs correction; current-law or procedure-sensitive topic; not selected for Sprint 11X controlled editorial approval,"Charles Chukwuma Nkwoka, Esq.",image missing,current-law or procedure-sensitive topic,no redirect to hidden draft,excluded while hidden,no public change unless selected
https://chamanlawfirm.com/how-to-check-if-a-property-title-is-genuine,how-to-check-if-a-property-title-is-genuine,How to Check if a Property Title Is Genuine in Nigeria,already public,public canonical article already exists,"Charles Chukwuma Nkwoka, Esq.",image present,current-law or procedure-sensitive topic; dispute-resolution wording requires lawyer review; unsupported outcome claim,no redirect to hidden draft,already public/in sitemap if approved,no public change unless selected
https://chamanlawfirm.com/piracy-and-its-burden-on-copyright,piracy-and-its-burden-on-copyright,Piracy and Copyright Protection in Nigeria,already public,public canonical article already exists,"Charles Chukwuma Nkwoka, Esq.",image present,low automated risk,no redirect to hidden draft,already public/in sitemap if approved,no public change unless selected
https://chamanlawfirm.com/4-main-guide-to-land-ownership-in-nigeria,4-main-guide-to-land-ownership-in-nigeria,Guide to Land Ownership in Nigeria,already public,public canonical article already exists,"Charles Chukwuma Nkwoka, Esq.",image present,dispute-resolution wording requires lawyer review; unsupported outcome claim,no redirect to hidden draft,already public/in sitemap if approved,no public change unless selected
https://chamanlawfirm.com/how-to-draft-a-commercial-contract-a-proven,how-to-draft-a-commercial-contract-a-proven,How to Draft a Commercial Contract in Nigeria,already public,public canonical article already exists,"Charles Chukwuma Nkwoka, Esq.",image present,unsupported outcome claim,no redirect to hidden draft,already public/in sitemap if approved,no public change unless selected
https://chamanlawfirm.com/why-is-lekki-the-best-location-for-luxury,why-is-lekki-the-best-location-for-luxury,Why Is Lekki The Best Location For Luxury,keep hidden,featured image missing; alt text missing or weak; author reference needs correction; off-brand/property-sales wording; dispute-resolution wording requires lawyer review; unsupported outcome claim; not selected for Sprint 11X controlled editorial approval,"Charles Chukwuma Nkwoka, Esq.",image missing,off-brand/property-sales wording; dispute-resolution wording requires lawyer review; unsupported outcome claim,no redirect to hidden draft,excluded while hidden,no public change unless selected
https://chamanlawfirm.com/legally-binding-contracts,legally-binding-contracts,Legally Binding Contracts in Nigeria,already public,public canonical article already exists,"Charles Chukwuma Nkwoka, Esq.",image present,unsupported outcome claim,no redirect to hidden draft,already public/in sitemap if approved,no public change unless selected
https://chamanlawfirm.com/a-will-made-abroad-cover-property-in-ogun,a-will-made-abroad-cover-property-in-ogun,A Will Made Abroad Cover Property In Ogun,keep hidden,featured image missing; alt text missing or weak; author reference needs correction; current-law or procedure-sensitive topic; not selected for Sprint 11X controlled editorial approval,"Charles Chukwuma Nkwoka, Esq.",image missing,current-law or procedure-sensitive topic,no redirect to hidden draft,excluded while hidden,no public change unless selected
https://chamanlawfirm.com/newblogpost-ztnezvare-non-resident-companies-liable-to-tax-in-nigeria,newblogpost-ztnezvare-non-resident-companies-liable-to-tax-in-nigeria,Newblogpost Ztnezvare Non Resident Companies Liable To Tax In Nigeria,keep hidden,featured image missing; alt text missing or weak; author reference needs correction; current-law or procedure-sensitive topic; not selected for Sprint 11X controlled editorial approval,"Charles Chukwuma Nkwoka, Esq.",image missing,current-law or procedure-sensitive topic,no redirect to hidden draft,excluded while hidden,no public change unless selected
https://chamanlawfirm.com/digitization-impact-land-title-registration,digitization-impact-land-title-registration,Impact of Digitization on Land Title Registration,already public,public canonical article already exists,"Charles Chukwuma Nkwoka, Esq.",image present,low automated risk,no redirect to hidden draft,already public/in sitemap if approved,no public change unless selected
https://chamanlawfirm.com/what-are-the-implications-of-land-use-conversion-on-land-ownership-in-nigeria,what-are-the-implications-of-land-use-conversion-on-land-ownership-in-nigeria,What Are The Implications Of Land Use Conversion On Land Ownership In Nigeria,keep hidden,featured image missing; alt text missing or weak; author reference needs correction; not selected for Sprint 11X controlled editorial approval,"Charles Chukwuma Nkwoka, Esq.",image missing,low automated risk,no redirect to hidden draft,excluded while hidden,no public change unless selected
https://chamanlawfirm.com/challenges-women-face-in-obtaining-land-titles,challenges-women-face-in-obtaining-land-titles,Challenges Women Face in Obtaining Land Titles in Nigeria,already public,public canonical article already exists,"Charles Chukwuma Nkwoka, Esq.",image present,low automated risk,no redirect to hidden draft,already public/in sitemap if approved,no public change unless selected
https://chamanlawfirm.com/obtaining-letters-of-administration-in-ogun,obtaining-letters-of-administration-in-ogun,Obtaining Letters Of Administration In Ogun,keep hidden,featured image missing; alt text missing or weak; author reference needs correction; not selected for Sprint 11X controlled editorial approval,"Charles Chukwuma Nkwoka, Esq.",image missing,low automated risk,no redirect to hidden draft,excluded while hidden,no public change unless selected
https://chamanlawfirm.com/obtaining-land-titles-in-rural-areas,obtaining-land-titles-in-rural-areas,Obtaining Land Titles In Rural Areas,keep hidden,featured image missing; alt text missing or weak; author reference needs correction; current-law or procedure-sensitive topic; dispute-resolution wording requires lawyer review; not selected for Sprint 11X controlled editorial approval,"Charles Chukwuma Nkwoka, Esq.",image missing,current-law or procedure-sensitive topic; dispute-resolution wording requires lawyer review,no redirect to hidden draft,excluded while hidden,no public change unless selected
https://chamanlawfirm.com/matrimonial-reliefs-in-nigeria,matrimonial-reliefs-in-nigeria,Matrimonial Reliefs In Nigeria,keep hidden,featured image missing; alt text missing or weak; author reference needs correction; family-status topic requires lawyer review; not selected for Sprint 11X controlled editorial approval,"Charles Chukwuma Nkwoka, Esq.",image missing,family-status topic requires lawyer review,no redirect to hidden draft,excluded while hidden,no public change unless selected
https://chamanlawfirm.com/thing-you-need-to-know-about-a-legal-will,thing-you-need-to-know-about-a-legal-will,What to Know About a Legal Will in Nigeria,already public,public canonical article already exists,"Charles Chukwuma Nkwoka, Esq.",image present,low automated risk,no redirect to hidden draft,already public/in sitemap if approved,no public change unless selected
https://chamanlawfirm.com/legal-assistance-for-visa-appeals-5-step,legal-assistance-for-visa-appeals-5-step,Legal Assistance for Visa Appeals in Nigeria,already public,public canonical article already exists,"Charles Chukwuma Nkwoka, Esq.",image present,current-law or procedure-sensitive topic,no redirect to hidden draft,already public/in sitemap if approved,no public change unless selected
https://chamanlawfirm.com/available-remedies-in-civil-litigation,available-remedies-in-civil-litigation,Available Remedies In Civil Litigation,keep hidden,featured image missing; alt text missing or weak; author reference needs correction; not selected for Sprint 11X controlled editorial approval,"Charles Chukwuma Nkwoka, Esq.",image missing,low automated risk,no redirect to hidden draft,excluded while hidden,no public change unless selected
https://chamanlawfirm.com/corporate-governance-failures-on-debt,corporate-governance-failures-on-debt,Corporate Governance Failures On Debt,keep hidden,featured image missing; alt text missing or weak; author reference needs correction; current-law or procedure-sensitive topic; unsupported outcome claim; not selected for Sprint 11X controlled editorial approval,"Charles Chukwuma Nkwoka, Esq.",image missing,current-law or procedure-sensitive topic; unsupported outcome claim,no redirect to hidden draft,excluded while hidden,no public change unless selected
https://chamanlawfirm.com/environmental-law-and-corporate,environmental-law-and-corporate,Environmental Law And Corporate,keep hidden,source body too short for approval; featured image missing; alt text missing or weak; author reference needs correction; current-law or procedure-sensitive topic; not selected for Sprint 11X controlled editorial approval,"Charles Chukwuma Nkwoka, Esq.",image missing,current-law or procedure-sensitive topic,no redirect to hidden draft,excluded while hidden,no public change unless selected
https://chamanlawfirm.com/corporate-fraud-and-mismanagement,corporate-fraud-and-mismanagement,Corporate Fraud and Mismanagement in Nigeria,already public,public canonical article already exists,"Charles Chukwuma Nkwoka, Esq.",image present,low automated risk,no redirect to hidden draft,already public/in sitemap if approved,no public change unless selected
https://chamanlawfirm.com/disputes-arising-from-property-ownership,disputes-arising-from-property-ownership,Disputes Arising From Property Ownership in Nigeria,already public,public canonical article already exists,"Charles Chukwuma Nkwoka, Esq.",image present,current-law or procedure-sensitive topic; family-status topic requires lawyer review; dispute-resolution wording requires lawyer review,no redirect to hidden draft,already public/in sitemap if approved,no public change unless selected
https://chamanlawfirm.com/5-ways-to-avoid-property-scam-in-nigeria,5-ways-to-avoid-property-scam-in-nigeria,5 Ways To Avoid Property Scam In Nigeria,keep hidden,featured image missing; alt text missing or weak; author reference needs correction; not selected for Sprint 11X controlled editorial approval,"Charles Chukwuma Nkwoka, Esq.",image missing,low automated risk,no redirect to hidden draft,excluded while hidden,no public change unless selected
https://chamanlawfirm.com/the-role-of-real-estate-investment-trusts,the-role-of-real-estate-investment-trusts,The Role Of Real Estate Investment Trusts,keep hidden,featured image missing; alt text missing or weak; author reference needs correction; current-law or procedure-sensitive topic; not selected for Sprint 11X controlled editorial approval,"Charles Chukwuma Nkwoka, Esq.",image missing,current-law or procedure-sensitive topic,no redirect to hidden draft,excluded while hidden,no public change unless selected
https://chamanlawfirm.com/powerful-step-buying-family-land-in-lagos,powerful-step-buying-family-land-in-lagos,Powerful Step Buying Family Land In Lagos,keep hidden,featured image missing; alt text missing or weak; author reference needs correction; current-law or procedure-sensitive topic; dispute-resolution wording requires lawyer review; not selected for Sprint 11X controlled editorial approval,"Charles Chukwuma Nkwoka, Esq.",image missing,current-law or procedure-sensitive topic; dispute-resolution wording requires lawyer review,no redirect to hidden draft,excluded while hidden,no public change unless selected
https://chamanlawfirm.com/intellectual-property-in-franchise-operations,intellectual-property-in-franchise-operations,Intellectual Property in Franchise Operations,already public,public canonical article already exists,"Charles Chukwuma Nkwoka, Esq.",image present,low automated risk,no redirect to hidden draft,already public/in sitemap if approved,no public change unless selected
https://chamanlawfirm.com/the-role-of-lawyers-in-debt-recovery-5-keys,the-role-of-lawyers-in-debt-recovery-5-keys,Role of Lawyers in Debt Recovery in Nigeria,already public,public canonical article already exists,"Charles Chukwuma Nkwoka, Esq.",image present,unsupported outcome claim,no redirect to hidden draft,already public/in sitemap if approved,no public change unless selected
https://chamanlawfirm.com/key-differences-explained-deeds-chaman-law-firm,key-differences-explained-deeds-chaman-law-firm,Key Differences Explained Deeds Chaman Law Firm,keep hidden,featured image missing; alt text missing or weak; author reference needs correction; not selected for Sprint 11X controlled editorial approval,"Charles Chukwuma Nkwoka, Esq.",image missing,low automated risk,no redirect to hidden draft,excluded while hidden,no public change unless selected
https://chamanlawfirm.com/invest-in-land-banking-or-developed-estates,invest-in-land-banking-or-developed-estates,Invest In Land Banking Or Developed Estates,keep hidden,featured image missing; alt text missing or weak; author reference needs correction; not selected for Sprint 11X controlled editorial approval,"Charles Chukwuma Nkwoka, Esq.",image missing,low automated risk,no redirect to hidden draft,excluded while hidden,no public change unless selected
https://chamanlawfirm.com/due-diligence-in-real-estate-transaction,due-diligence-in-real-estate-transaction,Due Diligence in Real Estate Transactions,already public,public canonical article already exists,"Charles Chukwuma Nkwoka, Esq.",image present,unsupported outcome claim,no redirect to hidden draft,already public/in sitemap if approved,no public change unless selected
https://chamanlawfirm.com/compliance-with-debt-recovery-regulations,compliance-with-debt-recovery-regulations,Compliance With Debt Recovery Regulations in Nigeria,already public,public canonical article already exists,"Charles Chukwuma Nkwoka, Esq.",image present,low automated risk,no redirect to hidden draft,already public/in sitemap if approved,no public change unless selected
https://chamanlawfirm.com/foreigners-visa-challenges-in-nigeria,foreigners-visa-challenges-in-nigeria,Foreigners Visa Challenges In Nigeria,keep hidden,featured image missing; alt text missing or weak; author reference needs correction; current-law or procedure-sensitive topic; not selected for Sprint 11X controlled editorial approval,"Charles Chukwuma Nkwoka, Esq.",image missing,current-law or procedure-sensitive topic,no redirect to hidden draft,excluded while hidden,no public change unless selected
https://chamanlawfirm.com/steps-on-how-to-company-in-nigeria,steps-on-how-to-company-in-nigeria,Steps On How To Company In Nigeria,keep hidden,featured image missing; alt text missing or weak; author reference needs correction; not selected for Sprint 11X controlled editorial approval,"Charles Chukwuma Nkwoka, Esq.",image missing,low automated risk,no redirect to hidden draft,excluded while hidden,no public change unless selected
https://chamanlawfirm.com/termination-of-construction-contracts,termination-of-construction-contracts,Termination Of Construction Contracts,keep hidden,featured image missing; alt text missing or weak; author reference needs correction; not selected for Sprint 11X controlled editorial approval,"Charles Chukwuma Nkwoka, Esq.",image missing,low automated risk,no redirect to hidden draft,excluded while hidden,no public change unless selected
https://chamanlawfirm.com/10-proven-insights-into-tenancy-law-in-lago,10-proven-insights-into-tenancy-law-in-lago,10 Proven Insights Into Tenancy Law In Lago,keep hidden,featured image missing; alt text missing or weak; author reference needs correction; current-law or procedure-sensitive topic; not selected for Sprint 11X controlled editorial approval,"Charles Chukwuma Nkwoka, Esq.",image missing,current-law or procedure-sensitive topic,no redirect to hidden draft,excluded while hidden,no public change unless selected
https://chamanlawfirm.com/how-do-i-process-probate-for-an-estate,how-do-i-process-probate-for-an-estate,How Do I Process Probate For An Estate,keep hidden,featured image missing; alt text missing or weak; author reference needs correction; unsupported outcome claim; not selected for Sprint 11X controlled editorial approval,"Charles Chukwuma Nkwoka, Esq.",image missing,unsupported outcome claim,no redirect to hidden draft,excluded while hidden,no public change unless selected
https://chamanlawfirm.com/duties-of-company-board-of-directors,duties-of-company-board-of-directors,Duties of Company Board Directors in Nigeria,already public,public canonical article already exists,"Charles Chukwuma Nkwoka, Esq.",image present,low automated risk,no redirect to hidden draft,already public/in sitemap if approved,no public change unless selected
https://chamanlawfirm.com/how-to-register-a-company-in-nigeria-2024,how-to-register-a-company-in-nigeria-2024,How to Register a Company in Nigeria,already public,public canonical article already exists,"Charles Chukwuma Nkwoka, Esq.",image present,low automated risk,no redirect to hidden draft,already public/in sitemap if approved,no public change unless selected
https://chamanlawfirm.com/how-can-issues-of-land-fraud-and-illegal-land-transactions-be-addressed-in-nigeria,how-can-issues-of-land-fraud-and-illegal-land-transactions-be-addressed-in-nigeria,Addressing Land Fraud and Illegal Land Transactions in Nigeria,already public,public canonical article already exists,"Charles Chukwuma Nkwoka, Esq.",image present,low automated risk,no redirect to hidden draft,already public/in sitemap if approved,no public change unless selected
https://chamanlawfirm.com/how-long-does-a-title-search-take-in-nigeria,how-long-does-a-title-search-take-in-nigeria,How Long Does A Title Search Take In Nigeria,keep hidden,featured image missing; alt text missing or weak; author reference needs correction; not selected for Sprint 11X controlled editorial approval,"Charles Chukwuma Nkwoka, Esq.",image missing,low automated risk,no redirect to hidden draft,excluded while hidden,no public change unless selected
https://chamanlawfirm.com/process-probate-in-ogun-state-chaman-law-firm,process-probate-in-ogun-state-chaman-law-firm,Process Probate In Ogun State Chaman Law Firm,keep hidden,featured image missing; alt text missing or weak; author reference needs correction; unsupported outcome claim; not selected for Sprint 11X controlled editorial approval,"Charles Chukwuma Nkwoka, Esq.",image missing,unsupported outcome claim,no redirect to hidden draft,excluded while hidden,no public change unless selected
https://chamanlawfirm.com/child-education-and-religious-upbringing,child-education-and-religious-upbringing,Child Education And Religious Upbringing,keep hidden,featured image missing; alt text missing or weak; author reference needs correction; misleading free-service wording; family-status topic requires lawyer review; unsupported outcome claim; not selected for Sprint 11X controlled editorial approval,"Charles Chukwuma Nkwoka, Esq.",image missing,misleading free-service wording; family-status topic requires lawyer review; unsupported outcome claim,no redirect to hidden draft,excluded while hidden,no public change unless selected
https://chamanlawfirm.com/challenging-forged-property-documents-in-lagos,challenging-forged-property-documents-in-lagos,Challenging Forged Property Documents in Lagos,already public,public canonical article already exists,"Charles Chukwuma Nkwoka, Esq.",image present,current-law or procedure-sensitive topic,no redirect to hidden draft,already public/in sitemap if approved,no public change unless selected
https://chamanlawfirm.com/investigating-title-in-property-transaction,investigating-title-in-property-transaction,Investigating Title in Property Transactions,already public,public canonical article already exists,"Charles Chukwuma Nkwoka, Esq.",image present,low automated risk,no redirect to hidden draft,already public/in sitemap if approved,no public change unless selected
https://chamanlawfirm.com/aim-to-improve-land-titles-and-ownership,aim-to-improve-land-titles-and-ownership,Reforms to Improve Land Titles and Ownership in Nigeria,already public,public canonical article already exists,"Charles Chukwuma Nkwoka, Esq.",image present,dispute-resolution wording requires lawyer review,no redirect to hidden draft,already public/in sitemap if approved,no public change unless selected
https://chamanlawfirm.com/the-cyber-crime-investigation-procedure,the-cyber-crime-investigation-procedure,Cybercrime Investigation Procedure in Nigeria,already public,public canonical article already exists,"Charles Chukwuma Nkwoka, Esq.",image present,current-law or procedure-sensitive topic,no redirect to hidden draft,already public/in sitemap if approved,no public change unless selected
https://chamanlawfirm.com/effective-legal-framework-for-loan-recovery,effective-legal-framework-for-loan-recovery,Effective Legal Framework For Loan Recovery,keep hidden,source body too short for approval; featured image missing; alt text missing or weak; author reference needs correction; not selected for Sprint 11X controlled editorial approval,"Charles Chukwuma Nkwoka, Esq.",image missing,low automated risk,no redirect to hidden draft,excluded while hidden,no public change unless selected
https://chamanlawfirm.com/land-tenure-systems-coexist-with-statutory-land,land-tenure-systems-coexist-with-statutory-land,How Land Tenure Systems Coexist With Statutory Land Ownership,already public,public canonical article already exists,"Charles Chukwuma Nkwoka, Esq.",image present,dispute-resolution wording requires lawyer review,no redirect to hidden draft,already public/in sitemap if approved,no public change unless selected
https://chamanlawfirm.com/company-registration-in-nigeria,company-registration-in-nigeria,Company Registration in Nigeria,already public,public canonical article already exists,"Charles Chukwuma Nkwoka, Esq.",image present,current-law or procedure-sensitive topic,no redirect to hidden draft,already public/in sitemap if approved,no public change unless selected
https://chamanlawfirm.com/how-does-the-land-use-act-influence-real-estate-development,how-does-the-land-use-act-influence-real-estate-development,How the Land Use Act Influences Real Estate Development,already public,public canonical article already exists,"Charles Chukwuma Nkwoka, Esq.",image present,low automated risk,no redirect to hidden draft,already public/in sitemap if approved,no public change unless selected
https://chamanlawfirm.com/letter-of-administration-vs-grant-of-probate,letter-of-administration-vs-grant-of-probate,Letter Of Administration Vs Grant Of Probate,keep hidden,featured image missing; alt text missing or weak; author reference needs correction; not selected for Sprint 11X controlled editorial approval,"Charles Chukwuma Nkwoka, Esq.",image missing,low automated risk,no redirect to hidden draft,excluded while hidden,no public change unless selected
https://chamanlawfirm.com/mastering-nigerian-company-law-essentialstep,mastering-nigerian-company-law-essentialstep,Essential Steps in Nigerian Company Law,already public,public canonical article already exists,"Charles Chukwuma Nkwoka, Esq.",image present,unsupported outcome claim,no redirect to hidden draft,already public/in sitemap if approved,no public change unless selected
https://chamanlawfirm.com/consumer-contracts-and-guarantee,consumer-contracts-and-guarantee,Consumer Contracts And Guarantee,keep hidden,featured image missing; alt text missing or weak; author reference needs correction; unsupported outcome claim; not selected for Sprint 11X controlled editorial approval,"Charles Chukwuma Nkwoka, Esq.",image missing,unsupported outcome claim,no redirect to hidden draft,excluded while hidden,no public change unless selected
https://chamanlawfirm.com/the-land-use-act-relate-to-land-conflicts,the-land-use-act-relate-to-land-conflicts,How the Land Use Act Relates to Land Conflicts,already public,public canonical article already exists,"Charles Chukwuma Nkwoka, Esq.",image present,current-law or procedure-sensitive topic; dispute-resolution wording requires lawyer review,no redirect to hidden draft,already public/in sitemap if approved,no public change unless selected
https://chamanlawfirm.com/why-do-i-need-a-family-lawyer-in-nigeria,why-do-i-need-a-family-lawyer-in-nigeria,Why Do I Need A Family Lawyer In Nigeria,keep hidden,featured image missing; alt text missing or weak; author reference needs correction; current-law or procedure-sensitive topic; family-status topic requires lawyer review; dispute-resolution wording requires lawyer review; not selected for Sprint 11X controlled editorial approval,"Charles Chukwuma Nkwoka, Esq.",image missing,current-law or procedure-sensitive topic; family-status topic requires lawyer review; dispute-resolution wording requires lawyer review,no redirect to hidden draft,excluded while hidden,no public change unless selected
https://chamanlawfirm.com/fast-track-your-probate-process-in-nigeria,fast-track-your-probate-process-in-nigeria,Fast Track Your Probate Process In Nigeria,keep hidden,featured image missing; alt text missing or weak; author reference needs correction; current-law or procedure-sensitive topic; not selected for Sprint 11X controlled editorial approval,"Charles Chukwuma Nkwoka, Esq.",image missing,current-law or procedure-sensitive topic,no redirect to hidden draft,excluded while hidden,no public change unless selected
https://chamanlawfirm.com/contractual-dispute-resolution,contractual-dispute-resolution,Contractual Dispute Resolution in Nigeria,already public,public canonical article already exists,"Charles Chukwuma Nkwoka, Esq.",image present,low automated risk,no redirect to hidden draft,already public/in sitemap if approved,no public change unless selected
https://chamanlawfirm.com/nigeria-visa-on-arrival-policy-eligibility,nigeria-visa-on-arrival-policy-eligibility,Nigeria Visa On Arrival Policy Eligibility,keep hidden,featured image missing; alt text missing or weak; author reference needs correction; current-law or procedure-sensitive topic; not selected for Sprint 11X controlled editorial approval,"Charles Chukwuma Nkwoka, Esq.",image missing,current-law or procedure-sensitive topic,no redirect to hidden draft,excluded while hidden,no public change unless selected
https://chamanlawfirm.com/4-proven-cross-border-cybercrime-issues,4-proven-cross-border-cybercrime-issues,Cross-Border Cybercrime Issues in Nigeria,already public,public canonical article already exists,"Charles Chukwuma Nkwoka, Esq.",image present,current-law or procedure-sensitive topic,no redirect to hidden draft,already public/in sitemap if approved,no public change unless selected
https://chamanlawfirm.com/the-process-of-transferring-land-in-nigeria,the-process-of-transferring-land-in-nigeria,Process of Transferring Land in Nigeria,already public,public canonical article already exists,"Charles Chukwuma Nkwoka, Esq.",image present,low automated risk,no redirect to hidden draft,already public/in sitemap if approved,no public change unless selected
https://chamanlawfirm.com/landlord-and-tenant-relationship-on-property,landlord-and-tenant-relationship-on-property,Landlord and Tenant Relationship in Property Law,already public,public canonical article already exists,"Charles Chukwuma Nkwoka, Esq.",image present,current-law or procedure-sensitive topic,no redirect to hidden draft,already public/in sitemap if approved,no public change unless selected
https://chamanlawfirm.com/proven-steps-on-capacity-to-make-a-will,proven-steps-on-capacity-to-make-a-will,Capacity to Make a Will in Nigeria,already public,public canonical article already exists,"Charles Chukwuma Nkwoka, Esq.",image present,low automated risk,no redirect to hidden draft,already public/in sitemap if approved,no public change unless selected
https://chamanlawfirm.com/what-are-the-property-taxes-in-ogun-state,what-are-the-property-taxes-in-ogun-state,What Are The Property Taxes In Ogun State,keep hidden,featured image missing; alt text missing or weak; author reference needs correction; not selected for Sprint 11X controlled editorial approval,"Charles Chukwuma Nkwoka, Esq.",image missing,low automated risk,no redirect to hidden draft,excluded while hidden,no public change unless selected
https://chamanlawfirm.com/legal-aspects-of-commercial-litigation,legal-aspects-of-commercial-litigation,Legal Aspects of Commercial Litigation in Nigeria,already public,public canonical article already exists,"Charles Chukwuma Nkwoka, Esq.",image present,unsupported outcome claim,no redirect to hidden draft,already public/in sitemap if approved,no public change unless selected
https://chamanlawfirm.com/debt-recovery-in-banking-sector,debt-recovery-in-banking-sector,Debt Recovery in the Banking Sector in Nigeria,already public,public canonical article already exists,"Charles Chukwuma Nkwoka, Esq.",image present,unsupported outcome claim,no redirect to hidden draft,already public/in sitemap if approved,no public change unless selected
https://chamanlawfirm.com/proven-steps-how-to-file-patent-in-nigeria,proven-steps-how-to-file-patent-in-nigeria,How to File a Patent in Nigeria,already public,public canonical article already exists,"Charles Chukwuma Nkwoka, Esq.",image present,current-law or procedure-sensitive topic,no redirect to hidden draft,already public/in sitemap if approved,no public change unless selected
https://chamanlawfirm.com/legal-pitfalls-in-debt-recovery,legal-pitfalls-in-debt-recovery,Legal Pitfalls in Debt Recovery in Nigeria,already public,public canonical article already exists,"Charles Chukwuma Nkwoka, Esq.",image present,possible unsafe self-help wording; current-law or procedure-sensitive topic,no redirect to hidden draft,already public/in sitemap if approved,no public change unless selected
https://chamanlawfirm.com/property-recovery-reclaim-your-rental-space,property-recovery-reclaim-your-rental-space,Property Recovery Reclaim Your Rental Space,keep hidden,featured image missing; alt text missing or weak; author reference needs correction; possible unsafe self-help wording; current-law or procedure-sensitive topic; not selected for Sprint 11X controlled editorial approval,"Charles Chukwuma Nkwoka, Esq.",image missing,possible unsafe self-help wording; current-law or procedure-sensitive topic,no redirect to hidden draft,excluded while hidden,no public change unless selected
https://chamanlawfirm.com/capital-gains-tax-a-step-by-step-guide,capital-gains-tax-a-step-by-step-guide,Capital Gains Tax A Step By Step Guide,keep hidden,featured image missing; alt text missing or weak; author reference needs correction; off-brand/property-sales wording; current-law or procedure-sensitive topic; not selected for Sprint 11X controlled editorial approval,"Charles Chukwuma Nkwoka, Esq.",image missing,off-brand/property-sales wording; current-law or procedure-sensitive topic,no redirect to hidden draft,excluded while hidden,no public change unless selected
https://chamanlawfirm.com/8-step-business-registration-process-in-lag,8-step-business-registration-process-in-lag,Business Registration Process in Lagos,already public,public canonical article already exists,"Charles Chukwuma Nkwoka, Esq.",image present,low automated risk,no redirect to hidden draft,already public/in sitemap if approved,no public change unless selected
https://chamanlawfirm.com/tax-clearance-in-lagos-for-property-sales,tax-clearance-in-lagos-for-property-sales,Tax Clearance In Lagos For Property Sales,keep hidden,featured image missing; alt text missing or weak; author reference needs correction; off-brand/property-sales wording; current-law or procedure-sensitive topic; not selected for Sprint 11X controlled editorial approval,"Charles Chukwuma Nkwoka, Esq.",image missing,off-brand/property-sales wording; current-law or procedure-sensitive topic,no redirect to hidden draft,excluded while hidden,no public change unless selected
https://chamanlawfirm.com/land-encumbrances-and-burdens-be-addressed,land-encumbrances-and-burdens-be-addressed,Land Encumbrances And Burdens Be Addressed,keep hidden,featured image missing; alt text missing or weak; author reference needs correction; not selected for Sprint 11X controlled editorial approval,"Charles Chukwuma Nkwoka, Esq.",image missing,low automated risk,no redirect to hidden draft,excluded while hidden,no public change unless selected
https://chamanlawfirm.com/ways-to-resolve-property-disputes-in-ogun,ways-to-resolve-property-disputes-in-ogun,Ways to Resolve Property Disputes in Ogun State,already public,public canonical article already exists,"Charles Chukwuma Nkwoka, Esq.",image present,possible unsafe self-help wording; dispute-resolution wording requires lawyer review,no redirect to hidden draft,already public/in sitemap if approved,no public change unless selected
https://chamanlawfirm.com/the-role-of-town-planners-in-land-allocation-under-the-land-use-act,the-role-of-town-planners-in-land-allocation-under-the-land-use-act,Role of Town Planners in Land Allocation Under the Land Use Act,already public,public canonical article already exists,"Charles Chukwuma Nkwoka, Esq.",image present,low automated risk,no redirect to hidden draft,already public/in sitemap if approved,no public change unless selected
https://chamanlawfirm.com/how-to-handle-land-encroachment-in-lagos,how-to-handle-land-encroachment-in-lagos,How To Handle Land Encroachment In Lagos,keep hidden,featured image missing; alt text missing or weak; author reference needs correction; current-law or procedure-sensitive topic; not selected for Sprint 11X controlled editorial approval,"Charles Chukwuma Nkwoka, Esq.",image missing,current-law or procedure-sensitive topic,no redirect to hidden draft,excluded while hidden,no public change unless selected
https://chamanlawfirm.com/family-law-issues-for-expatriate-families,family-law-issues-for-expatriate-families,Family Law Issues for Expatriate Families in Nigeria,already public,public canonical article already exists,"Charles Chukwuma Nkwoka, Esq.",image present,family-status topic requires lawyer review,no redirect to hidden draft,already public/in sitemap if approved,no public change unless selected
https://chamanlawfirm.com/cyber-crime-investigation-techniques,cyber-crime-investigation-techniques,Cybercrime Investigation Techniques in Nigeria,already public,public canonical article already exists,"Charles Chukwuma Nkwoka, Esq.",image present,current-law or procedure-sensitive topic,no redirect to hidden draft,already public/in sitemap if approved,no public change unless selected
https://chamanlawfirm.com/difference-between-c-of-o-and-governors-consent,difference-between-c-of-o-and-governors-consent,Difference Between C of O and Governor's Consent,already public,public canonical article already exists,"Charles Chukwuma Nkwoka, Esq.",image present,current-law or procedure-sensitive topic; unsupported outcome claim,no redirect to hidden draft,already public/in sitemap if approved,no public change unless selected
https://chamanlawfirm.com/what-is-the-process-of-obtaining-a-c-of-o,what-is-the-process-of-obtaining-a-c-of-o,Process of Obtaining a Certificate of Occupancy in Nigeria,already public,public canonical article already exists,"Charles Chukwuma Nkwoka, Esq.",image present,current-law or procedure-sensitive topic; unsupported outcome claim,no redirect to hidden draft,already public/in sitemap if approved,no public change unless selected
https://chamanlawfirm.com/what-is-the-relationship-between-mining-activities-and-the-land-use-act,what-is-the-relationship-between-mining-activities-and-the-land-use-act,What Is The Relationship Between Mining Activities And The Land Use Act,keep hidden,featured image missing; alt text missing or weak; author reference needs correction; not selected for Sprint 11X controlled editorial approval,"Charles Chukwuma Nkwoka, Esq.",image missing,low automated risk,no redirect to hidden draft,excluded while hidden,no public change unless selected
https://chamanlawfirm.com/what-are-the-best-mechanism-in-recovery-of-debt,what-are-the-best-mechanism-in-recovery-of-debt,What Are The Best Mechanism In Recovery Of Debt,keep hidden,featured image missing; alt text missing or weak; author reference needs correction; current-law or procedure-sensitive topic; unsupported outcome claim; not selected for Sprint 11X controlled editorial approval,"Charles Chukwuma Nkwoka, Esq.",image missing,current-law or procedure-sensitive topic; unsupported outcome claim,no redirect to hidden draft,excluded while hidden,no public change unless selected
https://chamanlawfirm.com/the-custody-of-a-child-under-nigerian-law,the-custody-of-a-child-under-nigerian-law,The Custody Of A Child Under Nigerian Law,keep hidden,featured image missing; alt text missing or weak; author reference needs correction; family-status topic requires lawyer review; not selected for Sprint 11X controlled editorial approval,"Charles Chukwuma Nkwoka, Esq.",image missing,family-status topic requires lawyer review,no redirect to hidden draft,excluded while hidden,no public change unless selected
https://chamanlawfirm.com/what-is-the-cost-of-perfecting-land-titles-2,what-is-the-cost-of-perfecting-land-titles-2,Cost of Perfecting Land Titles in Nigeria,already public,public canonical article already exists,"Charles Chukwuma Nkwoka, Esq.",image present,current-law or procedure-sensitive topic,no redirect to hidden draft,already public/in sitemap if approved,no public change unless selected
https://chamanlawfirm.com/ways-nigerian-lawprotectstherightsofchildren,ways-nigerian-lawprotectstherightsofchildren,Ways Nigerian Lawprotectstherightsofchildren,keep hidden,featured image missing; alt text missing or weak; author reference needs correction; family-status topic requires lawyer review; not selected for Sprint 11X controlled editorial approval,"Charles Chukwuma Nkwoka, Esq.",image missing,family-status topic requires lawyer review,no redirect to hidden draft,excluded while hidden,no public change unless selected
https://chamanlawfirm.com/the-central-bank-of-nigeria-in-debt-recovery,the-central-bank-of-nigeria-in-debt-recovery,The Central Bank Of Nigeria In Debt Recovery,keep hidden,featured image missing; alt text missing or weak; author reference needs correction; not selected for Sprint 11X controlled editorial approval,"Charles Chukwuma Nkwoka, Esq.",image missing,low automated risk,no redirect to hidden draft,excluded while hidden,no public change unless selected
https://chamanlawfirm.com/floodplain-management-under-the-land-use-act,floodplain-management-under-the-land-use-act,Floodplain Management Under the Land Use Act in Nigeria,already public,public canonical article already exists,"Charles Chukwuma Nkwoka, Esq.",image present,low automated risk,no redirect to hidden draft,already public/in sitemap if approved,no public change unless selected
https://chamanlawfirm.com/hidden-costs-when-buying-land-in-lagos,hidden-costs-when-buying-land-in-lagos,Hidden Costs When Buying Land In Lagos,keep hidden,featured image missing; alt text missing or weak; author reference needs correction; not selected for Sprint 11X controlled editorial approval,"Charles Chukwuma Nkwoka, Esq.",image missing,low automated risk,no redirect to hidden draft,excluded while hidden,no public change unless selected
https://chamanlawfirm.com/effects-of-exchange-of-contract,effects-of-exchange-of-contract,Effects of Exchange of Contract in Property Transactions,already public,public canonical article already exists,"Charles Chukwuma Nkwoka, Esq.",image present,low automated risk,no redirect to hidden draft,already public/in sitemap if approved,no public change unless selected
https://chamanlawfirm.com/dealing-with-land-encroachment-in-ogun-state,dealing-with-land-encroachment-in-ogun-state,Dealing With Land Encroachment In Ogun State,keep hidden,featured image missing; alt text missing or weak; author reference needs correction; possible unsafe self-help wording; current-law or procedure-sensitive topic; dispute-resolution wording requires lawyer review; unsupported outcome claim; not selected for Sprint 11X controlled editorial approval,"Charles Chukwuma Nkwoka, Esq.",image missing,possible unsafe self-help wording; current-law or procedure-sensitive topic; dispute-resolution wording requires lawyer review; unsupported outcome claim,no redirect to hidden draft,excluded while hidden,no public change unless selected
https://chamanlawfirm.com/roles-of-a-cybercrime-lawyer-in-nigeria,roles-of-a-cybercrime-lawyer-in-nigeria,Roles of a Cybercrime Lawyer in Nigeria,already public,public canonical article already exists,"Charles Chukwuma Nkwoka, Esq.",image present,current-law or procedure-sensitive topic,no redirect to hidden draft,already public/in sitemap if approved,no public change unless selected
https://chamanlawfirm.com/intellectual-property-rights,intellectual-property-rights,Intellectual Property Rights,keep hidden,source body too short for approval; featured image missing; alt text missing or weak; author reference needs correction; not selected for Sprint 11X controlled editorial approval,"Charles Chukwuma Nkwoka, Esq.",image missing,low automated risk,no redirect to hidden draft,excluded while hidden,no public change unless selected
https://chamanlawfirm.com/the-impact-of-the-land-use-act-on-land-allocation-for-public-marketplaces-in-nigeria,the-impact-of-the-land-use-act-on-land-allocation-for-public-marketplaces-in-nigeria,The Impact Of The Land Use Act On Land Allocation For Public Marketplaces In Nigeria,keep hidden,featured image missing; alt text missing or weak; author reference needs correction; not selected for Sprint 11X controlled editorial approval,"Charles Chukwuma Nkwoka, Esq.",image missing,low automated risk,no redirect to hidden draft,excluded while hidden,no public change unless selected
https://chamanlawfirm.com/remedies-for-breach-of-maritime-contracts,remedies-for-breach-of-maritime-contracts,Remedies For Breach Of Maritime Contracts,keep hidden,featured image missing; alt text missing or weak; author reference needs correction; current-law or procedure-sensitive topic; not selected for Sprint 11X controlled editorial approval,"Charles Chukwuma Nkwoka, Esq.",image missing,current-law or procedure-sensitive topic,no redirect to hidden draft,excluded while hidden,no public change unless selected
https://chamanlawfirm.com/8-steps-to-enforce-court-judgments-innigeria,8-steps-to-enforce-court-judgments-innigeria,Steps to Enforce Court Judgments in Nigeria,already public,public canonical article already exists,"Charles Chukwuma Nkwoka, Esq.",image present,current-law or procedure-sensitive topic,no redirect to hidden draft,already public/in sitemap if approved,no public change unless selected
https://chamanlawfirm.com/acquire-and-secure-industrial-land-in-ogun,acquire-and-secure-industrial-land-in-ogun,How to Acquire and Secure Industrial Land in Ogun State,already public,public canonical article already exists,"Charles Chukwuma Nkwoka, Esq.",image present,current-law or procedure-sensitive topic,no redirect to hidden draft,already public/in sitemap if approved,no public change unless selected
https://chamanlawfirm.com/contract-of-sale-of-land-and-what-it-takes,contract-of-sale-of-land-and-what-it-takes,Contract of Sale of Land in Nigeria,already public,public canonical article already exists,"Charles Chukwuma Nkwoka, Esq.",image present,off-brand/property-sales wording,no redirect to hidden draft,already public/in sitemap if approved,no public change unless selected
https://chamanlawfirm.com/when-a-loved-one-dies-without-a-will,when-a-loved-one-dies-without-a-will,What Happens When a Loved One Dies Without a Will in Nigeria,already public,public canonical article already exists,"Charles Chukwuma Nkwoka, Esq.",image present,family-status topic requires lawyer review,no redirect to hidden draft,already public/in sitemap if approved,no public change unless selected
https://chamanlawfirm.com/legal-remedies-for-breach-of-contract,legal-remedies-for-breach-of-contract,Legal Remedies for Breach of Contract in Nigeria,already public,public canonical article already exists,"Charles Chukwuma Nkwoka, Esq.",image present,off-brand/property-sales wording,no redirect to hidden draft,already public/in sitemap if approved,no public change unless selected
https://chamanlawfirm.com/how-does-the-land-use-act-affect-land-title,how-does-the-land-use-act-affect-land-title,How the Land Use Act Affects Land Title in Nigeria,already public,public canonical article already exists,"Charles Chukwuma Nkwoka, Esq.",image present,current-law or procedure-sensitive topic,no redirect to hidden draft,already public/in sitemap if approved,no public change unless selected
https://chamanlawfirm.com/legal-steps-to-perfecting-title-documents,legal-steps-to-perfecting-title-documents,Legal Steps to Perfecting Title Documents in Nigeria,already public,public canonical article already exists,"Charles Chukwuma Nkwoka, Esq.",image present,unsupported outcome claim,no redirect to hidden draft,already public/in sitemap if approved,no public change unless selected
https://chamanlawfirm.com/first-aid-certificate-in-nigeria,first-aid-certificate-in-nigeria,First Aid Certificate In Nigeria,keep hidden,featured image missing; alt text missing or weak; author reference needs correction; not selected for Sprint 11X controlled editorial approval,"Charles Chukwuma Nkwoka, Esq.",image missing,low automated risk,no redirect to hidden draft,excluded while hidden,no public change unless selected
https://chamanlawfirm.com/corporate-finance-laws-in-nigeria,corporate-finance-laws-in-nigeria,Corporate Finance Laws In Nigeria,keep hidden,featured image missing; alt text missing or weak; author reference needs correction; current-law or procedure-sensitive topic; not selected for Sprint 11X controlled editorial approval,"Charles Chukwuma Nkwoka, Esq.",image missing,current-law or procedure-sensitive topic,no redirect to hidden draft,excluded while hidden,no public change unless selected
https://chamanlawfirm.com/rights-of-citizens-in-government-surveillance,rights-of-citizens-in-government-surveillance,Rights Of Citizens In Government Surveillance,keep hidden,featured image missing; alt text missing or weak; author reference needs correction; current-law or procedure-sensitive topic; unsupported outcome claim; not selected for Sprint 11X controlled editorial approval,"Charles Chukwuma Nkwoka, Esq.",image missing,current-law or procedure-sensitive topic; unsupported outcome claim,no redirect to hidden draft,excluded while hidden,no public change unless selected
https://chamanlawfirm.com/subcontracting-in-nigerian-construction-projects,subcontracting-in-nigerian-construction-projects,Subcontracting In Nigerian Construction Projects,keep hidden,featured image missing; alt text missing or weak; author reference needs correction; not selected for Sprint 11X controlled editorial approval,"Charles Chukwuma Nkwoka, Esq.",image missing,low automated risk,no redirect to hidden draft,excluded while hidden,no public change unless selected
https://chamanlawfirm.com/where-do-i-verify-land-documents-in-ogun-state,where-do-i-verify-land-documents-in-ogun-state,Where Do I Verify Land Documents In Ogun State,keep hidden,featured image missing; alt text missing or weak; author reference needs correction; current-law or procedure-sensitive topic; not selected for Sprint 11X controlled editorial approval,"Charles Chukwuma Nkwoka, Esq.",image missing,current-law or procedure-sensitive topic,no redirect to hidden draft,excluded while hidden,no public change unless selected
https://chamanlawfirm.com/blockchain-technology-and-land-title-security,blockchain-technology-and-land-title-security,Blockchain Technology And Land Title Security,keep hidden,featured image missing; alt text missing or weak; author reference needs correction; dispute-resolution wording requires lawyer review; not selected for Sprint 11X controlled editorial approval,"Charles Chukwuma Nkwoka, Esq.",image missing,dispute-resolution wording requires lawyer review,no redirect to hidden draft,excluded while hidden,no public change unless selected
https://chamanlawfirm.com/enhancing-nigerian-immigration-security,enhancing-nigerian-immigration-security,Enhancing Nigerian Immigration Security,keep hidden,featured image missing; alt text missing or weak; author reference needs correction; not selected for Sprint 11X controlled editorial approval,"Charles Chukwuma Nkwoka, Esq.",image missing,low automated risk,no redirect to hidden draft,excluded while hidden,no public change unless selected
https://chamanlawfirm.com/handling-tax-disputes-and-audits-in-nigeria,handling-tax-disputes-and-audits-in-nigeria,Handling Tax Disputes And Audits In Nigeria,keep hidden,featured image missing; alt text missing or weak; author reference needs correction; current-law or procedure-sensitive topic; not selected for Sprint 11X controlled editorial approval,"Charles Chukwuma Nkwoka, Esq.",image missing,current-law or procedure-sensitive topic,no redirect to hidden draft,excluded while hidden,no public change unless selected
https://chamanlawfirm.com/capital-gains-tax-calculated-on-property,capital-gains-tax-calculated-on-property,Capital Gains Tax Calculated On Property,keep hidden,featured image missing; alt text missing or weak; author reference needs correction; off-brand/property-sales wording; current-law or procedure-sensitive topic; not selected for Sprint 11X controlled editorial approval,"Charles Chukwuma Nkwoka, Esq.",image missing,off-brand/property-sales wording; current-law or procedure-sensitive topic,no redirect to hidden draft,excluded while hidden,no public change unless selected
https://chamanlawfirm.com/how-has-the-land-use-act-in-nigeria-e,how-has-the-land-use-act-in-nigeria-e,How Has The Land Use Act In Nigeria E,keep hidden,featured image missing; alt text missing or weak; author reference needs correction; not selected for Sprint 11X controlled editorial approval,"Charles Chukwuma Nkwoka, Esq.",image missing,low automated risk,no redirect to hidden draft,excluded while hidden,no public change unless selected
https://chamanlawfirm.com/how-to-start-oil-and-gas-company-in-nigeria,how-to-start-oil-and-gas-company-in-nigeria,How To Start Oil And Gas Company In Nigeria,keep hidden,body block count below gate; source body too short for approval; featured image missing; alt text missing or weak; author reference needs correction; not selected for Sprint 11X controlled editorial approval,"Charles Chukwuma Nkwoka, Esq.",image missing,low automated risk,no redirect to hidden draft,excluded while hidden,no public change unless selected
https://chamanlawfirm.com/child-custody-and-visitation-during-holidays,child-custody-and-visitation-during-holidays,Child Custody And Visitation During Holidays,keep hidden,featured image missing; alt text missing or weak; author reference needs correction; misleading free-service wording; family-status topic requires lawyer review; dispute-resolution wording requires lawyer review; not selected for Sprint 11X controlled editorial approval,"Charles Chukwuma Nkwoka, Esq.",image missing,misleading free-service wording; family-status topic requires lawyer review; dispute-resolution wording requires lawyer review,no redirect to hidden draft,excluded while hidden,no public change unless selected
https://chamanlawfirm.com/what-is-land-excision-in-ogun-state,what-is-land-excision-in-ogun-state,What Is Land Excision In Ogun State,keep hidden,featured image missing; alt text missing or weak; author reference needs correction; not selected for Sprint 11X controlled editorial approval,"Charles Chukwuma Nkwoka, Esq.",image missing,low automated risk,no redirect to hidden draft,excluded while hidden,no public change unless selected
https://chamanlawfirm.com/nigerian-courts-handle-class-action-lawsuits,nigerian-courts-handle-class-action-lawsuits,Nigerian Courts Handle Class Action Lawsuits,keep hidden,featured image missing; alt text missing or weak; author reference needs correction; not selected for Sprint 11X controlled editorial approval,"Charles Chukwuma Nkwoka, Esq.",image missing,low automated risk,no redirect to hidden draft,excluded while hidden,no public change unless selected
https://chamanlawfirm.com/obtaining-a-certificate-of-occupancy-in-lagos,obtaining-a-certificate-of-occupancy-in-lagos,Obtaining A Certificate Of Occupancy In Lagos,keep hidden,featured image missing; alt text missing or weak; author reference needs correction; not selected for Sprint 11X controlled editorial approval,"Charles Chukwuma Nkwoka, Esq.",image missing,low automated risk,no redirect to hidden draft,excluded while hidden,no public change unless selected
https://chamanlawfirm.com/the-rights-and-responsibilities-of-landowners,the-rights-and-responsibilities-of-landowners,The Rights And Responsibilities Of Landowners,keep hidden,featured image missing; alt text missing or weak; author reference needs correction; current-law or procedure-sensitive topic; dispute-resolution wording requires lawyer review; not selected for Sprint 11X controlled editorial approval,"Charles Chukwuma Nkwoka, Esq.",image missing,current-law or procedure-sensitive topic; dispute-resolution wording requires lawyer review,no redirect to hidden draft,excluded while hidden,no public change unless selected
https://chamanlawfirm.com/obtaining-consent-for-land-transactions,obtaining-consent-for-land-transactions,Obtaining Consent For Land Transactions,keep hidden,featured image missing; alt text missing or weak; author reference needs correction; off-brand/property-sales wording; current-law or procedure-sensitive topic; dispute-resolution wording requires lawyer review; unsupported outcome claim; not selected for Sprint 11X controlled editorial approval,"Charles Chukwuma Nkwoka, Esq.",image missing,off-brand/property-sales wording; current-law or procedure-sensitive topic; dispute-resolution wording requires lawyer review; unsupported outcome claim,no redirect to hidden draft,excluded while hidden,no public change unless selected
https://chamanlawfirm.com/the-nigerian-tax-administration,the-nigerian-tax-administration,The Nigerian Tax Administration,keep hidden,featured image missing; alt text missing or weak; author reference needs correction; current-law or procedure-sensitive topic; not selected for Sprint 11X controlled editorial approval,"Charles Chukwuma Nkwoka, Esq.",image missing,current-law or procedure-sensitive topic,no redirect to hidden draft,excluded while hidden,no public change unless selected
https://chamanlawfirm.com/ejectment-vs-eviction-tenants,ejectment-vs-eviction-tenants,Ejectment Vs Eviction Tenants,keep hidden,featured image missing; alt text missing or weak; author reference needs correction; possible unsafe self-help wording; current-law or procedure-sensitive topic; not selected for Sprint 11X controlled editorial approval,"Charles Chukwuma Nkwoka, Esq.",image missing,possible unsafe self-help wording; current-law or procedure-sensitive topic,no redirect to hidden draft,excluded while hidden,no public change unless selected
https://chamanlawfirm.com/powerful-steps-land-surveyors-contribute,powerful-steps-land-surveyors-contribute,Powerful Steps Land Surveyors Contribute,keep hidden,featured image missing; alt text missing or weak; author reference needs correction; dispute-resolution wording requires lawyer review; not selected for Sprint 11X controlled editorial approval,"Charles Chukwuma Nkwoka, Esq.",image missing,dispute-resolution wording requires lawyer review,no redirect to hidden draft,excluded while hidden,no public change unless selected
https://chamanlawfirm.com/financial-contracts-and-agreement-in-nigeria,financial-contracts-and-agreement-in-nigeria,Financial Contracts And Agreement In Nigeria,keep hidden,featured image missing; alt text missing or weak; author reference needs correction; unsupported outcome claim; not selected for Sprint 11X controlled editorial approval,"Charles Chukwuma Nkwoka, Esq.",image missing,unsupported outcome claim,no redirect to hidden draft,excluded while hidden,no public change unless selected
https://chamanlawfirm.com/best-probate-lawyers-in-ogun-state,best-probate-lawyers-in-ogun-state,Best Probate Lawyers In Ogun State,keep hidden,featured image missing; alt text missing or weak; author reference needs correction; not selected for Sprint 11X controlled editorial approval,"Charles Chukwuma Nkwoka, Esq.",image missing,low automated risk,no redirect to hidden draft,excluded while hidden,no public change unless selected
https://chamanlawfirm.com/guardian-ad-litem-in-child-custody,guardian-ad-litem-in-child-custody,Guardian Ad Litem In Child Custody,keep hidden,featured image missing; alt text missing or weak; author reference needs correction; current-law or procedure-sensitive topic; family-status topic requires lawyer review; not selected for Sprint 11X controlled editorial approval,"Charles Chukwuma Nkwoka, Esq.",image missing,current-law or procedure-sensitive topic; family-status topic requires lawyer review,no redirect to hidden draft,excluded while hidden,no public change unless selected
https://chamanlawfirm.com/how-are-conflicts-resolved-under-the-land-use-act,how-are-conflicts-resolved-under-the-land-use-act,How Are Conflicts Resolved Under The Land Use Act,keep hidden,featured image missing; alt text missing or weak; author reference needs correction; dispute-resolution wording requires lawyer review; not selected for Sprint 11X controlled editorial approval,"Charles Chukwuma Nkwoka, Esq.",image missing,dispute-resolution wording requires lawyer review,no redirect to hidden draft,excluded while hidden,no public change unless selected
https://chamanlawfirm.com/land-allocation-for-coastal-and-marine-areas,land-allocation-for-coastal-and-marine-areas,Land Allocation For Coastal And Marine Areas,keep hidden,featured image missing; alt text missing or weak; author reference needs correction; not selected for Sprint 11X controlled editorial approval,"Charles Chukwuma Nkwoka, Esq.",image missing,low automated risk,no redirect to hidden draft,excluded while hidden,no public change unless selected
https://chamanlawfirm.com/guide-to-resolvingproperty-boundary-disputes,guide-to-resolvingproperty-boundary-disputes,Guide To Resolvingproperty Boundary Disputes,keep hidden,featured image missing; alt text missing or weak; author reference needs correction; dispute-resolution wording requires lawyer review; not selected for Sprint 11X controlled editorial approval,"Charles Chukwuma Nkwoka, Esq.",image missing,dispute-resolution wording requires lawyer review,no redirect to hidden draft,excluded while hidden,no public change unless selected
https://chamanlawfirm.com/who-are-the-people-entitled-to-pro-b-service,who-are-the-people-entitled-to-pro-b-service,Who Are The People Entitled To Pro B Service,keep hidden,featured image missing; alt text missing or weak; author reference needs correction; not selected for Sprint 11X controlled editorial approval,"Charles Chukwuma Nkwoka, Esq.",image missing,low automated risk,no redirect to hidden draft,excluded while hidden,no public change unless selected
https://chamanlawfirm.com/what-is-the-lagos-state-tenancy-law,what-is-the-lagos-state-tenancy-law,What Is The Lagos State Tenancy Law,keep hidden,featured image missing; alt text missing or weak; author reference needs correction; possible unsafe self-help wording; current-law or procedure-sensitive topic; not selected for Sprint 11X controlled editorial approval,"Charles Chukwuma Nkwoka, Esq.",image missing,possible unsafe self-help wording; current-law or procedure-sensitive topic,no redirect to hidden draft,excluded while hidden,no public change unless selected
https://chamanlawfirm.com/challenge-double-allocation-of-land,challenge-double-allocation-of-land,Challenge Double Allocation Of Land,keep hidden,featured image missing; alt text missing or weak; author reference needs correction; current-law or procedure-sensitive topic; not selected for Sprint 11X controlled editorial approval,"Charles Chukwuma Nkwoka, Esq.",image missing,current-law or procedure-sensitive topic,no redirect to hidden draft,excluded while hidden,no public change unless selected
https://chamanlawfirm.com/legal-requirements-for-land-purchase,legal-requirements-for-land-purchase,Legal Requirements for Land Purchase in Nigeria,already public,public canonical article already exists,"Charles Chukwuma Nkwoka, Esq.",image present,low automated risk,no redirect to hidden draft,already public/in sitemap if approved,no public change unless selected
https://chamanlawfirm.com/procedures-for-making-a-will-in-nigeria,procedures-for-making-a-will-in-nigeria,Procedures for Making a Will in Nigeria,already public,public canonical article already exists,"Charles Chukwuma Nkwoka, Esq.",image present,low automated risk,no redirect to hidden draft,already public/in sitemap if approved,no public change unless selected
https://chamanlawfirm.com/analyzing-the-growth-of-real-estate-investment,analyzing-the-growth-of-real-estate-investment,Analyzing The Growth Of Real Estate Investment,keep hidden,featured image missing; alt text missing or weak; author reference needs correction; not selected for Sprint 11X controlled editorial approval,"Charles Chukwuma Nkwoka, Esq.",image missing,low automated risk,no redirect to hidden draft,excluded while hidden,no public change unless selected
https://chamanlawfirm.com/how-does-the-land-ucapital-territory-federal,how-does-the-land-ucapital-territory-federal,How Does The Land Ucapital Territory Federal,keep hidden,featured image missing; alt text missing or weak; author reference needs correction; not selected for Sprint 11X controlled editorial approval,"Charles Chukwuma Nkwoka, Esq.",image missing,low automated risk,no redirect to hidden draft,excluded while hidden,no public change unless selected
https://chamanlawfirm.com/lagos-property-succession-how-to-transfer-ownership-after-a-death,lagos-property-succession-how-to-transfer-ownership-after-a-death,Lagos Property Succession: How to Transfer Ownership After Death,already public,public canonical article already exists,"Charles Chukwuma Nkwoka, Esq.",image present,current-law or procedure-sensitive topic,no redirect to hidden draft,already public/in sitemap if approved,no public change unless selected
https://chamanlawfirm.com/how-can-nigerians-in-the-diaspora-buy-property,how-can-nigerians-in-the-diaspora-buy-property,How Nigerians in the Diaspora Can Buy Property Safely,already public,public canonical article already exists,"Charles Chukwuma Nkwoka, Esq.",image present,off-brand/property-sales wording; dispute-resolution wording requires lawyer review,no redirect to hidden draft,already public/in sitemap if approved,no public change unless selected
https://chamanlawfirm.com/taxation-of-retail-sector,taxation-of-retail-sector,Taxation Of Retail Sector,keep hidden,source body too short for approval; featured image missing; alt text missing or weak; author reference needs correction; current-law or procedure-sensitive topic; not selected for Sprint 11X controlled editorial approval,"Charles Chukwuma Nkwoka, Esq.",image missing,current-law or procedure-sensitive topic,no redirect to hidden draft,excluded while hidden,no public change unless selected
https://chamanlawfirm.com/legally-challenge-forged-land-documents-in-ogun,legally-challenge-forged-land-documents-in-ogun,How to Challenge Forged Land Documents in Ogun State,already public,public canonical article already exists,"Charles Chukwuma Nkwoka, Esq.",image present,current-law or procedure-sensitive topic; dispute-resolution wording requires lawyer review,no redirect to hidden draft,already public/in sitemap if approved,no public change unless selected
https://chamanlawfirm.com/probate-for-a-deceased-estate-in-nigeria,probate-for-a-deceased-estate-in-nigeria,Probate for a Deceased Estate in Nigeria,already public,public canonical article already exists,"Charles Chukwuma Nkwoka, Esq.",image present,current-law or procedure-sensitive topic,no redirect to hidden draft,already public/in sitemap if approved,no public change unless selected
https://chamanlawfirm.com/verify-land-ownership-with-the-lagos-state,verify-land-ownership-with-the-lagos-state,How to Verify Land Ownership With Lagos State Records,already public,public canonical article already exists,"Charles Chukwuma Nkwoka, Esq.",image present,low automated risk,no redirect to hidden draft,already public/in sitemap if approved,no public change unless selected
https://chamanlawfirm.com/tax-planning-and-avoidance-in-nigeria,tax-planning-and-avoidance-in-nigeria,Tax Planning and Tax Avoidance in Nigeria,already public,public canonical article already exists,"Charles Chukwuma Nkwoka, Esq.",image present,current-law or procedure-sensitive topic,no redirect to hidden draft,already public/in sitemap if approved,no public change unless selected
https://chamanlawfirm.com/legal-processes-of-transferring-property,legal-processes-of-transferring-property,Legal Process for Transferring Property in Nigeria,already public,public canonical article already exists,"Charles Chukwuma Nkwoka, Esq.",image present,current-law or procedure-sensitive topic,no redirect to hidden draft,already public/in sitemap if approved,no public change unless selected
https://chamanlawfirm.com/deed-of-assignment-from-a-property,deed-of-assignment-from-a-property,Deed Of Assignment From A Property,keep hidden,featured image missing; alt text missing or weak; author reference needs correction; not selected for Sprint 11X controlled editorial approval,"Charles Chukwuma Nkwoka, Esq.",image missing,low automated risk,no redirect to hidden draft,excluded while hidden,no public change unless selected
https://chamanlawfirm.com/the-legal-implications-of-breach-of-contract,the-legal-implications-of-breach-of-contract,Legal Implications of Breach of Contract in Nigeria,already public,public canonical article already exists,"Charles Chukwuma Nkwoka, Esq.",image present,low automated risk,no redirect to hidden draft,already public/in sitemap if approved,no public change unless selected
https://chamanlawfirm.com/taxes-exemptions-and-incentives-in-nigeria,taxes-exemptions-and-incentives-in-nigeria,Tax Exemptions and Incentives in Nigeria,already public,public canonical article already exists,"Charles Chukwuma Nkwoka, Esq.",image present,low automated risk,no redirect to hidden draft,already public/in sitemap if approved,no public change unless selected
https://chamanlawfirm.com/land-dispute-resolution-in-nigeria-court-system,land-dispute-resolution-in-nigeria-court-system,Land Dispute Resolution in the Nigerian Court System,already public,public canonical article already exists,"Charles Chukwuma Nkwoka, Esq.",image present,possible unsafe self-help wording; dispute-resolution wording requires lawyer review,no redirect to hidden draft,already public/in sitemap if approved,no public change unless selected
https://chamanlawfirm.com/how-to-handle-land-grabbers-in-lagos,how-to-handle-land-grabbers-in-lagos,How to Handle Land Grabbers in Lagos,already public,public canonical article already exists,"Charles Chukwuma Nkwoka, Esq.",image present,possible unsafe self-help wording; current-law or procedure-sensitive topic,no redirect to hidden draft,already public/in sitemap if approved,no public change unless selected
https://chamanlawfirm.com/lawful-methods-to-recover-debt-in-nigeria,lawful-methods-to-recover-debt-in-nigeria,Lawful Methods to Recover Debt in Nigeria,already public,public canonical article already exists,"Charles Chukwuma Nkwoka, Esq.",image present,possible unsafe self-help wording; current-law or procedure-sensitive topic,no redirect to hidden draft,already public/in sitemap if approved,no public change unless selected
https://chamanlawfirm.com/challenging-a-fraudulent-probate-application,challenging-a-fraudulent-probate-application,Challenging A Fraudulent Probate Application,keep hidden,featured image missing; alt text missing or weak; author reference needs correction; current-law or procedure-sensitive topic; not selected for Sprint 11X controlled editorial approval,"Charles Chukwuma Nkwoka, Esq.",image missing,current-law or procedure-sensitive topic,no redirect to hidden draft,excluded while hidden,no public change unless selected
https://chamanlawfirm.com/learn-how-to-draft-tenancy-agreement-in-ogun,learn-how-to-draft-tenancy-agreement-in-ogun,Learn How To Draft Tenancy Agreement In Ogun,keep hidden,featured image missing; alt text missing or weak; author reference needs correction; current-law or procedure-sensitive topic; not selected for Sprint 11X controlled editorial approval,"Charles Chukwuma Nkwoka, Esq.",image missing,current-law or procedure-sensitive topic,no redirect to hidden draft,excluded while hidden,no public change unless selected
https://chamanlawfirm.com/bordersecurityin-nigerian-immigration-policy,bordersecurityin-nigerian-immigration-policy,Bordersecurityin Nigerian Immigration Policy,keep hidden,featured image missing; alt text missing or weak; author reference needs correction; not selected for Sprint 11X controlled editorial approval,"Charles Chukwuma Nkwoka, Esq.",image missing,low automated risk,no redirect to hidden draft,excluded while hidden,no public change unless selected
https://chamanlawfirm.com/what-is-trespass-to-land2,what-is-trespass-to-land2,What Is Trespass to Land in Nigeria?,already public,public canonical article already exists,"Charles Chukwuma Nkwoka, Esq.",image present,possible unsafe self-help wording; current-law or procedure-sensitive topic,no redirect to hidden draft,already public/in sitemap if approved,no public change unless selected
https://chamanlawfirm.com/types-of-wills,types-of-wills,Types of Wills in Nigeria,already public,public canonical article already exists,"Charles Chukwuma Nkwoka, Esq.",image present,low automated risk,no redirect to hidden draft,already public/in sitemap if approved,no public change unless selected
https://chamanlawfirm.com/who-are-the-type-of-people-that-can-write-a-will,who-are-the-type-of-people-that-can-write-a-will,Who Are The Type Of People That Can Write A Will,keep hidden,featured image missing; alt text missing or weak; author reference needs correction; not selected for Sprint 11X controlled editorial approval,"Charles Chukwuma Nkwoka, Esq.",image missing,low automated risk,no redirect to hidden draft,excluded while hidden,no public change unless selected
https://chamanlawfirm.com/understanding-the-land-use-act-6-proven,understanding-the-land-use-act-6-proven,Understanding The Land Use Act 6 Proven,keep hidden,featured image missing; alt text missing or weak; author reference needs correction; dispute-resolution wording requires lawyer review; not selected for Sprint 11X controlled editorial approval,"Charles Chukwuma Nkwoka, Esq.",image missing,dispute-resolution wording requires lawyer review,no redirect to hidden draft,excluded while hidden,no public change unless selected
https://chamanlawfirm.com/how-to-acquire-citizenship-in-nigeria,how-to-acquire-citizenship-in-nigeria,How to Acquire Citizenship in Nigeria,already public,public canonical article already exists,"Charles Chukwuma Nkwoka, Esq.",image present,low automated risk,no redirect to hidden draft,already public/in sitemap if approved,no public change unless selected
https://chamanlawfirm.com/use-arbitration-for-property-disputes-lagos,use-arbitration-for-property-disputes-lagos,Using Arbitration for Property Disputes in Lagos,already public,public canonical article already exists,"Charles Chukwuma Nkwoka, Esq.",image present,current-law or procedure-sensitive topic,no redirect to hidden draft,already public/in sitemap if approved,no public change unless selected
https://chamanlawfirm.com/what-are-the-legal-rights-of-private-property-owners,what-are-the-legal-rights-of-private-property-owners,Legal Rights of Private Property Owners in Nigeria,already public,public canonical article already exists,"Charles Chukwuma Nkwoka, Esq.",image present,low automated risk,no redirect to hidden draft,already public/in sitemap if approved,no public change unless selected
https://chamanlawfirm.com/police-prosecution-in-nigerian-courts,police-prosecution-in-nigerian-courts,Police Prosecution in Nigerian Courts,already public,public canonical article already exists,"Charles Chukwuma Nkwoka, Esq.",image present,current-law or procedure-sensitive topic,no redirect to hidden draft,already public/in sitemap if approved,no public change unless selected
https://chamanlawfirm.com/where-is-the-proper-custody-of-a-will,where-is-the-proper-custody-of-a-will,Where Is The Proper Custody Of A Will,keep hidden,featured image missing; alt text missing or weak; author reference needs correction; not selected for Sprint 11X controlled editorial approval,"Charles Chukwuma Nkwoka, Esq.",image missing,low automated risk,no redirect to hidden draft,excluded while hidden,no public change unless selected
https://chamanlawfirm.com/foreign-wills-and-lagos-property-what-to-know,foreign-wills-and-lagos-property-what-to-know,Foreign Wills and Lagos Property: What to Know,already public,public canonical article already exists,"Charles Chukwuma Nkwoka, Esq.",image present,low automated risk,no redirect to hidden draft,already public/in sitemap if approved,no public change unless selected
https://chamanlawfirm.com/lagos-property-succession-without-a-will,lagos-property-succession-without-a-will,Lagos Property Succession Without a Will,already public,public canonical article already exists,"Charles Chukwuma Nkwoka, Esq.",image present,current-law or procedure-sensitive topic; unsupported outcome claim,no redirect to hidden draft,already public/in sitemap if approved,no public change unless selected
https://chamanlawfirm.com/how-does-the-land-use-act-address-the-issue-of-abandoned-properties-in-nigeria,how-does-the-land-use-act-address-the-issue-of-abandoned-properties-in-nigeria,How Does The Land Use Act Address The Issue Of Abandoned Properties In Nigeria,keep hidden,featured image missing; alt text missing or weak; author reference needs correction; not selected for Sprint 11X controlled editorial approval,"Charles Chukwuma Nkwoka, Esq.",image missing,low automated risk,no redirect to hidden draft,excluded while hidden,no public change unless selected
https://chamanlawfirm.com/role-of-community-leaders-in-land-allocation,role-of-community-leaders-in-land-allocation,Role of Community Leaders in Land Allocation,keep hidden,featured image missing; alt text missing or weak; author reference needs correction; dispute-resolution wording requires lawyer review; not selected for Sprint 11X controlled editorial approval,"Charles Chukwuma Nkwoka, Esq.",image missing,dispute-resolution wording requires lawyer review,no redirect to hidden draft,excluded while hidden,no public change unless selected
https://chamanlawfirm.com/effect-of-not-paying-child-support,effect-of-not-paying-child-support,Effect of Not Paying Child Support in Nigeria,already public,public canonical article already exists,"Charles Chukwuma Nkwoka, Esq.",image present,current-law or procedure-sensitive topic; family-status topic requires lawyer review,no redirect to hidden draft,already public/in sitemap if approved,no public change unless selected
https://chamanlawfirm.com/hidden-costs-of-buying-property-in-ogun-state,hidden-costs-of-buying-property-in-ogun-state,Hidden Costs Of Buying Property In Ogun State,keep hidden,featured image missing; alt text missing or weak; author reference needs correction; not selected for Sprint 11X controlled editorial approval,"Charles Chukwuma Nkwoka, Esq.",image missing,low automated risk,no redirect to hidden draft,excluded while hidden,no public change unless selected
https://chamanlawfirm.com/how-is-land-registry-practice-in-nigeria,how-is-land-registry-practice-in-nigeria,Land Registry Practice in Nigeria,already public,public canonical article already exists,"Charles Chukwuma Nkwoka, Esq.",image present,current-law or procedure-sensitive topic,no redirect to hidden draft,already public/in sitemap if approved,no public change unless selected
https://chamanlawfirm.com/legal-research-for-nigerian-litigation-cases,legal-research-for-nigerian-litigation-cases,Legal Research for Nigerian Litigation Cases,already public,public canonical article already exists,"Charles Chukwuma Nkwoka, Esq.",image present,current-law or procedure-sensitive topic; dispute-resolution wording requires lawyer review,no redirect to hidden draft,already public/in sitemap if approved,no public change unless selected
https://chamanlawfirm.com/corporate-restructuring-in-nigeria,corporate-restructuring-in-nigeria,Corporate Restructuring In Nigeria,keep hidden,featured image missing; alt text missing or weak; author reference needs correction; current-law or procedure-sensitive topic; not selected for Sprint 11X controlled editorial approval,"Charles Chukwuma Nkwoka, Esq.",image missing,current-law or procedure-sensitive topic,no redirect to hidden draft,excluded while hidden,no public change unless selected
https://chamanlawfirm.com/why-a-certificate-of-occupancy-c-of-o-is,why-a-certificate-of-occupancy-c-of-o-is,Why a Certificate of Occupancy Matters in Nigeria,already public,public canonical article already exists,"Charles Chukwuma Nkwoka, Esq.",image present,low automated risk,no redirect to hidden draft,already public/in sitemap if approved,no public change unless selected
https://chamanlawfirm.com/how-to-alter-a-will,how-to-alter-a-will,How To Alter A Will,keep hidden,featured image missing; alt text missing or weak; author reference needs correction; not selected for Sprint 11X controlled editorial approval,"Charles Chukwuma Nkwoka, Esq.",image missing,low automated risk,no redirect to hidden draft,excluded while hidden,no public change unless selected
https://chamanlawfirm.com/is-a-woman-a-property-to-be-inherited,is-a-woman-a-property-to-be-inherited,Can a Woman Be Treated as Property Under Nigerian Inheritance Law?,already public,public canonical article already exists,"Charles Chukwuma Nkwoka, Esq.",image present,possible unsafe self-help wording; current-law or procedure-sensitive topic; unsupported outcome claim,no redirect to hidden draft,already public/in sitemap if approved,no public change unless selected
https://chamanlawfirm.com/legal-bonds-of-marriage-in-nigeria,legal-bonds-of-marriage-in-nigeria,Legal Bonds of Marriage in Nigeria,already public,public canonical article already exists,"Charles Chukwuma Nkwoka, Esq.",image present,current-law or procedure-sensitive topic; family-status topic requires lawyer review,no redirect to hidden draft,already public/in sitemap if approved,no public change unless selected
https://chamanlawfirm.com/how-does-the-land-use-act-interact-with-the-petroleum-industry,how-does-the-land-use-act-interact-with-the-petroleum-industry,How the Land Use Act Interacts With the Petroleum Industry,already public,public canonical article already exists,"Charles Chukwuma Nkwoka, Esq.",image present,low automated risk,no redirect to hidden draft,already public/in sitemap if approved,no public change unless selected
https://chamanlawfirm.com/how-to-fix-mistakes-in-your-property-documents,how-to-fix-mistakes-in-your-property-documents,How To Fix Mistakes In Your Property Documents,keep hidden,featured image missing; alt text missing or weak; author reference needs correction; not selected for Sprint 11X controlled editorial approval,"Charles Chukwuma Nkwoka, Esq.",image missing,low automated risk,no redirect to hidden draft,excluded while hidden,no public change unless selected
https://chamanlawfirm.com/corporate-governance-principles-in-nigeria,corporate-governance-principles-in-nigeria,Corporate Governance Principles In Nigeria,keep hidden,featured image missing; alt text missing or weak; author reference needs correction; not selected for Sprint 11X controlled editorial approval,"Charles Chukwuma Nkwoka, Esq.",image missing,low automated risk,no redirect to hidden draft,excluded while hidden,no public change unless selected
https://chamanlawfirm.com/understanding-the-certificate-of-occupancy-c,understanding-the-certificate-of-occupancy-c,Understanding The Certificate Of Occupancy C,keep hidden,featured image missing; alt text missing or weak; author reference needs correction; current-law or procedure-sensitive topic; dispute-resolution wording requires lawyer review; not selected for Sprint 11X controlled editorial approval,"Charles Chukwuma Nkwoka, Esq.",image missing,current-law or procedure-sensitive topic; dispute-resolution wording requires lawyer review,no redirect to hidden draft,excluded while hidden,no public change unless selected
https://chamanlawfirm.com/priority-in-entitlement,priority-in-entitlement,Priority in Estate Entitlement Under Nigerian Succession Law,already public,public canonical article already exists,"Charles Chukwuma Nkwoka, Esq.",image present,possible unsafe self-help wording; family-status topic requires lawyer review,no redirect to hidden draft,already public/in sitemap if approved,no public change unless selected
https://chamanlawfirm.com/modernizing-customary-marriage,modernizing-customary-marriage,Modernizing Customary Marriage in Nigeria,already public,public canonical article already exists,"Charles Chukwuma Nkwoka, Esq.",image present,family-status topic requires lawyer review; unsupported outcome claim,no redirect to hidden draft,already public/in sitemap if approved,no public change unless selected
https://chamanlawfirm.com/understanding-the-land-use-act-in-nigeria,understanding-the-land-use-act-in-nigeria,Understanding the Land Use Act in Nigeria,already public,public canonical article already exists,"Charles Chukwuma Nkwoka, Esq.",image present,dispute-resolution wording requires lawyer review,no redirect to hidden draft,already public/in sitemap if approved,no public change unless selected
https://chamanlawfirm.com/how-to-register-a-tech-company-in-nigeria,how-to-register-a-tech-company-in-nigeria,How to Register a Tech Company in Nigeria,already public,public canonical article already exists,"Charles Chukwuma Nkwoka, Esq.",image present,low automated risk,no redirect to hidden draft,already public/in sitemap if approved,no public change unless selected
https://chamanlawfirm.com/financing-real-estate-investments-in-nigeria,financing-real-estate-investments-in-nigeria,Financing Real Estate Investments In Nigeria,keep hidden,featured image missing; alt text missing or weak; author reference needs correction; current-law or procedure-sensitive topic; unsupported outcome claim; not selected for Sprint 11X controlled editorial approval,"Charles Chukwuma Nkwoka, Esq.",image missing,current-law or procedure-sensitive topic; unsupported outcome claim,no redirect to hidden draft,excluded while hidden,no public change unless selected
https://chamanlawfirm.com/4-proven-features-of-customary-marriage-and-the-bill-of-rights-conflicting-interests,4-proven-features-of-customary-marriage-and-the-bill-of-rights-conflicting-interests,Customary Marriage and Constitutional Rights in Nigeria,already public,public canonical article already exists,"Charles Chukwuma Nkwoka, Esq.",image present,current-law or procedure-sensitive topic; family-status topic requires lawyer review,no redirect to hidden draft,already public/in sitemap if approved,no public change unless selected
https://chamanlawfirm.com/the-essential-ethics-of-debt-recovery,the-essential-ethics-of-debt-recovery,Ethical Debt Recovery in Nigeria,already public,public canonical article already exists,"Charles Chukwuma Nkwoka, Esq.",image present,possible unsafe self-help wording; current-law or procedure-sensitive topic,no redirect to hidden draft,already public/in sitemap if approved,no public change unless selected
https://chamanlawfirm.com/drafting-company-bylaws-in-nigeria-a-compre,drafting-company-bylaws-in-nigeria-a-compre,Drafting Company Bylaws in Nigeria,already public,public canonical article already exists,"Charles Chukwuma Nkwoka, Esq.",image present,low automated risk,no redirect to hidden draft,already public/in sitemap if approved,no public change unless selected
https://chamanlawfirm.com/mechanisms-for-the-childs-rights-act,mechanisms-for-the-childs-rights-act,Mechanisms Under the Child Rights Act in Nigeria,already public,public canonical article already exists,"Charles Chukwuma Nkwoka, Esq.",image present,current-law or procedure-sensitive topic,no redirect to hidden draft,already public/in sitemap if approved,no public change unless selected
https://chamanlawfirm.com/estate-administration-in-lagos-state,estate-administration-in-lagos-state,Estate Administration in Lagos State,already public,public canonical article already exists,"Charles Chukwuma Nkwoka, Esq.",image present,unsupported outcome claim,no redirect to hidden draft,already public/in sitemap if approved,no public change unless selected
https://chamanlawfirm.com/what-are-the-penalties-for-fake-land-documents,what-are-the-penalties-for-fake-land-documents,Penalties for Fake Land Documents in Nigeria,already public,public canonical article already exists,"Charles Chukwuma Nkwoka, Esq.",image present,current-law or procedure-sensitive topic,no redirect to hidden draft,already public/in sitemap if approved,no public change unless selected
https://chamanlawfirm.com/criteria-for-patent-in-nigeria,criteria-for-patent-in-nigeria,Criteria for Patent Protection in Nigeria,already public,public canonical article already exists,"Charles Chukwuma Nkwoka, Esq.",image present,current-law or procedure-sensitive topic,no redirect to hidden draft,already public/in sitemap if approved,no public change unless selected
https://chamanlawfirm.com/how-to-perfect-a-property-title-in-nigeria,how-to-perfect-a-property-title-in-nigeria,How to Perfect a Property Title in Nigeria,already public,public canonical article already exists,"Charles Chukwuma Nkwoka, Esq.",image present,current-law or procedure-sensitive topic; dispute-resolution wording requires lawyer review,no redirect to hidden draft,already public/in sitemap if approved,no public change unless selected
https://chamanlawfirm.com/dealing-with-abadtenantinlagos-for-landlords,dealing-with-abadtenantinlagos-for-landlords,Dealing With Abadtenantinlagos For Landlords,keep hidden,featured image missing; alt text missing or weak; author reference needs correction; possible unsafe self-help wording; current-law or procedure-sensitive topic; not selected for Sprint 11X controlled editorial approval,"Charles Chukwuma Nkwoka, Esq.",image missing,possible unsafe self-help wording; current-law or procedure-sensitive topic,no redirect to hidden draft,excluded while hidden,no public change unless selected
https://chamanlawfirm.com/real-estate-title-frauds-in-nigeria,real-estate-title-frauds-in-nigeria,Real Estate Title Frauds In Nigeria,keep hidden,source body too short for approval; featured image missing; alt text missing or weak; author reference needs correction; not selected for Sprint 11X controlled editorial approval,"Charles Chukwuma Nkwoka, Esq.",image missing,low automated risk,no redirect to hidden draft,excluded while hidden,no public change unless selected
https://chamanlawfirm.com/regarding-the-custody-of-a-child,regarding-the-custody-of-a-child,Regarding The Custody Of A Child,keep hidden,featured image missing; alt text missing or weak; author reference needs correction; current-law or procedure-sensitive topic; family-status topic requires lawyer review; not selected for Sprint 11X controlled editorial approval,"Charles Chukwuma Nkwoka, Esq.",image missing,current-law or procedure-sensitive topic; family-status topic requires lawyer review,no redirect to hidden draft,excluded while hidden,no public change unless selected
https://chamanlawfirm.com/9-cyber-crime-prosecution-breakthrough-ch,9-cyber-crime-prosecution-breakthrough-ch,Cybercrime Prosecution in Nigeria,already public,public canonical article already exists,"Charles Chukwuma Nkwoka, Esq.",image present,current-law or procedure-sensitive topic,no redirect to hidden draft,already public/in sitemap if approved,no public change unless selected
https://chamanlawfirm.com/family-courts-and-specialized-tribunals,family-courts-and-specialized-tribunals,Family Courts And Specialized Tribunals,keep hidden,featured image missing; alt text missing or weak; author reference needs correction; current-law or procedure-sensitive topic; family-status topic requires lawyer review; not selected for Sprint 11X controlled editorial approval,"Charles Chukwuma Nkwoka, Esq.",image missing,current-law or procedure-sensitive topic; family-status topic requires lawyer review,no redirect to hidden draft,excluded while hidden,no public change unless selected
https://chamanlawfirm.com/difference-between-excision-gazette-c-of-o,difference-between-excision-gazette-c-of-o,"Difference Between Excision, Gazette and Certificate of Occupancy",already public,public canonical article already exists,"Charles Chukwuma Nkwoka, Esq.",image present,low automated risk,no redirect to hidden draft,already public/in sitemap if approved,no public change unless selected
https://chamanlawfirm.com/business-registration-process-in-lagosa-com,business-registration-process-in-lagosa-com,Business Registration Process in Lagos,already public,public canonical article already exists,"Charles Chukwuma Nkwoka, Esq.",image present,low automated risk,no redirect to hidden draft,already public/in sitemap if approved,no public change unless selected
https://chamanlawfirm.com/verify-land-titles-before-buying-property,verify-land-titles-before-buying-property,How to Verify Land Titles Before Buying Property,already public,public canonical article already exists,"Charles Chukwuma Nkwoka, Esq.",image present,off-brand/property-sales wording; current-law or procedure-sensitive topic,no redirect to hidden draft,already public/in sitemap if approved,no public change unless selected
https://chamanlawfirm.com/strategies-to-handle-a-bad-tenant-legally,strategies-to-handle-a-bad-tenant-legally,Legal Strategies for Handling Difficult Tenants in Nigeria,already public,public canonical article already exists,"Charles Chukwuma Nkwoka, Esq.",image present,current-law or procedure-sensitive topic,no redirect to hidden draft,already public/in sitemap if approved,no public change unless selected
https://chamanlawfirm.com/how-does-the-land-use-act-involve-the-surveyor-generals-office,how-does-the-land-use-act-involve-the-surveyor-generals-office,How Does The Land Use Act Involve The Surveyor Generals Office,keep hidden,featured image missing; alt text missing or weak; author reference needs correction; dispute-resolution wording requires lawyer review; not selected for Sprint 11X controlled editorial approval,"Charles Chukwuma Nkwoka, Esq.",image missing,dispute-resolution wording requires lawyer review,no redirect to hidden draft,excluded while hidden,no public change unless selected
https://chamanlawfirm.com/calculate-land-use-charge-chaman-law-firm,calculate-land-use-charge-chaman-law-firm,How to Calculate Land Use Charge in Nigeria,already public,public canonical article already exists,"Charles Chukwuma Nkwoka, Esq.",image present,low automated risk,no redirect to hidden draft,already public/in sitemap if approved,no public change unless selected
https://chamanlawfirm.com/how-to-verify-a-propertys-survey-plan-in-lagos,how-to-verify-a-propertys-survey-plan-in-lagos,How To Verify A Propertys Survey Plan In Lagos,keep hidden,featured image missing; alt text missing or weak; author reference needs correction; not selected for Sprint 11X controlled editorial approval,"Charles Chukwuma Nkwoka, Esq.",image missing,low automated risk,no redirect to hidden draft,excluded while hidden,no public change unless selected
https://chamanlawfirm.com/division-in-divorce-proceedings,division-in-divorce-proceedings,Division of Property in Divorce Proceedings in Nigeria,already public,public canonical article already exists,"Charles Chukwuma Nkwoka, Esq.",image present,low automated risk,no redirect to hidden draft,already public/in sitemap if approved,no public change unless selected
https://chamanlawfirm.com/how-to-verify-property-titles-in-nigeria,how-to-verify-property-titles-in-nigeria,How to Verify Property Titles in Nigeria,already public,public canonical article already exists,"Charles Chukwuma Nkwoka, Esq.",image present,current-law or procedure-sensitive topic,no redirect to hidden draft,already public/in sitemap if approved,no public change unless selected
https://chamanlawfirm.com/navigating-the-probate-registry-in-ogun-state,navigating-the-probate-registry-in-ogun-state,Navigating the Probate Registry in Ogun State,already public,public canonical article already exists,"Charles Chukwuma Nkwoka, Esq.",image present,low automated risk,no redirect to hidden draft,already public/in sitemap if approved,no public change unless selected
https://chamanlawfirm.com/family-disputes-with-international-dimension,family-disputes-with-international-dimension,Family Disputes With International Dimension,keep hidden,featured image missing; alt text missing or weak; author reference needs correction; family-status topic requires lawyer review; not selected for Sprint 11X controlled editorial approval,"Charles Chukwuma Nkwoka, Esq.",image missing,family-status topic requires lawyer review,no redirect to hidden draft,excluded while hidden,no public change unless selected
https://chamanlawfirm.com/powerful-steps-grant-of-probate-in-lagos-state,powerful-steps-grant-of-probate-in-lagos-state,Powerful Steps Grant Of Probate In Lagos State,keep hidden,featured image missing; alt text missing or weak; author reference needs correction; current-law or procedure-sensitive topic; not selected for Sprint 11X controlled editorial approval,"Charles Chukwuma Nkwoka, Esq.",image missing,current-law or procedure-sensitive topic,no redirect to hidden draft,excluded while hidden,no public change unless selected
https://chamanlawfirm.com/registering-a-private-security-company,registering-a-private-security-company,Registering A Private Security Company,keep hidden,featured image missing; alt text missing or weak; author reference needs correction; current-law or procedure-sensitive topic; legacy URL already redirects to /practice-areas/corporate-commercial-law; not selected for Sprint 11X controlled editorial approval,"Charles Chukwuma Nkwoka, Esq.",image missing,current-law or procedure-sensitive topic,no redirect to hidden draft,excluded while hidden,no public change unless selected
https://chamanlawfirm.com/filing-for-divorce-in-nigeria-a-comprehen,filing-for-divorce-in-nigeria-a-comprehen,Filing For Divorce In Nigeria A Comprehen,keep hidden,featured image missing; alt text missing or weak; author reference needs correction; family-status topic requires lawyer review; not selected for Sprint 11X controlled editorial approval,"Charles Chukwuma Nkwoka, Esq.",image missing,family-status topic requires lawyer review,no redirect to hidden draft,excluded while hidden,no public change unless selected
https://chamanlawfirm.com/land-use-act-impact-land-ownership-and-titles,land-use-act-impact-land-ownership-and-titles,Land Use Act Impact Land Ownership And Titles,keep hidden,featured image missing; alt text missing or weak; author reference needs correction; not selected for Sprint 11X controlled editorial approval,"Charles Chukwuma Nkwoka, Esq.",image missing,low automated risk,no redirect to hidden draft,excluded while hidden,no public change unless selected
https://chamanlawfirm.com/challenges-in-debt-recovery-and-solutions,challenges-in-debt-recovery-and-solutions,Challenges In Debt Recovery And Solutions,keep hidden,featured image missing; alt text missing or weak; author reference needs correction; not selected for Sprint 11X controlled editorial approval,"Charles Chukwuma Nkwoka, Esq.",image missing,low automated risk,no redirect to hidden draft,excluded while hidden,no public change unless selected
https://chamanlawfirm.com/defenses-and-bars-to-a-petition-for-divorce,defenses-and-bars-to-a-petition-for-divorce,Defenses And Bars To A Petition For Divorce,keep hidden,featured image missing; alt text missing or weak; author reference needs correction; family-status topic requires lawyer review; not selected for Sprint 11X controlled editorial approval,"Charles Chukwuma Nkwoka, Esq.",image missing,family-status topic requires lawyer review,no redirect to hidden draft,excluded while hidden,no public change unless selected
https://chamanlawfirm.com/family-property-disputes-in-lagos,family-property-disputes-in-lagos,Family Property Disputes In Lagos,keep hidden,featured image missing; alt text missing or weak; author reference needs correction; dispute-resolution wording requires lawyer review; not selected for Sprint 11X controlled editorial approval,"Charles Chukwuma Nkwoka, Esq.",image missing,dispute-resolution wording requires lawyer review,no redirect to hidden draft,excluded while hidden,no public change unless selected
https://chamanlawfirm.com/inheritance-rights-under-ogun-customary-law,inheritance-rights-under-ogun-customary-law,Inheritance Rights Under Ogun Customary Law,keep hidden,source body too short for approval; featured image missing; alt text missing or weak; author reference needs correction; not selected for Sprint 11X controlled editorial approval,"Charles Chukwuma Nkwoka, Esq.",image missing,low automated risk,no redirect to hidden draft,excluded while hidden,no public change unless selected
https://chamanlawfirm.com/cyber-crime-awareness-campaigns-10-powerful,cyber-crime-awareness-campaigns-10-powerful,Cyber Crime Awareness Campaigns 10 Powerful,keep hidden,featured image missing; alt text missing or weak; author reference needs correction; current-law or procedure-sensitive topic; not selected for Sprint 11X controlled editorial approval,"Charles Chukwuma Nkwoka, Esq.",image missing,current-law or procedure-sensitive topic,no redirect to hidden draft,excluded while hidden,no public change unless selected
https://chamanlawfirm.com/legal-requirementsfor-registering-a-property,legal-requirementsfor-registering-a-property,Legal Requirementsfor Registering A Property,keep hidden,featured image missing; alt text missing or weak; author reference needs correction; current-law or procedure-sensitive topic; dispute-resolution wording requires lawyer review; unsupported outcome claim; not selected for Sprint 11X controlled editorial approval,"Charles Chukwuma Nkwoka, Esq.",image missing,current-law or procedure-sensitive topic; dispute-resolution wording requires lawyer review; unsupported outcome claim,no redirect to hidden draft,excluded while hidden,no public change unless selected
https://chamanlawfirm.com/7-steps-on-how-to-use-small-claims-court,7-steps-on-how-to-use-small-claims-court,7 Steps On How To Use Small Claims Court,keep hidden,featured image missing; alt text missing or weak; author reference needs correction; not selected for Sprint 11X controlled editorial approval,"Charles Chukwuma Nkwoka, Esq.",image missing,low automated risk,no redirect to hidden draft,excluded while hidden,no public change unless selected
https://chamanlawfirm.com/corporate-governance-and-business-ethics,corporate-governance-and-business-ethics,Corporate Governance And Business Ethics,keep hidden,featured image missing; alt text missing or weak; author reference needs correction; legacy URL already redirects to /practice-areas/corporate-commercial-law/corporate-governance-and-ethics-advisory; not selected for Sprint 11X controlled editorial approval,"Charles Chukwuma Nkwoka, Esq.",image missing,low automated risk,no redirect to hidden draft,excluded while hidden,no public change unless selected
https://chamanlawfirm.com/nigerian-citizens-in-government-surveillance,nigerian-citizens-in-government-surveillance,Nigerian Citizens In Government Surveillance,keep hidden,featured image missing; alt text missing or weak; author reference needs correction; misleading free-service wording; current-law or procedure-sensitive topic; unsupported outcome claim; not selected for Sprint 11X controlled editorial approval,"Charles Chukwuma Nkwoka, Esq.",image missing,misleading free-service wording; current-law or procedure-sensitive topic; unsupported outcome claim,no redirect to hidden draft,excluded while hidden,no public change unless selected
https://chamanlawfirm.com/legal-implications-of-overstaying-a-visa-inn,legal-implications-of-overstaying-a-visa-inn,Legal Implications Of Overstaying A Visa Inn,keep hidden,featured image missing; alt text missing or weak; author reference needs correction; current-law or procedure-sensitive topic; not selected for Sprint 11X controlled editorial approval,"Charles Chukwuma Nkwoka, Esq.",image missing,current-law or procedure-sensitive topic,no redirect to hidden draft,excluded while hidden,no public change unless selected
https://chamanlawfirm.com/obtaining-a-certificate-of-occupancy,obtaining-a-certificate-of-occupancy,Obtaining A Certificate Of Occupancy,keep hidden,source body too short for approval; featured image missing; alt text missing or weak; author reference needs correction; not selected for Sprint 11X controlled editorial approval,"Charles Chukwuma Nkwoka, Esq.",image missing,low automated risk,no redirect to hidden draft,excluded while hidden,no public change unless selected
https://chamanlawfirm.com/how-to-terminate-a-tenancy-relationship-in,how-to-terminate-a-tenancy-relationship-in,How To Terminate A Tenancy Relationship In,keep hidden,source body too short for approval; featured image missing; alt text missing or weak; author reference needs correction; not selected for Sprint 11X controlled editorial approval,"Charles Chukwuma Nkwoka, Esq.",image missing,low automated risk,no redirect to hidden draft,excluded while hidden,no public change unless selected
https://chamanlawfirm.com/how-to-open-a-company-bank-account-in-nigeria,how-to-open-a-company-bank-account-in-nigeria,How To Open A Company Bank Account In Nigeria,keep hidden,featured image missing; alt text missing or weak; author reference needs correction; legacy URL already redirects to /practice-areas/corporate-commercial-law; not selected for Sprint 11X controlled editorial approval,"Charles Chukwuma Nkwoka, Esq.",image missing,low automated risk,no redirect to hidden draft,excluded while hidden,no public change unless selected
https://chamanlawfirm.com/survey-plan-registration-how-do-i-process-it,survey-plan-registration-how-do-i-process-it,Survey Plan Registration How Do I Process It,keep hidden,featured image missing; alt text missing or weak; author reference needs correction; not selected for Sprint 11X controlled editorial approval,"Charles Chukwuma Nkwoka, Esq.",image missing,low automated risk,no redirect to hidden draft,excluded while hidden,no public change unless selected
https://chamanlawfirm.com/consequences-of-not-paying-land-use-charge,consequences-of-not-paying-land-use-charge,Consequences Of Not Paying Land Use Charge,keep hidden,featured image missing; alt text missing or weak; author reference needs correction; current-law or procedure-sensitive topic; not selected for Sprint 11X controlled editorial approval,"Charles Chukwuma Nkwoka, Esq.",image missing,current-law or procedure-sensitive topic,no redirect to hidden draft,excluded while hidden,no public change unless selected
https://chamanlawfirm.com/consequences-of-fail-to-pay-taxes-in-nigeria,consequences-of-fail-to-pay-taxes-in-nigeria,Consequences Of Fail To Pay Taxes In Nigeria,keep hidden,featured image missing; alt text missing or weak; author reference needs correction; current-law or procedure-sensitive topic; not selected for Sprint 11X controlled editorial approval,"Charles Chukwuma Nkwoka, Esq.",image missing,current-law or procedure-sensitive topic,no redirect to hidden draft,excluded while hidden,no public change unless selected
https://chamanlawfirm.com/land-use-charge-in-ogun-state-chaman-law-firm,land-use-charge-in-ogun-state-chaman-law-firm,Land Use Charge In Ogun State Chaman Law Firm,keep hidden,featured image missing; alt text missing or weak; author reference needs correction; not selected for Sprint 11X controlled editorial approval,"Charles Chukwuma Nkwoka, Esq.",image missing,low automated risk,no redirect to hidden draft,excluded while hidden,no public change unless selected
https://chamanlawfirm.com/what-tenancy-laws-apply-to-landlords,what-tenancy-laws-apply-to-landlords,What Tenancy Laws Apply To Landlords,keep hidden,featured image missing; alt text missing or weak; author reference needs correction; possible unsafe self-help wording; current-law or procedure-sensitive topic; dispute-resolution wording requires lawyer review; not selected for Sprint 11X controlled editorial approval,"Charles Chukwuma Nkwoka, Esq.",image missing,possible unsafe self-help wording; current-law or procedure-sensitive topic; dispute-resolution wording requires lawyer review,no redirect to hidden draft,excluded while hidden,no public change unless selected
https://chamanlawfirm.com/how-to-increase-a-company-share,how-to-increase-a-company-share,How To Increase A Company Share,keep hidden,featured image missing; alt text missing or weak; author reference needs correction; legacy URL already redirects to /practice-areas/corporate-commercial-law; not selected for Sprint 11X controlled editorial approval,"Charles Chukwuma Nkwoka, Esq.",image missing,low automated risk,no redirect to hidden draft,excluded while hidden,no public change unless selected
https://chamanlawfirm.com/7-step-citizenship-application-in-nigeria,7-step-citizenship-application-in-nigeria,7 Step Citizenship Application In Nigeria,keep hidden,featured image missing; alt text missing or weak; author reference needs correction; legacy URL already redirects to /practice-areas/immigration-services/citizenship-application-advisory; not selected for Sprint 11X controlled editorial approval,"Charles Chukwuma Nkwoka, Esq.",image missing,low automated risk,no redirect to hidden draft,excluded while hidden,no public change unless selected
https://chamanlawfirm.com/defense-of-fair-dealing-in-nigeria-copyright,defense-of-fair-dealing-in-nigeria-copyright,Defense Of Fair Dealing In Nigeria Copyright,keep hidden,featured image missing; alt text missing or weak; author reference needs correction; not selected for Sprint 11X controlled editorial approval,"Charles Chukwuma Nkwoka, Esq.",image missing,low automated risk,no redirect to hidden draft,excluded while hidden,no public change unless selected
https://chamanlawfirm.com/4-proven-steps-on-how-to-enforce-a-contract,4-proven-steps-on-how-to-enforce-a-contract,4 Proven Steps On How To Enforce A Contract,keep hidden,featured image missing; alt text missing or weak; author reference needs correction; dispute-resolution wording requires lawyer review; legacy URL already redirects to /practice-areas/corporate-commercial-law; not selected for Sprint 11X controlled editorial approval,"Charles Chukwuma Nkwoka, Esq.",image missing,dispute-resolution wording requires lawyer review,no redirect to hidden draft,excluded while hidden,no public change unless selected
https://chamanlawfirm.com/how-to-conduct-due-diligence-in-nigeria,how-to-conduct-due-diligence-in-nigeria,How To Conduct Due Diligence In Nigeria,keep hidden,featured image missing; alt text missing or weak; author reference needs correction; off-brand/property-sales wording; dispute-resolution wording requires lawyer review; not selected for Sprint 11X controlled editorial approval,"Charles Chukwuma Nkwoka, Esq.",image missing,off-brand/property-sales wording; dispute-resolution wording requires lawyer review,no redirect to hidden draft,excluded while hidden,no public change unless selected
https://chamanlawfirm.com/registration-of-a-money-lending-company,registration-of-a-money-lending-company,Registration Of A Money Lending Company,keep hidden,featured image missing; alt text missing or weak; author reference needs correction; current-law or procedure-sensitive topic; legacy URL already redirects to /practice-areas/corporate-commercial-law; not selected for Sprint 11X controlled editorial approval,"Charles Chukwuma Nkwoka, Esq.",image missing,current-law or procedure-sensitive topic,no redirect to hidden draft,excluded while hidden,no public change unless selected
https://chamanlawfirm.com/property-valuation-in-nigerian-real-estate,property-valuation-in-nigerian-real-estate,Property Valuation In Nigerian Real Estate,keep hidden,featured image missing; alt text missing or weak; author reference needs correction; current-law or procedure-sensitive topic; dispute-resolution wording requires lawyer review; unsupported outcome claim; not selected for Sprint 11X controlled editorial approval,"Charles Chukwuma Nkwoka, Esq.",image missing,current-law or procedure-sensitive topic; dispute-resolution wording requires lawyer review; unsupported outcome claim,no redirect to hidden draft,excluded while hidden,no public change unless selected
https://chamanlawfirm.com/transfer-land-ownership-and-land-document,transfer-land-ownership-and-land-document,Transfer of Land Ownership and Land Documents in Nigeria,already public,public canonical article already exists,"Charles Chukwuma Nkwoka, Esq.",image present,current-law or procedure-sensitive topic,no redirect to hidden draft,already public/in sitemap if approved,no public change unless selected
https://chamanlawfirm.com/taxation-vat-and-other-indirect-taxes-in-nigeria,taxation-vat-and-other-indirect-taxes-in-nigeria,VAT and Other Indirect Taxes in Nigeria,already public,public canonical article already exists,"Charles Chukwuma Nkwoka, Esq.",image present,current-law or procedure-sensitive topic,no redirect to hidden draft,already public/in sitemap if approved,no public change unless selected
https://chamanlawfirm.com/land-use-planning-and-development-regulation,land-use-planning-and-development-regulation,Land Use Planning And Development Regulation,keep hidden,featured image missing; alt text missing or weak; author reference needs correction; not selected for Sprint 11X controlled editorial approval,"Charles Chukwuma Nkwoka, Esq.",image missing,low automated risk,no redirect to hidden draft,excluded while hidden,no public change unless selected
https://chamanlawfirm.com/maritime-contracts-in-nigeria,maritime-contracts-in-nigeria,Maritime Contracts In Nigeria,keep hidden,featured image missing; alt text missing or weak; author reference needs correction; not selected for Sprint 11X controlled editorial approval,"Charles Chukwuma Nkwoka, Esq.",image missing,low automated risk,no redirect to hidden draft,excluded while hidden,no public change unless selected
https://chamanlawfirm.com/how-to-apply-for-certificate-of-occupancy-in-lagos-state-nigeria,how-to-apply-for-certificate-of-occupancy-in-lagos-state-nigeria,How to Apply for Certificate of Occupancy in Lagos State,already public,public canonical article already exists,"Charles Chukwuma Nkwoka, Esq.",image present,current-law or procedure-sensitive topic,no redirect to hidden draft,already public/in sitemap if approved,no public change unless selected
https://chamanlawfirm.com/property-ownership-structures-in-nigeria,property-ownership-structures-in-nigeria,Property Ownership Structures In Nigeria,keep hidden,featured image missing; alt text missing or weak; author reference needs correction; not selected for Sprint 11X controlled editorial approval,"Charles Chukwuma Nkwoka, Esq.",image missing,low automated risk,no redirect to hidden draft,excluded while hidden,no public change unless selected
https://chamanlawfirm.com/a-complete-guide-on-how-to-register-a-company-in-nigeria,a-complete-guide-on-how-to-register-a-company-in-nigeria,Complete Guide to Registering a Company in Nigeria,already public,public canonical article already exists,"Charles Chukwuma Nkwoka, Esq.",image present,low automated risk,no redirect to hidden draft,already public/in sitemap if approved,no public change unless selected
https://chamanlawfirm.com/procedure-for-company-registration-in-nigeria,procedure-for-company-registration-in-nigeria,Procedure for Company Registration in Nigeria,already public,public canonical article already exists,"Charles Chukwuma Nkwoka, Esq.",image present,unsupported outcome claim,no redirect to hidden draft,already public/in sitemap if approved,no public change unless selected
https://chamanlawfirm.com/what-are-the-tax-disputes-in-nigeria,what-are-the-tax-disputes-in-nigeria,What Are The Tax Disputes In Nigeria,keep hidden,source body too short for approval; featured image missing; alt text missing or weak; author reference needs correction; not selected for Sprint 11X controlled editorial approval,"Charles Chukwuma Nkwoka, Esq.",image missing,low automated risk,no redirect to hidden draft,excluded while hidden,no public change unless selected
https://chamanlawfirm.com/tenant-rights-during-property-sale-in-lagos,tenant-rights-during-property-sale-in-lagos,Tenant Rights During Property Sale In Lagos,keep hidden,featured image missing; alt text missing or weak; author reference needs correction; off-brand/property-sales wording; possible unsafe self-help wording; current-law or procedure-sensitive topic; not selected for Sprint 11X controlled editorial approval,"Charles Chukwuma Nkwoka, Esq.",image missing,off-brand/property-sales wording; possible unsafe self-help wording; current-law or procedure-sensitive topic,no redirect to hidden draft,excluded while hidden,no public change unless selected
https://chamanlawfirm.com/letters-of-administration-in-lagos-state,letters-of-administration-in-lagos-state,Letters of Administration in Lagos State,already public,public canonical article already exists,"Charles Chukwuma Nkwoka, Esq.",image present,current-law or procedure-sensitive topic; unsupported outcome claim,no redirect to hidden draft,already public/in sitemap if approved,no public change unless selected
https://chamanlawfirm.com/legal-process-for-tenant-eviction-in-lagos,legal-process-for-tenant-eviction-in-lagos,Legal Process For Tenant Eviction In Lagos,keep hidden,featured image missing; alt text missing or weak; author reference needs correction; possible unsafe self-help wording; current-law or procedure-sensitive topic; not selected for Sprint 11X controlled editorial approval,"Charles Chukwuma Nkwoka, Esq.",image missing,possible unsafe self-help wording; current-law or procedure-sensitive topic,no redirect to hidden draft,excluded while hidden,no public change unless selected
https://chamanlawfirm.com/what-makes-up-a-valid-employment-contract,what-makes-up-a-valid-employment-contract,What Makes a Valid Employment Contract in Nigeria?,keep hidden,featured image missing; alt text missing or weak; author reference needs correction; not selected for Sprint 11X controlled editorial approval,"Charles Chukwuma Nkwoka, Esq.",image missing,low automated risk,no redirect to hidden draft,excluded while hidden,no public change unless selected
https://chamanlawfirm.com/police-clearance-certificate-pcc-in-nigeria,police-clearance-certificate-pcc-in-nigeria,Police Clearance Certificate Pcc In Nigeria,keep hidden,featured image missing; alt text missing or weak; author reference needs correction; current-law or procedure-sensitive topic; not selected for Sprint 11X controlled editorial approval,"Charles Chukwuma Nkwoka, Esq.",image missing,current-law or procedure-sensitive topic,no redirect to hidden draft,excluded while hidden,no public change unless selected
https://chamanlawfirm.com/what-is-the-cost-of-perfecting-land-title,what-is-the-cost-of-perfecting-land-title,Cost of Perfecting a Land Title in Nigeria,already public,public canonical article already exists,"Charles Chukwuma Nkwoka, Esq.",image present,current-law or procedure-sensitive topic,no redirect to hidden draft,already public/in sitemap if approved,no public change unless selected
https://chamanlawfirm.com/how-tohandle-land-disputes-withfamilymembers,how-tohandle-land-disputes-withfamilymembers,How to Handle Land Disputes With Family Members,already public,public canonical article already exists,"Charles Chukwuma Nkwoka, Esq.",image present,dispute-resolution wording requires lawyer review,no redirect to hidden draft,already public/in sitemap if approved,no public change unless selected
https://chamanlawfirm.com/verify-a-property-title-in-lagos,verify-a-property-title-in-lagos,How to Verify a Property Title in Lagos,keep hidden,featured image missing; alt text missing or weak; author reference needs correction; current-law or procedure-sensitive topic; not selected for Sprint 11X controlled editorial approval,"Charles Chukwuma Nkwoka, Esq.",image missing,current-law or procedure-sensitive topic,no redirect to hidden draft,excluded while hidden,no public change unless selected
https://chamanlawfirm.com/understanding-the-ogun-anti-land-grabbing-law,understanding-the-ogun-anti-land-grabbing-law,Understanding The Ogun Anti Land Grabbing Law,keep hidden,featured image missing; alt text missing or weak; author reference needs correction; current-law or procedure-sensitive topic; dispute-resolution wording requires lawyer review; not selected for Sprint 11X controlled editorial approval,"Charles Chukwuma Nkwoka, Esq.",image missing,current-law or procedure-sensitive topic; dispute-resolution wording requires lawyer review,no redirect to hidden draft,excluded while hidden,no public change unless selected
https://chamanlawfirm.com/roles-of-a-property-lawyer-in-real-estate,roles-of-a-property-lawyer-in-real-estate,Roles of a Property Lawyer in Real Estate Transactions,already public,public canonical article already exists,"Charles Chukwuma Nkwoka, Esq.",image present,current-law or procedure-sensitive topic,no redirect to hidden draft,already public/in sitemap if approved,no public change unless selected
https://chamanlawfirm.com/lagos-inheritance-law-explained-family-rights,lagos-inheritance-law-explained-family-rights,Lagos Inheritance Law and Family Property Rights,already public,public canonical article already exists,"Charles Chukwuma Nkwoka, Esq.",image present,possible unsafe self-help wording,no redirect to hidden draft,already public/in sitemap if approved,no public change unless selected
https://chamanlawfirm.com/legalimplicationsof-co-ownership-of-property,legalimplicationsof-co-ownership-of-property,Legal Implications of Co-Ownership of Property in Nigeria,already public,public canonical article already exists,"Charles Chukwuma Nkwoka, Esq.",image present,low automated risk,no redirect to hidden draft,already public/in sitemap if approved,no public change unless selected
https://chamanlawfirm.com/business-name-and-a-company-limited-by-shares,business-name-and-a-company-limited-by-shares,Business Name vs Company Limited by Shares in Nigeria,keep hidden,canonical missing or mismatched; author reference needs correction; current-law or procedure-sensitive topic; unsupported outcome claim; not selected for Sprint 11X controlled editorial approval,"Charles Chukwuma Nkwoka, Esq.",image present,current-law or procedure-sensitive topic; unsupported outcome claim,no redirect to hidden draft,excluded while hidden,no public change unless selected
https://chamanlawfirm.com/0btain-guide-on-how-to-obtain-tax,0btain-guide-on-how-to-obtain-tax,0btain Guide On How To Obtain Tax,keep hidden,featured image missing; alt text missing or weak; author reference needs correction; current-law or procedure-sensitive topic; not selected for Sprint 11X controlled editorial approval,"Charles Chukwuma Nkwoka, Esq.",image missing,current-law or procedure-sensitive topic,no redirect to hidden draft,excluded while hidden,no public change unless selected
https://chamanlawfirm.com/accountability-in-corporate-governance,accountability-in-corporate-governance,Accountability in Corporate Governance in Nigeria,keep hidden,featured image missing; alt text missing or weak; author reference needs correction; not selected for Sprint 11X controlled editorial approval,"Charles Chukwuma Nkwoka, Esq.",image missing,low automated risk,no redirect to hidden draft,excluded while hidden,no public change unless selected
https://chamanlawfirm.com/company-management-in-nigeria,company-management-in-nigeria,Company Management in Nigeria,already public,public canonical article already exists,"Charles Chukwuma Nkwoka, Esq.",image present,current-law or procedure-sensitive topic,no redirect to hidden draft,already public/in sitemap if approved,no public change unless selected
https://chamanlawfirm.com/probate-vs-letter-of-administration-in-nigeria-key-differences-you-must-know,probate-vs-letter-of-administration-in-nigeria-key-differences-you-must-know,Probate vs Letters of Administration in Nigeria,keep hidden,featured image missing; alt text missing or weak; author reference needs correction; unsupported outcome claim; not selected for Sprint 11X controlled editorial approval,"Charles Chukwuma Nkwoka, Esq.",image missing,unsupported outcome claim,no redirect to hidden draft,excluded while hidden,no public change unless selected
https://chamanlawfirm.com/how-do-i-draft-tenancy-agreement-in-lagos,how-do-i-draft-tenancy-agreement-in-lagos,How to Draft a Tenancy Agreement in Lagos,already public,public canonical article already exists,"Charles Chukwuma Nkwoka, Esq.",image present,current-law or procedure-sensitive topic; unsupported outcome claim,no redirect to hidden draft,already public/in sitemap if approved,no public change unless selected
https://chamanlawfirm.com/legal-aspects-of-employment-contracts,legal-aspects-of-employment-contracts,Legal Aspects of Employment Contracts in Nigeria,keep hidden,canonical missing or mismatched; author reference needs correction; current-law or procedure-sensitive topic; family-status topic requires lawyer review; unsupported outcome claim; not selected for Sprint 11X controlled editorial approval,"Charles Chukwuma Nkwoka, Esq.",image present,current-law or procedure-sensitive topic; family-status topic requires lawyer review; unsupported outcome claim,no redirect to hidden draft,excluded while hidden,no public change unless selected
https://chamanlawfirm.com/land-use-act-and-its-role-in-land-allocation,land-use-act-and-its-role-in-land-allocation,Land Use Act and Its Role in Land Allocation,already public,public canonical article already exists,"Charles Chukwuma Nkwoka, Esq.",image present,low automated risk,no redirect to hidden draft,already public/in sitemap if approved,no public change unless selected
https://chamanlawfirm.com/proven-steps-on-land-allocation-and-ownership,proven-steps-on-land-allocation-and-ownership,Land Allocation and Ownership in Nigeria,already public,public canonical article already exists,"Charles Chukwuma Nkwoka, Esq.",image present,dispute-resolution wording requires lawyer review; unsupported outcome claim,no redirect to hidden draft,already public/in sitemap if approved,no public change unless selected
https://chamanlawfirm.com/obtaining-a-c-of-o-in-ogun-state,obtaining-a-c-of-o-in-ogun-state,Obtaining a Certificate of Occupancy in Ogun State,keep hidden,featured image missing; alt text missing or weak; author reference needs correction; current-law or procedure-sensitive topic; not selected for Sprint 11X controlled editorial approval,"Charles Chukwuma Nkwoka, Esq.",image missing,current-law or procedure-sensitive topic,no redirect to hidden draft,excluded while hidden,no public change unless selected
https://chamanlawfirm.com/what-is-the-importance-of-certifi-occupancy,what-is-the-importance-of-certifi-occupancy,What Is The Importance Of Certifi Occupancy,keep hidden,featured image missing; alt text missing or weak; author reference needs correction; not selected for Sprint 11X controlled editorial approval,"Charles Chukwuma Nkwoka, Esq.",image missing,low automated risk,no redirect to hidden draft,excluded while hidden,no public change unless selected
https://chamanlawfirm.com/corporate-governance-challenges-in-companies,corporate-governance-challenges-in-companies,Corporate Governance Challenges In Companies,keep hidden,featured image missing; alt text missing or weak; author reference needs correction; legacy URL already redirects to /practice-areas/corporate-commercial-law; not selected for Sprint 11X controlled editorial approval,"Charles Chukwuma Nkwoka, Esq.",image missing,low automated risk,no redirect to hidden draft,excluded while hidden,no public change unless selected
https://chamanlawfirm.com/title-documents-much-does-it-cost-in-lagos,title-documents-much-does-it-cost-in-lagos,Title Documents Much Does It Cost In Lagos,keep hidden,featured image missing; alt text missing or weak; author reference needs correction; current-law or procedure-sensitive topic; not selected for Sprint 11X controlled editorial approval,"Charles Chukwuma Nkwoka, Esq.",image missing,current-law or procedure-sensitive topic,no redirect to hidden draft,excluded while hidden,no public change unless selected
https://chamanlawfirm.com/deed-of-assignment-guide-to-register,deed-of-assignment-guide-to-register,Deed Of Assignment Guide To Register,already public,public canonical article already exists,"Charles Chukwuma Nkwoka, Esq.",image present,low automated risk,no redirect to hidden draft,already public/in sitemap if approved,no public change unless selected
https://chamanlawfirm.com/corporate-affairs-commission-in-nigeria,corporate-affairs-commission-in-nigeria,Corporate Affairs Commission In Nigeria,keep hidden,author reference needs correction; legacy URL already redirects to /practice-areas/corporate-commercial-law/cac-compliance-and-company-records; not selected for Sprint 11X controlled editorial approval,"Charles Chukwuma Nkwoka, Esq.",image present,low automated risk,no redirect to hidden draft,excluded while hidden,no public change unless selected
https://chamanlawfirm.com/guardianship-and-custody-rights-of-minors,guardianship-and-custody-rights-of-minors,Guardianship And Custody Rights Of Minors,keep hidden,author reference needs correction; family-status topic requires lawyer review; not selected for Sprint 11X controlled editorial approval,"Charles Chukwuma Nkwoka, Esq.",image present,family-status topic requires lawyer review,no redirect to hidden draft,excluded while hidden,no public change unless selected
https://chamanlawfirm.com/issues-land-grabbing-and-encroachment-in-nigeria,issues-land-grabbing-and-encroachment-in-nigeria,Issues Land Grabbing And Encroachment In Nigeria,keep hidden,author reference needs correction; current-law or procedure-sensitive topic; dispute-resolution wording requires lawyer review; not selected for Sprint 11X controlled editorial approval,"Charles Chukwuma Nkwoka, Esq.",image present,current-law or procedure-sensitive topic; dispute-resolution wording requires lawyer review,no redirect to hidden draft,excluded while hidden,no public change unless selected
https://chamanlawfirm.com/powerful-steps-what-is-trespass-to-land,powerful-steps-what-is-trespass-to-land,Powerful Steps What Is Trespass To Land,keep hidden,author reference needs correction; possible unsafe self-help wording; current-law or procedure-sensitive topic; not selected for Sprint 11X controlled editorial approval,"Charles Chukwuma Nkwoka, Esq.",image present,possible unsafe self-help wording; current-law or procedure-sensitive topic,no redirect to hidden draft,excluded while hidden,no public change unless selected
https://chamanlawfirm.com/survey-plans-and-certificates-of-occupancy,survey-plans-and-certificates-of-occupancy,Survey Plans And Certificates Of Occupancy,keep hidden,author reference needs correction; dispute-resolution wording requires lawyer review; unsupported outcome claim; not selected for Sprint 11X controlled editorial approval,"Charles Chukwuma Nkwoka, Esq.",image present,dispute-resolution wording requires lawyer review; unsupported outcome claim,no redirect to hidden draft,excluded while hidden,no public change unless selected
https://chamanlawfirm.com/how-long-does-it-take-to-get-c-of-o-in-ogun-sta,how-long-does-it-take-to-get-c-of-o-in-ogun-sta,How Long Does It Take To Get C Of O In Ogun Sta,keep hidden,author reference needs correction; not selected for Sprint 11X controlled editorial approval,"Charles Chukwuma Nkwoka, Esq.",image present,low automated risk,no redirect to hidden draft,excluded while hidden,no public change unless selected
https://chamanlawfirm.com/what-is-the-cost-of-perfecting-land-titles,what-is-the-cost-of-perfecting-land-titles,What Is The Cost Of Perfecting Land Titles,already public,public canonical article already exists,"Charles Chukwuma Nkwoka, Esq.",image present,current-law or procedure-sensitive topic; dispute-resolution wording requires lawyer review,no redirect to hidden draft,already public/in sitemap if approved,no public change unless selected
https://chamanlawfirm.com/how-to-be-a-good-property-lawyer,how-to-be-a-good-property-lawyer,How To Be A Good Property Lawyer,already public,public canonical article already exists,"Charles Chukwuma Nkwoka, Esq.",image present,current-law or procedure-sensitive topic; dispute-resolution wording requires lawyer review,no redirect to hidden draft,already public/in sitemap if approved,no public change unless selected
https://chamanlawfirm.com/tenancy-dispute-resolution-in-ogun-state,tenancy-dispute-resolution-in-ogun-state,Tenancy Dispute Resolution In Ogun State,keep hidden,author reference needs correction; current-law or procedure-sensitive topic; not selected for Sprint 11X controlled editorial approval,"Charles Chukwuma Nkwoka, Esq.",image present,current-law or procedure-sensitive topic,no redirect to hidden draft,excluded while hidden,no public change unless selected
https://chamanlawfirm.com/legal-title-versus-equity-title,legal-title-versus-equity-title,Legal Title Versus Equity Title,keep hidden,featured image missing; alt text missing or weak; author reference needs correction; not selected for Sprint 11X controlled editorial approval,"Charles Chukwuma Nkwoka, Esq.",image missing,low automated risk,no redirect to hidden draft,excluded while hidden,no public change unless selected
https://chamanlawfirm.com/recovery-of-premises,recovery-of-premises,Recovery Of Premises,already public,public canonical article already exists,"Charles Chukwuma Nkwoka, Esq.",image present,current-law or procedure-sensitive topic,no redirect to hidden draft,already public/in sitemap if approved,no public change unless selected
https://chamanlawfirm.com/the-le-a-legally-binding-contracts-in-nigeri,the-le-a-legally-binding-contracts-in-nigeri,Legally Binding Contracts in Nigeria,already public,public canonical article already exists,"Charles Chukwuma Nkwoka, Esq.",image present,low automated risk,no redirect to hidden draft,already public/in sitemap if approved,no public change unless selected
https://chamanlawfirm.com/procedures-for-land-registration-in-nigeria,procedures-for-land-registration-in-nigeria,Procedures for Land Registration in Nigeria,already public,public canonical article already exists,"Charles Chukwuma Nkwoka, Esq.",image present,current-law or procedure-sensitive topic,no redirect to hidden draft,already public/in sitemap if approved,no public change unless selected
https://chamanlawfirm.com/how-to-get-international-passport-in-nigeria,how-to-get-international-passport-in-nigeria,How to Get an International Passport in Nigeria,already public,public canonical article already exists,"Charles Chukwuma Nkwoka, Esq.",image present,current-law or procedure-sensitive topic,no redirect to hidden draft,already public/in sitemap if approved,no public change unless selected
https://chamanlawfirm.com/tenancy-law-of-lagos-state-2011,tenancy-law-of-lagos-state-2011,Tenancy Law Of Lagos State 2011,already public,public canonical article already exists,"Charles Chukwuma Nkwoka, Esq.",image present,low automated risk,no redirect to hidden draft,already public/in sitemap if approved,no public change unless selected
https://chamanlawfirm.com/difference-between-a-parent-company-and-a-subsidiary,difference-between-a-parent-company-and-a-subsidiary,Difference Between a Parent Company and a Subsidiary,already public,public canonical article already exists,"Charles Chukwuma Nkwoka, Esq.",image present,low automated risk,no redirect to hidden draft,already public/in sitemap if approved,no public change unless selected
https://chamanlawfirm.com/how-to-apply-for-and-get-a-certificate-of-occupancy-in-enugu-state-nigeria,how-to-apply-for-and-get-a-certificate-of-occupancy-in-enugu-state-nigeria,How To Apply For And Get A Certificate Of Occupancy In Enugu State Nigeria,already public,public canonical article already exists,"Charles Chukwuma Nkwoka, Esq.",image present,low automated risk,no redirect to hidden draft,already public/in sitemap if approved,no public change unless selected
https://chamanlawfirm.com/mastering-nigeria-law-for-contract-an-in,mastering-nigeria-law-for-contract-an-in,Mastering Nigeria Law For Contract An In,already public,public canonical article already exists,"Charles Chukwuma Nkwoka, Esq.",image present,low automated risk,no redirect to hidden draft,already public/in sitemap if approved,no public change unless selected
https://chamanlawfirm.com/certificate-of-occupancy-in-oyo-state,certificate-of-occupancy-in-oyo-state,Certificate Of Occupancy In Oyo State,already public,public canonical article already exists,"Charles Chukwuma Nkwoka, Esq.",image present,current-law or procedure-sensitive topic,no redirect to hidden draft,already public/in sitemap if approved,no public change unless selected
https://chamanlawfirm.com/how-to-apply-for-certificate-of-occupancy-in-nigeria,how-to-apply-for-certificate-of-occupancy-in-nigeria,How To Apply For Certificate Of Occupancy In Nigeria,already public,public canonical article already exists,"Charles Chukwuma Nkwoka, Esq.",image present,current-law or procedure-sensitive topic,no redirect to hidden draft,already public/in sitemap if approved,no public change unless selected
https://chamanlawfirm.com/real-estate-taxes-in-nigeria-transactions,real-estate-taxes-in-nigeria-transactions,Real Estate Taxes In Nigeria Transactions,already public,public canonical article already exists,"Charles Chukwuma Nkwoka, Esq.",image present,off-brand/property-sales wording; current-law or procedure-sensitive topic,no redirect to hidden draft,already public/in sitemap if approved,no public change unless selected
https://chamanlawfirm.com/how-to-obtain-an-infant-visa-in-nigeria,how-to-obtain-an-infant-visa-in-nigeria,How To Obtain An Infant Visa In Nigeria,already public,public canonical article already exists,"Charles Chukwuma Nkwoka, Esq.",image present,current-law or procedure-sensitive topic,no redirect to hidden draft,already public/in sitemap if approved,no public change unless selected
https://chamanlawfirm.com/legal-remedies-for-breach-of-land-sale-contract,legal-remedies-for-breach-of-land-sale-contract,Legal Remedies For Breach Of Land Sale Contract,already public,public canonical article already exists,"Charles Chukwuma Nkwoka, Esq.",image present,current-law or procedure-sensitive topic,no redirect to hidden draft,already public/in sitemap if approved,no public change unless selected
https://chamanlawfirm.com/how-to-obtain-dual-citizenship-in-nigeria-a,how-to-obtain-dual-citizenship-in-nigeria-a,How To Obtain Dual Citizenship In Nigeria A,already public,public canonical article already exists,"Charles Chukwuma Nkwoka, Esq.",image present,low automated risk,no redirect to hidden draft,already public/in sitemap if approved,no public change unless selected
https://chamanlawfirm.com/the-morgage-sell-the-mortgaged-property,the-morgage-sell-the-mortgaged-property,The Morgage Sell The Mortgaged Property,already public,public canonical article already exists,"Charles Chukwuma Nkwoka, Esq.",image present,off-brand/property-sales wording; current-law or procedure-sensitive topic,no redirect to hidden draft,already public/in sitemap if approved,no public change unless selected
https://chamanlawfirm.com/how-to-handle-land-grabbers-in-ogun-state,how-to-handle-land-grabbers-in-ogun-state,How To Handle Land Grabbers In Ogun State,already public,public canonical article already exists,"Charles Chukwuma Nkwoka, Esq.",image present,possible unsafe self-help wording; current-law or procedure-sensitive topic,no redirect to hidden draft,already public/in sitemap if approved,no public change unless selected
https://chamanlawfirm.com/how-to-register-a-deed-of-assignment-in-ogun,how-to-register-a-deed-of-assignment-in-ogun,How To Register A Deed Of Assignment In Ogun,already public,public canonical article already exists,"Charles Chukwuma Nkwoka, Esq.",image present,current-law or procedure-sensitive topic,no redirect to hidden draft,already public/in sitemap if approved,no public change unless selected
https://chamanlawfirm.com/deal-with-and-bad-tenant-as-a-landlord,deal-with-and-bad-tenant-as-a-landlord,How to Deal with a Stubborn and Bad Tenant as a Landlord in Nigeria,already public,public canonical article already exists,"Charles Chukwuma Nkwoka, Esq.",image present,possible unsafe self-help wording; current-law or procedure-sensitive topic,no redirect to hidden draft,already public/in sitemap if approved,no public change unless selected
https://chamanlawfirm.com/how-do-i-obtain-a-certificate-of-occupancy,how-do-i-obtain-a-certificate-of-occupancy,How do I obtain a Certificate of Occupancy (C of O) in Ogun State?,already public,public canonical article already exists,"Charles Chukwuma Nkwoka, Esq.",image missing,current-law or procedure-sensitive topic,no redirect to hidden draft,already public/in sitemap if approved,no public change unless selected
https://chamanlawfirm.com/abandonment-and-withdrew-of-court-action,abandonment-and-withdrew-of-court-action,What You Need to Know About Consequence of Abandonment and Withdrew of Court Action in Nigeria,already public,public canonical article already exists,"Charles Chukwuma Nkwoka, Esq.",image present,current-law or procedure-sensitive topic,no redirect to hidden draft,already public/in sitemap if approved,no public change unless selected
https://chamanlawfirm.com/obtaining-a-certificate-of-occupancy-in-ogun-state,obtaining-a-certificate-of-occupancy-in-ogun-state,Obtaining a Certificate of Occupancy in Ogun State,keep hidden,canonical missing or mismatched; author reference needs correction; off-brand/property-sales wording; current-law or procedure-sensitive topic; dispute-resolution wording requires lawyer review; unsupported outcome claim; not selected for Sprint 11X controlled editorial approval,"Charles Chukwuma Nkwoka, Esq.",image present,off-brand/property-sales wording; current-law or procedure-sensitive topic; dispute-resolution wording requires lawyer review; unsupported outcome claim,no redirect to hidden draft,excluded while hidden,no public change unless selected
https://chamanlawfirm.com/probate-vs-letters-of-administration-in-nigeria,probate-vs-letters-of-administration-in-nigeria,Probate vs Letters of Administration in Nigeria,keep hidden,canonical missing or mismatched; author reference needs correction; off-brand/property-sales wording; not selected for Sprint 11X controlled editorial approval,"Charles Chukwuma Nkwoka, Esq.",image present,off-brand/property-sales wording,no redirect to hidden draft,excluded while hidden,no public change unless selected
https://chamanlawfirm.com/accountability-in-corporate-governance-in-nigeria,accountability-in-corporate-governance-in-nigeria,Accountability in Corporate Governance in Nigeria,keep hidden,canonical missing or mismatched; author reference needs correction; current-law or procedure-sensitive topic; not selected for Sprint 11X controlled editorial approval,"Charles Chukwuma Nkwoka, Esq.",image present,current-law or procedure-sensitive topic,no redirect to hidden draft,excluded while hidden,no public change unless selected
https://chamanlawfirm.com/how-to-verify-a-property-title-in-lagos,how-to-verify-a-property-title-in-lagos,How to Verify a Property Title in Lagos,keep hidden,canonical missing or mismatched; author reference needs correction; off-brand/property-sales wording; dispute-resolution wording requires lawyer review; unsupported outcome claim; not selected for Sprint 11X controlled editorial approval,"Charles Chukwuma Nkwoka, Esq.",image present,off-brand/property-sales wording; dispute-resolution wording requires lawyer review; unsupported outcome claim,no redirect to hidden draft,excluded while hidden,no public change unless selected
https://chamanlawfirm.com/what-makes-a-valid-employment-contract-in-nigeria,what-makes-a-valid-employment-contract-in-nigeria,What Makes a Valid Employment Contract in Nigeria?,keep hidden,canonical missing or mismatched; author reference needs correction; current-law or procedure-sensitive topic; family-status topic requires lawyer review; not selected for Sprint 11X controlled editorial approval,"Charles Chukwuma Nkwoka, Esq.",image present,current-law or procedure-sensitive topic; family-status topic requires lawyer review,no redirect to hidden draft,excluded while hidden,no public change unless selected
https://chamanlawfirm.com/sell-family-land-without-everyones-consent,sell-family-land-without-everyones-consent,Sell Family Land Without Everyones Consent,keep hidden,featured image missing; alt text missing or weak; author reference needs correction; off-brand/property-sales wording; current-law or procedure-sensitive topic; not selected for Sprint 11X controlled editorial approval,"Charles Chukwuma Nkwoka, Esq.",image missing,off-brand/property-sales wording; current-law or procedure-sensitive topic,no redirect to hidden draft,excluded while hidden,no public change unless selected
https://chamanlawfirm.com/defenses-and-bars-to-a-petition-for-divorce-2,defenses-and-bars-to-a-petition-for-divorce-2,Defenses And Bars To A Petition For Divorce 2,keep hidden,featured image missing; alt text missing or weak; author reference needs correction; current-law or procedure-sensitive topic; not selected for Sprint 11X controlled editorial approval,"Charles Chukwuma Nkwoka, Esq.",image missing,current-law or procedure-sensitive topic,no redirect to hidden draft,excluded while hidden,no public change unless selected
